name,number_from,name_from,base_voltage_from,angle_from,magnitude_from,area_from,number_to,name_to,base_voltage_to,angle_to,magnitude_to,area_to,line_type,rating,x_from,y_from,x_to,y_to,geometry
bus_4094-bus_4150-i_line_4124_to_4150_1_cp,1171,bus_4094,275.0,1.0117435992398853,1.0535789757876575,13,1,bus_4150,275.0,1.0039294171512556,1.057048956277603,13,ac,536.0,-2143,-2100,-2282,-1835,"LINESTRING (-2143 -2100, -2282 -1835)"
bus_4116-bus_4150-i_line_4116_to_4150_1_cp,1594,bus_4116,275.0,0.9996851012810352,1.0591811437261736,13,1,bus_4150,275.0,1.0039294171512556,1.057048956277603,13,ac,539.0,-2530,-1665,-2282,-1835,"LINESTRING (-2530 -1665, -2282 -1835)"
bus_4266-bus_4271-i_line_4266_to_4271_1_cp,6,bus_4266,66.0,1.005219776076628,1.0202665614864552,14,2,bus_4271,66.0,1.0033190916734087,1.0179792555580456,14,ac,55.00000000000001,-2234,-3018,-2313,-3113,"LINESTRING (-2234 -3018, -2313 -3113)"
bus_1309-bus_1530-i_line_1309_to_1530_1_cp,1565,bus_1309,132.0,-0.35378855887555377,1.0511167474495149,3,4,bus_1530,132.0,-0.3546414265864551,1.0511173027068492,3,ac,199.0,816,-697,952,-714,"LINESTRING (816 -697, 952 -714)"
bus_5139-bus_5143-i_line_5139_to_5143_1_cp,77,bus_5139,220.0,-0.038931778056845785,1.1000000040181128,15,5,bus_5143,220.0,-0.07246587651234816,1.093081832864612,15,ac,440.00000000000006,1012,-5664,1008,-5612,"LINESTRING (1012 -5664, 1008 -5612)"
bus_5142-bus_5143-i_line_5142_to_5143_1_cp,669,bus_5142,220.0,-0.07265296472185245,1.0946713623708404,15,5,bus_5143,220.0,-0.07246587651234816,1.093081832864612,15,ac,448.00000000000006,1013,-5622,1008,-5612,"LINESTRING (1013 -5622, 1008 -5612)"
bus_5141-bus_5143-i_line_5141_to_5143_1_cp,804,bus_5141,220.0,-0.06134971206045243,1.0959638138594958,15,5,bus_5143,220.0,-0.07246587651234816,1.093081832864612,15,ac,453.0,1060,-5659,1008,-5612,"LINESTRING (1060 -5659, 1008 -5612)"
bus_5140-bus_5143-i_line_5140_to_5143_2_cp,1735,bus_5140,220.0,-0.03883545209740679,1.1000000041805902,15,5,bus_5143,220.0,-0.07246587651234816,1.093081832864612,15,ac,434.99999999999994,976,-5663,1008,-5612,"LINESTRING (976 -5663, 1008 -5612)"
bus_4296-bus_4295-i_line_4294_to_4295_1_cp,1300,bus_4296,66.0,0.9646846837754942,1.024117188985438,13,7,bus_4295,66.0,0.9633906291493094,1.0231839153075148,13,ac,85.0,-1884,-2362,-1997,-2284,"LINESTRING (-1884 -2362, -1997 -2284)"
bus_4278-bus_4295-i_line_4278_to_4295_1_cp,1885,bus_4278,66.0,0.9640130385718999,1.0236208162241114,13,7,bus_4295,66.0,0.9633906291493094,1.0231839153075148,13,ac,112.00000000000001,-1936,-2305,-1997,-2284,"LINESTRING (-1936 -2305, -1997 -2284)"
bus_3214-bus_3213-i_line_3214_to_3256_2_cp,1211,bus_3214,110.0,-0.007646122054452157,1.0288189856803815,11,11,bus_3213,110.0,0.01335277232210524,1.0245658064948024,11,ac,210.0,-1137,2866,-1492,2904,"LINESTRING (-1137 2866, -1492 2904)"
bus_3204-bus_3496-i_line_3204_to_3496_2_cp,403,bus_3204,110.0,-0.2966196012558039,1.0512490517296518,11,12,bus_3496,110.0,-0.2925664046279844,1.0536492981037135,11,ac,153.0,-989,3482,-944,3422,"LINESTRING (-989 3482, -944 3422)"
bus_3226-bus_3496-i_line_3226_to_3496_1_cp,557,bus_3226,110.0,-0.29370597039449214,1.0533543736780457,11,12,bus_3496,110.0,-0.2925664046279844,1.0536492981037135,11,ac,133.0,-1030,3422,-944,3422,"LINESTRING (-1030 3422, -944 3422)"
bus_3334-bus_3496-i_line_3408_to_3496_1_cp,871,bus_3334,110.0,-0.30602547041021233,1.0458260475670444,11,12,bus_3496,110.0,-0.2925664046279844,1.0536492981037135,11,ac,118.0,-1391,3478,-944,3422,"LINESTRING (-1391 3478, -944 3422)"
bus_3203-bus_3496-i_line_3203_to_3496_3_cp,1316,bus_3203,110.0,-0.2970508546099401,1.051363422175372,11,12,bus_3496,110.0,-0.2925664046279844,1.0536492981037135,11,ac,152.0,-995,3510,-944,3422,"LINESTRING (-995 3510, -944 3422)"
bus_3205-bus_3496-i_line_3205_to_3496_1_cp,1769,bus_3205,110.0,-0.2963870903178795,1.0517165692573855,11,12,bus_3496,110.0,-0.2925664046279844,1.0536492981037135,11,ac,152.0,-1012,3485,-944,3422,"LINESTRING (-1012 3485, -944 3422)"
bus_1354-bus_1234-i_line_1354_to_1370_1_cp,187,bus_1354,132.0,-0.33381251870954814,1.0361546029517357,2,14,bus_1234,132.0,-0.3316535946862748,1.0366595591793213,2,ac,130.0,-379,380,33,394,"LINESTRING (-379 380, 33 394)"
bus_1354-bus_1234-i_line_1355_to_1370_1_cp,187,bus_1354,132.0,-0.33381251870954814,1.0361546029517357,2,14,bus_1234,132.0,-0.3316535946862748,1.0366595591793213,2,ac,278.0,-379,380,33,394,"LINESTRING (-379 380, 33 394)"
bus_1191-bus_1234-i_line_1191_to_1234_1_cp,1059,bus_1191,132.0,-0.33456940802064333,1.06298,2,14,bus_1234,132.0,-0.3316535946862748,1.0366595591793213,2,ac,276.0,313,384,33,394,"LINESTRING (313 384, 33 394)"
bus_1321-bus_1234-i_line_1321_to_1370_1_cp,1901,bus_1321,132.0,-0.3333619374425046,1.0363881380459672,2,14,bus_1234,132.0,-0.3316535946862748,1.0366595591793213,2,ac,137.0,-293,402,33,394,"LINESTRING (-293 402, 33 394)"
bus_4320-bus_4323-i_line_4320_to_4323_1_cp,819,bus_4320,66.0,0.9764712177151832,1.0770374571016956,13,17,bus_4323,66.0,0.9742739182362796,1.0700695957190935,13,ac,76.0,-1945,-2363,-1926,-2226,"LINESTRING (-1945 -2363, -1926 -2226)"
bus_4321-bus_4323-i_line_4321_to_4323_1_cp,1190,bus_4321,66.0,0.9747143365935771,1.0650803808057347,13,17,bus_4323,66.0,0.9742739182362796,1.0700695957190935,13,ac,73.0,-1880,-2134,-1926,-2226,"LINESTRING (-1880 -2134, -1926 -2226)"
bus_4276-bus_4279-i_Dec23_line_4276_to_4279_1_dec,1780,bus_4276,66.0,0.9769358022991873,1.0227060216853843,13,18,bus_4279,66.0,0.9669450610710372,1.022934109039757,13,ac,111.00000000000001,-2075,-2558,-2083,-2441,"LINESTRING (-2075 -2558, -2083 -2441)"
bus_4260-bus_4265-i_line_4260_to_4265_1_cp,1605,bus_4260,66.0,1.0143770902429645,1.00433961956117,14,20,bus_4265,66.0,1.014753436167427,1.0029647594963729,14,ac,134.0,-2127,-4027,-2167,-3907,"LINESTRING (-2127 -4027, -2167 -3907)"
bus_4258-bus_4265-i_line_4264_to_4265_1_cp,1673,bus_4258,66.0,1.0159302473044904,1.0023286418696917,14,20,bus_4265,66.0,1.014753436167427,1.0029647594963729,14,ac,113.99999999999999,-2137,-3869,-2167,-3907,"LINESTRING (-2137 -3869, -2167 -3907)"
bus_3540-bus_1304-i_2,913,bus_3540,132.0,-0.11037384958492917,1.073319206756403,9,21,bus_1304,132.0,-0.6076111973944772,1.073001075665729,11,dc,71.97905,1432,4487,-1185,2158,"LINESTRING (1432 4487, -1185 2158)"
bus_4167-bus_4168-i_line_4167_to_4168_1_cp,1633,bus_4167,132.0,0.9919542458196449,1.0526102065465093,12,26,bus_4168,132.0,0.9919924829132608,1.0519500807160378,12,ac,113.99999999999999,-3222,-1469,-3294,-1435,"LINESTRING (-3222 -1469, -3294 -1435)"
bus_1587-bus_2293-i_line_1587_to_2293_1_cp,1248,bus_1587,66.0,-0.12251305276303887,1.0521536082578358,4,27,bus_2293,66.0,-0.14277589570925006,1.0270381226653544,4,ac,56.00000000000001,1681,-2347,779,-2299,"LINESTRING (1681 -2347, 779 -2299)"
bus_1167-bus_1211-i_line_1167_to_1211_1_cp,31,bus_1167,220.0,-0.08919936795519867,1.0425849666554408,5,28,bus_1211,220.0,-0.05172192481319693,1.0879857865708882,5,ac,320.0,844,-2351,698,-2614,"LINESTRING (844 -2351, 698 -2614)"
bus_4209-bus_4210-i_line_4209_to_4210_1_cp,101,bus_4209,132.0,0.8630645432238345,0.9837325071748986,13,33,bus_4210,132.0,0.843764031304218,0.9756478861167076,13,ac,169.0,-1518,-1647,-1444,-1776,"LINESTRING (-1518 -1647, -1444 -1776)"
bus_4241-bus_4248-i_line_4241_to_4248_1_cp,1973,bus_4241,66.0,0.9861696958093464,1.0250177376913059,13,34,bus_4248,66.0,0.983084713065989,1.023052143156055,13,ac,119.0,-2313,-2476,-2385,-2413,"LINESTRING (-2313 -2476, -2385 -2413)"
bus_2251-bus_2256-i_line_2251_to_2256_1_cp,422,bus_2251,66.0,-0.12712947268472116,1.046782295747608,6,37,bus_2256,66.0,-0.17203222214392186,1.0133005547664948,6,ac,46.0,923,-2947,907,-2953,"LINESTRING (923 -2947, 907 -2953)"
bus_2162-bus_2179-i_line_2162_to_2179_1_cp,734,bus_2162,220.0,-0.015237040798240082,1.0797691229576831,5,39,bus_2179,220.0,-0.07820535763474876,1.0806756945492382,5,ac,303.0,237,-3162,280,-3311,"LINESTRING (237 -3162, 280 -3311)"
bus_2145-bus_2179-i_line_2145_to_2179_1_cp,1894,bus_2145,220.0,-0.24061856470367618,1.0736215324464824,6,39,bus_2179,220.0,-0.07820535763474876,1.0806756945492382,5,ac,301.0,326,-3443,280,-3311,"LINESTRING (326 -3443, 280 -3311)"
bus_1190-bus_1260-i_line_1190_to_1266_4_cp,779,bus_1190,132.0,-0.33837999421331977,1.0585463079025563,2,41,bus_1260,132.0,-0.3608115806498309,1.06298,2,ac,285.0,529,439,359,712,"LINESTRING (529 439, 359 712)"
bus_1190-bus_1260-i_line_1190_to_1266_1_cp,779,bus_1190,132.0,-0.33837999421331977,1.0585463079025563,2,41,bus_1260,132.0,-0.3608115806498309,1.06298,2,ac,287.0,529,439,359,712,"LINESTRING (529 439, 359 712)"
bus_1191-bus_1260-i_line_1191_to_1266_3_cp,1059,bus_1191,132.0,-0.33456940802064333,1.06298,2,41,bus_1260,132.0,-0.3608115806498309,1.06298,2,ac,276.0,313,384,359,712,"LINESTRING (313 384, 359 712)"
bus_1191-bus_1260-i_line_1191_to_1266_2_cp,1059,bus_1191,132.0,-0.33456940802064333,1.06298,2,41,bus_1260,132.0,-0.3608115806498309,1.06298,2,ac,284.0,313,384,359,712,"LINESTRING (313 384, 359 712)"
bus_5169-bus_5170-i_line_5169_to_5170_2_cp,702,bus_5169,220.0,-0.15290180236697345,1.06407088421318,15,44,bus_5170,220.0,-0.20294742675182406,1.055535028273908,15,ac,322.0,1051,-5654,1031,-5503,"LINESTRING (1051 -5654, 1031 -5503)"
bus_5169-bus_5170-i_line_5169_to_5170_1_cp,702,bus_5169,220.0,-0.15290180236697345,1.06407088421318,15,44,bus_5170,220.0,-0.20294742675182406,1.055535028273908,15,ac,323.0,1051,-5654,1031,-5503,"LINESTRING (1051 -5654, 1031 -5503)"
bus_5150-bus_5170-i_line_5153_to_5170_2_cp,1507,bus_5150,220.0,-0.28993478731090694,1.0569199095041097,15,44,bus_5170,220.0,-0.20294742675182406,1.055535028273908,15,ac,326.0,904,-5344,1031,-5503,"LINESTRING (904 -5344, 1031 -5503)"
bus_5150-bus_5170-i_line_5153_to_5170_1_cp,1507,bus_5150,220.0,-0.28993478731090694,1.0569199095041097,15,44,bus_5170,220.0,-0.20294742675182406,1.055535028273908,15,ac,315.0,904,-5344,1031,-5503,"LINESTRING (904 -5344, 1031 -5503)"
bus_2199-bus_2207-i_line_2199_to_2207_1_cp,245,bus_2199,500.0,-0.3330326234488831,1.0730997952876256,6,47,bus_2207,500.0,-0.3607619935671586,1.0628131502887084,6,ac,1569.0,1007,-3430,729,-3348,"LINESTRING (1007 -3430, 729 -3348)"
bus_2199-bus_2207-i_line_2199_to_2207_2_cp,245,bus_2199,500.0,-0.3330326234488831,1.0730997952876256,6,47,bus_2207,500.0,-0.3607619935671586,1.0628131502887084,6,ac,1518.0,1007,-3430,729,-3348,"LINESTRING (1007 -3430, 729 -3348)"
bus_2206-bus_2207-i_line_2206_to_2207_1_cp,1535,bus_2206,500.0,-0.3824977575895341,1.06298,6,47,bus_2207,500.0,-0.3607619935671586,1.0628131502887084,6,ac,1552.0,880,-3494,729,-3348,"LINESTRING (880 -3494, 729 -3348)"
bus_2201-bus_2207-i_line_2201_to_2207_1_cp,1590,bus_2201,500.0,-0.36156800621816426,1.0579283898863827,6,47,bus_2207,500.0,-0.3607619935671586,1.0628131502887084,6,ac,1516.0,574,-3521,729,-3348,"LINESTRING (574 -3521, 729 -3348)"
bus_3614-bus_3615-i_line_3614_to_3615_1_cp,1282,bus_3614,275.0,-0.06901701155337339,1.07688371479203,10,48,bus_3615,275.0,-0.025526222709618678,1.0805926920813815,10,ac,569.0,895,4111,621,3932,"LINESTRING (895 4111, 621 3932)"
bus_3614-bus_3615-i_line_3614_to_3615_2_cp,1282,bus_3614,275.0,-0.06901701155337339,1.07688371479203,10,48,bus_3615,275.0,-0.025526222709618678,1.0805926920813815,10,ac,553.0,895,4111,621,3932,"LINESTRING (895 4111, 621 3932)"
bus_3607-bus_3615-i_line_3607_to_3615_1_cp,1307,bus_3607,275.0,0.025085707204655285,1.0839592967634086,10,48,bus_3615,275.0,-0.025526222709618678,1.0805926920813815,10,ac,575.0,380,3765,621,3932,"LINESTRING (380 3765, 621 3932)"
bus_1183-bus_1380-i_line_1183_to_1380_1_cp,169,bus_1183,132.0,-0.21727407253276435,1.070879306516803,1,51,bus_1380,132.0,-0.225695228386687,1.0647610767581202,1,ac,185.0,820,1294,808,1383,"LINESTRING (820 1294, 808 1383)"
bus_1203-bus_1380-i_line_1203_to_1380_1_cp,295,bus_1203,132.0,-0.22896164310655648,1.0619195413433278,1,51,bus_1380,132.0,-0.225695228386687,1.0647610767581202,1,ac,192.0,786,1440,808,1383,"LINESTRING (786 1440, 808 1383)"
bus_4303-bus_4306-i_line_4303_to_4306_2_cp,470,bus_4303,66.0,0.9712713875080043,1.0438544945930532,14,53,bus_4306,66.0,0.9712397701181096,1.0439237890336623,14,ac,61.0,-1601,-3239,-1608,-3338,"LINESTRING (-1601 -3239, -1608 -3338)"
bus_1531-bus_1602-i_line_1531_to_1603_1_cp,1224,bus_1531,33.0,0.026173224820908468,1.1189890323780725,2,57,bus_1602,33.0,0.026757069226575957,1.1198126053507267,2,ac,46.0,1701,1233,1770,1218,"LINESTRING (1701 1233, 1770 1218)"
bus_1544-bus_1602-i_line_1544_to_1603_1_pi,1589,bus_1544,33.0,0.03025923089237701,1.1244877595322023,2,57,bus_1602,33.0,0.026757069226575957,1.1198126053507267,2,ac,49.0,1393,1164,1770,1218,"LINESTRING (1393 1164, 1770 1218)"
bus_1189-bus_1371-i_line_1189_to_1371_1_cp,170,bus_1189,132.0,-0.32658829402484385,1.0491512002520478,2,64,bus_1371,132.0,-0.3355215844546573,1.0445307386160738,2,ac,216.0,732,-450,683,-534,"LINESTRING (732 -450, 683 -534)"
bus_1254-bus_1371-i_line_1254_to_1371_1_cp,244,bus_1254,132.0,-0.33867273538118425,1.04364950471473,2,64,bus_1371,132.0,-0.3355215844546573,1.0445307386160738,2,ac,176.0,673,-588,683,-534,"LINESTRING (673 -588, 683 -534)"
bus_5061-bus_5062-i_line_5061_to_5062_1_cp,1126,bus_5061,110.0,-0.1652110307372224,1.0617945991497972,15,66,bus_5062,110.0,-0.16645925580534726,1.0610931970107178,15,ac,118.0,1590,-5552,1689,-5561,"LINESTRING (1590 -5552, 1689 -5561)"
bus_3214-bus_3625-i_line_3214_to_3625_1_cp,1211,bus_3214,110.0,-0.007646122054452157,1.0288189856803815,11,73,bus_3625,110.0,0.007131211649583836,1.0398024887700263,11,ac,71.0,-1137,2866,-1315,2864,"LINESTRING (-1137 2866, -1315 2864)"
bus_3214-bus_3625-i_line_3214_to_3625_2_cp,1211,bus_3214,110.0,-0.007646122054452157,1.0288189856803815,11,73,bus_3625,110.0,0.007131211649583836,1.0398024887700263,11,ac,70.0,-1137,2866,-1315,2864,"LINESTRING (-1137 2866, -1315 2864)"
bus_3134-bus_3340-i_line_3134_to_3340_1_cp,1963,bus_3134,110.0,-0.3432878092165599,1.041722625923559,11,80,bus_3340,110.0,-0.35285150197389575,1.0345568331003645,11,ac,110.00000000000001,-1006,2471,-843,2502,"LINESTRING (-1006 2471, -843 2502)"
bus_1594-bus_1658-i_line_1594_to_1658_1_cp,116,bus_1594,66.0,-0.09199963418283934,1.0485810047246245,1,84,bus_1658,66.0,-0.09289011773667653,1.0480284494041512,1,ac,68.0,2721,2689,2806,2717,"LINESTRING (2721 2689, 2806 2717)"
bus_1594-bus_1658-i_line_1594_to_1658_2_cp,116,bus_1594,66.0,-0.09199963418283934,1.0485810047246245,1,84,bus_1658,66.0,-0.09289011773667653,1.0480284494041512,1,ac,85.0,2721,2689,2806,2717,"LINESTRING (2721 2689, 2806 2717)"
bus_1594-bus_1658-i_line_1594_to_1658_3_cp,116,bus_1594,66.0,-0.09199963418283934,1.0485810047246245,1,84,bus_1658,66.0,-0.09289011773667653,1.0480284494041512,1,ac,82.0,2721,2689,2806,2717,"LINESTRING (2721 2689, 2806 2717)"
bus_1601-bus_1658-i_line_1601_to_1658_1_cp,1645,bus_1601,66.0,-0.09468398758012145,1.0461370792571691,1,84,bus_1658,66.0,-0.09289011773667653,1.0480284494041512,1,ac,69.0,2833,2717,2806,2717,"LINESTRING (2833 2717, 2806 2717)"
bus_1519-bus_1521-i_line_1519_to_1521_2_cp,367,bus_1519,11.0,-0.23495426892187282,1.0864337179736328,2,91,bus_1521,11.0,-0.23497822669652804,1.0865732865055693,2,ac,18.0,-62,-589,-163,-667,"LINESTRING (-62 -589, -163 -667)"
bus_1190-bus_1264-i_line_1190_to_1264_1_cp,779,bus_1190,132.0,-0.33837999421331977,1.0585463079025563,2,92,bus_1264,132.0,-0.3485420531808296,1.0493159082182184,2,ac,191.0,529,439,470,465,"LINESTRING (529 439, 470 465)"
bus_5061-bus_5063-i_line_5061_to_5063_2_cp,1126,bus_5061,110.0,-0.1652110307372224,1.0617945991497972,15,97,bus_5063,110.0,-0.18038491410882457,1.0557240861971138,15,ac,117.0,1590,-5552,1434,-5510,"LINESTRING (1590 -5552, 1434 -5510)"
bus_5058-bus_5063-i_line_5058_to_5063_1_cp,1246,bus_5058,110.0,-0.17230313721033413,1.0597192312690347,15,97,bus_5063,110.0,-0.18038491410882457,1.0557240861971138,15,ac,113.99999999999999,1584,-5507,1434,-5510,"LINESTRING (1584 -5507, 1434 -5510)"
bus_5057-bus_5063-i_line_5057_to_5063_1_cp,1888,bus_5057,110.0,-0.18038672785091928,1.0557370836595463,15,97,bus_5063,110.0,-0.18038491410882457,1.0557240861971138,15,ac,206.99999999999997,1417,-5541,1434,-5510,"LINESTRING (1417 -5541, 1434 -5510)"
bus_3486-bus_3529-i_line_3486_to_3529_2_cp,209,bus_3486,132.0,-0.33413375600362155,1.028054984393151,8,99,bus_3529,132.0,-0.3230822971023446,1.06298,8,ac,268.0,-1211,6608,-1282,6854,"LINESTRING (-1211 6608, -1282 6854)"
bus_3486-bus_3529-i_line_3486_to_3529_1_cp,209,bus_3486,132.0,-0.33413375600362155,1.028054984393151,8,99,bus_3529,132.0,-0.3230822971023446,1.06298,8,ac,265.0,-1211,6608,-1282,6854,"LINESTRING (-1211 6608, -1282 6854)"
bus_3223-bus_3529-i_line_3223_to_3529_1_cp,342,bus_3223,132.0,-0.38418503630489215,1.0230088103256307,8,99,bus_3529,132.0,-0.3230822971023446,1.06298,8,ac,214.0,-1320,7005,-1282,6854,"LINESTRING (-1320 7005, -1282 6854)"
bus_3080-bus_3529-i_line_3080_to_3529_1_cp,722,bus_3080,132.0,-0.4481852909603554,1.0536492981037135,8,99,bus_3529,132.0,-0.3230822971023446,1.06298,8,ac,248.0,-1426,7042,-1282,6854,"LINESTRING (-1426 7042, -1282 6854)"
bus_3211-bus_3529-i_line_3211_to_3529_1_cp,1587,bus_3211,132.0,-0.2925364994832125,1.025755173126864,8,99,bus_3529,132.0,-0.3230822971023446,1.06298,8,ac,204.99999999999997,-1228,6939,-1282,6854,"LINESTRING (-1228 6939, -1282 6854)"
bus_4207-bus_4209-i_line_4208_to_4209_1_cp,621,bus_4207,132.0,0.8811440058161899,0.9933016359664677,13,101,bus_4209,132.0,0.8630645432238345,0.9837325071748986,13,ac,154.0,-1727,-1560,-1518,-1647,"LINESTRING (-1727 -1560, -1518 -1647)"
bus_5083-bus_5087-i_line_5085_to_5112_1_cp,157,bus_5083,110.0,-0.06152382044508938,1.0353519529132829,15,103,bus_5087,110.0,-0.09464118329114479,1.0289527047520208,15,ac,148.0,1281,-6304,1139,-6349,"LINESTRING (1281 -6304, 1139 -6349)"
bus_5083-bus_5087-i_line_5084_to_5112_2_cp,157,bus_5083,110.0,-0.06152382044508938,1.0353519529132829,15,103,bus_5087,110.0,-0.09464118329114479,1.0289527047520208,15,ac,141.0,1281,-6304,1139,-6349,"LINESTRING (1281 -6304, 1139 -6349)"
bus_5090-bus_5087-i_line_5090_to_5112_1_cp,1463,bus_5090,110.0,-0.10990753844575163,1.0312378460363154,15,103,bus_5087,110.0,-0.09464118329114479,1.0289527047520208,15,ac,121.0,898,-6262,1139,-6349,"LINESTRING (898 -6262, 1139 -6349)"
bus_5091-bus_5087-i_line_5091_to_5112_1_cp,1775,bus_5091,110.0,-0.1134886785104553,1.0302924839755965,15,103,bus_5087,110.0,-0.09464118329114479,1.0289527047520208,15,ac,124.0,995,-6295,1139,-6349,"LINESTRING (995 -6295, 1139 -6349)"
bus_4089-bus_4170-i_line_4163_to_4170_1_cp,384,bus_4089,132.0,1.0118191772435758,1.0220109380544784,12,105,bus_4170,132.0,0.9944450830509841,1.049199747093307,12,ac,118.0,-3041,-1585,-3108,-1515,"LINESTRING (-3041 -1585, -3108 -1515)"
bus_4167-bus_4170-i_line_4167_to_4170_1_cp,1633,bus_4167,132.0,0.9919542458196449,1.0526102065465093,12,105,bus_4170,132.0,0.9944450830509841,1.049199747093307,12,ac,120.0,-3222,-1469,-3108,-1515,"LINESTRING (-3222 -1469, -3108 -1515)"
bus_3545-bus_3572-i_line_3545_to_3572_3_cp,1327,bus_3545,275.0,-0.2546502267785985,1.0639368339734927,11,107,bus_3572,275.0,-0.25335743724379906,1.0624150637579919,11,ac,527.0,-600,3049,-602,2881,"LINESTRING (-600 3049, -602 2881)"
bus_1240-bus_1409-i_line_1240_to_1413_1_cp,733,bus_1240,132.0,-0.3243035127036369,1.039969627579308,2,109,bus_1409,132.0,-0.32023162747777956,1.036549858393296,2,ac,221.0,374,-435,-38,-133,"LINESTRING (374 -435, -38 -133)"
bus_1259-bus_1409-i_line_1259_to_1422_2_cp,1081,bus_1259,132.0,-0.32064964035036975,1.0362076293436453,2,109,bus_1409,132.0,-0.32023162747777956,1.036549858393296,2,ac,124.0,-164,-511,-38,-133,"LINESTRING (-164 -511, -38 -133)"
bus_1258-bus_1409-i_line_1258_to_1422_1_cp,1259,bus_1258,132.0,-0.3220037692799995,1.0373392214353248,2,109,bus_1409,132.0,-0.32023162747777956,1.036549858393296,2,ac,128.0,135,-454,-38,-133,"LINESTRING (135 -454, -38 -133)"
bus_1183-bus_1283-i_line_1183_to_1283_2_cp,169,bus_1183,132.0,-0.21727407253276435,1.070879306516803,1,111,bus_1283,132.0,-0.223820379514656,1.0681931088675378,1,ac,227.99999999999997,820,1294,872,1361,"LINESTRING (820 1294, 872 1361)"
bus_1183-bus_1283-i_line_1183_to_1283_1_cp,169,bus_1183,132.0,-0.21727407253276435,1.070879306516803,1,111,bus_1283,132.0,-0.223820379514656,1.0681931088675378,1,ac,238.0,820,1294,872,1361,"LINESTRING (820 1294, 872 1361)"
bus_1580-bus_1594-i_line_1580_to_1594_1_cp,1634,bus_1580,66.0,-0.09208944506685861,1.0487312761406185,1,116,bus_1594,66.0,-0.09199963418283934,1.0485810047246245,1,ac,52.0,2801,2749,2721,2689,"LINESTRING (2801 2749, 2721 2689)"
bus_3543-bus_3567-i_line_3543_to_3567_1_cp,139,bus_3543,275.0,-0.21755697394688514,1.063932517287146,11,125,bus_3567,275.0,-0.23927620371260575,1.0536492981037135,11,ac,493.0,-685,3675,-813,3546,"LINESTRING (-685 3675, -813 3546)"
bus_4226-bus_4326-i_Dec18_line_4226_to_4326_2_dec,270,bus_4226,66.0,1.0425130817173016,1.0121135255806009,14,127,bus_4326,66.0,1.04250725421976,1.0121578222105163,14,ac,132.0,-2009,-3012,-2067,-3191,"LINESTRING (-2009 -3012, -2067 -3191)"
bus_4262-bus_4326-i_line_4262_to_4326_2_cp,638,bus_4262,66.0,1.042507158541615,1.0121585924635226,14,127,bus_4326,66.0,1.04250725421976,1.0121578222105163,14,ac,137.0,-2125,-3304,-2067,-3191,"LINESTRING (-2125 -3304, -2067 -3191)"
bus_3310-bus_3642-i_line_3310_to_3642_1_cp,198,bus_3310,66.0,-0.3295406937229514,1.0524001419774087,8,131,bus_3642,66.0,-0.3545759045885246,1.0431167975025817,8,ac,70.0,-1011,7028,-990,6975,"LINESTRING (-1011 7028, -990 6975)"
bus_3376-bus_3642-i_line_3376_to_3642_1_cp,444,bus_3376,66.0,-0.35704877992592504,1.043815396334914,8,131,bus_3642,66.0,-0.3545759045885246,1.0431167975025817,8,ac,47.0,-964,7085,-990,6975,"LINESTRING (-964 7085, -990 6975)"
bus_3276-bus_3642-i_line_3276_to_3642_1_cp,868,bus_3276,66.0,-0.36104260917630776,1.0398328438481848,8,131,bus_3642,66.0,-0.3545759045885246,1.0431167975025817,8,ac,56.99999999999999,-942,6940,-990,6975,"LINESTRING (-942 6940, -990 6975)"
bus_3305-bus_3642-i_line_3305_to_3642_1_cp,1471,bus_3305,66.0,-0.3581538935130056,1.0395126275315743,8,131,bus_3642,66.0,-0.3545759045885246,1.0431167975025817,8,ac,68.0,-1008,7062,-990,6975,"LINESTRING (-1008 7062, -990 6975)"
bus_3401-bus_3642-i_line_3401_to_3642_1_cp,1811,bus_3401,66.0,-0.3609493506350176,1.0420128034583607,8,131,bus_3642,66.0,-0.3545759045885246,1.0431167975025817,8,ac,51.0,-896,6940,-990,6975,"LINESTRING (-896 6940, -990 6975)"
bus_5059-bus_5060-i_line_5059_to_5060_1_cp,432,bus_5059,110.0,-0.07137832225962654,1.0707207414411477,15,141,bus_5060,110.0,-0.10294791397658118,1.0634906592100215,15,ac,97.0,1761,-5608,1696,-5591,"LINESTRING (1761 -5608, 1696 -5591)"
bus_3034-bus_3187-i_line_3034_to_3187_2_cp,724,bus_3034,132.0,-0.19807504353895483,1.0592614395269242,9,142,bus_3187,132.0,-0.21029057992410385,1.060833198101229,9,ac,142.0,-1239,4414,-1347,4373,"LINESTRING (-1239 4414, -1347 4373)"
bus_3034-bus_3187-i_line_3034_to_3187_1_cp,724,bus_3034,132.0,-0.19807504353895483,1.0592614395269242,9,142,bus_3187,132.0,-0.21029057992410385,1.060833198101229,9,ac,144.0,-1239,4414,-1347,4373,"LINESTRING (-1239 4414, -1347 4373)"
bus_3131-bus_3519-i_line_3131_to_3519_1_cp,349,bus_3131,110.0,-0.2749659909214733,1.0581688520918842,11,143,bus_3519,110.0,-0.2799859192439419,1.0612453115322213,11,ac,130.0,-1005,3251,-885,3246,"LINESTRING (-1005 3251, -885 3246)"
bus_3222-bus_3519-i_line_3222_to_3519_1_cp,953,bus_3222,110.0,-0.2916332428323532,1.0551235237180616,11,143,bus_3519,110.0,-0.2799859192439419,1.0612453115322213,11,ac,128.0,-945,3336,-885,3246,"LINESTRING (-945 3336, -885 3246)"
bus_3222-bus_3519-i_line_3222_to_3519_2_cp,953,bus_3222,110.0,-0.2916332428323532,1.0551235237180616,11,143,bus_3519,110.0,-0.2799859192439419,1.0612453115322213,11,ac,134.0,-945,3336,-885,3246,"LINESTRING (-945 3336, -885 3246)"
bus_5155-bus_5159-i_line_5155_to_5160_1_cp,1690,bus_5155,220.0,-0.08928081389675672,1.0551151338680296,15,146,bus_5159,220.0,-0.08052053218018608,1.0516535725927663,15,ac,337.0,814,-6003,614,-6127,"LINESTRING (814 -6003, 614 -6127)"
bus_1296-bus_1310-i_line_1296_to_1310_1_cp,1050,bus_1296,132.0,-0.13078162065502197,1.08252260319495,4,149,bus_1310,132.0,-0.21637290058969916,1.0504664360178961,4,ac,123.0,629,-1107,431,-841,"LINESTRING (629 -1107, 431 -841)"
bus_5099-bus_5100-i_line_5099_to_5100_1_cp,136,bus_5099,110.0,-0.13280182365045212,1.0236148955566364,15,154,bus_5100,110.0,-0.1275540856397039,1.027823872392618,15,ac,60.0,1379,-6154,1251,-6125,"LINESTRING (1379 -6154, 1251 -6125)"
bus_5095-bus_5100-i_line_5095_to_5100_1_cp,525,bus_5095,110.0,-0.12373896079375657,1.028762437464582,15,154,bus_5100,110.0,-0.1275540856397039,1.027823872392618,15,ac,119.0,1111,-6098,1251,-6125,"LINESTRING (1111 -6098, 1251 -6125)"
bus_4243-bus_4249-i_line_4243_to_4249_1_cp,1684,bus_4243,66.0,1.0499265437365715,1.0068971706698608,14,161,bus_4249,66.0,1.0386857773931322,1.0025688293140305,14,ac,84.0,-1970,-3309,-2040,-3485,"LINESTRING (-1970 -3309, -2040 -3485)"
bus_3558-bus_3569-i_line_3558_to_3569_3_cp,563,bus_3558,275.0,-0.20035251095205087,1.0556265742422064,9,165,bus_3569,275.0,-0.11320358848478372,1.0848001547752268,9,ac,704.0,-869,5466,-704,5136,"LINESTRING (-869 5466, -704 5136)"
bus_3558-bus_3569-i_line_3558_to_3569_2_cp,563,bus_3558,275.0,-0.20035251095205087,1.0556265742422064,9,165,bus_3569,275.0,-0.11320358848478372,1.0848001547752268,9,ac,727.0,-869,5466,-704,5136,"LINESTRING (-869 5466, -704 5136)"
bus_3558-bus_3569-i_line_3558_to_3569_1_cp,563,bus_3558,275.0,-0.20035251095205087,1.0556265742422064,9,165,bus_3569,275.0,-0.11320358848478372,1.0848001547752268,9,ac,584.0,-869,5466,-704,5136,"LINESTRING (-869 5466, -704 5136)"
bus_3557-bus_3569-i_line_3557_to_3569_1_cp,824,bus_3557,275.0,-0.011566411980788739,1.080536881133045,9,165,bus_3569,275.0,-0.11320358848478372,1.0848001547752268,9,ac,578.0,-833,5026,-704,5136,"LINESTRING (-833 5026, -704 5136)"
bus_3565-bus_3569-i_line_3565_to_3569_1_cp,1023,bus_3565,275.0,-0.1509813782723702,1.0858195049692354,9,165,bus_3569,275.0,-0.11320358848478372,1.0848001547752268,9,ac,556.0,-560,5289,-704,5136,"LINESTRING (-560 5289, -704 5136)"
bus_3565-bus_3569-i_line_3565_to_3569_2_cp,1023,bus_3565,275.0,-0.1509813782723702,1.0858195049692354,9,165,bus_3569,275.0,-0.11320358848478372,1.0848001547752268,9,ac,584.0,-560,5289,-704,5136,"LINESTRING (-560 5289, -704 5136)"
bus_2213-bus_2216-i_line_2213_to_2216_1_cp,786,bus_2213,66.0,-0.23960910574121505,1.031297539361733,6,167,bus_2216,66.0,-0.2477955487377175,1.011017430128594,6,ac,46.0,97,-3966,91,-3833,"LINESTRING (97 -3966, 91 -3833)"
bus_1221-bus_1189-i_line_1221_to_1441_1_cp,672,bus_1221,132.0,-0.34507022496036965,1.0537315637342075,3,170,bus_1189,132.0,-0.32658829402484385,1.0491512002520478,2,ac,266.0,1237,-445,732,-450,"LINESTRING (1237 -445, 732 -450)"
bus_1269-bus_1189-i_line_1271_to_1440_1_cp,768,bus_1269,132.0,-0.3474715464508724,1.0520431580125975,3,170,bus_1189,132.0,-0.32658829402484385,1.0491512002520478,2,ac,270.0,1296,-332,732,-450,"LINESTRING (1296 -332, 732 -450)"
bus_1232-bus_1189-i_line_1232_to_1440_2_cp,1694,bus_1232,132.0,-0.33023608848219743,1.0494748311387885,3,170,bus_1189,132.0,-0.32658829402484385,1.0491512002520478,2,ac,283.0,1097,-538,732,-450,"LINESTRING (1097 -538, 732 -450)"
bus_1232-bus_1189-i_line_1232_to_1440_1_cp,1694,bus_1232,132.0,-0.33023608848219743,1.0494748311387885,3,170,bus_1189,132.0,-0.32658829402484385,1.0491512002520478,2,ac,269.0,1097,-538,732,-450,"LINESTRING (1097 -538, 732 -450)"
bus_3039-bus_3217-i_line_3039_to_3217_2_cp,1843,bus_3039,132.0,-0.02423993296577893,1.0760767459313103,9,172,bus_3217,132.0,-0.02560363239139693,1.080837605594399,9,ac,159.0,43,4965,116,5044,"LINESTRING (43 4965, 116 5044)"
bus_4137-bus_4142-i_line_4142_to_4146_1_cp,404,bus_4137,275.0,0.972976792523375,1.0492667084918716,13,175,bus_4142,275.0,0.9729034482291757,1.051048177980219,13,ac,552.0,-1782,-2384,-1751,-2289,"LINESTRING (-1782 -2384, -1751 -2289)"
bus_4137-bus_4142-i_line_4137_to_4142_1_cp,404,bus_4137,275.0,0.972976792523375,1.0492667084918716,13,175,bus_4142,275.0,0.9729034482291757,1.051048177980219,13,ac,484.0,-1782,-2384,-1751,-2289,"LINESTRING (-1782 -2384, -1751 -2289)"
bus_4156-bus_4165-i_line_4156_to_4165_1_cp,1302,bus_4156,132.0,0.9912064685051387,1.0150036664155435,12,176,bus_4165,132.0,0.9939627657256718,1.0169359113512018,12,ac,161.0,-3361,-1633,-3288,-1647,"LINESTRING (-3361 -1633, -3288 -1647)"
bus_4158-bus_4165-i_line_4158_to_4165_1_cp,1869,bus_4158,132.0,1.0089290499721797,1.0103992559819344,12,176,bus_4165,132.0,0.9939627657256718,1.0169359113512018,12,ac,154.0,-3496,-1689,-3288,-1647,"LINESTRING (-3496 -1689, -3288 -1647)"
bus_4138-bus_4101-i_line_4138_to_4151_1_cp,95,bus_4138,275.0,0.4616275162100701,0.9307584558905165,14,177,bus_4101,275.0,0.055312641191736886,0.9886532544441814,14,ac,537.0,-955,-2336,-707,-2550,"LINESTRING (-955 -2336, -707 -2550)"
bus_4139-bus_4101-i_line_4139_to_4151_2_cp,375,bus_4139,275.0,0.44584104218684023,0.9297328692034296,14,177,bus_4101,275.0,0.055312641191736886,0.9886532544441814,14,ac,548.0,-952,-2323,-707,-2550,"LINESTRING (-952 -2323, -707 -2550)"
bus_2196-bus_4101-i_line_2196_to_4151_2_cp,810,bus_2196,275.0,-0.14907870465999304,1.0216229320947314,5,177,bus_4101,275.0,0.055312641191736886,0.9886532544441814,14,ac,521.0,-491,-2732,-707,-2550,"LINESTRING (-491 -2732, -707 -2550)"
bus_2196-bus_4101-i_line_2196_to_4151_1_cp,810,bus_2196,275.0,-0.14907870465999304,1.0216229320947314,5,177,bus_4101,275.0,0.055312641191736886,0.9886532544441814,14,ac,517.0,-491,-2732,-707,-2550,"LINESTRING (-491 -2732, -707 -2550)"
bus_1226-bus_1256-i_line_1226_to_1256_1_cp,196,bus_1226,132.0,-0.08981007195538197,1.0515673433718449,1,181,bus_1256,132.0,-0.08996723684232219,1.053121919264955,1,ac,146.0,1876,1777,1914,1815,"LINESTRING (1876 1777, 1914 1815)"
bus_1498-bus_1651-i_line_1498_to_1651_1_pi,271,bus_1498,66.0,-0.3634329249335973,1.0245315127879802,1,182,bus_1651,66.0,-0.3548290263927442,1.0310615374212455,1,ac,71.0,-1114,1955,-1124,2030,"LINESTRING (-1114 1955, -1124 2030)"
bus_1357-bus_1651-i_line_1357_to_1651_1_pi,978,bus_1357,66.0,-0.3625592497759778,1.0260516276141154,1,182,bus_1651,66.0,-0.3548290263927442,1.0310615374212455,1,ac,65.0,-1074,1989,-1124,2030,"LINESTRING (-1074 1989, -1124 2030)"
bus_1599-bus_1651-i_line_1599_to_1651_1_pi,1491,bus_1599,66.0,-0.3617986901786365,1.0257164589487764,1,182,bus_1651,66.0,-0.3548290263927442,1.0310615374212455,1,ac,67.0,-1094,1961,-1124,2030,"LINESTRING (-1094 1961, -1124 2030)"
bus_1600-bus_1651-i_line_1600_to_1651_1_pi,1726,bus_1600,66.0,-0.3648411697278478,1.0233133674423531,1,182,bus_1651,66.0,-0.3548290263927442,1.0310615374212455,1,ac,49.0,-1106,2014,-1124,2030,"LINESTRING (-1106 2014, -1124 2030)"
bus_1597-bus_1651-i_line_1597_to_1651_1_pi,1953,bus_1597,66.0,-0.36054541280713154,1.0269001582733583,1,182,bus_1651,66.0,-0.3548290263927442,1.0310615374212455,1,ac,64.0,-1096,1993,-1124,2030,"LINESTRING (-1096 1993, -1124 2030)"
bus_3018-bus_3312-i_line_3018_to_3312_1_cp,1122,bus_3018,110.0,-0.32563687607497965,1.0481141589122671,9,185,bus_3312,110.0,-0.31685982163001,1.0538088374929084,9,ac,134.0,-758,4083,-877,4131,"LINESTRING (-758 4083, -877 4131)"
bus_3569-bus_3640-i_line_3569_to_3640_1_cp,165,bus_3569,275.0,-0.11320358848478372,1.0848001547752268,9,186,bus_3640,275.0,0.0018472922242327217,1.06298,9,ac,751.0,-704,5136,-570,4803,"LINESTRING (-704 5136, -570 4803)"
bus_3569-bus_3640-i_line_3569_to_3640_2_cp,165,bus_3569,275.0,-0.11320358848478372,1.0848001547752268,9,186,bus_3640,275.0,0.0018472922242327217,1.06298,9,ac,733.0,-704,5136,-570,4803,"LINESTRING (-704 5136, -570 4803)"
bus_3573-bus_3640-i_line_3573_to_3640_3_cp,296,bus_3573,275.0,0.05995958830120667,1.0927176675835448,9,186,bus_3640,275.0,0.0018472922242327217,1.06298,9,ac,571.0,-314,4388,-570,4803,"LINESTRING (-314 4388, -570 4803)"
bus_3573-bus_3640-i_line_3573_to_3640_2_cp,296,bus_3573,275.0,0.05995958830120667,1.0927176675835448,9,186,bus_3640,275.0,0.0018472922242327217,1.06298,9,ac,557.0,-314,4388,-570,4803,"LINESTRING (-314 4388, -570 4803)"
bus_3573-bus_3640-i_line_3573_to_3640_1_cp,296,bus_3573,275.0,0.05995958830120667,1.0927176675835448,9,186,bus_3640,275.0,0.0018472922242327217,1.06298,9,ac,571.0,-314,4388,-570,4803,"LINESTRING (-314 4388, -570 4803)"
bus_3557-bus_3640-i_line_3557_to_3640_3_cp,824,bus_3557,275.0,-0.011566411980788739,1.080536881133045,9,186,bus_3640,275.0,0.0018472922242327217,1.06298,9,ac,745.0,-833,5026,-570,4803,"LINESTRING (-833 5026, -570 4803)"
bus_3557-bus_3640-i_line_3557_to_3640_2_cp,824,bus_3557,275.0,-0.011566411980788739,1.080536881133045,9,186,bus_3640,275.0,0.0018472922242327217,1.06298,9,ac,718.0,-833,5026,-570,4803,"LINESTRING (-833 5026, -570 4803)"
bus_3001-bus_3167-i_line_3065_to_3167_1_cp,322,bus_3001,132.0,-0.2784463465267816,1.0322317139019397,8,188,bus_3167,132.0,-0.2293002210125996,1.0458174687720876,9,ac,177.0,-918,5722,-673,5521,"LINESTRING (-918 5722, -673 5521)"
bus_1364-bus_1397-i_line_1364_to_1397_1_cp,282,bus_1364,132.0,-0.2520656324481088,1.0688791150283514,1,191,bus_1397,132.0,-0.2516276602516919,1.068617256129386,1,ac,262.0,985,1738,927,1615,"LINESTRING (985 1738, 927 1615)"
bus_4300-bus_4311-i_line_4300_to_4311_1_cp,891,bus_4300,66.0,0.970992885212525,1.0444535829960078,14,195,bus_4311,66.0,0.9681981010615484,1.0427859589508046,14,ac,122.0,-1720,-2576,-1657,-2805,"LINESTRING (-1720 -2576, -1657 -2805)"
bus_4300-bus_4311-i_line_4300_to_4311_2_cp,891,bus_4300,66.0,0.970992885212525,1.0444535829960078,14,195,bus_4311,66.0,0.9681981010615484,1.0427859589508046,14,ac,113.99999999999999,-1720,-2576,-1657,-2805,"LINESTRING (-1720 -2576, -1657 -2805)"
bus_4286-bus_4311-i_line_4286_to_4311_1_cp,974,bus_4286,66.0,0.9722921277884098,1.0350330698079813,14,195,bus_4311,66.0,0.9681981010615484,1.0427859589508046,14,ac,113.99999999999999,-1730,-2741,-1657,-2805,"LINESTRING (-1730 -2741, -1657 -2805)"
bus_4309-bus_4311-i_line_4309_to_4311_1_cp,1338,bus_4309,66.0,0.9672004232644515,1.041718094415535,14,195,bus_4311,66.0,0.9681981010615484,1.0427859589508046,14,ac,70.0,-1668,-2916,-1657,-2805,"LINESTRING (-1668 -2916, -1657 -2805)"
bus_1570-bus_1571-i_line_1570_to_1571_1_cp,124,bus_1570,33.0,-0.25069739762713644,1.0815686194522447,2,197,bus_1571,33.0,-0.2506840555990891,1.0815484242312647,2,ac,24.0,691,-287,592,-338,"LINESTRING (691 -287, 592 -338)"
bus_3267-bus_3310-i_line_3267_to_3310_1_cp,829,bus_3267,66.0,-0.29336252918946637,1.0643538802823609,8,198,bus_3310,66.0,-0.3295406937229514,1.0524001419774087,8,ac,78.0,-972,7187,-1011,7028,"LINESTRING (-972 7187, -1011 7028)"
bus_3142-bus_3310-i_line_3142_to_3310_1_cp,886,bus_3142,66.0,-0.3536952539826621,1.043346085232991,8,198,bus_3310,66.0,-0.3295406937229514,1.0524001419774087,8,ac,67.0,-1072,6873,-1011,7028,"LINESTRING (-1072 6873, -1011 7028)"
bus_4303-bus_4261-i_line_4303_to_4304_1_cp,470,bus_4303,66.0,0.9712713875080043,1.0438544945930532,14,204,bus_4261,66.0,0.9749228198544762,1.0449602915231289,14,ac,84.0,-1601,-3239,-1550,-3288,"LINESTRING (-1601 -3239, -1550 -3288)"
bus_4298-bus_4261-i_line_4298_to_4315_1_cp,640,bus_4298,66.0,0.9749087002343937,1.0449985222774347,14,204,bus_4261,66.0,0.9749228198544762,1.0449602915231289,14,ac,69.0,-1489,-3282,-1550,-3288,"LINESTRING (-1489 -3282, -1550 -3288)"
bus_4314-bus_4261-i_line_4314_to_4315_1_cp,1567,bus_4314,66.0,0.9706896289514179,1.0426147337532827,14,204,bus_4261,66.0,0.9749228198544762,1.0449602915231289,14,ac,105.0,-1522,-3231,-1550,-3288,"LINESTRING (-1522 -3231, -1550 -3288)"
bus_3128-bus_3486-i_line_3128_to_3486_1_cp,206,bus_3128,132.0,-0.217339624026611,1.0731316532482018,8,209,bus_3486,132.0,-0.33413375600362155,1.028054984393151,8,ac,113.99999999999999,-1275,6726,-1211,6608,"LINESTRING (-1275 6726, -1211 6608)"
bus_3140-bus_3486-i_line_3140_to_3486_2_cp,780,bus_3140,132.0,-0.3351913365305376,1.0254212055615413,8,209,bus_3486,132.0,-0.33413375600362155,1.028054984393151,8,ac,159.0,-1156,6759,-1211,6608,"LINESTRING (-1156 6759, -1211 6608)"
bus_3096-bus_3486-i_line_3096_to_3486_2_cp,845,bus_3096,132.0,-0.3509104358037359,1.029971922484526,8,209,bus_3486,132.0,-0.33413375600362155,1.028054984393151,8,ac,199.0,-1013,6597,-1211,6608,"LINESTRING (-1013 6597, -1211 6608)"
bus_3096-bus_3486-i_line_3096_to_3486_1_cp,845,bus_3096,132.0,-0.3509104358037359,1.029971922484526,8,209,bus_3486,132.0,-0.33413375600362155,1.028054984393151,8,ac,216.0,-1013,6597,-1211,6608,"LINESTRING (-1013 6597, -1211 6608)"
bus_3148-bus_3486-i_line_3148_to_3486_1_cp,1308,bus_3148,132.0,-0.3844231932387012,0.992897128878803,8,209,bus_3486,132.0,-0.33413375600362155,1.028054984393151,8,ac,117.0,-1323,6690,-1211,6608,"LINESTRING (-1323 6690, -1211 6608)"
bus_3141-bus_3486-i_line_3141_to_3486_1_cp,1974,bus_3141,132.0,-0.33504345860248946,1.0254544196970783,8,209,bus_3486,132.0,-0.33413375600362155,1.028054984393151,8,ac,147.0,-1145,6756,-1211,6608,"LINESTRING (-1145 6756, -1211 6608)"
bus_3083-bus_3180-i_line_3083_to_3182_1_cp,451,bus_3083,132.0,-0.49427568955284057,1.0078515075305803,8,215,bus_3180,132.0,-0.5136136818039341,1.0097701103487726,8,ac,211.0,-1467,7293,-1556,7407,"LINESTRING (-1467 7293, -1556 7407)"
bus_1193-bus_1207-i_line_1193_to_1207_1_cp,1273,bus_1193,132.0,-0.20136299261574386,1.0817086441614856,1,221,bus_1207,132.0,-0.23051651437671627,1.0696783665713685,1,ac,169.0,1179,1409,1327,1555,"LINESTRING (1179 1409, 1327 1555)"
bus_1369-bus_1656-i_line_1369_to_1656_4_cp,1838,bus_1369,33.0,-0.4006145236904155,1.0078673265809241,2,223,bus_1656,33.0,-0.40089969753441584,1.008604060629085,2,ac,35.0,-473,449,-607,496,"LINESTRING (-473 449, -607 496)"
bus_4213-bus_4215-i_line_4213_to_4215_2_cp,1018,bus_4213,132.0,0.7752382379487064,0.9574572494066086,14,226,bus_4215,132.0,0.4949805948195266,0.947835938571247,14,ac,213.0,-1378,-1956,-1229,-2017,"LINESTRING (-1378 -1956, -1229 -2017)"
bus_4171-bus_4195-i_line_4171_to_4195_1_cp,253,bus_4171,132.0,0.9976959698073836,1.028262203181441,12,234,bus_4195,132.0,0.9664104460772573,1.0534248912821331,12,ac,153.0,-2650,-1357,-2613,-1157,"LINESTRING (-2650 -1357, -2613 -1157)"
bus_5061-bus_5125-i_line_5061_to_5125_1_cp,1126,bus_5061,110.0,-0.1652110307372224,1.0617945991497972,15,237,bus_5125,110.0,-0.16576162649379608,1.0612965022160439,15,ac,117.0,1590,-5552,1608,-5594,"LINESTRING (1590 -5552, 1608 -5594)"
bus_2136-bus_2186-i_line_2138_to_2186_1_cp,229,bus_2136,220.0,-0.3723325586636918,1.0165520878347776,7,238,bus_2186,220.0,-0.3478088156812471,1.0121140264317945,7,ac,442.0,900,-4034,933,-3922,"LINESTRING (900 -4034, 933 -3922)"
bus_2121-bus_2186-i_line_2163_to_2186_1_cp,310,bus_2121,220.0,-0.4618827151274631,1.0293840309810427,7,238,bus_2186,220.0,-0.3478088156812471,1.0121140264317945,7,ac,417.0,924,-3962,933,-3922,"LINESTRING (924 -3962, 933 -3922)"
bus_2164-bus_2186-i_line_2164_to_2186_4_cp,1883,bus_2164,220.0,-0.4635104870103187,1.06298,6,238,bus_2186,220.0,-0.3478088156812471,1.0121140264317945,7,ac,429.0,937,-3740,933,-3922,"LINESTRING (937 -3740, 933 -3922)"
bus_2164-bus_2186-i_line_2164_to_2186_3_cp,1883,bus_2164,220.0,-0.4635104870103187,1.06298,6,238,bus_2186,220.0,-0.3478088156812471,1.0121140264317945,7,ac,416.0,937,-3740,933,-3922,"LINESTRING (937 -3740, 933 -3922)"
bus_2164-bus_2186-i_line_2164_to_2186_2_cp,1883,bus_2164,220.0,-0.4635104870103187,1.06298,6,238,bus_2186,220.0,-0.3478088156812471,1.0121140264317945,7,ac,428.0,937,-3740,933,-3922,"LINESTRING (937 -3740, 933 -3922)"
bus_1594-bus_1595-i_line_1594_to_1595_1_cp,116,bus_1594,66.0,-0.09199963418283934,1.0485810047246245,1,242,bus_1595,66.0,-0.10543092503265653,1.032639388032671,1,ac,55.00000000000001,2721,2689,2865,2748,"LINESTRING (2721 2689, 2865 2748)"
bus_1117-bus_1066-i_line_1117_to_1144_1_cp,50,bus_1117,330.0,-0.2673609081614541,1.0458847725856544,2,243,bus_1066,330.0,-0.25983816582967306,1.027,2,ac,773.0,764,27,679,322,"LINESTRING (764 27, 679 322)"
bus_1111-bus_1066-i_line_1111_to_1144_1_cp,269,bus_1111,330.0,-0.267384011197891,1.027,2,243,bus_1066,330.0,-0.25983816582967306,1.027,2,ac,871.0000000000001,228,214,679,322,"LINESTRING (228 214, 679 322)"
bus_1111-bus_1066-i_line_1111_to_1144_2_cp,269,bus_1111,330.0,-0.267384011197891,1.027,2,243,bus_1066,330.0,-0.25983816582967306,1.027,2,ac,833.0,228,214,679,322,"LINESTRING (228 214, 679 322)"
bus_1124-bus_1066-i_line_1124_to_1144_1_cp,882,bus_1124,330.0,-0.1711833232853899,1.027,2,243,bus_1066,330.0,-0.25983816582967306,1.027,2,ac,802.9999999999999,697,535,679,322,"LINESTRING (697 535, 679 322)"
bus_1133-bus_1066-i_line_1133_to_1144_1_cp,1093,bus_1133,330.0,-0.23844067300055816,1.027,2,243,bus_1066,330.0,-0.25983816582967306,1.027,2,ac,801.0,824,420,679,322,"LINESTRING (824 420, 679 322)"
bus_1138-bus_1066-i_line_1138_to_1144_1_cp,1125,bus_1138,330.0,-0.2691346021583173,1.027,2,243,bus_1066,330.0,-0.25983816582967306,1.027,2,ac,827.0,597,315,679,322,"LINESTRING (597 315, 679 322)"
bus_1098-bus_1066-i_line_1098_to_1144_1_cp,1299,bus_1098,330.0,-0.09999432656131109,1.0518072108466041,2,243,bus_1066,330.0,-0.25983816582967306,1.027,2,ac,657.0,818,-295,679,322,"LINESTRING (818 -295, 679 322)"
bus_1100-bus_1066-i_line_1100_to_1144_1_cp,1513,bus_1100,330.0,0.05227586015460014,1.0513100880147348,2,243,bus_1066,330.0,-0.25983816582967306,1.027,2,ac,764.0,910,619,679,322,"LINESTRING (910 619, 679 322)"
bus_2198-bus_2199-i_line_2198_to_2199_1_cp,1112,bus_2198,500.0,-0.38293723757371784,1.0698047901467078,6,245,bus_2199,500.0,-0.3330326234488831,1.0730997952876256,6,ac,1548.0,960,-3638,1007,-3430,"LINESTRING (960 -3638, 1007 -3430)"
bus_1374-bus_1393-i_line_1340_to_1393_1_cp,309,bus_1374,132.0,-0.3550556622084452,1.0511641521809494,2,246,bus_1393,132.0,-0.35429010017780477,1.0508718293325445,2,ac,141.0,467,-265,580,-475,"LINESTRING (467 -265, 580 -475)"
bus_1289-bus_1393-i_line_1391_to_1393_1_cp,1367,bus_1289,132.0,-0.35135806853578744,1.0504837494482029,3,246,bus_1393,132.0,-0.35429010017780477,1.0508718293325445,2,ac,196.0,970,-499,580,-475,"LINESTRING (970 -499, 580 -475)"
bus_4325-bus_4338-i_line_4325_to_4338_1_cp,821,bus_4325,66.0,0.9806425556610221,1.0621884431144903,13,250,bus_4338,66.0,0.9764090413402703,1.0641055110695983,13,ac,74.0,-1886,-1930,-1897,-2008,"LINESTRING (-1886 -1930, -1897 -2008)"
bus_4321-bus_4338-i_line_4321_to_4338_1_cp,1190,bus_4321,66.0,0.9747143365935771,1.0650803808057347,13,250,bus_4338,66.0,0.9764090413402703,1.0641055110695983,13,ac,76.0,-1880,-2134,-1897,-2008,"LINESTRING (-1880 -2134, -1897 -2008)"
bus_4220-bus_4221-i_line_4220_to_4221_1_cp,931,bus_4220,132.0,0.2763348932062008,1.0612296006684871,14,251,bus_4221,132.0,0.3098621048777407,1.0755469937532347,14,ac,272.0,-898,-2745,-921,-2976,"LINESTRING (-898 -2745, -921 -2976)"
bus_4301-bus_4302-i_line_4301_to_4302_1_cp,1614,bus_4301,66.0,0.9674054000151019,1.0468837032853135,14,252,bus_4302,66.0,0.9687354535784864,1.044306892838,14,ac,111.00000000000001,-1695,-2902,-1637,-3056,"LINESTRING (-1695 -2902, -1637 -3056)"
bus_3004-bus_3005-i_line_3004_to_3005_1_cp,594,bus_3004,66.0,-0.4410670668881325,1.060499716266935,8,254,bus_3005,66.0,-0.4436951692917139,1.0556492370173847,8,ac,48.0,-1417,6783,-1475,6850,"LINESTRING (-1417 6783, -1475 6850)"
bus_1265-bus_1446-i_line_1439_to_1446_1_cp,1555,bus_1265,132.0,-0.37091281118726616,1.047428127222827,2,259,bus_1446,132.0,-0.3709236844123319,1.047477303925787,2,ac,188.0,785,983,870,910,"LINESTRING (785 983, 870 910)"
bus_4110-bus_4114-i_line_4110_to_4114_1_cp,863,bus_4110,275.0,1.1040580638590491,1.0390632654540972,13,261,bus_4114,275.0,1.1469414624149383,1.0327436676843895,13,ac,527.0,-2493,-1830,-2627,-1902,"LINESTRING (-2493 -1830, -2627 -1902)"
bus_5118-bus_5119-i_line_5118_to_5119_4_cp,580,bus_5118,110.0,-0.13911724179575854,1.032130050107164,15,262,bus_5119,110.0,-0.18661942015784996,1.017017398459917,15,ac,121.0,1112,-5788,1073,-5646,"LINESTRING (1112 -5788, 1073 -5646)"
bus_5118-bus_5119-i_line_5118_to_5119_3_cp,580,bus_5118,110.0,-0.13911724179575854,1.032130050107164,15,262,bus_5119,110.0,-0.18661942015784996,1.017017398459917,15,ac,123.0,1112,-5788,1073,-5646,"LINESTRING (1112 -5788, 1073 -5646)"
bus_5113-bus_5119-i_line_5113_to_5119_2_cp,1070,bus_5113,110.0,-0.18690187424676435,1.0112838829085105,15,262,bus_5119,110.0,-0.18661942015784996,1.017017398459917,15,ac,225.99999999999997,830,-5662,1073,-5646,"LINESTRING (830 -5662, 1073 -5646)"
bus_5113-bus_5119-i_line_5113_to_5119_1_cp,1070,bus_5113,110.0,-0.18690187424676435,1.0112838829085105,15,262,bus_5119,110.0,-0.18661942015784996,1.017017398459917,15,ac,130.0,830,-5662,1073,-5646,"LINESTRING (830 -5662, 1073 -5646)"
bus_4167-bus_4182-i_line_4167_to_4182_1_cp,1633,bus_4167,132.0,0.9919542458196449,1.0526102065465093,12,264,bus_4182,132.0,0.9902365540141812,1.0577115781739546,12,ac,146.0,-3222,-1469,-3298,-1459,"LINESTRING (-3222 -1469, -3298 -1459)"
bus_3111-bus_3196-i_line_3111_to_3196_1_cp,556,bus_3111,132.0,-0.26565147665868355,1.0358414912627192,8,267,bus_3196,132.0,-0.27894989647831625,1.0336534841609741,8,ac,175.0,-938,5832,-1067,5850,"LINESTRING (-938 5832, -1067 5850)"
bus_3002-bus_3196-i_line_3063_to_3196_1_cp,1547,bus_3002,132.0,-0.30299812811186555,1.0536492981037135,8,267,bus_3196,132.0,-0.27894989647831625,1.0336534841609741,8,ac,171.0,-1218,5893,-1067,5850,"LINESTRING (-1218 5893, -1067 5850)"
bus_1107-bus_1111-i_line_1107_to_1111_2_cp,1364,bus_1107,330.0,-0.2701470086091579,1.0505277023759618,2,269,bus_1111,330.0,-0.267384011197891,1.027,2,ac,771.0,48,0,228,214,"LINESTRING (48 0, 228 214)"
bus_1107-bus_1111-i_line_1107_to_1111_1_cp,1364,bus_1107,330.0,-0.2701470086091579,1.0505277023759618,2,269,bus_1111,330.0,-0.267384011197891,1.027,2,ac,778.0,48,0,228,214,"LINESTRING (48 0, 228 214)"
bus_3187-bus_3634-i_line_3187_to_3634_2_cp,142,bus_3187,132.0,-0.21029057992410385,1.060833198101229,9,274,bus_3634,132.0,-0.21218023327389612,1.0642702187901196,9,ac,141.0,-1347,4373,-1330,4261,"LINESTRING (-1347 4373, -1330 4261)"
bus_3187-bus_3634-i_line_3187_to_3634_1_cp,142,bus_3187,132.0,-0.21029057992410385,1.060833198101229,9,274,bus_3634,132.0,-0.21218023327389612,1.0642702187901196,9,ac,149.0,-1347,4373,-1330,4261,"LINESTRING (-1347 4373, -1330 4261)"
bus_3101-bus_3634-i_line_3101_to_3634_2_cp,225,bus_3101,132.0,-0.240324005445742,1.0483993117560564,9,274,bus_3634,132.0,-0.21218023327389612,1.0642702187901196,9,ac,136.0,-1438,4311,-1330,4261,"LINESTRING (-1438 4311, -1330 4261)"
bus_3102-bus_3634-i_line_3102_to_3634_1_cp,1573,bus_3102,132.0,-0.22384009724907575,1.0587119745671059,9,274,bus_3634,132.0,-0.21218023327389612,1.0642702187901196,9,ac,247.00000000000003,-1446,4295,-1330,4261,"LINESTRING (-1446 4295, -1330 4261)"
bus_3532-bus_3634-i_line_3532_to_3634_1_cp,1744,bus_3532,132.0,-0.19628929817067803,1.071834136041112,9,274,bus_3634,132.0,-0.21218023327389612,1.0642702187901196,9,ac,246.0,-1165,4217,-1330,4261,"LINESTRING (-1165 4217, -1330 4261)"
bus_3532-bus_3634-i_line_3532_to_3634_2_cp,1744,bus_3532,132.0,-0.19628929817067803,1.071834136041112,9,274,bus_3634,132.0,-0.21218023327389612,1.0642702187901196,9,ac,245.00000000000003,-1165,4217,-1330,4261,"LINESTRING (-1165 4217, -1330 4261)"
bus_3021-bus_3634-i_line_3021_to_3634_1_cp,1981,bus_3021,132.0,-0.21378374408812065,1.061861196651891,9,274,bus_3634,132.0,-0.21218023327389612,1.0642702187901196,9,ac,148.0,-1296,4156,-1330,4261,"LINESTRING (-1296 4156, -1330 4261)"
bus_1595-bus_1596-i_line_1595_to_1596_2_cp,242,bus_1595,66.0,-0.10543092503265653,1.032639388032671,1,277,bus_1596,66.0,-0.10750312121242107,1.026530744717026,1,ac,67.0,2865,2748,2982,2814,"LINESTRING (2865 2748, 2982 2814)"
bus_1595-bus_1596-i_line_1595_to_1596_1_cp,242,bus_1595,66.0,-0.10543092503265653,1.032639388032671,1,277,bus_1596,66.0,-0.10750312121242107,1.026530744717026,1,ac,44.0,2865,2748,2982,2814,"LINESTRING (2865 2748, 2982 2814)"
bus_1255-bus_1294-i_line_1278_to_1294_1_cp,1265,bus_1255,132.0,-0.06259535028869284,1.0568131467813322,4,278,bus_1294,132.0,-0.07238682560058517,1.0520671958281522,4,ac,211.0,1977,-1315,2122,-1315,"LINESTRING (1977 -1315, 2122 -1315)"
bus_1288-bus_1294-i_line_1288_to_1294_1_cp,1905,bus_1288,132.0,-0.07402189806346848,1.0516896969241094,4,278,bus_1294,132.0,-0.07238682560058517,1.0520671958281522,4,ac,229.0,2161,-1359,2122,-1315,"LINESTRING (2161 -1359, 2122 -1315)"
bus_1333-bus_1483-i_line_1333_to_1483_1_cp,1040,bus_1333,132.0,-0.20299096238405112,1.0702547470186137,2,279,bus_1483,132.0,-0.2679888834220316,1.0379405782146482,3,ac,163.0,735,61,927,178,"LINESTRING (735 61, 927 178)"
bus_1184-bus_1483-i_line_1443_to_1483_1_cp,1101,bus_1184,132.0,-0.27812328350062254,1.0342019329350338,3,279,bus_1483,132.0,-0.2679888834220316,1.0379405782146482,3,ac,138.0,966,371,927,178,"LINESTRING (966 371, 927 178)"
bus_4104-bus_4117-i_line_4104_to_4117_1_cp,991,bus_4104,275.0,1.057858827814991,1.0613580423295144,13,280,bus_4117,275.0,0.9953587318476333,1.0585945060804445,13,ac,532.0,-2402,-1656,-2144,-1797,"LINESTRING (-2402 -1656, -2144 -1797)"
bus_1202-bus_1364-i_line_1242_to_1364_1_cp,1192,bus_1202,132.0,-0.252107252921373,1.0693455799449092,1,282,bus_1364,132.0,-0.2520656324481088,1.0688791150283514,1,ac,323.0,1080,1914,985,1738,"LINESTRING (1080 1914, 985 1738)"
bus_1211-bus_1222-i_line_1211_to_1222_1_cp,28,bus_1211,220.0,-0.05172192481319693,1.0879857865708882,5,283,bus_1222,220.0,-0.021370994924286627,1.0794645535019138,5,ac,317.0,698,-2614,559,-2881,"LINESTRING (698 -2614, 559 -2881)"
bus_1217-bus_1222-i_line_1217_to_1222_1_cp,1851,bus_1217,220.0,-0.039895777897525284,1.0921056695386748,5,283,bus_1222,220.0,-0.021370994924286627,1.0794645535019138,5,ac,310.0,433,-2941,559,-2881,"LINESTRING (433 -2941, 559 -2881)"
bus_1200-bus_1432-i_line_1200_to_1432_1_cp,364,bus_1200,132.0,-0.1374996212596494,1.092167641837969,2,285,bus_1432,132.0,-0.20977587278003046,1.0541750306641333,2,ac,143.0,528,-55,403,-107,"LINESTRING (528 -55, 403 -107)"
bus_1428-bus_1432-i_line_1429_to_1432_1_cp,998,bus_1428,132.0,-0.21742109577844285,1.051043965891738,2,285,bus_1432,132.0,-0.20977587278003046,1.0541750306641333,2,ac,145.0,156,-160,403,-107,"LINESTRING (156 -160, 403 -107)"
bus_3002-bus_3169-i_line_3063_to_3169_1_cp,1547,bus_3002,132.0,-0.30299812811186555,1.0536492981037135,8,287,bus_3169,132.0,-0.3089190264893006,1.0401731318226684,8,ac,117.0,-1218,5893,-1204,5918,"LINESTRING (-1218 5893, -1204 5918)"
bus_5095-bus_5111-i_line_5095_to_5111_1_cp,525,bus_5095,110.0,-0.12373896079375657,1.028762437464582,15,291,bus_5111,110.0,-0.12813618518545103,1.0268503696913331,15,ac,114.99999999999999,1111,-6098,1123,-6149,"LINESTRING (1111 -6098, 1123 -6149)"
bus_1183-bus_1203-i_line_1183_to_1210_1_cp,169,bus_1183,132.0,-0.21727407253276435,1.070879306516803,1,295,bus_1203,132.0,-0.22896164310655648,1.0619195413433278,1,ac,179.0,820,1294,786,1440,"LINESTRING (820 1294, 786 1440)"
bus_1108-bus_1208-i_line_1108_to_1208_1_cp,1278,bus_1108,132.0,0.015550008852556987,1.0829219090428799,4,302,bus_1208,132.0,-0.01917404961694093,1.077585753701982,4,ac,148.0,2426,-1595,2398,-1573,"LINESTRING (2426 -1595, 2398 -1573)"
bus_3543-bus_3593-i_line_3543_to_3593_1_cp,139,bus_3543,275.0,-0.21755697394688514,1.063932517287146,11,306,bus_3593,275.0,-0.2006274409651271,1.0610454520109465,11,ac,527.0,-685,3675,-613,3347,"LINESTRING (-685 3675, -613 3347)"
bus_3568-bus_3593-i_line_3568_to_3593_2_cp,636,bus_3568,275.0,0.0032642236330225204,1.0859697702374804,11,306,bus_3593,275.0,-0.2006274409651271,1.0610454520109465,11,ac,681.0,-335,3514,-613,3347,"LINESTRING (-335 3514, -613 3347)"
bus_3568-bus_3593-i_line_3568_to_3593_1_cp,636,bus_3568,275.0,0.0032642236330225204,1.0859697702374804,11,306,bus_3593,275.0,-0.2006274409651271,1.0610454520109465,11,ac,724.0,-335,3514,-613,3347,"LINESTRING (-335 3514, -613 3347)"
bus_3560-bus_3593-i_line_3560_to_3593_1_cp,995,bus_3560,275.0,-0.17499869710401758,1.0536492981037135,11,306,bus_3593,275.0,-0.2006274409651271,1.0610454520109465,11,ac,689.0,-587,3475,-613,3347,"LINESTRING (-587 3475, -613 3347)"
bus_3545-bus_3593-i_line_3545_to_3593_1_cp,1327,bus_3545,275.0,-0.2546502267785985,1.0639368339734927,11,306,bus_3593,275.0,-0.2006274409651271,1.0610454520109465,11,ac,541.0,-600,3049,-613,3347,"LINESTRING (-600 3049, -613 3347)"
bus_1226-bus_1322-i_line_1226_to_1322_1_cp,196,bus_1226,132.0,-0.08981007195538197,1.0515673433718449,1,307,bus_1322,132.0,-0.08198115796419296,1.039586998527219,1,ac,113.99999999999999,1876,1777,1778,1737,"LINESTRING (1876 1777, 1778 1737)"
bus_1192-bus_1322-i_line_1192_to_1322_1_cp,971,bus_1192,132.0,-0.040990597484422624,1.0547818849473294,1,307,bus_1322,132.0,-0.08198115796419296,1.039586998527219,1,ac,112.00000000000001,1626,1705,1778,1737,"LINESTRING (1626 1705, 1778 1737)"
bus_1186-bus_1374-i_line_1186_to_1465_2_cp,609,bus_1186,132.0,-0.3225125859884355,1.0428691268985268,2,309,bus_1374,132.0,-0.3550556622084452,1.0511641521809494,2,ac,291.0,567,-53,467,-265,"LINESTRING (567 -53, 467 -265)"
bus_1186-bus_1374-i_line_1186_to_1466_1_cp,609,bus_1186,132.0,-0.3225125859884355,1.0428691268985268,2,309,bus_1374,132.0,-0.3550556622084452,1.0511641521809494,2,ac,288.0,567,-53,467,-265,"LINESTRING (567 -53, 467 -265)"
bus_1246-bus_1374-i_line_1246_to_1340_2_cp,617,bus_1246,132.0,-0.3595026209900812,1.0506324777000964,2,309,bus_1374,132.0,-0.3550556622084452,1.0511641521809494,2,ac,130.0,459,-475,467,-265,"LINESTRING (459 -475, 467 -265)"
bus_1244-bus_1374-i_line_1244_to_1340_4_cp,813,bus_1244,132.0,-0.3605634339996651,1.0506680240217805,2,309,bus_1374,132.0,-0.3550556622084452,1.0511641521809494,2,ac,124.0,482,-493,467,-265,"LINESTRING (482 -493, 467 -265)"
bus_1243-bus_1374-i_line_1243_to_1340_1_cp,1412,bus_1243,132.0,-0.3564994404360187,1.0513581762861812,2,309,bus_1374,132.0,-0.3550556622084452,1.0511641521809494,2,ac,128.0,658,-372,467,-265,"LINESTRING (658 -372, 467 -265)"
bus_1130-bus_1374-i_line_1130_to_1245_3_cp_merged_with_line_1245_to_1340_3_cp,1954,bus_1130,132.0,-0.3598228336002057,1.051612000714551,2,309,bus_1374,132.0,-0.3550556622084452,1.0511641521809494,2,ac,129.0,734,-379,467,-265,"LINESTRING (734 -379, 467 -265)"
bus_2136-bus_2121-i_line_2138_to_2163_2_cp,229,bus_2136,220.0,-0.3723325586636918,1.0165520878347776,7,310,bus_2121,220.0,-0.4618827151274631,1.0293840309810427,7,ac,418.0,900,-4034,924,-3962,"LINESTRING (900 -4034, 924 -3962)"
bus_2136-bus_2121-i_line_2138_to_2163_1_cp,229,bus_2136,220.0,-0.3723325586636918,1.0165520878347776,7,310,bus_2121,220.0,-0.4618827151274631,1.0293840309810427,7,ac,405.0,900,-4034,924,-3962,"LINESTRING (900 -4034, 924 -3962)"
bus_2118-bus_2121-i_line_2118_to_2121_2_cp,1449,bus_2118,220.0,-0.46402072214922263,1.0303869215760735,7,310,bus_2121,220.0,-0.4618827151274631,1.0293840309810427,7,ac,527.0,984,-3929,924,-3962,"LINESTRING (984 -3929, 924 -3962)"
bus_2118-bus_2121-i_line_2118_to_2121_1_cp,1449,bus_2118,220.0,-0.46402072214922263,1.0303869215760735,7,310,bus_2121,220.0,-0.4618827151274631,1.0293840309810427,7,ac,563.0,984,-3929,924,-3962,"LINESTRING (984 -3929, 924 -3962)"
bus_2200-bus_2205-i_line_2200_to_2205_1_cp,811,bus_2200,500.0,-0.21158900438121792,1.0102695555460788,5,311,bus_2205,500.0,-0.21698025664238196,1.0052346400048493,5,ac,1371.0,-277,-2958,-357,-3142,"LINESTRING (-277 -2958, -357 -3142)"
bus_2200-bus_2205-i_line_2200_to_2205_2_cp,811,bus_2200,500.0,-0.21158900438121792,1.0102695555460788,5,311,bus_2205,500.0,-0.21698025664238196,1.0052346400048493,5,ac,1357.0,-277,-2958,-357,-3142,"LINESTRING (-277 -2958, -357 -3142)"
bus_3172-bus_3245-i_line_3172_to_3246_1_cp,1741,bus_3172,132.0,-0.3111385796070227,1.036920087833526,8,314,bus_3245,132.0,-0.3268053357617507,1.0351416688430102,8,ac,159.0,-1334,6180,-1281,6365,"LINESTRING (-1334 6180, -1281 6365)"
bus_4180-bus_4185-i_line_4180_to_4185_1_cp,1271,bus_4180,132.0,0.7356633379096249,0.9634043234084966,13,315,bus_4185,132.0,0.4705742033503379,0.928954102570519,13,ac,204.99999999999997,-2124,-1196,-2132,-986,"LINESTRING (-2124 -1196, -2132 -986)"
bus_4180-bus_4185-i_line_4180_to_4185_2_cp,1271,bus_4180,132.0,0.7356633379096249,0.9634043234084966,13,315,bus_4185,132.0,0.4705742033503379,0.928954102570519,13,ac,114.99999999999999,-2124,-1196,-2132,-986,"LINESTRING (-2124 -1196, -2132 -986)"
bus_1434-bus_1626-i_line_1434_to_1626_1_cp,592,bus_1434,66.0,-0.2506595321206545,1.0407373757031757,2,327,bus_1626,66.0,-0.25061714831299564,1.0406686676843404,2,ac,51.0,468,-410,355,-490,"LINESTRING (468 -410, 355 -490)"
bus_1164-bus_1273-i_line_1164_to_1273_1_cp,205,bus_1164,132.0,-0.12130479874319865,1.0788083881422366,1,330,bus_1273,132.0,-0.13437256310300563,1.0768928732576466,1,ac,171.0,1958,2291,2120,2328,"LINESTRING (1958 2291, 2120 2328)"
bus_4231-bus_4232-i_line_4231_to_4232_1_cp,1225,bus_4231,66.0,0.993303854787057,1.0157419732417814,14,334,bus_4232,66.0,0.9925254453187442,1.0148191830544473,14,ac,118.0,-2402,-3075,-2474,-3181,"LINESTRING (-2402 -3075, -2474 -3181)"
bus_1361-bus_1450-i_line_1361_to_1450_1_cp,503,bus_1361,132.0,-0.07377449258968098,1.0561578019231492,4,335,bus_1450,132.0,-0.07387704736596223,1.0564557084924384,4,ac,143.0,2186,-1475,2287,-1477,"LINESTRING (2186 -1475, 2287 -1477)"
bus_2164-bus_2168-i_line_2164_to_2168_1_cp,1883,bus_2164,220.0,-0.4635104870103187,1.06298,6,336,bus_2168,220.0,-0.47266379939428554,1.06298,6,ac,555.0,937,-3740,854,-3647,"LINESTRING (937 -3740, 854 -3647)"
bus_2151-bus_2175-i_line_2151_to_2175_2_cp,844,bus_2151,132.0,-0.03439880446321097,0.9791562505000905,5,337,bus_2175,132.0,-0.08829443249594056,0.9767937828069259,5,ac,286.0,-210,-3519,-166,-3350,"LINESTRING (-210 -3519, -166 -3350)"
bus_3583-bus_3589-i_line_3583_to_3589_2_cp,88,bus_3583,275.0,-0.25721549612687067,1.0536492981037135,11,340,bus_3589,275.0,-0.22385478203744993,1.0648617155123072,11,ac,569.0,-943,2658,-744,2835,"LINESTRING (-943 2658, -744 2835)"
bus_3572-bus_3589-i_line_3572_to_3589_1_cp,107,bus_3572,275.0,-0.25335743724379906,1.0624150637579919,11,340,bus_3589,275.0,-0.22385478203744993,1.0648617155123072,11,ac,534.0,-602,2881,-744,2835,"LINESTRING (-602 2881, -744 2835)"
bus_3490-bus_3589-i_line_3490_to_3589_2_cp,1056,bus_3490,275.0,-0.06931740289935495,1.0636915724750553,11,340,bus_3589,275.0,-0.22385478203744993,1.0648617155123072,11,ac,745.0,-422,3036,-744,2835,"LINESTRING (-422 3036, -744 2835)"
bus_3490-bus_3589-i_line_3490_to_3589_1_cp,1056,bus_3490,275.0,-0.06931740289935495,1.0636915724750553,11,340,bus_3589,275.0,-0.22385478203744993,1.0648617155123072,11,ac,759.0,-422,3036,-744,2835,"LINESTRING (-422 3036, -744 2835)"
bus_3582-bus_3589-i_line_3582_to_3589_1_cp,1084,bus_3582,275.0,-0.2563672478944363,1.0536492981037135,11,340,bus_3589,275.0,-0.22385478203744993,1.0648617155123072,11,ac,560.0,-935,2649,-744,2835,"LINESTRING (-935 2649, -744 2835)"
bus_3545-bus_3589-i_line_3545_to_3589_1_cp,1327,bus_3545,275.0,-0.2546502267785985,1.0639368339734927,11,340,bus_3589,275.0,-0.22385478203744993,1.0648617155123072,11,ac,554.0,-600,3049,-744,2835,"LINESTRING (-600 3049, -744 2835)"
bus_3546-bus_3589-i_line_3546_to_3589_2_cp,1429,bus_3546,275.0,-0.2649832119896265,1.0567417138869781,11,340,bus_3589,275.0,-0.22385478203744993,1.0648617155123072,11,ac,577.0,-981,2560,-744,2835,"LINESTRING (-981 2560, -744 2835)"
bus_3546-bus_3589-i_line_3546_to_3589_1_cp,1429,bus_3546,275.0,-0.2649832119896265,1.0567417138869781,11,340,bus_3589,275.0,-0.22385478203744993,1.0648617155123072,11,ac,586.0,-981,2560,-744,2835,"LINESTRING (-981 2560, -744 2835)"
bus_3189-bus_3223-i_line_3189_to_3223_1_cp,1010,bus_3189,132.0,-0.4192916495594614,1.0206649884414536,8,342,bus_3223,132.0,-0.38418503630489215,1.0230088103256307,8,ac,225.0,-1369,7106,-1320,7005,"LINESTRING (-1369 7106, -1320 7005)"
bus_1102-bus_1103-i_line_1102_to_1103_1_cp,356,bus_1102,330.0,-0.022273878885440274,1.0441417322900985,4,343,bus_1103,330.0,-0.02349809903081908,1.0406343683645485,4,ac,679.0,1404,-1052,1446,-1310,"LINESTRING (1404 -1052, 1446 -1310)"
bus_4296-bus_4334-i_Dec27_line_4297_to_4334_1_dec,1300,bus_4296,66.0,0.9646846837754942,1.024117188985438,13,352,bus_4334,66.0,0.9677182559460834,1.0259605154977927,13,ac,166.0,-1884,-2362,-1759,-2530,"LINESTRING (-1884 -2362, -1759 -2530)"
bus_4138-bus_4149-i_line_4141_to_4149_1_cp,95,bus_4138,275.0,0.4616275162100701,0.9307584558905165,14,358,bus_4149,275.0,0.7890335322755946,0.9787890762553162,14,ac,536.0,-955,-2336,-1481,-2118,"LINESTRING (-955 -2336, -1481 -2118)"
bus_4139-bus_4149-i_line_4139_to_4140_2_RLC_merged_with_line_4140_to_4149_2_cp,375,bus_4139,275.0,0.44584104218684023,0.9297328692034296,14,358,bus_4149,275.0,0.7890335322755946,0.9787890762553162,14,ac,532.0,-952,-2323,-1481,-2118,"LINESTRING (-952 -2323, -1481 -2118)"
bus_4137-bus_4149-i_line_4146_to_4149_1_cp,404,bus_4137,275.0,0.972976792523375,1.0492667084918716,13,358,bus_4149,275.0,0.7890335322755946,0.9787890762553162,14,ac,578.0,-1782,-2384,-1481,-2118,"LINESTRING (-1782 -2384, -1481 -2118)"
bus_4131-bus_4149-i_line_4131_to_4149_1_cp,1808,bus_4131,275.0,0.9584543283666129,1.06298,13,358,bus_4149,275.0,0.7890335322755946,0.9787890762553162,14,ac,555.0,-1843,-2005,-1481,-2118,"LINESTRING (-1843 -2005, -1481 -2118)"
bus_2118-bus_2188-i_line_2118_to_2185_1_cp_merged_with_line_2173_to_2185_1_cp_merged_with_line_2173_to_2188_1_cp,1449,bus_2118,220.0,-0.46402072214922263,1.0303869215760735,7,359,bus_2188,220.0,-0.4724545072588414,1.059184840860841,7,ac,267.0,984,-3929,1076,-4331,"LINESTRING (984 -3929, 1076 -4331)"
bus_3161-bus_3285-i_line_3161_to_3285_1_cp,1242,bus_3161,132.0,-0.294014035081664,1.0536492981037135,8,361,bus_3285,132.0,-0.30038706322212244,1.03123,8,ac,171.0,-946,5782,-1065,5797,"LINESTRING (-946 5782, -1065 5797)"
bus_3002-bus_3285-i_line_3063_to_3285_1_cp,1547,bus_3002,132.0,-0.30299812811186555,1.0536492981037135,8,361,bus_3285,132.0,-0.30038706322212244,1.03123,8,ac,166.0,-1218,5893,-1065,5797,"LINESTRING (-1218 5893, -1065 5797)"
bus_1123-bus_1155-i_line_1123_to_1155_1_cp,159,bus_1123,330.0,-0.07959093097321956,1.0519134038254356,2,363,bus_1155,330.0,-0.09901860515804009,1.0468755876733495,2,ac,644.0,554,-7,368,-101,"LINESTRING (554 -7, 368 -101)"
bus_1179-bus_1200-i_line_1179_to_1200_3_cp,63,bus_1179,132.0,-0.1317282013205184,1.0943207795242897,2,364,bus_1200,132.0,-0.1374996212596494,1.092167641837969,2,ac,236.0,398,-61,528,-55,"LINESTRING (398 -61, 528 -55)"
bus_1169-bus_1529-i_line_1169_to_1529_1_cp,665,bus_1169,132.0,-0.34474168067526656,1.0509756737161298,3,365,bus_1529,132.0,-0.3463975352703034,1.050446067498993,3,ac,274.0,1269,-521,1191,-613,"LINESTRING (1269 -521, 1191 -613)"
bus_2210-bus_2294-i_line_2210_to_2294_1_cp,275,bus_2210,66.0,-0.4735283819392949,1.0522673135079084,6,371,bus_2294,66.0,-0.4769801249079057,1.0502837438226202,6,ac,95.0,430,-4263,426,-4322,"LINESTRING (430 -4263, 426 -4322)"
bus_2221-bus_2294-i_line_2221_to_2294_1_cp,1323,bus_2221,66.0,-0.48014108841183734,1.047832513684495,6,371,bus_2294,66.0,-0.4769801249079057,1.0502837438226202,6,ac,95.0,411,-4225,426,-4322,"LINESTRING (411 -4225, 426 -4322)"
bus_3094-bus_3516-i_line_3094_to_3516_2_cp,93,bus_3094,132.0,-0.5402970853932636,1.0006709572074781,8,372,bus_3516,132.0,-0.46397696448211684,1.0051966808891655,8,ac,182.0,-1895,6824,-1736,6747,"LINESTRING (-1895 6824, -1736 6747)"
bus_3094-bus_3516-i_line_3094_to_3516_1_cp,93,bus_3094,132.0,-0.5402970853932636,1.0006709572074781,8,372,bus_3516,132.0,-0.46397696448211684,1.0051966808891655,8,ac,185.0,-1895,6824,-1736,6747,"LINESTRING (-1895 6824, -1736 6747)"
bus_1099-bus_1121-i_line_1099_to_1121_1_cp,436,bus_1099,500.0,0.06793269241031377,1.0747930173806841,2,374,bus_1121,500.0,-0.04673297129084486,1.073454460035518,2,ac,1387.0,825,368,715,112,"LINESTRING (825 368, 715 112)"
bus_1097-bus_1121-i_line_1097_to_1121_2_cp,668,bus_1097,500.0,-0.07507725279910905,1.0682315324279201,2,374,bus_1121,500.0,-0.04673297129084486,1.073454460035518,2,ac,1375.0,789,-107,715,112,"LINESTRING (789 -107, 715 112)"
bus_1097-bus_1121-i_line_1097_to_1121_1_cp,668,bus_1097,500.0,-0.07507725279910905,1.0682315324279201,2,374,bus_1121,500.0,-0.04673297129084486,1.073454460035518,2,ac,1429.0,789,-107,715,112,"LINESTRING (789 -107, 715 112)"
bus_1193-bus_1464-i_line_1193_to_1464_1_cp,1273,bus_1193,132.0,-0.20136299261574386,1.0817086441614856,1,378,bus_1464,132.0,-0.23363581713424228,1.0693292049161143,1,ac,145.0,1179,1409,1318,1531,"LINESTRING (1179 1409, 1318 1531)"
bus_1356-bus_1464-i_line_1356_to_1464_1_cp,1976,bus_1356,132.0,-0.20771294382116812,1.0798014779041951,1,378,bus_1464,132.0,-0.23363581713424228,1.0693292049161143,1,ac,167.0,1264,1484,1318,1531,"LINESTRING (1264 1484, 1318 1531)"
bus_4176-bus_4184-i_line_4176_to_4184_1_cp,533,bus_4176,132.0,0.9228184229833147,1.0345281745832684,13,382,bus_4184,132.0,0.9183286514262721,1.0289053029336805,13,ac,162.0,-2223,-1226,-2137,-1434,"LINESTRING (-2223 -1226, -2137 -1434)"
bus_4177-bus_4184-i_line_4177_to_4184_1_cp,1046,bus_4177,132.0,0.8973574465554004,1.019500347384735,13,382,bus_4184,132.0,0.9183286514262721,1.0289053029336805,13,ac,164.0,-2135,-1327,-2137,-1434,"LINESTRING (-2135 -1327, -2137 -1434)"
bus_4180-bus_4184-i_line_4180_to_4184_1_cp,1271,bus_4180,132.0,0.7356633379096249,0.9634043234084966,13,382,bus_4184,132.0,0.9183286514262721,1.0289053029336805,13,ac,134.0,-2124,-1196,-2137,-1434,"LINESTRING (-2124 -1196, -2137 -1434)"
bus_3195-bus_3247-i_line_3195_to_3247_1_cp,906,bus_3195,132.0,-0.3176112918498757,1.0183840708176217,8,388,bus_3247,132.0,-0.31415488448835355,1.0331520786232147,8,ac,112.00000000000001,-1417,6057,-1408,6145,"LINESTRING (-1417 6057, -1408 6145)"
bus_3172-bus_3247-i_line_3172_to_3247_1_cp,1741,bus_3172,132.0,-0.3111385796070227,1.036920087833526,8,388,bus_3247,132.0,-0.31415488448835355,1.0331520786232147,8,ac,114.99999999999999,-1334,6180,-1408,6145,"LINESTRING (-1334 6180, -1408 6145)"
bus_3158-bus_3612-i_line_3158_to_3612_1_cp,1840,bus_3158,275.0,0.059650018122266876,1.0554790935884322,9,389,bus_3612,275.0,0.0554785342628852,1.0798299394286923,9,ac,778.0,307,3563,421,3575,"LINESTRING (307 3563, 421 3575)"
bus_3516-bus_3629-i_line_3516_to_3629_2_cp,372,bus_3516,132.0,-0.46397696448211684,1.0051966808891655,8,391,bus_3629,132.0,-0.46430885406401584,1.0055621794655778,8,ac,159.0,-1736,6747,-1873,6871,"LINESTRING (-1736 6747, -1873 6871)"
bus_4110-bus_4143-i_line_4110_to_4143_1_cp,863,bus_4110,275.0,1.1040580638590491,1.0390632654540972,13,393,bus_4143,275.0,1.0190060654478543,1.0509295267899381,13,ac,524.0,-2493,-1830,-2306,-1996,"LINESTRING (-2493 -1830, -2306 -1996)"
bus_4094-bus_4143-i_Dec6_line_4124_to_4143_1_dec,1171,bus_4094,275.0,1.0117435992398853,1.0535789757876575,13,393,bus_4143,275.0,1.0190060654478543,1.0509295267899381,13,ac,476.0,-2143,-2100,-2306,-1996,"LINESTRING (-2143 -2100, -2306 -1996)"
bus_4195-bus_4196-i_line_4195_to_4196_1_cp,234,bus_4195,132.0,0.9664104460772573,1.0534248912821331,12,394,bus_4196,132.0,0.9497068447464618,1.053223375588173,12,ac,155.0,-2613,-1157,-2527,-1019,"LINESTRING (-2613 -1157, -2527 -1019)"
bus_4126-bus_4196-i_line_4126_to_4196_1_cp,1240,bus_4126,132.0,0.9457938470959635,1.0507462818685074,12,394,bus_4196,132.0,0.9497068447464618,1.053223375588173,12,ac,153.0,-2594,-940,-2527,-1019,"LINESTRING (-2594 -940, -2527 -1019)"
bus_4190-bus_4196-i_line_4190_to_4196_1_cp,1992,bus_4190,132.0,0.9344533557829211,1.0489276820522317,12,394,bus_4196,132.0,0.9497068447464618,1.053223375588173,12,ac,127.0,-2378,-1162,-2527,-1019,"LINESTRING (-2378 -1162, -2527 -1019)"
bus_4112-bus_4137-i_Dec9_line_4129_to_4146_1_dec,402,bus_4112,275.0,1.037256255109364,1.052981098518803,13,404,bus_4137,275.0,0.972976792523375,1.0492667084918716,13,ac,669.0,-2004,-2596,-1782,-2384,"LINESTRING (-2004 -2596, -1782 -2384)"
bus_4145-bus_4137-i_line_4145_to_4146_1_cp,457,bus_4145,275.0,0.9640131787637686,1.0469676983228182,13,404,bus_4137,275.0,0.972976792523375,1.0492667084918716,13,ac,673.0,-1727,-2102,-1782,-2384,"LINESTRING (-1727 -2102, -1782 -2384)"
bus_4135-bus_4137-i_Dec13_line_4135_to_4137_1_dec,1610,bus_4135,275.0,0.9968354469274332,1.0526616336980938,13,404,bus_4137,275.0,0.972976792523375,1.0492667084918716,13,ac,701.0,-1965,-2388,-1782,-2384,"LINESTRING (-1965 -2388, -1782 -2384)"
bus_4189-bus_4193-i_line_4189_to_4193_1_cp,110,bus_4189,132.0,0.956478713609618,1.0219332239031884,13,407,bus_4193,132.0,0.9480262822242156,1.028142832194623,13,ac,165.0,-2270,-1492,-2249,-1373,"LINESTRING (-2270 -1492, -2249 -1373)"
bus_4192-bus_4193-i_line_4192_to_4193_1_cp,266,bus_4192,132.0,0.9480706988881735,1.0286655600502659,13,407,bus_4193,132.0,0.9480262822242156,1.028142832194623,13,ac,152.0,-2129,-1569,-2249,-1373,"LINESTRING (-2129 -1569, -2249 -1373)"
bus_4190-bus_4193-i_line_4190_to_4193_1_cp,1992,bus_4190,132.0,0.9344533557829211,1.0489276820522317,12,407,bus_4193,132.0,0.9480262822242156,1.028142832194623,13,ac,162.0,-2378,-1162,-2249,-1373,"LINESTRING (-2378 -1162, -2249 -1373)"
bus_1234-bus_1627-i_line_1370_to_1627_2_cp,14,bus_1234,132.0,-0.3316535946862748,1.0366595591793213,2,411,bus_1627,132.0,-0.33352416777882077,1.0363600131842572,2,ac,130.0,33,394,-334,403,"LINESTRING (33 394, -334 403)"
bus_1234-bus_1627-i_line_1370_to_1627_1_cp,14,bus_1234,132.0,-0.3316535946862748,1.0366595591793213,2,411,bus_1627,132.0,-0.33352416777882077,1.0363600131842572,2,ac,126.0,33,394,-334,403,"LINESTRING (33 394, -334 403)"
bus_1354-bus_1627-i_line_1354_to_1627_1_cp,187,bus_1354,132.0,-0.33381251870954814,1.0361546029517357,2,411,bus_1627,132.0,-0.33352416777882077,1.0363600131842572,2,ac,159.0,-379,380,-334,403,"LINESTRING (-379 380, -334 403)"
bus_1321-bus_1627-i_line_1321_to_1627_1_cp,1901,bus_1321,132.0,-0.3333619374425046,1.0363881380459672,2,411,bus_1627,132.0,-0.33352416777882077,1.0363600131842572,2,ac,151.0,-293,402,-334,403,"LINESTRING (-293 402, -334 403)"
bus_1330-bus_1382-i_line_1330_to_1382_1_cp,59,bus_1330,132.0,-0.34731393596515653,1.0513631746354433,3,417,bus_1382,132.0,-0.34770586624609157,1.0514292304648094,3,ac,263.0,1322,-444,1304,-378,"LINESTRING (1322 -444, 1304 -378)"
bus_1269-bus_1382-i_line_1272_to_1382_1_cp,768,bus_1269,132.0,-0.3474715464508724,1.0520431580125975,3,417,bus_1382,132.0,-0.34770586624609157,1.0514292304648094,3,ac,167.0,1296,-332,1304,-378,"LINESTRING (1296 -332, 1304 -378)"
bus_5071-bus_5072-i_line_5071_to_5072_1_cp,347,bus_5071,110.0,-0.32069845265670505,1.0579278558204834,15,418,bus_5072,110.0,-0.3244461791471252,1.0567422256828354,15,ac,119.0,889,-5317,819,-5329,"LINESTRING (889 -5317, 819 -5329)"
bus_5070-bus_5072-i_line_5070_to_5072_2_cp,1015,bus_5070,110.0,-0.3189297041618565,1.0597874705048207,15,418,bus_5072,110.0,-0.3244461791471252,1.0567422256828354,15,ac,118.0,778,-5332,819,-5329,"LINESTRING (778 -5332, 819 -5329)"
bus_2229-bus_2251-i_line_2229_to_2251_1_cp,1938,bus_2229,66.0,-0.13144657224754883,1.0529798960693917,6,422,bus_2251,66.0,-0.12712947268472116,1.046782295747608,6,ac,48.0,994,-2933,923,-2947,"LINESTRING (994 -2933, 923 -2947)"
bus_1221-bus_1372-i_line_1221_to_1372_1_cp,672,bus_1221,132.0,-0.34507022496036965,1.0537315637342075,3,423,bus_1372,132.0,-0.34589693943301975,1.0533103455416462,3,ac,126.0,1237,-445,1378,-394,"LINESTRING (1237 -445, 1378 -394)"
bus_1343-bus_1372-i_line_1343_to_1372_1_cp,1993,bus_1343,132.0,-0.3466379121192042,1.0528590742043817,3,423,bus_1372,132.0,-0.34589693943301975,1.0533103455416462,3,ac,125.0,1480,-358,1378,-394,"LINESTRING (1480 -358, 1378 -394)"
bus_2121-bus_2167-i_line_2163_to_2167_2_cp,310,bus_2121,220.0,-0.4618827151274631,1.0293840309810427,7,424,bus_2167,220.0,-0.4983336803386995,1.0158487371111407,7,ac,459.99999999999994,924,-3962,877,-4079,"LINESTRING (924 -3962, 877 -4079)"
bus_2121-bus_2167-i_line_2163_to_2167_1_cp,310,bus_2121,220.0,-0.4618827151274631,1.0293840309810427,7,424,bus_2167,220.0,-0.4983336803386995,1.0158487371111407,7,ac,475.0,924,-3962,877,-4079,"LINESTRING (924 -3962, 877 -4079)"
bus_2117-bus_2167-i_line_2117_to_2167_1_cp,1862,bus_2117,220.0,-0.4983763229204765,1.016262300277308,7,424,bus_2167,220.0,-0.4983336803386995,1.0158487371111407,7,ac,508.0,889,-4202,877,-4079,"LINESTRING (889 -4202, 877 -4079)"
bus_3395-bus_3470-i_line_3395_to_3470_2_cp,812,bus_3395,110.0,-0.28681366591795887,1.0538556063310751,11,427,bus_3470,110.0,-0.27329182131008045,1.0618020300199171,11,ac,112.99999999999999,-969,3656,-891,3562,"LINESTRING (-969 3656, -891 3562)"
bus_3395-bus_3470-i_line_3395_to_3470_1_cp,812,bus_3395,110.0,-0.28681366591795887,1.0538556063310751,11,427,bus_3470,110.0,-0.27329182131008045,1.0618020300199171,11,ac,112.99999999999999,-969,3656,-891,3562,"LINESTRING (-969 3656, -891 3562)"
bus_1435-bus_1437-i_line_1435_to_1437_1_cp,455,bus_1435,132.0,-0.24215152066005244,1.018366135178053,2,434,bus_1437,132.0,-0.23589686676216312,1.0154709341311636,2,ac,130.0,-444,-283,-579,-293,"LINESTRING (-444 -283, -579 -293)"
bus_4177-bus_4178-i_line_4177_to_4178_1_cp,1046,bus_4177,132.0,0.8973574465554004,1.019500347384735,13,437,bus_4178,132.0,0.8287984767363081,0.993587910813598,13,ac,168.0,-2135,-1327,-2148,-1243,"LINESTRING (-2135 -1327, -2148 -1243)"
bus_5109-bus_5136-i_line_5109_to_5136_1_cp,612,bus_5109,110.0,-0.12410141163941839,1.0197519918304219,15,452,bus_5136,110.0,-0.12365818448755962,1.0200327842979684,15,ac,160.0,621,-6620,651,-6556,"LINESTRING (621 -6620, 651 -6556)"
bus_5106-bus_5136-i_line_5106_to_5136_1_cp,1204,bus_5106,110.0,-0.12207029134039833,1.021632706036772,15,452,bus_5136,110.0,-0.12365818448755962,1.0200327842979684,15,ac,82.0,715,-6468,651,-6556,"LINESTRING (715 -6468, 651 -6556)"
bus_1377-bus_1435-i_line_1381_to_1435_1_cp,874,bus_1377,132.0,-0.2188293652239042,1.048420930743431,2,455,bus_1435,132.0,-0.24215152066005244,1.018366135178053,2,ac,124.0,-466,-304,-444,-283,"LINESTRING (-466 -304, -444 -283)"
bus_4131-bus_4145-i_line_4131_to_4145_1_cp,1808,bus_4131,275.0,0.9584543283666129,1.06298,13,457,bus_4145,275.0,0.9640131787637686,1.0469676983228182,13,ac,662.0,-1843,-2005,-1727,-2102,"LINESTRING (-1843 -2005, -1727 -2102)"
bus_3108-bus_3201-i_line_3108_to_3201_1_cp,714,bus_3108,132.0,-0.2821613527940783,1.0344986467366872,8,460,bus_3201,132.0,-0.2701556150962964,1.038769651591121,8,ac,189.0,-693,5928,-759,5917,"LINESTRING (-693 5928, -759 5917)"
bus_3069-bus_3201-i_line_3069_to_3201_2_cp,1751,bus_3069,132.0,-0.28365953729909416,1.0352198592191362,8,460,bus_3201,132.0,-0.2701556150962964,1.038769651591121,8,ac,191.0,-725,6053,-759,5917,"LINESTRING (-725 6053, -759 5917)"
bus_3069-bus_3201-i_line_3069_to_3201_1_cp,1751,bus_3069,132.0,-0.28365953729909416,1.0352198592191362,8,460,bus_3201,132.0,-0.2701556150962964,1.038769651591121,8,ac,165.0,-725,6053,-759,5917,"LINESTRING (-725 6053, -759 5917)"
bus_1054-bus_1007-i_line_1054_to_1606_1_cp,917,bus_1054,22.0,-0.0006487010060560994,1.078906575502426,5,462,bus_1007,22.0,-0.035448248592116316,1.0825244685658986,5,ac,43.0,320,-3090,260,-3033,"LINESTRING (320 -3090, 260 -3033)"
bus_1055-bus_1007-i_line_1055_to_1606_2_cp,1286,bus_1055,22.0,-0.0021091661678343406,1.0796362195301719,5,462,bus_1007,22.0,-0.035448248592116316,1.0825244685658986,5,ac,42.0,261,-3078,260,-3033,"LINESTRING (261 -3078, 260 -3033)"
bus_2276-bus_2287-i_line_2276_to_2288_1_pi,618,bus_2276,66.0,-0.4733452936982139,1.0422397567690769,6,466,bus_2287,66.0,-0.4293450110923635,1.0523071158405923,6,ac,96.0,853,-3239,927,-3297,"LINESTRING (853 -3239, 927 -3297)"
bus_2276-bus_2287-i_line_2276_to_2287_1_pi,618,bus_2276,66.0,-0.4733452936982139,1.0422397567690769,6,466,bus_2287,66.0,-0.4293450110923635,1.0523071158405923,6,ac,94.0,853,-3239,927,-3297,"LINESTRING (853 -3239, 927 -3297)"
bus_4302-bus_4303-i_line_4302_to_4303_1_cp,252,bus_4302,66.0,0.9687354535784864,1.044306892838,14,470,bus_4303,66.0,0.9712713875080043,1.0438544945930532,14,ac,82.0,-1637,-3056,-1601,-3239,"LINESTRING (-1637 -3056, -1601 -3239)"
bus_1330-bus_1163-i_line_1330_to_1541_1_cp,59,bus_1330,132.0,-0.34731393596515653,1.0513631746354433,3,472,bus_1163,132.0,-0.34477784763141583,1.051518018050615,3,ac,257.0,1322,-444,1359,-538,"LINESTRING (1322 -444, 1359 -538)"
bus_1169-bus_1163-i_line_1352_to_1541_1_cp,665,bus_1169,132.0,-0.34474168067526656,1.0509756737161298,3,472,bus_1163,132.0,-0.34477784763141583,1.051518018050615,3,ac,252.99999999999997,1269,-521,1359,-538,"LINESTRING (1269 -521, 1359 -538)"
bus_1169-bus_1163-i_line_1275_to_1541_1_cp,665,bus_1169,132.0,-0.34474168067526656,1.0509756737161298,3,472,bus_1163,132.0,-0.34477784763141583,1.051518018050615,3,ac,270.0,1269,-521,1359,-538,"LINESTRING (1269 -521, 1359 -538)"
bus_1169-bus_1163-i_line_1169_to_1316_1_cp,665,bus_1169,132.0,-0.34474168067526656,1.0509756737161298,3,472,bus_1163,132.0,-0.34477784763141583,1.051518018050615,3,ac,283.0,1269,-521,1359,-538,"LINESTRING (1269 -521, 1359 -538)"
bus_1169-bus_1163-i_line_1169_to_1541_2_cp,665,bus_1169,132.0,-0.34474168067526656,1.0509756737161298,3,472,bus_1163,132.0,-0.34477784763141583,1.051518018050615,3,ac,354.0,1269,-521,1359,-538,"LINESTRING (1269 -521, 1359 -538)"
bus_1221-bus_1163-i_line_1221_to_1316_1_cp,672,bus_1221,132.0,-0.34507022496036965,1.0537315637342075,3,472,bus_1163,132.0,-0.34477784763141583,1.051518018050615,3,ac,292.0,1237,-445,1359,-538,"LINESTRING (1237 -445, 1359 -538)"
bus_1219-bus_1163-i_line_1219_to_1389_1_cp_merged_with_line_1389_to_1541_3_cp,870,bus_1219,132.0,-0.33354583489913836,1.0496689075354961,3,472,bus_1163,132.0,-0.34477784763141583,1.051518018050615,3,ac,275.0,1322,-618,1359,-538,"LINESTRING (1322 -618, 1359 -538)"
bus_1387-bus_1163-i_line_1387_to_1541_4_cp,1354,bus_1387,132.0,-0.34646242309314773,1.051545262622089,3,472,bus_1163,132.0,-0.34477784763141583,1.051518018050615,3,ac,132.0,1118,-512,1359,-538,"LINESTRING (1118 -512, 1359 -538)"
bus_1388-bus_1163-i_line_1388_to_1541_2_cp,1812,bus_1388,132.0,-0.34653698063164734,1.0513094153047187,3,472,bus_1163,132.0,-0.34477784763141583,1.051518018050615,3,ac,134.0,1114,-526,1359,-538,"LINESTRING (1114 -526, 1359 -538)"
bus_5050-bus_5053-i_line_5050_to_5053_1_cp,646,bus_5050,110.0,-0.09625036557151075,1.0644790909754962,15,476,bus_5053,110.0,-0.09479778691671695,1.0667880899034872,15,ac,114.99999999999999,765,-5745,811,-5700,"LINESTRING (765 -5745, 811 -5700)"
bus_5050-bus_5053-i_line_5051_to_5053_1_cp,646,bus_5050,110.0,-0.09625036557151075,1.0644790909754962,15,476,bus_5053,110.0,-0.09479778691671695,1.0667880899034872,15,ac,119.0,765,-5745,811,-5700,"LINESTRING (765 -5745, 811 -5700)"
bus_5049-bus_5053-i_line_5049_to_5053_1_cp,1438,bus_5049,110.0,-0.09481401258955269,1.066865059817544,15,476,bus_5053,110.0,-0.09479778691671695,1.0667880899034872,15,ac,160.0,742,-5731,811,-5700,"LINESTRING (742 -5731, 811 -5700)"
bus_4125-bus_4128-i_Dec7_line_4125_to_4128_1_dec,809,bus_4125,275.0,1.0234101201995776,1.0535568265683382,13,480,bus_4128,275.0,1.0386949127993725,1.0562111174908497,13,ac,656.0,-2074,-2389,-1960,-2598,"LINESTRING (-2074 -2389, -1960 -2598)"
bus_5063-bus_5066-i_line_5063_to_5066_1_cp,97,bus_5063,110.0,-0.18038491410882457,1.0557240861971138,15,483,bus_5066,110.0,-0.1879983255354187,1.0512691005456676,15,ac,148.0,1434,-5510,1486,-5546,"LINESTRING (1434 -5510, 1486 -5546)"
bus_5065-bus_5066-i_line_5065_to_5066_1_cp,833,bus_5065,110.0,-0.19080392870792817,1.0488907452953955,15,483,bus_5066,110.0,-0.1879983255354187,1.0512691005456676,15,ac,117.0,1501,-5533,1486,-5546,"LINESTRING (1501 -5533, 1486 -5546)"
bus_1159-bus_1331-i_line_1159_to_1331_1_cp,1336,bus_1159,132.0,-0.046704329407300134,1.027,1,484,bus_1331,132.0,-0.053555746046304024,1.06473035513081,1,ac,143.0,1823,2202,2000,2110,"LINESTRING (1823 2202, 2000 2110)"
bus_2225-bus_2226-i_line_2225_to_2226_1_cp,493,bus_2225,66.0,-0.47987052179724826,0.9829272382639249,6,485,bus_2226,66.0,-0.44490931959814745,0.9958065803943889,6,ac,34.0,341,-4144,279,-4035,"LINESTRING (341 -4144, 279 -4035)"
bus_2214-bus_2226-i_line_2214_to_2226_1_cp,1269,bus_2214,66.0,-0.37815123540444595,1.0183794901831493,6,485,bus_2226,66.0,-0.44490931959814745,0.9958065803943889,6,ac,37.0,241,-3841,279,-4035,"LINESTRING (241 -3841, 279 -4035)"
bus_2216-bus_2240-i_line_2216_to_2240_1_cp,167,bus_2216,66.0,-0.2477955487377175,1.011017430128594,6,491,bus_2240,66.0,-0.2342526790254492,1.0173329792152461,5,ac,46.0,91,-3833,94,-3685,"LINESTRING (91 -3833, 94 -3685)"
bus_2239-bus_2240-i_line_2239_to_2240_2_cp,1370,bus_2239,66.0,-0.19046303728017097,1.0258866555578627,5,491,bus_2240,66.0,-0.2342526790254492,1.0173329792152461,5,ac,47.0,105,-3527,94,-3685,"LINESTRING (105 -3527, 94 -3685)"
bus_2239-bus_2240-i_line_2239_to_2240_1_cp,1370,bus_2239,66.0,-0.19046303728017097,1.0258866555578627,5,491,bus_2240,66.0,-0.2342526790254492,1.0173329792152461,5,ac,91.0,105,-3527,94,-3685,"LINESTRING (105 -3527, 94 -3685)"
bus_2221-bus_2225-i_line_2221_to_2225_1_cp,1323,bus_2221,66.0,-0.48014108841183734,1.047832513684495,6,493,bus_2225,66.0,-0.47987052179724826,0.9829272382639249,6,ac,44.0,411,-4225,341,-4144,"LINESTRING (411 -4225, 341 -4144)"
bus_1199-bus_1481-i_line_1199_to_1481_2_cp,582,bus_1199,132.0,-0.08185872569532102,1.0723766136022048,4,497,bus_1481,132.0,-0.08776010699519754,1.0699238994977236,4,ac,179.0,944,-1807,894,-1579,"LINESTRING (944 -1807, 894 -1579)"
bus_1199-bus_1481-i_line_1199_to_1481_1_cp,582,bus_1199,132.0,-0.08185872569532102,1.0723766136022048,4,497,bus_1481,132.0,-0.08776010699519754,1.0699238994977236,4,ac,187.0,944,-1807,894,-1579,"LINESTRING (944 -1807, 894 -1579)"
bus_1206-bus_1481-i_line_1206_to_1481_1_cp,1393,bus_1206,132.0,-0.05726013330064809,1.091969904926538,4,497,bus_1481,132.0,-0.08776010699519754,1.0699238994977236,4,ac,147.0,867,-1329,894,-1579,"LINESTRING (867 -1329, 894 -1579)"
bus_1479-bus_1481-i_line_1479_to_1481_1_cp,1881,bus_1479,132.0,-0.0925728471311933,1.0680364430731994,4,497,bus_1481,132.0,-0.08776010699519754,1.0699238994977236,4,ac,148.0,893,-1656,894,-1579,"LINESTRING (893 -1656, 894 -1579)"
bus_3039-bus_3051-i_line_3039_to_3051_1_cp,1843,bus_3039,132.0,-0.02423993296577893,1.0760767459313103,9,499,bus_3051,132.0,-0.030637873247334378,1.0736983958747839,9,ac,112.99999999999999,43,4965,159,5054,"LINESTRING (43 4965, 159 5054)"
bus_1123-bus_1152-i_line_1123_to_1152_1_cp,159,bus_1123,330.0,-0.07959093097321956,1.0519134038254356,2,500,bus_1152,330.0,-0.09172756932722813,1.0505892997593202,2,ac,768.0,554,-7,679,-116,"LINESTRING (554 -7, 679 -116)"
bus_1123-bus_1152-i_line_1123_to_1152_2_cp,159,bus_1123,330.0,-0.07959093097321956,1.0519134038254356,2,500,bus_1152,330.0,-0.09172756932722813,1.0505892997593202,2,ac,771.0,554,-7,679,-116,"LINESTRING (554 -7, 679 -116)"
bus_1112-bus_1152-i_line_1112_to_1152_1_cp,1363,bus_1112,330.0,-0.239922803799608,1.0445303645537916,3,500,bus_1152,330.0,-0.09172756932722813,1.0505892997593202,2,ac,745.0,795,-151,679,-116,"LINESTRING (795 -151, 679 -116)"
bus_1140-bus_1152-i_line_1140_to_1152_1_cp,1855,bus_1140,330.0,-0.25880976868315786,1.04751461269572,2,500,bus_1152,330.0,-0.09172756932722813,1.0505892997593202,2,ac,765.0,828,-241,679,-116,"LINESTRING (828 -241, 679 -116)"
bus_3545-bus_3570-i_line_3545_to_3570_2_cp,1327,bus_3545,275.0,-0.2546502267785985,1.0639368339734927,11,502,bus_3570,275.0,-0.26100074259654454,1.0631334766979443,11,ac,555.0,-600,3049,-465,3045,"LINESTRING (-600 3049, -465 3045)"
bus_1204-bus_1361-i_line_1204_to_1361_1_cp,106,bus_1204,132.0,-0.057252352624369604,1.0614524017422307,4,503,bus_1361,132.0,-0.07377449258968098,1.0561578019231492,4,ac,143.0,2049,-1463,2186,-1475,"LINESTRING (2049 -1463, 2186 -1475)"
bus_3282-bus_3536-i_line_3282_to_3536_2_cp,683,bus_3282,132.0,-0.1077535586935086,1.070866352940668,10,505,bus_3536,132.0,-0.10059709829192066,1.0726470782443558,10,ac,273.0,1072,4315,1025,4232,"LINESTRING (1072 4315, 1025 4232)"
bus_3282-bus_3536-i_line_3282_to_3536_1_cp,683,bus_3282,132.0,-0.1077535586935086,1.070866352940668,10,505,bus_3536,132.0,-0.10059709829192066,1.0726470782443558,10,ac,265.0,1072,4315,1025,4232,"LINESTRING (1072 4315, 1025 4232)"
bus_4300-bus_4319-i_line_4308_to_4319_1_cp,891,bus_4300,66.0,0.970992885212525,1.0444535829960078,14,511,bus_4319,66.0,0.9757673385505338,1.0582325137790083,13,ac,90.0,-1720,-2576,-1827,-2251,"LINESTRING (-1720 -2576, -1827 -2251)"
bus_2309-bus_2311-i_line_2309_to_2311_7_cp,717,bus_2309,22.0,-0.4085077672818551,1.0479816971478035,7,514,bus_2311,22.0,-0.40849689245237036,1.0479536216957834,7,ac,23.0,1443,-4803,1421,-4724,"LINESTRING (1443 -4803, 1421 -4724)"
bus_2307-bus_2311-i_line_2307_to_2311_5_cp,1476,bus_2307,22.0,-0.4053684144567718,1.0485497073096393,7,514,bus_2311,22.0,-0.40849689245237036,1.0479536216957834,7,ac,23.0,1400,-4609,1421,-4724,"LINESTRING (1400 -4609, 1421 -4724)"
bus_3067-bus_3068-i_line_3067_to_3068_1_cp,1382,bus_3067,132.0,-0.35164125571507604,1.0303654957364246,8,515,bus_3068,132.0,-0.3512812251017765,1.0297266963201006,8,ac,117.0,-937,6566,-1018,6497,"LINESTRING (-937 6566, -1018 6497)"
bus_3547-bus_3549-i_line_3547_to_3549_1_cp,1310,bus_3547,275.0,-0.19310236293677202,1.0621993293262253,9,523,bus_3549,275.0,-0.12796642116243676,1.0536492981037135,9,ac,543.0,-906,4002,-915,4345,"LINESTRING (-906 4002, -915 4345)"
bus_3547-bus_3549-i_line_3547_to_3549_2_cp,1310,bus_3547,275.0,-0.19310236293677202,1.0621993293262253,9,523,bus_3549,275.0,-0.12796642116243676,1.0536492981037135,9,ac,509.99999999999994,-906,4002,-915,4345,"LINESTRING (-906 4002, -915 4345)"
bus_5092-bus_5095-i_line_5092_to_5095_2_cp,781,bus_5092,110.0,-0.1208783099782196,1.0291242850729507,15,525,bus_5095,110.0,-0.12373896079375657,1.028762437464582,15,ac,157.0,997,-6215,1111,-6098,"LINESTRING (997 -6215, 1111 -6098)"
bus_5089-bus_5095-i_line_5089_to_5095_1_cp,1156,bus_5089,110.0,-0.11739824660544532,1.029350912392254,15,525,bus_5095,110.0,-0.12373896079375657,1.028762437464582,15,ac,161.0,1146,-6037,1111,-6098,"LINESTRING (1146 -6037, 1111 -6098)"
bus_4174-bus_4200-i_line_4174_to_4200_1_cp,1770,bus_4174,132.0,0.9822013397097696,1.0421660518071552,12,530,bus_4200,132.0,0.9561517745102028,1.0445168767282307,12,ac,158.0,-2561,-1437,-2525,-1301,"LINESTRING (-2561 -1437, -2525 -1301)"
bus_5059-bus_5128-i_line_5059_to_5128_1_cp,432,bus_5059,110.0,-0.07137832225962654,1.0707207414411477,15,534,bus_5128,110.0,0.00723872775414968,1.0656922024435915,15,ac,215.0,1761,-5608,1903,-5666,"LINESTRING (1761 -5608, 1903 -5666)"
bus_1313-bus_1458-i_line_1313_to_1458_1_cp,1999,bus_1313,132.0,-0.29380187028408417,1.0393844214578887,2,540,bus_1458,132.0,-0.3017791203416584,1.037554727391866,2,ac,216.0,173,819,82,758,"LINESTRING (173 819, 82 758)"
bus_1308-bus_1395-i_line_1308_to_1395_1_cp,897,bus_1308,132.0,-0.19028501962548,1.0463820573338398,4,543,bus_1395,132.0,-0.1844006293298655,1.0437897320488903,4,ac,150.0,863,-2112,951,-2174,"LINESTRING (863 -2112, 951 -2174)"
bus_1139-bus_1395-i_line_1139_to_1395_1_cp,1877,bus_1139,132.0,-0.17168932518283503,1.045569616396981,4,543,bus_1395,132.0,-0.1844006293298655,1.0437897320488903,4,ac,136.0,1042,-2200,951,-2174,"LINESTRING (1042 -2200, 951 -2174)"
bus_1166-bus_1459-i_line_1166_to_1459_2_cp,1530,bus_1166,132.0,-0.15388649442783062,1.0096867938067169,3,546,bus_1459,132.0,-0.14668185764141642,0.9844887487467663,3,ac,314.0,1073,-728,1135,-792,"LINESTRING (1073 -728, 1135 -792)"
bus_1166-bus_1459-i_line_1166_to_1459_1_cp,1530,bus_1166,132.0,-0.15388649442783062,1.0096867938067169,3,546,bus_1459,132.0,-0.14668185764141642,0.9844887487467663,3,ac,306.0,1073,-728,1135,-792,"LINESTRING (1073 -728, 1135 -792)"
bus_3412-bus_3344-i_line_3412_to_3503_2_cp,456,bus_3412,110.0,-0.32999882394897945,1.051384631148032,11,548,bus_3344,110.0,-0.3291212630169192,1.0504636461538157,11,ac,202.0,-328,2956,-283,3067,"LINESTRING (-328 2956, -283 3067)"
bus_3471-bus_3344-i_line_3471_to_3503_1_cp,558,bus_3471,110.0,-0.3193729448613225,1.0571902657771548,11,548,bus_3344,110.0,-0.3291212630169192,1.0504636461538157,11,ac,138.0,-478,2930,-283,3067,"LINESTRING (-478 2930, -283 3067)"
bus_3302-bus_3344-i_line_3374_to_3503_1_cp,1011,bus_3302,110.0,-0.3425023707203655,1.0455652274023228,11,548,bus_3344,110.0,-0.3291212630169192,1.0504636461538157,11,ac,185.0,66,3102,-283,3067,"LINESTRING (66 3102, -283 3067)"
bus_3302-bus_3344-i_line_3374_to_3503_2_cp,1011,bus_3302,110.0,-0.3425023707203655,1.0455652274023228,11,548,bus_3344,110.0,-0.3291212630169192,1.0504636461538157,11,ac,193.0,66,3102,-283,3067,"LINESTRING (66 3102, -283 3067)"
bus_3411-bus_3344-i_line_3411_to_3503_1_cp,1243,bus_3411,110.0,-0.3298407167220202,1.0514236852243597,11,548,bus_3344,110.0,-0.3291212630169192,1.0504636461538157,11,ac,198.0,-327,2944,-283,3067,"LINESTRING (-327 2944, -283 3067)"
bus_3357-bus_3344-i_line_3357_to_3503_1_cp,1977,bus_3357,110.0,-0.3357729165154154,1.0473791179011127,11,548,bus_3344,110.0,-0.3291212630169192,1.0504636461538157,11,ac,177.0,-274,3142,-283,3067,"LINESTRING (-274 3142, -283 3067)"
bus_3357-bus_3344-i_line_3357_to_3503_2_cp,1977,bus_3357,110.0,-0.3357729165154154,1.0473791179011127,11,548,bus_3344,110.0,-0.3291212630169192,1.0504636461538157,11,ac,184.0,-274,3142,-283,3067,"LINESTRING (-274 3142, -283 3067)"
bus_1595-bus_1598-i_line_1595_to_1598_1_cp,242,bus_1595,66.0,-0.10543092503265653,1.032639388032671,1,552,bus_1598,66.0,-0.10320016958032806,1.0359321365578016,1,ac,65.0,2865,2748,2909,2742,"LINESTRING (2865 2748, 2909 2742)"
bus_3222-bus_3226-i_line_3222_to_3226_1_cp,953,bus_3222,110.0,-0.2916332428323532,1.0551235237180616,11,557,bus_3226,110.0,-0.29370597039449214,1.0533543736780457,11,ac,128.0,-945,3336,-1030,3422,"LINESTRING (-945 3336, -1030 3422)"
bus_3163-bus_3471-i_line_3163_to_3471_1_cp,168,bus_3163,110.0,-0.34499324436588796,1.0397419610250982,11,558,bus_3471,110.0,-0.3193729448613225,1.0571902657771548,11,ac,115.99999999999999,-544,2719,-478,2930,"LINESTRING (-544 2719, -478 2930)"
bus_3412-bus_3471-i_line_3412_to_3471_2_cp,456,bus_3412,110.0,-0.32999882394897945,1.051384631148032,11,558,bus_3471,110.0,-0.3193729448613225,1.0571902657771548,11,ac,214.0,-328,2956,-478,2930,"LINESTRING (-328 2956, -478 2930)"
bus_3048-bus_3471-i_line_3048_to_3471_1_cp,721,bus_3048,110.0,-0.3238866979276004,1.0509966548871377,11,558,bus_3471,110.0,-0.3193729448613225,1.0571902657771548,11,ac,133.0,-553,3019,-478,2930,"LINESTRING (-553 3019, -478 2930)"
bus_3338-bus_3471-i_line_3338_to_3471_2_cp,1080,bus_3338,110.0,-0.33948755912561607,1.0502873154873043,11,558,bus_3471,110.0,-0.3193729448613225,1.0571902657771548,11,ac,169.0,-434,2896,-478,2930,"LINESTRING (-434 2896, -478 2930)"
bus_3229-bus_3471-i_line_3229_to_3471_1_cp,1128,bus_3229,110.0,-0.3200582001961344,1.0483283673645178,11,558,bus_3471,110.0,-0.3193729448613225,1.0571902657771548,11,ac,129.0,-635,3096,-478,2930,"LINESTRING (-635 3096, -478 2930)"
bus_3411-bus_3471-i_line_3411_to_3471_1_cp,1243,bus_3411,110.0,-0.3298407167220202,1.0514236852243597,11,558,bus_3471,110.0,-0.3193729448613225,1.0571902657771548,11,ac,215.0,-327,2944,-478,2930,"LINESTRING (-327 2944, -478 2930)"
bus_3557-bus_3558-i_line_3557_to_3558_1_cp,824,bus_3557,275.0,-0.011566411980788739,1.080536881133045,9,563,bus_3558,275.0,-0.20035251095205087,1.0556265742422064,9,ac,550.0,-833,5026,-869,5466,"LINESTRING (-833 5026, -869 5466)"
bus_2005-bus_2007-i_line_2005_to_2007_1_cp,1980,bus_2005,33.0,-0.1646578135579721,1.0670216321461563,6,571,bus_2007,33.0,-0.1497818459783579,1.02916,6,ac,96.2999928279374,172,-4271,169,-4378,"LINESTRING (172 -4271, 169 -4378)"
bus_3039-bus_3060-i_line_3039_to_3060_1_cp,1843,bus_3039,132.0,-0.02423993296577893,1.0760767459313103,9,573,bus_3060,132.0,-0.11086162282300452,1.0653552519080292,9,ac,170.0,43,4965,11,5168,"LINESTRING (43 4965, 11 5168)"
bus_3054-bus_3060-i_line_3054_to_3060_1_cp,1884,bus_3054,132.0,-0.10612942884247185,1.0626043519910244,9,573,bus_3060,132.0,-0.11086162282300452,1.0653552519080292,9,ac,118.0,120,5207,11,5168,"LINESTRING (120 5207, 11 5168)"
bus_4364-bus_4365-i_line_4364_to_4365_1_pi,1931,bus_4364,33.0,0.965277736443601,1.046617076154768,12,574,bus_4365,33.0,0.946932820695176,1.040380108996351,12,ac,37.0,-2734,-1292,-2798,-1260,"LINESTRING (-2734 -1292, -2798 -1260)"
bus_4165-bus_4223-i_line_4165_to_4223_2_cp,176,bus_4165,132.0,0.9939627657256718,1.0169359113512018,12,577,bus_4223,132.0,0.9939545028771918,1.0169805438048474,12,ac,214.0,-3288,-1647,-3363,-1658,"LINESTRING (-3288 -1647, -3363 -1658)"
bus_3441-bus_3405-i_line_3441_to_3473_2_cp,730,bus_3441,110.0,-0.33889257841735004,1.048195753738958,11,579,bus_3405,110.0,-0.3272450090309336,1.0524984582939232,11,ac,162.0,-1443,2173,-1302,2259,"LINESTRING (-1443 2173, -1302 2259)"
bus_3441-bus_3405-i_line_3441_to_3473_1_cp,730,bus_3441,110.0,-0.33889257841735004,1.048195753738958,11,579,bus_3405,110.0,-0.3272450090309336,1.0524984582939232,11,ac,156.0,-1443,2173,-1302,2259,"LINESTRING (-1443 2173, -1302 2259)"
bus_3404-bus_3405-i_line_3404_to_3473_2_cp,799,bus_3404,110.0,-0.32756088750390355,1.05236308766553,11,579,bus_3405,110.0,-0.3272450090309336,1.0524984582939232,11,ac,151.0,-1277,2249,-1302,2259,"LINESTRING (-1277 2249, -1302 2259)"
bus_1218-bus_3405-i_line_1218_to_3473_2_cp,876,bus_1218,110.0,-0.32213799854352465,1.0494523263951645,1,579,bus_3405,110.0,-0.3272450090309336,1.0524984582939232,11,ac,114.99999999999999,-52,1424,-1302,2259,"LINESTRING (-52 1424, -1302 2259)"
bus_1218-bus_3405-i_line_1218_to_3473_1_cp,876,bus_1218,110.0,-0.32213799854352465,1.0494523263951645,1,579,bus_3405,110.0,-0.3272450090309336,1.0524984582939232,11,ac,112.00000000000001,-52,1424,-1302,2259,"LINESTRING (-52 1424, -1302 2259)"
bus_3123-bus_3405-i_line_3123_to_3473_1_cp,935,bus_3123,110.0,-0.3315990081514967,1.0493976185367506,11,579,bus_3405,110.0,-0.3272450090309336,1.0524984582939232,11,ac,189.0,-1272,2398,-1302,2259,"LINESTRING (-1272 2398, -1302 2259)"
bus_3177-bus_3405-i_line_3177_to_3473_1_cp,1057,bus_3177,110.0,-0.3305680529366865,1.0506755327962163,11,579,bus_3405,110.0,-0.3272450090309336,1.0524984582939232,11,ac,185.0,-1249,2385,-1302,2259,"LINESTRING (-1249 2385, -1302 2259)"
bus_3325-bus_3405-i_line_3325_to_3473_1_cp,1090,bus_3325,110.0,-0.33249346845919037,1.0494883364473486,11,579,bus_3405,110.0,-0.3272450090309336,1.0524984582939232,11,ac,142.0,-1305,2188,-1302,2259,"LINESTRING (-1305 2188, -1302 2259)"
bus_3324-bus_3405-i_line_3324_to_3473_2_cp,1502,bus_3324,110.0,-0.33194109574776665,1.049288308891645,11,579,bus_3405,110.0,-0.3272450090309336,1.0524984582939232,11,ac,143.0,-1281,2170,-1302,2259,"LINESTRING (-1281 2170, -1302 2259)"
bus_5114-bus_5118-i_line_5114_to_5118_6_cp,701,bus_5114,110.0,-0.12603057958236819,1.031161841620135,15,580,bus_5118,110.0,-0.13911724179575854,1.032130050107164,15,ac,149.0,1075,-5837,1112,-5788,"LINESTRING (1075 -5837, 1112 -5788)"
bus_5116-bus_5118-i_line_5116_to_5118_3_cp,1366,bus_5116,110.0,-0.07753256426510376,1.0429853172893198,15,580,bus_5118,110.0,-0.13911724179575854,1.032130050107164,15,ac,152.0,1193,-5956,1112,-5788,"LINESTRING (1193 -5956, 1112 -5788)"
bus_1206-bus_1365-i_line_1206_to_1646_1_cp_merged_with_line_1365_to_1646_1_pi,1393,bus_1206,132.0,-0.05726013330064809,1.091969904926538,4,584,bus_1365,132.0,-0.05737207266147681,1.0923210251514859,4,ac,147.0,867,-1329,816,-1464,"LINESTRING (867 -1329, 816 -1464)"
bus_4266-bus_4270-i_line_4266_to_4270_1_cp,6,bus_4266,66.0,1.005219776076628,1.0202665614864552,14,586,bus_4270,66.0,1.0039333970201443,1.0188917424659414,14,ac,55.00000000000001,-2234,-3018,-2297,-3132,"LINESTRING (-2234 -3018, -2297 -3132)"
bus_3340-bus_3635-i_line_3340_to_3635_1_cp,80,bus_3340,110.0,-0.35285150197389575,1.0345568331003645,11,588,bus_3635,110.0,-0.35305324659927967,1.0329672757990476,11,ac,108.0,-843,2502,-687,2591,"LINESTRING (-843 2502, -687 2591)"
bus_3163-bus_3635-i_line_3163_to_3635_1_cp,168,bus_3163,110.0,-0.34499324436588796,1.0397419610250982,11,588,bus_3635,110.0,-0.35305324659927967,1.0329672757990476,11,ac,103.0,-544,2719,-687,2591,"LINESTRING (-544 2719, -687 2591)"
bus_3279-bus_3280-i_line_3279_to_3280_1_cp,605,bus_3279,132.0,-0.06288611335256204,0.94245,9,591,bus_3280,132.0,-0.06951324920797174,1.06298,9,ac,142.0,569,4242,631,4333,"LINESTRING (569 4242, 631 4333)"
bus_3279-bus_3280-i_line_3279_to_3280_2_cp,605,bus_3279,132.0,-0.06288611335256204,0.94245,9,591,bus_3280,132.0,-0.06951324920797174,1.06298,9,ac,141.0,569,4242,631,4333,"LINESTRING (569 4242, 631 4333)"
bus_2105-bus_2125-i_connection V6,535,bus_2105,220.0,-0.3216407682288247,1.0446811005842624,6,600,bus_2125,220.0,-0.29284412679544114,1.050101011763338,6,ac,1520.0,264,-3628,504,-3172,"LINESTRING (264 -3628, 504 -3172)"
bus_2108-bus_2125-i_line_2108_to_2125_1_cp,1109,bus_2108,220.0,-0.30855637461874924,1.0532988022902285,6,600,bus_2125,220.0,-0.29284412679544114,1.050101011763338,6,ac,378.0,380,-3402,504,-3172,"LINESTRING (380 -3402, 504 -3172)"
bus_3278-bus_3279-i_line_3278_to_3279_2_cp,1681,bus_3278,132.0,-0.05031800438703237,1.0709646480259616,9,605,bus_3279,132.0,-0.06288611335256204,0.94245,9,ac,198.0,485,4116,569,4242,"LINESTRING (485 4116, 569 4242)"
bus_3278-bus_3279-i_line_3278_to_3279_1_cp,1681,bus_3278,132.0,-0.05031800438703237,1.0709646480259616,9,605,bus_3279,132.0,-0.06288611335256204,0.94245,9,ac,202.0,485,4116,569,4242,"LINESTRING (485 4116, 569 4242)"
bus_4183-bus_4188-i_line_4183_to_4188_1_cp,1000,bus_4183,132.0,0.98697856720662,1.038400619418652,12,607,bus_4188,132.0,0.9869403536030001,1.0385336766945379,12,ac,162.0,-2652,-1307,-2750,-1191,"LINESTRING (-2652 -1307, -2750 -1191)"
bus_3005-bus_3006-i_line_3005_to_3006_1_cp,254,bus_3005,66.0,-0.4436951692917139,1.0556492370173847,8,610,bus_3006,66.0,-0.5028491391315499,1.0464625769572855,8,ac,34.0,-1475,6850,-1458,6865,"LINESTRING (-1475 6850, -1458 6865)"
bus_3004-bus_3006-i_line_3004_to_3006_1_cp,594,bus_3004,66.0,-0.4410670668881325,1.060499716266935,8,610,bus_3006,66.0,-0.5028491391315499,1.0464625769572855,8,ac,46.0,-1417,6783,-1458,6865,"LINESTRING (-1417 6783, -1458 6865)"
bus_2104-bus_2146-i_line_2112_to_2146_1_cp,301,bus_2104,220.0,-0.4112014699263982,1.0337475532007514,6,614,bus_2146,220.0,-0.408047643810458,1.038004369321867,6,ac,553.0,449,-4098,464,-3836,"LINESTRING (449 -4098, 464 -3836)"
bus_2104-bus_2146-i_line_2104_to_2146_1_cp,301,bus_2104,220.0,-0.4112014699263982,1.0337475532007514,6,614,bus_2146,220.0,-0.408047643810458,1.038004369321867,6,ac,534.0,449,-4098,464,-3836,"LINESTRING (449 -4098, 464 -3836)"
bus_2128-bus_2146-i_line_2128_to_2146_2_cp,1413,bus_2128,220.0,-0.35809998044972546,1.0389217956445833,6,614,bus_2146,220.0,-0.408047643810458,1.038004369321867,6,ac,373.0,340,-3787,464,-3836,"LINESTRING (340 -3787, 464 -3836)"
bus_2128-bus_2146-i_line_2128_to_2146_1_cp,1413,bus_2128,220.0,-0.35809998044972546,1.0389217956445833,6,614,bus_2146,220.0,-0.408047643810458,1.038004369321867,6,ac,372.0,340,-3787,464,-3836,"LINESTRING (340 -3787, 464 -3836)"
bus_3129-bus_3342-i_line_3129_to_3342_1_cp,1731,bus_3129,110.0,-0.2141572728076059,1.01925279445709,11,615,bus_3342,110.0,-0.1697520471521806,1.0215713576375256,11,ac,98.0,-1207,3092,-1138,3004,"LINESTRING (-1207 3092, -1138 3004)"
bus_3056-bus_3342-i_line_3056_to_3342_1_cp,1961,bus_3056,110.0,-0.11623264070174388,1.035337764804086,11,615,bus_3342,110.0,-0.1697520471521806,1.0215713576375256,11,ac,100.0,-996,2948,-1138,3004,"LINESTRING (-996 2948, -1138 3004)"
bus_1128-bus_1246-i_line_1128_to_1246_2_cp,1564,bus_1128,132.0,-0.36042232810809177,1.0504383885764212,2,617,bus_1246,132.0,-0.3595026209900812,1.0506324777000964,2,ac,124.0,396,-547,459,-475,"LINESTRING (396 -547, 459 -475)"
bus_3039-bus_3218-i_line_3039_to_3218_1_cp,1843,bus_3039,132.0,-0.02423993296577893,1.0760767459313103,9,619,bus_3218,132.0,-0.02556152309451223,1.0808724987364893,9,ac,162.0,43,4965,125,5009,"LINESTRING (43 4965, 125 5009)"
bus_4206-bus_4207-i_line_4206_to_4207_1_cp,857,bus_4206,132.0,0.9070490963692684,1.0092456165308783,13,621,bus_4207,132.0,0.8811440058161899,0.9933016359664677,13,ac,149.0,-1840,-1583,-1727,-1560,"LINESTRING (-1840 -1583, -1727 -1560)"
bus_2242-bus_2254-i_line_2242_to_2254_1_cp,808,bus_2242,66.0,-0.1575868185845766,1.0684372213415887,7,622,bus_2254,66.0,-0.06971789026985975,1.076254230940898,7,ac,83.0,1398,-4306,1442,-4399,"LINESTRING (1398 -4306, 1442 -4399)"
bus_2245-bus_2254-i_line_2245_to_2254_2_cp,1868,bus_2245,66.0,0.05348094476530406,1.100000009759768,7,622,bus_2254,66.0,-0.06971789026985975,1.076254230940898,7,ac,84.0,1479,-4485,1442,-4399,"LINESTRING (1479 -4485, 1442 -4399)"
bus_4201-bus_4202-i_line_4201_to_4202_2_cp,1915,bus_4201,132.0,0.9366832727464479,1.0141206845889825,13,623,bus_4202,132.0,0.9121406932842294,1.0039651925975015,13,ac,206.99999999999997,-1634,-2146,-1611,-2026,"LINESTRING (-1634 -2146, -1611 -2026)"
bus_1199-bus_1497-i_line_1199_to_1497_1_cp,582,bus_1199,132.0,-0.08185872569532102,1.0723766136022048,4,626,bus_1497,132.0,-0.13957674762054792,1.0833255589876285,4,ac,144.0,944,-1807,889,-1977,"LINESTRING (944 -1807, 889 -1977)"
bus_1168-bus_1497-i_line_1168_to_1497_1_cp,1700,bus_1168,132.0,-0.1193482899659572,1.100000009995269,4,626,bus_1497,132.0,-0.13957674762054792,1.0833255589876285,4,ac,197.0,887,-2086,889,-1977,"LINESTRING (887 -2086, 889 -1977)"
bus_1480-bus_1497-i_line_1480_to_1497_1_cp,1835,bus_1480,132.0,-0.08816285729835258,1.0655397428790028,4,626,bus_1497,132.0,-0.13957674762054792,1.0833255589876285,4,ac,145.0,858,-1966,889,-1977,"LINESTRING (858 -1966, 889 -1977)"
bus_1317-bus_1497-i_line_1317_to_1497_1_cp,1939,bus_1317,132.0,-0.16753203017844573,1.0803731424613823,4,626,bus_1497,132.0,-0.13957674762054792,1.0833255589876285,4,ac,143.0,816,-2090,889,-1977,"LINESTRING (816 -2090, 889 -1977)"
bus_1178-bus_1467-i_line_1425_to_1467_1_cp,1738,bus_1178,132.0,-0.303756665935689,1.048723837273413,2,632,bus_1467,132.0,-0.3064737765711926,1.0489002548275752,2,ac,189.0,524,-60,430,146,"LINESTRING (524 -60, 430 146)"
bus_1224-bus_1467-i_line_1224_to_1467_1_cp,1768,bus_1224,132.0,-0.31073137190486444,1.0491895923002144,2,632,bus_1467,132.0,-0.3064737765711926,1.0489002548275752,2,ac,182.0,515,156,430,146,"LINESTRING (515 156, 430 146)"
bus_2122-bus_2107-i_line_2122_to_2148_1_cp,1747,bus_2122,220.0,-0.2625138787145463,1.0332599932298012,6,634,bus_2107,220.0,-0.05931959505358338,1.07761803927027,6,ac,376.0,829,-3277,955,-3011,"LINESTRING (829 -3277, 955 -3011)"
bus_2122-bus_2107-i_line_2122_to_2148_2_cp,1747,bus_2122,220.0,-0.2625138787145463,1.0332599932298012,6,634,bus_2107,220.0,-0.05931959505358338,1.07761803927027,6,ac,371.0,829,-3277,955,-3011,"LINESTRING (829 -3277, 955 -3011)"
bus_2120-bus_2107-i_line_2120_to_2148_1_cp,1934,bus_2120,220.0,-0.10800405678141652,1.0732927597962678,6,634,bus_2107,220.0,-0.05931959505358338,1.07761803927027,6,ac,384.0,735,-2765,955,-3011,"LINESTRING (735 -2765, 955 -3011)"
bus_2120-bus_2107-i_line_2120_to_2148_2_cp,1934,bus_2120,220.0,-0.10800405678141652,1.0732927597962678,6,634,bus_2107,220.0,-0.05931959505358338,1.07761803927027,6,ac,378.0,735,-2765,955,-3011,"LINESTRING (735 -2765, 955 -3011)"
bus_3034-bus_3476-i_line_3034_to_3476_1_cp,724,bus_3034,132.0,-0.19807504353895483,1.0592614395269242,9,635,bus_3476,132.0,-0.1496013828226532,1.072590003113824,9,ac,177.0,-1239,4414,-1090,4415,"LINESTRING (-1239 4414, -1090 4415)"
bus_3034-bus_3476-i_line_3034_to_3476_2_cp,724,bus_3034,132.0,-0.19807504353895483,1.0592614395269242,9,635,bus_3476,132.0,-0.1496013828226532,1.072590003113824,9,ac,173.0,-1239,4414,-1090,4415,"LINESTRING (-1239 4414, -1090 4415)"
bus_3543-bus_3568-i_line_3543_to_3568_1_cp,139,bus_3543,275.0,-0.21755697394688514,1.063932517287146,11,636,bus_3568,275.0,0.0032642236330225204,1.0859697702374804,11,ac,689.0,-685,3675,-335,3514,"LINESTRING (-685 3675, -335 3514)"
bus_3560-bus_3568-i_line_3560_to_3568_2_cp,995,bus_3560,275.0,-0.17499869710401758,1.0536492981037135,11,636,bus_3568,275.0,0.0032642236330225204,1.0859697702374804,11,ac,724.0,-587,3475,-335,3514,"LINESTRING (-587 3475, -335 3514)"
bus_3560-bus_3568-i_line_3560_to_3568_1_cp,995,bus_3560,275.0,-0.17499869710401758,1.0536492981037135,11,636,bus_3568,275.0,0.0032642236330225204,1.0859697702374804,11,ac,726.0,-587,3475,-335,3514,"LINESTRING (-587 3475, -335 3514)"
bus_3490-bus_3568-i_line_3490_to_3568_1_cp,1056,bus_3490,275.0,-0.06931740289935495,1.0636915724750553,11,636,bus_3568,275.0,0.0032642236330225204,1.0859697702374804,11,ac,550.0,-422,3036,-335,3514,"LINESTRING (-422 3036, -335 3514)"
bus_1334-bus_1444-i_line_1334_to_1444_2_cp,1235,bus_1334,132.0,-0.2003320651590597,1.0559928471673572,1,643,bus_1444,132.0,-0.23945670065615668,1.0414293770050043,1,ac,146.0,1976,2090,1814,1949,"LINESTRING (1976 2090, 1814 1949)"
bus_1334-bus_1444-i_line_1334_to_1444_1_cp,1235,bus_1334,132.0,-0.2003320651590597,1.0559928471673572,1,643,bus_1444,132.0,-0.23945670065615668,1.0414293770050043,1,ac,149.0,1976,2090,1814,1949,"LINESTRING (1976 2090, 1814 1949)"
bus_1351-bus_1444-i_line_1363_to_1444_1_cp,1756,bus_1351,132.0,-0.2533342867839173,1.0399210650760342,1,643,bus_1444,132.0,-0.23945670065615668,1.0414293770050043,1,ac,142.0,1714,1868,1814,1949,"LINESTRING (1714 1868, 1814 1949)"
bus_5055-bus_5050-i_line_5055_to_5056_1_cp,1209,bus_5055,110.0,-0.09784915365061406,1.062810168315004,15,646,bus_5050,110.0,-0.09625036557151075,1.0644790909754962,15,ac,85.0,584,-5883,765,-5745,"LINESTRING (584 -5883, 765 -5745)"
bus_5052-bus_5050-i_line_5052_to_5056_1_cp,1277,bus_5052,110.0,-0.09344321114669588,1.064082225779875,15,646,bus_5050,110.0,-0.09625036557151075,1.0644790909754962,15,ac,218.00000000000003,522,-5879,765,-5745,"LINESTRING (522 -5879, 765 -5745)"
bus_1255-bus_1449-i_line_1165_to_1449_1_cp,1265,bus_1255,132.0,-0.06259535028869284,1.0568131467813322,4,647,bus_1449,132.0,-0.09740523073557951,1.0446460304437917,4,ac,166.0,1977,-1315,1861,-1281,"LINESTRING (1977 -1315, 1861 -1281)"
bus_1255-bus_1449-i_line_1165_to_1449_2_cp,1265,bus_1255,132.0,-0.06259535028869284,1.0568131467813322,4,647,bus_1449,132.0,-0.09740523073557951,1.0446460304437917,4,ac,163.0,1977,-1315,1861,-1281,"LINESTRING (1977 -1315, 1861 -1281)"
bus_3000-bus_3232-i_line_3061_to_3232_1_cp,135,bus_3000,132.0,-0.19441404267018805,1.0406642897458762,9,653,bus_3232,132.0,-0.21787913024412298,1.0419122614737608,9,ac,173.0,-172,5490,-117,5514,"LINESTRING (-172 5490, -117 5514)"
bus_2105-bus_2106-i_connection V2,535,bus_2105,220.0,-0.3216407682288247,1.0446811005842624,6,654,bus_2106,220.0,-0.21552359040263752,1.0658374554325856,5,ac,1520.0,264,-3628,146,-3531,"LINESTRING (264 -3628, 146 -3531)"
bus_1375-bus_1400-i_line_1375_to_1400_1_cp,385,bus_1375,132.0,-0.2152160542018116,1.0515051876554455,2,655,bus_1400,132.0,-0.2060262600862803,1.0543865447246685,2,ac,154.0,112,-493,194,-324,"LINESTRING (112 -493, 194 -324)"
bus_1205-bus_1400-i_line_1205_to_1485_1_cp_merged_with_line_1400_to_1485_1_cp,1971,bus_1205,132.0,-0.15197677827898076,1.071966265280852,2,655,bus_1400,132.0,-0.2060262600862803,1.0543865447246685,2,ac,122.0,141,-289,194,-324,"LINESTRING (141 -289, 194 -324)"
bus_1136-bus_2139-i_line_1136_to_2139_1_cp,1451,bus_1136,132.0,0.206001382612786,1.06298,4,657,bus_2139,132.0,0.20590625143977495,1.092728662732128,4,ac,143.0,2127,-1817,1136,-1803,"LINESTRING (2127 -1817, 1136 -1803)"
bus_1350-bus_1169-i_line_1350_to_1368_1_cp_merged_with_line_1352_to_1368_2_cp,1483,bus_1350,132.0,-0.34567505600414683,1.0503509092011698,3,665,bus_1169,132.0,-0.34474168067526656,1.0509756737161298,3,ac,145.0,1684,-523,1269,-521,"LINESTRING (1684 -523, 1269 -521)"
bus_4158-bus_4160-i_line_4158_to_4160_1_cp,1869,bus_4158,132.0,1.0089290499721797,1.0103992559819344,12,670,bus_4160,132.0,1.0710217853035924,1.004748376242553,12,ac,174.0,-3496,-1689,-3689,-1737,"LINESTRING (-3496 -1689, -3689 -1737)"
bus_1169-bus_1221-i_line_1169_to_1221_1_cp,665,bus_1169,132.0,-0.34474168067526656,1.0509756737161298,3,672,bus_1221,132.0,-0.34507022496036965,1.0537315637342075,3,ac,280.0,1269,-521,1237,-445,"LINESTRING (1269 -521, 1237 -445)"
bus_4303-bus_4305-i_line_4303_to_4305_1_cp,470,bus_4303,66.0,0.9712713875080043,1.0438544945930532,14,673,bus_4305,66.0,0.9695111554918588,1.041995795982672,14,ac,60.0,-1601,-3239,-1601,-3380,"LINESTRING (-1601 -3239, -1601 -3380)"
bus_2105-bus_2176-i_line_2105_to_2176_1_cp,535,bus_2105,220.0,-0.3216407682288247,1.0446811005842624,6,680,bus_2176,220.0,-0.34825902546632137,1.0215965530292193,6,ac,321.0,264,-3628,204,-3789,"LINESTRING (264 -3628, 204 -3789)"
bus_2128-bus_2176-i_line_2154_to_2176_1_cp,1413,bus_2128,220.0,-0.35809998044972546,1.0389217956445833,6,680,bus_2176,220.0,-0.34825902546632137,1.0215965530292193,6,ac,397.0,340,-3787,204,-3789,"LINESTRING (340 -3787, 204 -3789)"
bus_5119-bus_5123-i_line_5119_to_5123_1_cp,262,bus_5119,110.0,-0.18661942015784996,1.017017398459917,15,681,bus_5123,110.0,-0.18646751043521995,1.016933555105883,15,ac,171.0,1073,-5646,1287,-5684,"LINESTRING (1073 -5646, 1287 -5684)"
bus_5119-bus_5123-i_line_5119_to_5123_2_cp,262,bus_5119,110.0,-0.18661942015784996,1.017017398459917,15,681,bus_5123,110.0,-0.18646751043521995,1.016933555105883,15,ac,174.0,1073,-5646,1287,-5684,"LINESTRING (1073 -5646, 1287 -5684)"
bus_5074-bus_5123-i_line_5074_to_5123_1_cp,1409,bus_5074,110.0,-0.17911026654029166,1.0179666181837457,15,681,bus_5123,110.0,-0.18646751043521995,1.016933555105883,15,ac,135.0,1372,-5727,1287,-5684,"LINESTRING (1372 -5727, 1287 -5684)"
bus_5073-bus_5123-i_line_5073_to_5123_1_cp,1652,bus_5073,110.0,-0.1770709305525068,1.0187226346006408,15,681,bus_5123,110.0,-0.18646751043521995,1.016933555105883,15,ac,138.0,1449,-5728,1287,-5684,"LINESTRING (1449 -5728, 1287 -5684)"
bus_3275-bus_3432-i_line_3275_to_3510_1_cp,425,bus_3275,132.0,-0.03502799600403192,1.03024,8,685,bus_3432,132.0,-0.037394395501141,1.0455877380942258,8,ac,143.0,-1166,5437,-1221,5429,"LINESTRING (-1166 5437, -1221 5429)"
bus_3152-bus_3432-i_line_3152_to_3510_1_cp,1063,bus_3152,132.0,-0.043206531376915755,1.0547698686532176,8,685,bus_3432,132.0,-0.037394395501141,1.0455877380942258,8,ac,118.0,-1185,5417,-1221,5429,"LINESTRING (-1185 5417, -1221 5429)"
bus_3482-bus_3432-i_line_3482_to_3510_1_cp,1761,bus_3482,132.0,-0.03992991585420854,1.0533398588730423,8,685,bus_3432,132.0,-0.037394395501141,1.0455877380942258,8,ac,120.0,-982,5236,-1221,5429,"LINESTRING (-982 5236, -1221 5429)"
bus_3584-bus_3596-i_line_3584_to_3596_1_cp,1012,bus_3584,275.0,-0.441972297324485,1.0536492981037135,8,687,bus_3596,275.0,-0.47816400997656516,1.0393188458993816,8,ac,538.0,-1503,6658,-1553,6892,"LINESTRING (-1503 6658, -1553 6892)"
bus_1219-bus_1282-i_line_1220_to_1471_1_cp_merged_with_line_1279_to_1282_2_pi_merged_with_line_1279_to_1471_1_cp,870,bus_1219,132.0,-0.33354583489913836,1.0496689075354961,3,690,bus_1282,132.0,-0.36003538525741496,1.0496754662616752,3,ac,867.0,1322,-618,989,-639,"LINESTRING (1322 -618, 989 -639)"
bus_4319-bus_4322-i_line_4319_to_4322_1_cp,511,bus_4319,66.0,0.9757673385505338,1.0582325137790083,13,693,bus_4322,66.0,0.9751432953758175,1.0583316389085877,13,ac,52.0,-1827,-2251,-1850,-2218,"LINESTRING (-1827 -2251, -1850 -2218)"
bus_1204-bus_1293-i_line_1204_to_1293_2_cp,106,bus_1204,132.0,-0.057252352624369604,1.0614524017422307,4,699,bus_1293,132.0,-0.026124031709639076,1.0748945987065717,4,ac,194.0,2049,-1463,2279,-1561,"LINESTRING (2049 -1463, 2279 -1561)"
bus_1204-bus_1293-i_line_1204_to_1293_1_cp,106,bus_1204,132.0,-0.057252352624369604,1.0614524017422307,4,699,bus_1293,132.0,-0.026124031709639076,1.0748945987065717,4,ac,202.0,2049,-1463,2279,-1561,"LINESTRING (2049 -1463, 2279 -1561)"
bus_1208-bus_1293-i_line_1208_to_1293_1_cp,302,bus_1208,132.0,-0.01917404961694093,1.077585753701982,4,699,bus_1293,132.0,-0.026124031709639076,1.0748945987065717,4,ac,143.0,2398,-1573,2279,-1561,"LINESTRING (2398 -1573, 2279 -1561)"
bus_1108-bus_1293-i_line_1108_to_1293_1_cp,1278,bus_1108,132.0,0.015550008852556987,1.0829219090428799,4,699,bus_1293,132.0,-0.026124031709639076,1.0748945987065717,4,ac,151.0,2426,-1595,2279,-1561,"LINESTRING (2426 -1595, 2279 -1561)"
bus_5149-bus_5169-i_line_5149_to_5169_1_cp,1137,bus_5149,220.0,-0.1714518391601471,1.0764297233015838,15,702,bus_5169,220.0,-0.15290180236697345,1.06407088421318,15,ac,331.0,1155,-5495,1051,-5654,"LINESTRING (1155 -5495, 1051 -5654)"
bus_5168-bus_5169-i_line_5168_to_5169_2_cp,1517,bus_5168,220.0,-0.11772116955777844,1.0607537713963928,15,702,bus_5169,220.0,-0.15290180236697345,1.06407088421318,15,ac,461.00000000000006,971,-5848,1051,-5654,"LINESTRING (971 -5848, 1051 -5654)"
bus_5168-bus_5169-i_line_5168_to_5169_1_cp,1517,bus_5168,220.0,-0.11772116955777844,1.0607537713963928,15,702,bus_5169,220.0,-0.15290180236697345,1.06407088421318,15,ac,455.99999999999994,971,-5848,1051,-5654,"LINESTRING (971 -5848, 1051 -5654)"
bus_4254-bus_4255-i_line_4254_to_4256_1_cp,1967,bus_4254,66.0,1.0267476421156634,1.0013946495626023,14,704,bus_4255,66.0,1.0180503299379293,1.0035015154586548,14,ac,119.0,-2249,-3731,-2167,-3336,"LINESTRING (-2249 -3731, -2167 -3336)"
bus_1458-bus_1468-i_line_1458_to_1468_1_cp,540,bus_1458,132.0,-0.3017791203416584,1.037554727391866,2,705,bus_1468,132.0,-0.33052850368379105,1.0351637926171948,2,ac,191.0,82,758,118,641,"LINESTRING (82 758, 118 641)"
bus_1187-bus_1468-i_line_1187_to_1468_1_cp,766,bus_1187,132.0,-0.33054102368234434,1.035242037829874,2,705,bus_1468,132.0,-0.33052850368379105,1.0351637926171948,2,ac,231.0,37,680,118,641,"LINESTRING (37 680, 118 641)"
bus_1185-bus_1468-i_line_1185_to_1468_1_cp,1186,bus_1185,132.0,-0.3394524116620083,1.034736453955164,2,705,bus_1468,132.0,-0.33052850368379105,1.0351637926171948,2,ac,244.0,238,527,118,641,"LINESTRING (238 527, 118 641)"
bus_1285-bus_1474-i_line_1285_to_1474_1_cp,796,bus_1285,132.0,-0.07431404266482348,1.0124582562962703,1,706,bus_1474,132.0,-0.06839176616397363,1.0420275560712329,1,ac,144.0,2296,2442,2182,2350,"LINESTRING (2296 2442, 2182 2350)"
bus_1312-bus_1474-i_line_1312_to_1474_1_cp,1306,bus_1312,132.0,-0.059216821242692334,1.0576657920515482,1,706,bus_1474,132.0,-0.06839176616397363,1.0420275560712329,1,ac,144.0,2044,2249,2182,2350,"LINESTRING (2044 2249, 2182 2350)"
bus_2006-bus_2008-i_line_2006_to_2008_2_cp,1287,bus_2006,33.0,-0.16119031585952912,1.0651282151633477,6,708,bus_2008,33.0,-0.1411401083014581,1.03021,6,ac,107.78217457156455,159,-4273,148,-4380,"LINESTRING (159 -4273, 148 -4380)"
bus_1100-bus_1115-i_line_1100_to_1115_1_cp,1513,bus_1100,330.0,0.05227586015460014,1.0513100880147348,2,712,bus_1115,330.0,0.048288859549572134,1.0494051462123728,2,ac,756.0,910,619,1161,1128,"LINESTRING (910 619, 1161 1128)"
bus_1100-bus_1115-i_line_1100_to_1115_2_cp,1513,bus_1100,330.0,0.05227586015460014,1.0513100880147348,2,712,bus_1115,330.0,0.048288859549572134,1.0494051462123728,2,ac,753.0,910,619,1161,1128,"LINESTRING (910 619, 1161 1128)"
bus_3002-bus_3164-i_line_3063_to_3164_1_cp,1547,bus_3002,132.0,-0.30299812811186555,1.0536492981037135,8,713,bus_3164,132.0,-0.3030224618769323,1.028593473775604,8,ac,118.0,-1218,5893,-1247,5882,"LINESTRING (-1218 5893, -1247 5882)"
bus_4196-bus_4197-i_line_4196_to_4197_1_cp,394,bus_4196,132.0,0.9497068447464618,1.053223375588173,12,715,bus_4197,132.0,0.9568911712406211,1.0563080960677163,12,ac,131.0,-2527,-1019,-2609,-831,"LINESTRING (-2527 -1019, -2609 -831)"
bus_1136-bus_1238-i_line_1136_to_1238_1_cp,1451,bus_1136,132.0,0.206001382612786,1.06298,4,719,bus_1238,132.0,0.17299246243765617,1.0699856073119436,4,ac,125.0,2127,-1817,1931,-1833,"LINESTRING (2127 -1817, 1931 -1833)"
bus_1136-bus_1238-i_connection N8,1451,bus_1136,132.0,0.206001382612786,1.06298,4,719,bus_1238,132.0,0.17299246243765617,1.0699856073119436,4,ac,169.0,2127,-1817,1931,-1833,"LINESTRING (2127 -1817, 1931 -1833)"
bus_1334-bus_1392-i_line_1334_to_1392_1_cp,1235,bus_1334,132.0,-0.2003320651590597,1.0559928471673572,1,725,bus_1392,132.0,-0.1705562171052344,1.0697868697954822,1,ac,134.0,1976,2090,2133,2144,"LINESTRING (1976 2090, 2133 2144)"
bus_3607-bus_3609-i_line_3607_to_3609_1_cp,1307,bus_3607,275.0,0.025085707204655285,1.0839592967634086,10,726,bus_3609,275.0,0.04426284747369286,1.0822533690090148,10,ac,728.0,380,3765,516,3511,"LINESTRING (380 3765, 516 3511)"
bus_3607-bus_3609-i_line_3607_to_3609_2_cp,1307,bus_3607,275.0,0.025085707204655285,1.0839592967634086,10,726,bus_3609,275.0,0.04426284747369286,1.0822533690090148,10,ac,746.0,380,3765,516,3511,"LINESTRING (380 3765, 516 3511)"
bus_3108-bus_3159-i_line_3108_to_3159_1_cp,714,bus_3108,132.0,-0.2821613527940783,1.0344986467366872,8,727,bus_3159,132.0,-0.2878372094231087,1.0454778813069614,8,ac,114.99999999999999,-693,5928,-655,6010,"LINESTRING (-693 5928, -655 6010)"
bus_3307-bus_3397-i_line_3307_to_3397_2_cp,263,bus_3307,110.0,-0.34095173948086926,1.046219420076015,11,728,bus_3397,110.0,-0.3414063401388392,1.0458563963832033,11,ac,101.0,-1599,2101,-1728,2079,"LINESTRING (-1599 2101, -1728 2079)"
bus_3306-bus_3397-i_line_3306_to_3397_1_cp,1035,bus_3306,110.0,-0.3409601834752023,1.0462949388761864,11,728,bus_3397,110.0,-0.3414063401388392,1.0458563963832033,11,ac,98.0,-1608,2122,-1728,2079,"LINESTRING (-1608 2122, -1728 2079)"
bus_4217-bus_4224-i_line_4217_to_4224_1_cp,1134,bus_4217,132.0,0.2978692109296265,0.9944903180058045,14,729,bus_4224,132.0,0.20585299864213222,1.0197223494977028,14,ac,214.0,-1094,-2136,-973,-2291,"LINESTRING (-1094 -2136, -973 -2291)"
bus_4216-bus_4224-i_line_4216_to_4224_1_cp,1421,bus_4216,132.0,0.15768068673491076,1.0141065870933212,14,729,bus_4224,132.0,0.20585299864213222,1.0197223494977028,14,ac,213.0,-864,-2495,-973,-2291,"LINESTRING (-864 -2495, -973 -2291)"
bus_3307-bus_3441-i_line_3307_to_3441_2_cp,263,bus_3307,110.0,-0.34095173948086926,1.046219420076015,11,730,bus_3441,110.0,-0.33889257841735004,1.048195753738958,11,ac,91.0,-1599,2101,-1443,2173,"LINESTRING (-1599 2101, -1443 2173)"
bus_3306-bus_3441-i_line_3306_to_3441_1_cp,1035,bus_3306,110.0,-0.3409601834752023,1.0462949388761864,11,730,bus_3441,110.0,-0.33889257841735004,1.048195753738958,11,ac,95.0,-1608,2122,-1443,2173,"LINESTRING (-1608 2122, -1443 2173)"
bus_1189-bus_1240-i_line_1189_to_1240_1_cp,170,bus_1189,132.0,-0.32658829402484385,1.0491512002520478,2,733,bus_1240,132.0,-0.3243035127036369,1.039969627579308,2,ac,238.0,732,-450,374,-435,"LINESTRING (732 -450, 374 -435)"
bus_1189-bus_1240-i_line_1189_to_1240_2_cp,170,bus_1189,132.0,-0.32658829402484385,1.0491512002520478,2,733,bus_1240,132.0,-0.3243035127036369,1.039969627579308,2,ac,231.0,732,-450,374,-435,"LINESTRING (732 -450, 374 -435)"
bus_1222-bus_2162-i_line_1222_to_2162_1_cp,283,bus_1222,220.0,-0.021370994924286627,1.0794645535019138,5,734,bus_2162,220.0,-0.015237040798240082,1.0797691229576831,5,ac,314.0,559,-2881,237,-3162,"LINESTRING (559 -2881, 237 -3162)"
bus_2129-bus_2162-i_line_2129_to_2162_1_cp,1788,bus_2129,220.0,-0.17367800907450845,1.0799437918915316,5,734,bus_2162,220.0,-0.015237040798240082,1.0797691229576831,5,ac,324.0,165,-3371,237,-3162,"LINESTRING (165 -3371, 237 -3162)"
bus_4235-bus_4382-i_line_4235_to_4382_1_cp,1437,bus_4235,66.0,0.9842356396143824,1.0233575440946587,13,735,bus_4382,66.0,0.9898072346211787,1.0258092414549274,13,ac,72.0,-2456,-2217,-2428,-2099,"LINESTRING (-2456 -2217, -2428 -2099)"
bus_4344-bus_4382-i_line_4344_to_4382_1_cp,1846,bus_4344,66.0,0.9843789501461043,1.02051127097489,13,735,bus_4382,66.0,0.9898072346211787,1.0258092414549274,13,ac,72.0,-2551,-2153,-2428,-2099,"LINESTRING (-2551 -2153, -2428 -2099)"
bus_5073-bus_5075-i_line_5073_to_5075_1_cp,1652,bus_5073,110.0,-0.1770709305525068,1.0187226346006408,15,737,bus_5075,110.0,-0.16425788598024738,1.0215794321762242,15,ac,161.0,1449,-5728,1603,-5786,"LINESTRING (1449 -5728, 1603 -5786)"
bus_1293-bus_1137-i_line_1293_to_1462_1_cp_merged_with_line_1408_to_1462_1_cp,699,bus_1293,132.0,-0.026124031709639076,1.0748945987065717,4,739,bus_1137,132.0,-0.03468618895281315,1.0768996310029897,4,ac,140.0,2279,-1561,2600,-1798,"LINESTRING (2279 -1561, 2600 -1798)"
bus_3584-bus_3597-i_line_3584_to_3597_2_cp,1012,bus_3584,275.0,-0.441972297324485,1.0536492981037135,8,740,bus_3597,275.0,-0.4803430805258662,1.0394961218212528,8,ac,536.0,-1503,6658,-1564,6890,"LINESTRING (-1503 6658, -1564 6890)"
bus_4257-bus_4332-i_line_4257_to_4332_1_cp,649,bus_4257,66.0,1.0204581736721752,1.0019132423716164,14,743,bus_4332,66.0,1.025210656474339,1.0021744248153452,14,ac,80.0,-2063,-3911,-2030,-3754,"LINESTRING (-2063 -3911, -2030 -3754)"
bus_4246-bus_4332-i_line_4246_to_4332_1_cp,907,bus_4246,66.0,1.0329716900843307,1.0035251782515637,14,743,bus_4332,66.0,1.025210656474339,1.0021744248153452,14,ac,79.0,-1996,-3550,-2030,-3754,"LINESTRING (-1996 -3550, -2030 -3754)"
bus_3108-bus_3243-i_line_3108_to_3243_2_cp,714,bus_3108,132.0,-0.2821613527940783,1.0344986467366872,8,744,bus_3243,132.0,-0.28462026217938313,1.0536492981037135,8,ac,159.0,-693,5928,-629,6039,"LINESTRING (-693 5928, -629 6039)"
bus_3529-bus_3643-i_line_3529_to_3643_1_cp,99,bus_3529,132.0,-0.3230822971023446,1.06298,8,745,bus_3643,132.0,-0.333379075016586,1.025088343202311,8,ac,199.0,-1282,6854,-1160,6857,"LINESTRING (-1282 6854, -1160 6857)"
bus_3140-bus_3643-i_line_3140_to_3643_2_cp,780,bus_3140,132.0,-0.3351913365305376,1.0254212055615413,8,745,bus_3643,132.0,-0.333379075016586,1.025088343202311,8,ac,135.0,-1156,6759,-1160,6857,"LINESTRING (-1156 6759, -1160 6857)"
bus_3078-bus_3643-i_line_3078_to_3643_2_cp,801,bus_3078,132.0,-0.3352623431599222,1.024523763684921,8,745,bus_3643,132.0,-0.333379075016586,1.025088343202311,8,ac,117.0,-1084,6940,-1160,6857,"LINESTRING (-1084 6940, -1160 6857)"
bus_3211-bus_3643-i_line_3211_to_3643_1_cp,1587,bus_3211,132.0,-0.2925364994832125,1.025755173126864,8,745,bus_3643,132.0,-0.333379075016586,1.025088343202311,8,ac,204.99999999999997,-1228,6939,-1160,6857,"LINESTRING (-1228 6939, -1160 6857)"
bus_3077-bus_3643-i_line_3077_to_3643_1_cp,1771,bus_3077,132.0,-0.3352582608114184,1.024455763859147,8,745,bus_3643,132.0,-0.333379075016586,1.025088343202311,8,ac,111.00000000000001,-1074,6928,-1160,6857,"LINESTRING (-1074 6928, -1160 6857)"
bus_3141-bus_3643-i_line_3141_to_3643_1_cp,1974,bus_3141,132.0,-0.33504345860248946,1.0254544196970783,8,745,bus_3643,132.0,-0.333379075016586,1.025088343202311,8,ac,143.0,-1145,6756,-1160,6857,"LINESTRING (-1145 6756, -1160 6857)"
bus_2239-bus_2266-i_line_2239_to_2266_1_cp,1370,bus_2239,66.0,-0.19046303728017097,1.0258866555578627,5,746,bus_2266,66.0,-0.006166360829369292,1.0393487072276604,5,ac,45.0,105,-3527,42,-3609,"LINESTRING (105 -3527, 42 -3609)"
bus_1096-bus_1105-i_line_1096_to_1105_1_cp,465,bus_1096,330.0,-0.1579451597806535,1.0369741823125365,2,751,bus_1105,330.0,-0.153138413887704,1.0332602139842961,2,ac,814.0,832,-468,985,-570,"LINESTRING (832 -468, 985 -570)"
bus_1336-bus_1453-i_line_1336_to_1453_1_cp,1857,bus_1336,132.0,-0.2268434481690703,1.0668586451901172,1,756,bus_1453,132.0,-0.2297963492846041,1.0658908560317604,1,ac,156.0,901,1394,952,1463,"LINESTRING (901 1394, 952 1463)"
bus_1103-bus_1158-i_line_1103_to_1158_1_cp,343,bus_1103,330.0,-0.02349809903081908,1.0406343683645485,4,758,bus_1158,330.0,-0.035388699194157124,1.047238776246006,4,ac,691.0,1446,-1310,1136,-1159,"LINESTRING (1446 -1310, 1136 -1159)"
bus_1148-bus_1158-i_line_1148_to_1158_1_cp,793,bus_1148,330.0,0.05735560826465595,1.0363754704524413,4,758,bus_1158,330.0,-0.035388699194157124,1.047238776246006,4,ac,673.0,1369,-1490,1136,-1159,"LINESTRING (1369 -1490, 1136 -1159)"
bus_1118-bus_1158-i_line_1118_to_1158_1_cp,1719,bus_1118,330.0,0.07562057907539745,1.0337184759326778,4,758,bus_1158,330.0,-0.035388699194157124,1.047238776246006,4,ac,671.0,1300,-1557,1136,-1159,"LINESTRING (1300 -1557, 1136 -1159)"
bus_1125-bus_1158-i_line_1125_to_1158_1_cp,1890,bus_1125,330.0,-0.060686277748981596,1.0504738640700926,4,758,bus_1158,330.0,-0.035388699194157124,1.047238776246006,4,ac,677.0,978,-738,1136,-1159,"LINESTRING (978 -738, 1136 -1159)"
bus_1119-bus_1158-i_line_1119_to_1158_2_cp,1910,bus_1119,330.0,-0.1036510870157824,1.0493972690955367,2,758,bus_1158,330.0,-0.035388699194157124,1.047238776246006,4,ac,674.0,912,-715,1136,-1159,"LINESTRING (912 -715, 1136 -1159)"
bus_1119-bus_1158-i_line_1119_to_1158_1_cp,1910,bus_1119,330.0,-0.1036510870157824,1.0493972690955367,2,758,bus_1158,330.0,-0.035388699194157124,1.047238776246006,4,ac,697.0,912,-715,1136,-1159,"LINESTRING (912 -715, 1136 -1159)"
bus_4311-bus_4342-i_line_4311_to_4342_1_cp,195,bus_4311,66.0,0.9681981010615484,1.0427859589508046,14,759,bus_4342,66.0,0.9682459019047382,1.04364942196358,14,ac,114.99999999999999,-1657,-2805,-1640,-2952,"LINESTRING (-1657 -2805, -1640 -2952)"
bus_4302-bus_4342-i_line_4302_to_4342_1_cp,252,bus_4302,66.0,0.9687354535784864,1.044306892838,14,759,bus_4342,66.0,0.9682459019047382,1.04364942196358,14,ac,121.0,-1637,-3056,-1640,-2952,"LINESTRING (-1637 -3056, -1640 -2952)"
bus_1103-bus_1154-i_line_1103_to_1154_1_cp,343,bus_1103,330.0,-0.02349809903081908,1.0406343683645485,4,760,bus_1154,330.0,-0.03700088617678546,1.0367633553061375,4,ac,796.0,1446,-1310,1751,-1387,"LINESTRING (1446 -1310, 1751 -1387)"
bus_4277-bus_4285-i_Dec25_line_4277_to_4285_1_dec,686,bus_4277,66.0,0.9826247069545274,1.0324247802149302,14,761,bus_4285,66.0,0.9797244068042652,1.0331654936037507,14,ac,129.0,-1862,-2484,-1784,-2602,"LINESTRING (-1862 -2484, -1784 -2602)"
bus_1287-bus_1463-i_line_1287_to_1463_1_cp,942,bus_1287,132.0,-0.21783804071292537,1.0504023939633407,2,764,bus_1463,132.0,-0.20339221302098018,1.0541648276891316,2,ac,235.0,641,962,703,849,"LINESTRING (641 962, 703 849)"
bus_1344-bus_1349-i_line_1344_to_1349_1_cp,354,bus_1344,132.0,-0.34579864441912406,1.0522266456629525,3,765,bus_1349,132.0,-0.34558099796569647,1.0515013271446878,3,ac,166.0,1490,-430,1492,-482,"LINESTRING (1490 -430, 1492 -482)"
bus_1169-bus_1349-i_line_1275_to_1349_1_cp,665,bus_1169,132.0,-0.34474168067526656,1.0509756737161298,3,765,bus_1349,132.0,-0.34558099796569647,1.0515013271446878,3,ac,133.0,1269,-521,1492,-482,"LINESTRING (1269 -521, 1492 -482)"
bus_1011-bus_1142-i_line_1095_to_1143_1_cp,581,bus_1011,330.0,-0.023814864991277357,1.0605,1,767,bus_1142,330.0,-0.006681898698238588,1.027,1,ac,875.0,1491,2184,1349,2391,"LINESTRING (1491 2184, 1349 2391)"
bus_1109-bus_1142-i_line_1109_to_1143_1_cp,968,bus_1109,330.0,0.004049622081316998,1.027,1,767,bus_1142,330.0,-0.006681898698238588,1.027,1,ac,919.9999999999999,1063,2437,1349,2391,"LINESTRING (1063 2437, 1349 2391)"
bus_1221-bus_1269-i_line_1221_to_1272_1_cp,672,bus_1221,132.0,-0.34507022496036965,1.0537315637342075,3,768,bus_1269,132.0,-0.3474715464508724,1.0520431580125975,3,ac,265.0,1237,-445,1296,-332,"LINESTRING (1237 -445, 1296 -332)"
bus_1169-bus_1604-i_line_1275_to_1604_1_cp,665,bus_1169,132.0,-0.34474168067526656,1.0509756737161298,3,770,bus_1604,132.0,-0.34569868888006217,1.051065259809064,3,ac,254.0,1269,-521,1498,-532,"LINESTRING (1269 -521, 1498 -532)"
bus_1486-bus_1604-i_line_1486_to_1604_1_cp,1405,bus_1486,132.0,-0.3456259784062632,1.0510489896399962,3,770,bus_1604,132.0,-0.34569868888006217,1.051065259809064,3,ac,269.0,1527,-552,1498,-532,"LINESTRING (1527 -552, 1498 -532)"
bus_1396-bus_1416-i_line_1396_to_1416_1_cp,1408,bus_1396,132.0,-0.02425101749319196,1.0612120989690004,2,771,bus_1416,132.0,-0.01942541242273349,1.0644562307209076,2,ac,181.0,1641,1447,1700,1483,"LINESTRING (1641 1447, 1700 1483)"
bus_1261-bus_1341-i_line_1261_to_1341_1_cp,1102,bus_1261,132.0,-0.35736385280926297,1.0486014155249561,2,776,bus_1341,132.0,-0.35781117353783387,1.0472194238396284,2,ac,202.0,323,829,294,913,"LINESTRING (323 829, 294 913)"
bus_3096-bus_3199-i_line_3096_to_3199_2_cp,845,bus_3096,132.0,-0.3509104358037359,1.029971922484526,8,778,bus_3199,132.0,-0.3542003064418222,1.0283402277843294,8,ac,176.0,-1013,6597,-961,6663,"LINESTRING (-1013 6597, -961 6663)"
bus_5090-bus_5092-i_line_5090_to_5092_1_cp,1463,bus_5090,110.0,-0.10990753844575163,1.0312378460363154,15,781,bus_5092,110.0,-0.1208783099782196,1.0291242850729507,15,ac,166.0,898,-6262,997,-6215,"LINESTRING (898 -6262, 997 -6215)"
bus_5091-bus_5092-i_line_5091_to_5092_1_cp,1775,bus_5091,110.0,-0.1134886785104553,1.0302924839755965,15,781,bus_5092,110.0,-0.1208783099782196,1.0291242850729507,15,ac,132.0,995,-6295,997,-6215,"LINESTRING (995 -6295, 997 -6215)"
bus_5122-bus_5124-i_line_5122_to_5124_1_cp,958,bus_5122,110.0,-0.18826024900070848,1.0116493817519834,15,788,bus_5124,110.0,-0.1882782838554661,1.0118123615229715,15,ac,244.0,507,-5712,423,-5742,"LINESTRING (507 -5712, 423 -5742)"
bus_3174-bus_3542-i_line_3174_to_3542_1_cp,1374,bus_3174,132.0,-0.26119157006971877,1.0556425205444706,9,791,bus_3542,132.0,-0.27635548518272546,1.0562992203391615,9,ac,144.0,-1425,4091,-1363,4082,"LINESTRING (-1425 4091, -1363 4082)"
bus_3116-bus_3542-i_line_3116_to_3542_1_cp,1592,bus_3116,132.0,-0.28384316587008807,1.056144755328905,9,791,bus_3542,132.0,-0.27635548518272546,1.0562992203391615,9,ac,141.0,-1254,4050,-1363,4082,"LINESTRING (-1254 4050, -1363 4082)"
bus_1103-bus_1148-i_line_1103_to_1148_1_cp,343,bus_1103,330.0,-0.02349809903081908,1.0406343683645485,4,793,bus_1148,330.0,0.05735560826465595,1.0363754704524413,4,ac,703.0,1446,-1310,1369,-1490,"LINESTRING (1446 -1310, 1369 -1490)"
bus_1118-bus_1148-i_line_1118_to_1148_1_cp,1719,bus_1118,330.0,0.07562057907539745,1.0337184759326778,4,793,bus_1148,330.0,0.05735560826465595,1.0363754704524413,4,ac,688.0,1300,-1557,1369,-1490,"LINESTRING (1300 -1557, 1369 -1490)"
bus_4160-bus_4166-i_line_4160_to_4166_1_cp,670,bus_4160,132.0,1.0710217853035924,1.004748376242553,12,794,bus_4166,132.0,1.0416928123469902,0.954027067520788,12,ac,180.0,-3689,-1737,-3848,-1764,"LINESTRING (-3689 -1737, -3848 -1764)"
bus_4162-bus_4166-i_line_4162_to_4166_1_cp,1991,bus_4162,132.0,1.0444142010189568,0.9486355828991629,12,794,bus_4166,132.0,1.0416928123469902,0.954027067520788,12,ac,120.0,-3933,-1814,-3848,-1764,"LINESTRING (-3933 -1814, -3848 -1764)"
bus_1299-bus_1347-i_line_1299_to_1347_1_cp,1583,bus_1299,132.0,-0.054513964888486595,1.027,1,795,bus_1347,132.0,-0.06699516559382872,1.0111386792028951,1,ac,136.0,2630,2721,2504,2612,"LINESTRING (2630 2721, 2504 2612)"
bus_3017-bus_3319-i_line_3017_to_3636_2_cp,561,bus_3017,110.0,-0.3260726260658006,1.048103357981525,9,797,bus_3319,110.0,-0.2971285461118336,1.0621934003248379,9,ac,136.0,-742,4092,-611,4070,"LINESTRING (-742 4092, -611 4070)"
bus_3018-bus_3319-i_line_3018_to_3636_1_cp,1122,bus_3018,110.0,-0.32563687607497965,1.0481141589122671,9,797,bus_3319,110.0,-0.2971285461118336,1.0621934003248379,9,ac,132.0,-758,4083,-611,4070,"LINESTRING (-758 4083, -611 4070)"
bus_3354-bus_3319-i_line_3354_to_3636_1_cp,1379,bus_3354,110.0,-0.30432850034768194,1.059217262896589,9,797,bus_3319,110.0,-0.2971285461118336,1.0621934003248379,9,ac,212.0,-564,4081,-611,4070,"LINESTRING (-564 4081, -611 4070)"
bus_3354-bus_3319-i_line_3354_to_3636_2_cp,1379,bus_3354,110.0,-0.30432850034768194,1.059217262896589,9,797,bus_3319,110.0,-0.2971285461118336,1.0621934003248379,9,ac,208.0,-564,4081,-611,4070,"LINESTRING (-564 4081, -611 4070)"
bus_3311-bus_3319-i_line_3311_to_3636_1_cp,1506,bus_3311,110.0,-0.3007208654312588,1.0599800178192336,9,797,bus_3319,110.0,-0.2971285461118336,1.0621934003248379,9,ac,163.0,-668,4073,-611,4070,"LINESTRING (-668 4073, -611 4070)"
bus_3311-bus_3319-i_line_3393_to_3636_1_cp,1506,bus_3311,110.0,-0.3007208654312588,1.0599800178192336,9,797,bus_3319,110.0,-0.2971285461118336,1.0621934003248379,9,ac,151.0,-668,4073,-611,4070,"LINESTRING (-668 4073, -611 4070)"
bus_3382-bus_3319-i_line_3382_to_3636_1_cp,1715,bus_3382,110.0,-0.33327732212872846,1.0534193274714014,9,797,bus_3319,110.0,-0.2971285461118336,1.0621934003248379,9,ac,187.0,-541,4204,-611,4070,"LINESTRING (-541 4204, -611 4070)"
bus_3382-bus_3319-i_line_3382_to_3636_2_cp,1715,bus_3382,110.0,-0.33327732212872846,1.0534193274714014,9,797,bus_3319,110.0,-0.2971285461118336,1.0621934003248379,9,ac,187.0,-541,4204,-611,4070,"LINESTRING (-541 4204, -611 4070)"
bus_4112-bus_4133-i_Dec3_line_4112_to_4134_1_dec,402,bus_4112,275.0,1.037256255109364,1.052981098518803,13,800,bus_4133,275.0,1.0342358444533748,1.04988816587539,13,ac,559.0,-2004,-2596,-2072,-2841,"LINESTRING (-2004 -2596, -2072 -2841)"
bus_4112-bus_4133-i_Dec2_line_4112_to_4133_1_dec,402,bus_4112,275.0,1.037256255109364,1.052981098518803,13,800,bus_4133,275.0,1.0342358444533748,1.04988816587539,13,ac,536.0,-2004,-2596,-2072,-2841,"LINESTRING (-2004 -2596, -2072 -2841)"
bus_2105-bus_2109-i_line_2105_to_2109_1_cp,535,bus_2105,220.0,-0.3216407682288247,1.0446811005842624,6,803,bus_2109,220.0,-0.32264342673897,1.049080048421154,6,ac,317.0,264,-3628,224,-3741,"LINESTRING (264 -3628, 224 -3741)"
bus_2244-bus_2242-i_line_2244_to_2253_1_cp_merged_with_line_2242_to_2253_2_cp,1689,bus_2244,66.0,0.020027619807020232,1.100000009590809,7,808,bus_2242,66.0,-0.1575868185845766,1.0684372213415887,7,ac,83.0,1502,-4440,1398,-4306,"LINESTRING (1502 -4440, 1398 -4306)"
bus_4094-bus_4125-i_Dec5_line_4124_to_4125_1_dec,1171,bus_4094,275.0,1.0117435992398853,1.0535789757876575,13,809,bus_4125,275.0,1.0234101201995776,1.0535568265683382,13,ac,660.0,-2143,-2100,-2074,-2389,"LINESTRING (-2143 -2100, -2074 -2389)"
bus_2208-bus_2200-i_connection V4,1532,bus_2208,500.0,-0.3558422618083368,1.0595275351603426,6,811,bus_2200,500.0,-0.21158900438121792,1.0102695555460788,5,ac,1520.0,453,-3333,-277,-2958,"LINESTRING (453 -3333, -277 -2958)"
bus_1127-bus_1244-i_line_1127_to_1244_4_cp,921,bus_1127,132.0,-0.36148917410793807,1.0505367591707802,2,813,bus_1244,132.0,-0.3605634339996651,1.0506680240217805,2,ac,132.0,433,-576,482,-493,"LINESTRING (433 -576, 482 -493)"
bus_4319-bus_4320-i_line_4319_to_4320_2_cp,511,bus_4319,66.0,0.9757673385505338,1.0582325137790083,13,819,bus_4320,66.0,0.9764712177151832,1.0770374571016956,13,ac,111.00000000000001,-1827,-2251,-1945,-2363,"LINESTRING (-1827 -2251, -1945 -2363)"
bus_4319-bus_4320-i_line_4319_to_4320_1_cp,511,bus_4319,66.0,0.9757673385505338,1.0582325137790083,13,819,bus_4320,66.0,0.9764712177151832,1.0770374571016956,13,ac,112.00000000000001,-1827,-2251,-1945,-2363,"LINESTRING (-1827 -2251, -1945 -2363)"
bus_4031-bus_4320-i_line_4091_to_4320_1_cp,642,bus_4031,66.0,0.982537437853312,1.01428437,13,819,bus_4320,66.0,0.9764712177151832,1.0770374571016956,13,ac,114.99999999999999,-2169,-2688,-1945,-2363,"LINESTRING (-2169 -2688, -1945 -2363)"
bus_4071-bus_4325-i_line_4071_to_4325_1_cp,1776,bus_4071,66.0,0.9880086975304688,1.061405120998456,13,821,bus_4325,66.0,0.9806425556610221,1.0621884431144903,13,ac,74.0,-1851,-1994,-1886,-1930,"LINESTRING (-1851 -1994, -1886 -1930)"
bus_4135-bus_4136-i_Dec12_line_4135_to_4136_1_dec,1610,bus_4135,275.0,0.9968354469274332,1.0526616336980938,13,825,bus_4136,275.0,0.9962906006906317,1.0525637046926821,13,ac,608.0,-1965,-2388,-2015,-2389,"LINESTRING (-1965 -2388, -2015 -2389)"
bus_3214-bus_3253-i_line_3214_to_3255_1_cp,1211,bus_3214,110.0,-0.007646122054452157,1.0288189856803815,11,828,bus_3253,110.0,-0.007650094373237049,1.0288467387349183,11,ac,206.99999999999997,-1137,2866,-1400,2824,"LINESTRING (-1137 2866, -1400 2824)"
bus_5063-bus_5065-i_line_5063_to_5065_1_cp,97,bus_5063,110.0,-0.18038491410882457,1.0557240861971138,15,833,bus_5065,110.0,-0.19080392870792817,1.0488907452953955,15,ac,178.0,1434,-5510,1501,-5533,"LINESTRING (1434 -5510, 1501 -5533)"
bus_4032-bus_4371-i_line_4032_to_4371_2_cp,698,bus_4032,33.0,0.9282313204007977,1.0043609293657894,13,834,bus_4371,33.0,0.9366790121896125,1.0122352239489674,13,ac,30.0,-2369,-1377,-2321,-1420,"LINESTRING (-2369 -1377, -2321 -1420)"
bus_4032-bus_4371-i_line_4032_to_4371_1_cp,698,bus_4032,33.0,0.9282313204007977,1.0043609293657894,13,834,bus_4371,33.0,0.9366790121896125,1.0122352239489674,13,ac,31.0,-2369,-1377,-2321,-1420,"LINESTRING (-2369 -1377, -2321 -1420)"
bus_3068-bus_3096-i_line_3068_to_3096_1_cp,515,bus_3068,132.0,-0.3512812251017765,1.0297266963201006,8,845,bus_3096,132.0,-0.3509104358037359,1.029971922484526,8,ac,132.0,-1018,6497,-1013,6597,"LINESTRING (-1018 6497, -1013 6597)"
bus_3604-bus_3611-i_line_3604_to_3611_1_cp,416,bus_3604,275.0,-0.017636589025987776,1.0720741302873895,9,852,bus_3611,275.0,-0.015848503496366264,1.0772776068992944,9,ac,534.0,-1080,4673,-954,4846,"LINESTRING (-1080 4673, -954 4846)"
bus_3557-bus_3611-i_line_3557_to_3611_1_cp,824,bus_3557,275.0,-0.011566411980788739,1.080536881133045,9,852,bus_3611,275.0,-0.015848503496366264,1.0772776068992944,9,ac,546.0,-833,5026,-954,4846,"LINESTRING (-833 5026, -954 4846)"
bus_4204-bus_4206-i_line_4204_to_4206_1_cp,1503,bus_4204,132.0,0.928409250052623,1.06298,13,857,bus_4206,132.0,0.9070490963692684,1.0092456165308783,13,ac,150.0,-1944,-1667,-1840,-1583,"LINESTRING (-1944 -1667, -1840 -1583)"
bus_1124-bus_1147-i_line_1124_to_1147_1_cp,882,bus_1124,330.0,-0.1711833232853899,1.027,2,864,bus_1147,330.0,-0.2218773921520016,1.0346537012659383,2,ac,827.0,697,535,519,545,"LINESTRING (697 535, 519 545)"
bus_1138-bus_1147-i_line_1138_to_1147_1_cp,1125,bus_1138,330.0,-0.2691346021583173,1.027,2,864,bus_1147,330.0,-0.2218773921520016,1.0346537012659383,2,ac,824.0,597,315,519,545,"LINESTRING (597 315, 519 545)"
bus_5118-bus_5121-i_line_5118_to_5121_1_cp,580,bus_5118,110.0,-0.13911724179575854,1.032130050107164,15,865,bus_5121,110.0,-0.15579387720875212,1.021240929945139,15,ac,87.0,1112,-5788,1133,-5863,"LINESTRING (1112 -5788, 1133 -5863)"
bus_2210-bus_2218-i_line_2210_to_2218_1_cp,275,bus_2210,66.0,-0.4735283819392949,1.0522673135079084,6,867,bus_2218,66.0,-0.4768849226419727,1.0502231217719962,6,ac,95.0,430,-4263,407,-4312,"LINESTRING (430 -4263, 407 -4312)"
bus_3076-bus_3276-i_line_3076_to_3276_1_cp,1042,bus_3076,66.0,-0.36107667262090126,1.0427776756922158,8,868,bus_3276,66.0,-0.36104260917630776,1.0398328438481848,8,ac,57.99999999999999,-947,6840,-942,6940,"LINESTRING (-947 6840, -942 6940)"
bus_1378-bus_1377-i_line_1378_to_1381_1_cp,1441,bus_1378,132.0,-0.22008927307200604,1.0479232900729052,2,874,bus_1377,132.0,-0.2188293652239042,1.048420930743431,2,ac,146.0,-457,-330,-466,-304,"LINESTRING (-457 -330, -466 -304)"
bus_1223-bus_1377-i_line_1223_to_1381_1_cp,1465,bus_1223,132.0,-0.21199083554976328,1.0511449384797837,2,874,bus_1377,132.0,-0.2188293652239042,1.048420930743431,2,ac,149.0,-253,-282,-466,-304,"LINESTRING (-253 -282, -466 -304)"
bus_1228-bus_1377-i_line_1228_to_1381_1_cp,1847,bus_1228,132.0,-0.20963001060275244,1.0524020782259105,2,874,bus_1377,132.0,-0.2188293652239042,1.048420930743431,2,ac,127.0,-219,-287,-466,-304,"LINESTRING (-219 -287, -466 -304)"
bus_4300-bus_4339-i_line_4300_to_4339_2_cp,891,bus_4300,66.0,0.970992885212525,1.0444535829960078,14,875,bus_4339,66.0,0.9694798669928884,1.0511932704677116,14,ac,113.99999999999999,-1720,-2576,-1757,-2733,"LINESTRING (-1720 -2576, -1757 -2733)"
bus_4300-bus_4339-i_line_4300_to_4339_1_cp,891,bus_4300,66.0,0.970992885212525,1.0444535829960078,14,875,bus_4339,66.0,0.9694798669928884,1.0511932704677116,14,ac,94.0,-1720,-2576,-1757,-2733,"LINESTRING (-1720 -2576, -1757 -2733)"
bus_4318-bus_4339-i_line_4318_to_4339_1_cp,1234,bus_4318,66.0,0.967393126405609,1.045633281402117,14,875,bus_4339,66.0,0.9694798669928884,1.0511932704677116,14,ac,119.0,-1715,-2814,-1757,-2733,"LINESTRING (-1715 -2814, -1757 -2733)"
bus_4307-bus_4339-i_line_4307_to_4339_1_cp,1317,bus_4307,66.0,0.978296840554583,1.0842402793675203,14,875,bus_4339,66.0,0.9694798669928884,1.0511932704677116,14,ac,115.99999999999999,-1893,-2668,-1757,-2733,"LINESTRING (-1893 -2668, -1757 -2733)"
bus_4301-bus_4339-i_line_4301_to_4339_1_cp,1614,bus_4301,66.0,0.9674054000151019,1.0468837032853135,14,875,bus_4339,66.0,0.9694798669928884,1.0511932704677116,14,ac,115.99999999999999,-1695,-2902,-1757,-2733,"LINESTRING (-1695 -2902, -1757 -2733)"
bus_4112-bus_4147-i_Dec10_line_4129_to_4147_1_dec,402,bus_4112,275.0,1.037256255109364,1.052981098518803,13,877,bus_4147,275.0,1.0293521403016879,1.0464528757661657,13,ac,664.0,-2004,-2596,-1685,-2651,"LINESTRING (-2004 -2596, -1685 -2651)"
bus_4233-bus_4236-i_Dec21_line_4233_to_4236_1_dec,1585,bus_4233,66.0,0.9911761514992588,1.0292897894980002,13,888,bus_4236,66.0,0.984132707008711,1.0235315374257128,13,ac,120.0,-2260,-2230,-2396,-2385,"LINESTRING (-2260 -2230, -2396 -2385)"
bus_2105-bus_2177-i_line_2105_to_2177_1_cp,535,bus_2105,220.0,-0.3216407682288247,1.0446811005842624,6,890,bus_2177,220.0,-0.2577878238021362,1.057617712468361,6,ac,309.0,264,-3628,193,-3623,"LINESTRING (264 -3628, 193 -3623)"
bus_2106-bus_2177-i_line_2106_to_2177_1_cp,654,bus_2106,220.0,-0.21552359040263752,1.0658374554325856,5,890,bus_2177,220.0,-0.2577878238021362,1.057617712468361,6,ac,311.0,146,-3531,193,-3623,"LINESTRING (146 -3531, 193 -3623)"
bus_1310-bus_1433-i_line_1310_to_1433_1_cp,149,bus_1310,132.0,-0.21637290058969916,1.0504664360178961,4,892,bus_1433,132.0,-0.2273215206548246,1.04788369729395,2,ac,143.0,431,-841,263,-555,"LINESTRING (431 -841, 263 -555)"
bus_1375-bus_1433-i_line_1375_to_1433_1_cp,385,bus_1375,132.0,-0.2152160542018116,1.0515051876554455,2,892,bus_1433,132.0,-0.2273215206548246,1.04788369729395,2,ac,137.0,112,-493,263,-555,"LINESTRING (112 -493, 263 -555)"
bus_1205-bus_1433-i_line_1205_to_1433_1_cp,1971,bus_1205,132.0,-0.15197677827898076,1.071966265280852,2,892,bus_1433,132.0,-0.2273215206548246,1.04788369729395,2,ac,144.0,141,-289,263,-555,"LINESTRING (141 -289, 263 -555)"
bus_4365-bus_4366-i_line_4365_to_4366_1_cp,574,bus_4365,33.0,0.946932820695176,1.040380108996351,12,895,bus_4366,33.0,0.9450389690341467,1.0424916491817617,12,ac,24.0,-2798,-1260,-2772,-1272,"LINESTRING (-2798 -1260, -2772 -1272)"
bus_4364-bus_4366-i_line_4364_to_4366_2_cp,1931,bus_4364,33.0,0.965277736443601,1.046617076154768,12,895,bus_4366,33.0,0.9450389690341467,1.0424916491817617,12,ac,30.0,-2734,-1292,-2772,-1272,"LINESTRING (-2734 -1292, -2772 -1272)"
bus_1297-bus_1308-i_line_1297_to_1308_1_cp,1900,bus_1297,132.0,-0.20695122322522344,1.0445228182569324,4,897,bus_1308,132.0,-0.19028501962548,1.0463820573338398,4,ac,140.0,837,-2208,863,-2112,"LINESTRING (837 -2208, 863 -2112)"
bus_2128-bus_2160-i_line_2128_to_2160_1_cp,1413,bus_2128,220.0,-0.35809998044972546,1.0389217956445833,6,900,bus_2160,220.0,-0.3581924973040241,1.0394778047335511,6,ac,375.0,340,-3787,325,-3872,"LINESTRING (340 -3787, 325 -3872)"
bus_2114-bus_2170-i_line_2114_to_2182_1_cp,783,bus_2114,220.0,-0.4531853296572611,1.047427244427049,6,901,bus_2170,220.0,-0.4531795016294489,1.0473604230498752,6,ac,552.0,860,-3472,805,-3201,"LINESTRING (860 -3472, 805 -3201)"
bus_2178-bus_2170-i_line_2178_to_2182_1_cp,1420,bus_2178,220.0,-0.46651207273344913,1.037808599627651,6,901,bus_2170,220.0,-0.4531795016294489,1.0473604230498752,6,ac,361.0,900,-3575,805,-3201,"LINESTRING (900 -3575, 805 -3201)"
bus_1169-bus_1528-i_line_1169_to_1528_2_cp,665,bus_1169,132.0,-0.34474168067526656,1.0509756737161298,3,902,bus_1528,132.0,-0.3458209207377561,1.050712906590493,3,ac,273.0,1269,-521,1203,-624,"LINESTRING (1269 -521, 1203 -624)"
bus_3194-bus_3195-i_line_3194_to_3195_1_cp,345,bus_3194,132.0,-0.3178912915020374,1.0171431181809367,8,906,bus_3195,132.0,-0.3176112918498757,1.0183840708176217,8,ac,115.99999999999999,-1502,6107,-1417,6057,"LINESTRING (-1502 6107, -1417 6057)"
bus_3023-bus_3195-i_line_3023_to_3195_1_cp,1356,bus_3023,132.0,-0.31702767651609315,1.018928938650691,8,906,bus_3195,132.0,-0.3176112918498757,1.0183840708176217,8,ac,114.99999999999999,-1314,5960,-1417,6057,"LINESTRING (-1314 5960, -1417 6057)"
bus_4243-bus_4246-i_line_4243_to_4246_1_cp,1684,bus_4243,66.0,1.0499265437365715,1.0068971706698608,14,907,bus_4246,66.0,1.0329716900843307,1.0035251782515637,14,ac,82.0,-1970,-3309,-1996,-3550,"LINESTRING (-1970 -3309, -1996 -3550)"
bus_3539-bus_3540-i_line_3539_to_3540_2_cp,1456,bus_3539,132.0,-0.10304840317373158,1.0753615090014146,10,913,bus_3540,132.0,-0.11037384958492917,1.073319206756403,9,ac,280.0,1329,4401,1432,4487,"LINESTRING (1329 4401, 1432 4487)"
bus_3539-bus_3540-i_line_3539_to_3540_1_cp,1456,bus_3539,132.0,-0.10304840317373158,1.0753615090014146,10,913,bus_3540,132.0,-0.11037384958492917,1.073319206756403,9,ac,271.0,1329,4401,1432,4487,"LINESTRING (1329 4401, 1432 4487)"
bus_3289-bus_3540-i_line_3289_to_3540_2_cp,1665,bus_3289,132.0,-0.11315136082287507,1.0721415632517772,10,913,bus_3540,132.0,-0.11037384958492917,1.073319206756403,9,ac,206.99999999999997,1503,4551,1432,4487,"LINESTRING (1503 4551, 1432 4487)"
bus_3289-bus_3540-i_line_3289_to_3540_1_cp,1665,bus_3289,132.0,-0.11315136082287507,1.0721415632517772,10,913,bus_3540,132.0,-0.11037384958492917,1.073319206756403,9,ac,210.0,1503,4551,1432,4487,"LINESTRING (1503 4551, 1432 4487)"
bus_4243-bus_4335-i_line_4243_to_4335_2_cp,1684,bus_4243,66.0,1.0499265437365715,1.0068971706698608,14,914,bus_4335,66.0,1.0482339378049903,1.0103756027447486,14,ac,120.0,-1970,-3309,-1901,-3129,"LINESTRING (-1970 -3309, -1901 -3129)"
bus_4243-bus_4335-i_line_4247_to_4335_1_cp,1684,bus_4243,66.0,1.0499265437365715,1.0068971706698608,14,914,bus_4335,66.0,1.0482339378049903,1.0103756027447486,14,ac,118.0,-1970,-3309,-1901,-3129,"LINESTRING (-1970 -3309, -1901 -3129)"
bus_4243-bus_4335-i_line_4243_to_4335_1_cp,1684,bus_4243,66.0,1.0499265437365715,1.0068971706698608,14,914,bus_4335,66.0,1.0482339378049903,1.0103756027447486,14,ac,124.0,-1970,-3309,-1901,-3129,"LINESTRING (-1970 -3309, -1901 -3129)"
bus_1230-bus_1403-i_line_1230_to_1403_1_cp,1538,bus_1230,132.0,-0.31169222040620087,1.0499478933231794,2,923,bus_1403,132.0,-0.3082270207408814,1.0498289736824362,2,ac,234.0,247,195,287,140,"LINESTRING (247 195, 287 140)"
bus_2280-bus_2283-i_line_2280_to_2283_1_cp,1028,bus_2280,66.0,-0.36690040909897714,1.0195094263529696,6,927,bus_2283,66.0,-0.3671257436045779,1.0198173039566152,6,ac,47.0,149,-4060,132,-4155,"LINESTRING (149 -4060, 132 -4155)"
bus_4311-bus_4312-i_line_4311_to_4312_1_cp,195,bus_4311,66.0,0.9681981010615484,1.0427859589508046,14,929,bus_4312,66.0,0.9677908415974872,1.04209136045144,14,ac,112.99999999999999,-1657,-2805,-1586,-2960,"LINESTRING (-1657 -2805, -1586 -2960)"
bus_3563-bus_3652-i_line_3563_to_3652_2_cp,697,bus_3563,330.0,-0.05149180608214774,1.062333074463939,11,930,bus_3652,330.0,0.033676408172052925,1.0618566570681693,11,ac,856.0,-92,2939,228,2866,"LINESTRING (-92 2939, 228 2866)"
bus_3650-bus_3652-i_line_3650_to_3652_2_cp,1510,bus_3650,330.0,0.032780488794655845,1.0722047065423839,11,930,bus_3652,330.0,0.033676408172052925,1.0618566570681693,11,ac,852.0,647,2809,228,2866,"LINESTRING (647 2809, 228 2866)"
bus_3650-bus_3652-i_line_3650_to_3652_1_cp,1510,bus_3650,330.0,0.032780488794655845,1.0722047065423839,11,930,bus_3652,330.0,0.033676408172052925,1.0618566570681693,11,ac,883.0,647,2809,228,2866,"LINESTRING (647 2809, 228 2866)"
bus_4216-bus_4220-i_line_4216_to_4220_1_cp,1421,bus_4216,132.0,0.15768068673491076,1.0141065870933212,14,931,bus_4220,132.0,0.2763348932062008,1.0612296006684871,14,ac,252.0,-864,-2495,-898,-2745,"LINESTRING (-864 -2495, -898 -2745)"
bus_4219-bus_4220-i_line_4219_to_4220_1_cp,1537,bus_4219,132.0,0.1980507802108814,1.0194975430688877,14,931,bus_4220,132.0,0.2763348932062008,1.0612296006684871,14,ac,125.0,-907,-2658,-898,-2745,"LINESTRING (-907 -2658, -898 -2745)"
bus_1347-bus_1173-i_line_1347_to_1628_1_cp,795,bus_1347,132.0,-0.06699516559382872,1.0111386792028951,1,936,bus_1173,132.0,-0.0692042013424446,1.00407,1,ac,224.00000000000003,2504,2612,2300,2524,"LINESTRING (2504 2612, 2300 2524)"
bus_1347-bus_1173-i_line_1347_to_1628_2_cp,795,bus_1347,132.0,-0.06699516559382872,1.0111386792028951,1,936,bus_1173,132.0,-0.0692042013424446,1.00407,1,ac,151.0,2504,2612,2300,2524,"LINESTRING (2504 2612, 2300 2524)"
bus_1347-bus_1173-i_line_1347_to_1628_3_cp,795,bus_1347,132.0,-0.06699516559382872,1.0111386792028951,1,936,bus_1173,132.0,-0.0692042013424446,1.00407,1,ac,143.0,2504,2612,2300,2524,"LINESTRING (2504 2612, 2300 2524)"
bus_1285-bus_1173-i_line_1285_to_1628_1_cp,796,bus_1285,132.0,-0.07431404266482348,1.0124582562962703,1,936,bus_1173,132.0,-0.0692042013424446,1.00407,1,ac,148.0,2296,2442,2300,2524,"LINESTRING (2296 2442, 2300 2524)"
bus_1335-bus_1173-i_line_1335_to_1628_1_cp,1556,bus_1335,132.0,-0.12016339282513606,1.027,1,936,bus_1173,132.0,-0.0692042013424446,1.00407,1,ac,145.0,2031,2351,2300,2524,"LINESTRING (2031 2351, 2300 2524)"
bus_1369-bus_1655-i_line_1369_to_1655_1_cp,1838,bus_1369,33.0,-0.4006145236904155,1.0078673265809241,2,937,bus_1655,33.0,-0.3915520287411887,1.0124840778836801,2,ac,67.84528979248574,-473,449,-601,473,"LINESTRING (-473 449, -601 473)"
bus_1269-bus_1320-i_line_1272_to_1320_2_cp,768,bus_1269,132.0,-0.3474715464508724,1.0520431580125975,3,943,bus_1320,132.0,-0.33977979082571025,1.0469402147230493,3,ac,827.0,1296,-332,1005,-407,"LINESTRING (1296 -332, 1005 -407)"
bus_1269-bus_1320-i_line_1272_to_1320_1_cp,768,bus_1269,132.0,-0.3474715464508724,1.0520431580125975,3,943,bus_1320,132.0,-0.33977979082571025,1.0469402147230493,3,ac,831.0,1296,-332,1005,-407,"LINESTRING (1296 -332, 1005 -407)"
bus_1215-bus_1320-i_line_1215_to_1320_1_cp,1667,bus_1215,132.0,-0.335699027146074,1.0465973636721804,3,943,bus_1320,132.0,-0.33977979082571025,1.0469402147230493,3,ac,248.0,876,-435,1005,-407,"LINESTRING (876 -435, 1005 -407)"
bus_1305-bus_1320-i_line_1305_to_1320_1_cp,1809,bus_1305,132.0,-0.33869201367965046,1.0451935381448778,2,943,bus_1320,132.0,-0.33977979082571025,1.0469402147230493,3,ac,273.0,853,-451,1005,-407,"LINESTRING (853 -451, 1005 -407)"
bus_3028-bus_3479-i_line_3073_to_3479_2_cp,1440,bus_3028,132.0,-0.2871961237628797,1.0641454153918224,9,947,bus_3479,132.0,-0.2842001328891862,1.0689868380574632,9,ac,158.0,-1233,4114,-1013,3992,"LINESTRING (-1233 4114, -1013 3992)"
bus_3072-bus_3479-i_line_3072_to_3479_1_cp,1466,bus_3072,132.0,-0.28714171229460567,1.0642865747738721,9,947,bus_3479,132.0,-0.2842001328891862,1.0689868380574632,9,ac,161.0,-1150,4053,-1013,3992,"LINESTRING (-1150 4053, -1013 3992)"
bus_3478-bus_3479-i_line_3478_to_3479_2_cp,1844,bus_3478,132.0,-0.305280303173545,1.058357009780909,9,947,bus_3479,132.0,-0.2842001328891862,1.0689868380574632,9,ac,209.0,-1071,4053,-1013,3992,"LINESTRING (-1071 4053, -1013 3992)"
bus_3478-bus_3479-i_line_3478_to_3479_1_cp,1844,bus_3478,132.0,-0.305280303173545,1.058357009780909,9,947,bus_3479,132.0,-0.2842001328891862,1.0689868380574632,9,ac,209.0,-1071,4053,-1013,3992,"LINESTRING (-1071 4053, -1013 3992)"
bus_1011-bus_1104-i_line_1095_to_1104_1_cp,581,bus_1011,330.0,-0.023814864991277357,1.0605,1,952,bus_1104,330.0,-0.06958969429149522,1.027,1,ac,646.0,1491,2184,1748,2235,"LINESTRING (1491 2184, 1748 2235)"
bus_1265-bus_1445-i_line_1442_to_1445_1_cp,1555,bus_1265,132.0,-0.37091281118726616,1.047428127222827,2,955,bus_1445,132.0,-0.3746238158890667,1.0473698616368678,2,ac,197.0,785,983,808,963,"LINESTRING (785 983, 808 963)"
bus_4286-bus_4287-i_line_4286_to_4287_1_cp,974,bus_4286,66.0,0.9722921277884098,1.0350330698079813,14,956,bus_4287,66.0,0.9698198258416685,1.0305435038228208,14,ac,51.0,-1730,-2741,-1760,-2851,"LINESTRING (-1730 -2741, -1760 -2851)"
bus_1168-bus_1292-i_line_1168_to_1292_1_cp,1700,bus_1168,132.0,-0.1193482899659572,1.100000009995269,4,957,bus_1292,132.0,-0.12791331430723776,1.0967596555910133,4,ac,149.0,887,-2086,863,-2165,"LINESTRING (887 -2086, 863 -2165)"
bus_1206-bus_1414-i_line_1206_to_1414_1_cp,1393,bus_1206,132.0,-0.05726013330064809,1.091969904926538,4,960,bus_1414,132.0,-0.09771628078299344,1.0707676762122318,4,ac,145.0,867,-1329,867,-1501,"LINESTRING (867 -1329, 867 -1501)"
bus_3225-bus_3332-i_line_3225_to_3332_2_cp,1655,bus_3225,132.0,-0.5522808777625863,1.0014808852597294,8,965,bus_3332,132.0,-0.5565083506297367,0.9988842370763368,8,ac,112.00000000000001,-2013,6902,-2094,6974,"LINESTRING (-2013 6902, -2094 6974)"
bus_3225-bus_3332-i_line_3225_to_3332_1_cp,1655,bus_3225,132.0,-0.5522808777625863,1.0014808852597294,8,965,bus_3332,132.0,-0.5565083506297367,0.9988842370763368,8,ac,105.0,-2013,6902,-2094,6974,"LINESTRING (-2013 6902, -2094 6974)"
bus_1200-bus_1332-i_line_1200_to_1332_2_cp,364,bus_1200,132.0,-0.1374996212596494,1.092167641837969,2,967,bus_1332,132.0,-0.15185974088798707,1.0752808983721969,2,ac,177.0,528,-55,639,19,"LINESTRING (528 -55, 639 19)"
bus_1011-bus_1109-i_line_1095_to_1109_1_cp,581,bus_1011,330.0,-0.023814864991277357,1.0605,1,968,bus_1109,330.0,0.004049622081316998,1.027,1,ac,907.0,1491,2184,1063,2437,"LINESTRING (1491 2184, 1063 2437)"
bus_1061-bus_1274-i_line_1061_to_1274_1_cp,1058,bus_1061,132.0,-0.01643488376615046,1.0655296844739026,4,970,bus_1274,132.0,-0.0410959804115646,1.0874911502715803,4,ac,140.0,970,-1623,925,-1481,"LINESTRING (970 -1623, 925 -1481)"
bus_1206-bus_1274-i_line_1206_to_1274_1_cp,1393,bus_1206,132.0,-0.05726013330064809,1.091969904926538,4,970,bus_1274,132.0,-0.0410959804115646,1.0874911502715803,4,ac,152.0,867,-1329,925,-1481,"LINESTRING (867 -1329, 925 -1481)"
bus_1435-bus_1418-i_line_1435_to_1605_1_cp,455,bus_1435,132.0,-0.24215152066005244,1.018366135178053,2,972,bus_1418,132.0,-0.23168356872496354,1.0345751374444259,2,ac,144.0,-444,-283,-396,-263,"LINESTRING (-444 -283, -396 -263)"
bus_1228-bus_1418-i_line_1214_to_1605_1_cp,1847,bus_1228,132.0,-0.20963001060275244,1.0524020782259105,2,972,bus_1418,132.0,-0.23168356872496354,1.0345751374444259,2,ac,145.0,-219,-287,-396,-263,"LINESTRING (-219 -287, -396 -263)"
bus_4285-bus_4286-i_Dec26_line_4285_to_4286_1_dec,761,bus_4285,66.0,0.9797244068042652,1.0331654936037507,14,974,bus_4286,66.0,0.9722921277884098,1.0350330698079813,14,ac,126.0,-1784,-2602,-1730,-2741,"LINESTRING (-1784 -2602, -1730 -2741)"
bus_3184-bus_3263-i_line_3184_to_3263_1_cp,160,bus_3184,132.0,0.02081215878471473,1.0685520585292911,9,976,bus_3263,132.0,0.026318581599284522,1.0714190289464862,9,ac,188.0,-1482,4608,-1368,4590,"LINESTRING (-1482 4608, -1368 4590)"
bus_2168-bus_2171-i_line_2168_to_2180_1_cp,336,bus_2168,220.0,-0.47266379939428554,1.06298,6,980,bus_2171,220.0,-0.43262260468570896,1.0319063441111942,6,ac,418.0,854,-3647,782,-3231,"LINESTRING (854 -3647, 782 -3231)"
bus_2147-bus_2171-i_line_2147_to_2180_1_cp,1797,bus_2147,220.0,-0.41464654161569,1.0304514729526635,6,980,bus_2171,220.0,-0.43262260468570896,1.0319063441111942,6,ac,421.0,693,-3618,782,-3231,"LINESTRING (693 -3618, 782 -3231)"
bus_1199-bus_1311-i_line_1199_to_1311_1_cp,582,bus_1199,132.0,-0.08185872569532102,1.0723766136022048,4,983,bus_1311,132.0,-0.02774922846748422,1.0623867294255378,4,ac,143.0,944,-1807,968,-1737,"LINESTRING (944 -1807, 968 -1737)"
bus_1061-bus_1311-i_line_1061_to_1311_1_cp,1058,bus_1061,132.0,-0.01643488376615046,1.0655296844739026,4,983,bus_1311,132.0,-0.02774922846748422,1.0623867294255378,4,ac,143.0,970,-1623,968,-1737,"LINESTRING (970 -1623, 968 -1737)"
bus_3232-bus_3298-i_line_3232_to_3298_1_cp,653,bus_3232,132.0,-0.21787913024412298,1.0419122614737608,9,984,bus_3298,132.0,-0.22937457950684417,1.044670294873952,9,ac,164.0,-117,5514,-66,5611,"LINESTRING (-117 5514, -66 5611)"
bus_4002-bus_4144-i_line_4002_to_4144_1_cp,856,bus_4002,275.0,1.026466387898091,1.06298,13,989,bus_4144,275.0,1.0264494598109077,1.0676307955596303,13,ac,550.0,-2616,-1803,-2706,-1816,"LINESTRING (-2616 -1803, -2706 -1816)"
bus_3083-bus_3240-i_line_3083_to_3240_1_cp,451,bus_3083,132.0,-0.49427568955284057,1.0078515075305803,8,990,bus_3240,132.0,-0.46634559980870977,1.0144429772009662,8,ac,213.0,-1467,7293,-1445,7178,"LINESTRING (-1467 7293, -1445 7178)"
bus_3080-bus_3240-i_line_3080_to_3240_1_cp,722,bus_3080,132.0,-0.4481852909603554,1.0536492981037135,8,990,bus_3240,132.0,-0.46634559980870977,1.0144429772009662,8,ac,206.99999999999997,-1426,7042,-1445,7178,"LINESTRING (-1426 7042, -1445 7178)"
bus_4266-bus_4292-i_line_4266_to_4292_2_cp,6,bus_4266,66.0,1.005219776076628,1.0202665614864552,14,994,bus_4292,66.0,1.0104655210420763,1.0128544670191284,14,ac,103.0,-2234,-3018,-2134,-3081,"LINESTRING (-2234 -3018, -2134 -3081)"
bus_4267-bus_4292-i_line_4267_to_4292_1_cp,156,bus_4267,66.0,1.010171003617659,1.008711572206585,14,994,bus_4292,66.0,1.0104655210420763,1.0128544670191284,14,ac,121.0,-2182,-3328,-2134,-3081,"LINESTRING (-2182 -3328, -2134 -3081)"
bus_4226-bus_4292-i_Dec17_line_4226_to_4292_2_dec,270,bus_4226,66.0,1.0425130817173016,1.0121135255806009,14,994,bus_4292,66.0,1.0104655210420763,1.0128544670191284,14,ac,111.00000000000001,-2009,-3012,-2134,-3081,"LINESTRING (-2009 -3012, -2134 -3081)"
bus_4255-bus_4292-i_line_4255_to_4292_1_cp,704,bus_4255,66.0,1.0180503299379293,1.0035015154586548,14,994,bus_4292,66.0,1.0104655210420763,1.0128544670191284,14,ac,105.0,-2167,-3336,-2134,-3081,"LINESTRING (-2167 -3336, -2134 -3081)"
bus_4123-bus_4292-i_Dec14_line_4123_to_4292_1_dec,1575,bus_4123,66.0,1.0006019692503627,1.016343278966448,13,994,bus_4292,66.0,1.0104655210420763,1.0128544670191284,14,ac,131.0,-2190,-2878,-2134,-3081,"LINESTRING (-2190 -2878, -2134 -3081)"
bus_3543-bus_3560-i_line_3543_to_3560_1_cp,139,bus_3543,275.0,-0.21755697394688514,1.063932517287146,11,995,bus_3560,275.0,-0.17499869710401758,1.0536492981037135,11,ac,704.0,-685,3675,-587,3475,"LINESTRING (-685 3675, -587 3475)"
bus_1179-bus_1428-i_line_1179_to_1429_1_cp,63,bus_1179,132.0,-0.1317282013205184,1.0943207795242897,2,998,bus_1428,132.0,-0.21742109577844285,1.051043965891738,2,ac,153.0,398,-61,156,-160,"LINESTRING (398 -61, 156 -160)"
bus_1200-bus_1428-i_line_1200_to_1429_1_cp,364,bus_1200,132.0,-0.1374996212596494,1.092167641837969,2,998,bus_1428,132.0,-0.21742109577844285,1.051043965891738,2,ac,106.0,528,-55,156,-160,"LINESTRING (528 -55, 156 -160)"
bus_1400-bus_1428-i_line_1400_to_1429_1_cp,655,bus_1400,132.0,-0.2060262600862803,1.0543865447246685,2,998,bus_1428,132.0,-0.21742109577844285,1.051043965891738,2,ac,115.99999999999999,194,-324,156,-160,"LINESTRING (194 -324, 156 -160)"
bus_1205-bus_1428-i_line_1205_to_1487_1_cp_merged_with_line_1429_to_1487_1_cp,1971,bus_1205,132.0,-0.15197677827898076,1.071966265280852,2,998,bus_1428,132.0,-0.21742109577844285,1.051043965891738,2,ac,144.0,141,-289,156,-160,"LINESTRING (141 -289, 156 -160)"
bus_4171-bus_4183-i_line_4171_to_4183_1_cp,253,bus_4171,132.0,0.9976959698073836,1.028262203181441,12,1000,bus_4183,132.0,0.98697856720662,1.038400619418652,12,ac,167.0,-2650,-1357,-2652,-1307,"LINESTRING (-2650 -1357, -2652 -1307)"
bus_4174-bus_4183-i_line_4174_to_4183_1_cp,1770,bus_4174,132.0,0.9822013397097696,1.0421660518071552,12,1000,bus_4183,132.0,0.98697856720662,1.038400619418652,12,ac,160.0,-2561,-1437,-2652,-1307,"LINESTRING (-2561 -1437, -2652 -1307)"
bus_2199-bus_2202-i_line_2199_to_2202_1_cp,245,bus_2199,500.0,-0.3330326234488831,1.0730997952876256,6,1004,bus_2202,500.0,-0.3298566772989217,1.0726186674619618,7,ac,1534.0,1007,-3430,721,-4255,"LINESTRING (1007 -3430, 721 -4255)"
bus_2199-bus_2202-i_line_2199_to_2202_2_cp,245,bus_2199,500.0,-0.3330326234488831,1.0730997952876256,6,1004,bus_2202,500.0,-0.3298566772989217,1.0726186674619618,7,ac,1498.0,1007,-3430,721,-4255,"LINESTRING (1007 -3430, 721 -4255)"
bus_2199-bus_2202-i_line_2199_to_2202_3_cp,245,bus_2199,500.0,-0.3330326234488831,1.0730997952876256,6,1004,bus_2202,500.0,-0.3298566772989217,1.0726186674619618,7,ac,1518.0,1007,-3430,721,-4255,"LINESTRING (1007 -3430, 721 -4255)"
bus_2206-bus_2202-i_connection V5,1535,bus_2206,500.0,-0.3824977575895341,1.06298,6,1004,bus_2202,500.0,-0.3298566772989217,1.0726186674619618,7,ac,1520.0,880,-3494,721,-4255,"LINESTRING (880 -3494, 721 -4255)"
bus_3080-bus_3189-i_line_3080_to_3189_1_cp,722,bus_3080,132.0,-0.4481852909603554,1.0536492981037135,8,1010,bus_3189,132.0,-0.4192916495594614,1.0206649884414536,8,ac,219.0,-1426,7042,-1369,7106,"LINESTRING (-1426 7042, -1369 7106)"
bus_3561-bus_3584-i_line_3561_to_3584_1_cp,849,bus_3561,275.0,-0.31434289447924096,1.0395799062155262,8,1012,bus_3584,275.0,-0.441972297324485,1.0536492981037135,8,ac,579.0,-1250,6362,-1503,6658,"LINESTRING (-1250 6362, -1503 6658)"
bus_3561-bus_3584-i_line_3561_to_3584_2_cp,849,bus_3561,275.0,-0.31434289447924096,1.0395799062155262,8,1012,bus_3584,275.0,-0.441972297324485,1.0536492981037135,8,ac,563.0,-1250,6362,-1503,6658,"LINESTRING (-1250 6362, -1503 6658)"
bus_3561-bus_3584-i_connection Q3,849,bus_3561,275.0,-0.31434289447924096,1.0395799062155262,8,1012,bus_3584,275.0,-0.441972297324485,1.0536492981037135,8,ac,800.0,-1250,6362,-1503,6658,"LINESTRING (-1250 6362, -1503 6658)"
bus_4132-bus_4343-i_line_4132_to_4343_1_cp,70,bus_4132,66.0,0.9808728677964996,1.0192262664937854,13,1016,bus_4343,66.0,0.9810269674543147,1.0172405712639765,13,ac,55.00000000000001,-2547,-2226,-2613,-2221,"LINESTRING (-2547 -2226, -2613 -2221)"
bus_4210-bus_4213-i_line_4210_to_4213_1_cp,33,bus_4210,132.0,0.843764031304218,0.9756478861167076,13,1018,bus_4213,132.0,0.7752382379487064,0.9574572494066086,14,ac,165.0,-1444,-1776,-1378,-1956,"LINESTRING (-1444 -1776, -1378 -1956)"
bus_1011-bus_1145-i_line_1095_to_1145_2_cp,581,bus_1011,330.0,-0.023814864991277357,1.0605,1,1022,bus_1145,330.0,-0.006458631039706832,1.027,2,ac,601.0,1491,2184,1363,1597,"LINESTRING (1491 2184, 1363 1597)"
bus_1011-bus_1145-i_line_1095_to_1145_1_cp,581,bus_1011,330.0,-0.023814864991277357,1.0605,1,1022,bus_1145,330.0,-0.006458631039706832,1.027,2,ac,689.0,1491,2184,1363,1597,"LINESTRING (1491 2184, 1363 1597)"
bus_1115-bus_1145-i_line_1115_to_1145_1_cp,712,bus_1115,330.0,0.048288859549572134,1.0494051462123728,2,1022,bus_1145,330.0,-0.006458631039706832,1.027,2,ac,649.0,1161,1128,1363,1597,"LINESTRING (1161 1128, 1363 1597)"
bus_1126-bus_1145-i_line_1126_to_1145_1_cp,1173,bus_1126,330.0,0.033815200933263935,1.0493236826675787,2,1022,bus_1145,330.0,-0.006458631039706832,1.027,2,ac,644.0,1335,1359,1363,1597,"LINESTRING (1335 1359, 1363 1597)"
bus_4197-bus_4198-i_line_4197_to_4198_1_cp,715,bus_4197,132.0,0.9568911712406211,1.0563080960677163,12,1025,bus_4198,132.0,0.9714025962108668,1.0584828120624081,12,ac,119.0,-2609,-831,-2700,-678,"LINESTRING (-2609 -831, -2700 -678)"
bus_2096-bus_2280-i_line_2096_to_2280_1_cp,231,bus_2096,66.0,-0.15300653889846536,1.1204130049304288,6,1028,bus_2280,66.0,-0.36690040909897714,1.0195094263529696,6,ac,72.0,144,-4164,149,-4060,"LINESTRING (144 -4164, 149 -4060)"
bus_2219-bus_2280-i_line_2219_to_2280_1_cp,1670,bus_2219,66.0,-0.3817702210183024,1.0060839189527784,6,1028,bus_2280,66.0,-0.36690040909897714,1.0195094263529696,6,ac,85.0,120,-4188,149,-4060,"LINESTRING (120 -4188, 149 -4060)"
bus_1396-bus_1456-i_line_1396_to_1456_1_cp,1408,bus_1396,132.0,-0.02425101749319196,1.0612120989690004,2,1037,bus_1456,132.0,-0.06372608038222251,1.0337336888808484,2,ac,229.0,1641,1447,1663,1434,"LINESTRING (1641 1447, 1663 1434)"
bus_1182-bus_1456-i_line_1182_to_1456_1_cp,1568,bus_1182,132.0,-0.005347379626382377,1.0732977647457633,2,1037,bus_1456,132.0,-0.06372608038222251,1.0337336888808484,2,ac,220.00000000000003,1536,1414,1663,1434,"LINESTRING (1536 1414, 1663 1434)"
bus_1454-bus_1456-i_line_1454_to_1456_1_cp,1721,bus_1454,132.0,-0.06394772473695619,1.0347145566850813,2,1037,bus_1456,132.0,-0.06372608038222251,1.0337336888808484,2,ac,188.0,1758,1455,1663,1434,"LINESTRING (1758 1455, 1663 1434)"
bus_1200-bus_1333-i_line_1200_to_1333_1_cp,364,bus_1200,132.0,-0.1374996212596494,1.092167641837969,2,1040,bus_1333,132.0,-0.20299096238405112,1.0702547470186137,2,ac,168.0,528,-55,735,61,"LINESTRING (528 -55, 735 61)"
bus_3002-bus_3262-i_line_3063_to_3262_1_cp,1547,bus_3002,132.0,-0.30299812811186555,1.0536492981037135,8,1049,bus_3262,132.0,-0.31316762083414745,1.0203616121529038,8,ac,173.0,-1218,5893,-1234,5910,"LINESTRING (-1218 5893, -1234 5910)"
bus_1206-bus_1296-i_line_1206_to_1296_2_cp,1393,bus_1206,132.0,-0.05726013330064809,1.091969904926538,4,1050,bus_1296,132.0,-0.13078162065502197,1.08252260319495,4,ac,143.0,867,-1329,629,-1107,"LINESTRING (867 -1329, 629 -1107)"
bus_1206-bus_1296-i_line_1206_to_1296_1_cp,1393,bus_1206,132.0,-0.05726013330064809,1.091969904926538,4,1050,bus_1296,132.0,-0.13078162065502197,1.08252260319495,4,ac,141.0,867,-1329,629,-1107,"LINESTRING (867 -1329, 629 -1107)"
bus_1183-bus_1257-i_line_1183_to_1424_1_cp,169,bus_1183,132.0,-0.21727407253276435,1.070879306516803,1,1051,bus_1257,132.0,-0.22798062506222286,1.065104816321454,1,ac,180.0,820,1294,731,1347,"LINESTRING (820 1294, 731 1347)"
bus_1183-bus_1257-i_line_1183_to_1257_1_cp,169,bus_1183,132.0,-0.21727407253276435,1.070879306516803,1,1051,bus_1257,132.0,-0.22798062506222286,1.065104816321454,1,ac,176.0,820,1294,731,1347,"LINESTRING (820 1294, 731 1347)"
bus_1239-bus_1257-i_line_1239_to_1424_1_cp,506,bus_1239,132.0,-0.23834140528216413,1.0593811098673116,1,1051,bus_1257,132.0,-0.22798062506222286,1.065104816321454,1,ac,200.0,380,1278,731,1347,"LINESTRING (380 1278, 731 1347)"
bus_1302-bus_1257-i_line_1302_to_1424_1_cp,1626,bus_1302,132.0,-0.22798720016492388,1.065136001688868,1,1051,bus_1257,132.0,-0.22798062506222286,1.065104816321454,1,ac,192.0,565,1391,731,1347,"LINESTRING (565 1391, 731 1347)"
bus_1256-bus_1423-i_line_1256_to_1423_1_cp,181,bus_1256,132.0,-0.08996723684232219,1.053121919264955,1,1062,bus_1423,132.0,-0.08740886836166363,1.0625991312091854,1,ac,112.99999999999999,1914,1815,1832,1817,"LINESTRING (1914 1815, 1832 1817)"
bus_1192-bus_1423-i_line_1192_to_1423_1_cp,971,bus_1192,132.0,-0.040990597484422624,1.0547818849473294,1,1062,bus_1423,132.0,-0.08740886836166363,1.0625991312091854,1,ac,149.0,1626,1705,1832,1817,"LINESTRING (1626 1705, 1832 1817)"
bus_1402-bus_1423-i_line_1402_to_1423_1_cp,1554,bus_1402,132.0,-0.01502046566794175,1.0755541911285893,1,1062,bus_1423,132.0,-0.08740886836166363,1.0625991312091854,1,ac,119.0,1986,1943,1832,1817,"LINESTRING (1986 1943, 1832 1817)"
bus_4238-bus_4240-i_line_4239_to_4240_1_cp,1787,bus_4238,66.0,0.9927309664793972,1.0287121183508314,13,1065,bus_4240,66.0,0.9843869431635995,1.02314491412983,13,ac,80.0,-2202,-2504,-2397,-2645,"LINESTRING (-2202 -2504, -2397 -2645)"
bus_4038-bus_4240-i_line_4237_to_4240_1_cp,1898,bus_4038,66.0,0.9836521077075935,1.0227210926830632,13,1065,bus_4240,66.0,0.9843869431635995,1.02314491412983,13,ac,112.99999999999999,-2644,-2675,-2397,-2645,"LINESTRING (-2644 -2675, -2397 -2645)"
bus_1166-bus_1300-i_line_1166_to_1300_1_cp,1530,bus_1166,132.0,-0.15388649442783062,1.0096867938067169,3,1066,bus_1300,132.0,-0.15429123118210036,1.010781731222912,3,ac,141.0,1073,-728,1103,-805,"LINESTRING (1073 -728, 1103 -805)"
bus_3024-bus_3261-i_line_3024_to_3261_1_cp,241,bus_3024,132.0,-0.03861944463385232,1.066921175907334,9,1068,bus_3261,132.0,-0.043388084203523525,1.0732823088657244,9,ac,115.99999999999999,120,3768,405,3966,"LINESTRING (120 3768, 405 3966)"
bus_3024-bus_3261-i_line_3024_to_3261_2_cp,241,bus_3024,132.0,-0.03861944463385232,1.066921175907334,9,1068,bus_3261,132.0,-0.043388084203523525,1.0732823088657244,9,ac,112.00000000000001,120,3768,405,3966,"LINESTRING (120 3768, 405 3966)"
bus_3137-bus_3261-i_line_3137_to_3261_1_cp,1767,bus_3137,132.0,-0.12109129924711577,1.051553448719974,9,1068,bus_3261,132.0,-0.043388084203523525,1.0732823088657244,9,ac,115.99999999999999,493,4108,405,3966,"LINESTRING (493 4108, 405 3966)"
bus_3137-bus_3261-i_line_3137_to_3261_2_cp,1767,bus_3137,132.0,-0.12109129924711577,1.051553448719974,9,1068,bus_3261,132.0,-0.043388084203523525,1.0732823088657244,9,ac,113.99999999999999,493,4108,405,3966,"LINESTRING (493 4108, 405 3966)"
bus_5122-bus_5113-i_line_5122_to_5129_1_cp,958,bus_5122,110.0,-0.18826024900070848,1.0116493817519834,15,1070,bus_5113,110.0,-0.18690187424676435,1.0112838829085105,15,ac,249.00000000000003,507,-5712,830,-5662,"LINESTRING (507 -5712, 830 -5662)"
bus_5070-bus_5127-i_line_5070_to_5127_1_cp,1015,bus_5070,110.0,-0.3189297041618565,1.0597874705048207,15,1071,bus_5127,110.0,-0.3191701840826492,1.0598109422245139,15,ac,100.0,778,-5332,708,-5350,"LINESTRING (778 -5332, 708 -5350)"
bus_1027-bus_1358-i_line_1027_to_1358_1_cp,1893,bus_1027,132.0,-0.03777301017068343,1.02449,1,1077,bus_1358,132.0,-0.05497661093584689,1.027,1,ac,135.0,2751,2808,2877,2867,"LINESTRING (2751 2808, 2877 2867)"
bus_1100-bus_1133-i_line_1100_to_1133_1_cp,1513,bus_1100,330.0,0.05227586015460014,1.0513100880147348,2,1093,bus_1133,330.0,-0.23844067300055816,1.027,2,ac,753.0,910,619,824,420,"LINESTRING (910 619, 824 420)"
bus_4202-bus_4212-i_line_4202_to_4212_1_cp,623,bus_4202,132.0,0.9121406932842294,1.0039651925975015,13,1096,bus_4212,132.0,0.8814672283022017,0.9901377264870332,13,ac,211.0,-1611,-2026,-1560,-1923,"LINESTRING (-1611 -2026, -1560 -1923)"
bus_4211-bus_4212-i_line_4211_to_4212_1_cp,1875,bus_4211,132.0,0.8515084822106441,0.9782700329085028,13,1096,bus_4212,132.0,0.8814672283022017,0.9901377264870332,13,ac,204.0,-1506,-1837,-1560,-1923,"LINESTRING (-1506 -1837, -1560 -1923)"
bus_1591-bus_1648-i_line_1591_to_1648_1_cp,742,bus_1591,66.0,-0.14376613886863815,1.0573916166032837,1,1099,bus_1648,66.0,-0.15589908763268479,1.0477679901682777,1,ac,48.0,2140,2475,2236,2578,"LINESTRING (2140 2475, 2236 2578)"
bus_1579-bus_1648-i_line_1579_to_1648_1_cp,1749,bus_1579,66.0,-0.1562365038635162,1.0482866986182127,1,1099,bus_1648,66.0,-0.15589908763268479,1.0477679901682777,1,ac,49.0,2310,2653,2236,2578,"LINESTRING (2310 2653, 2236 2578)"
bus_2143-bus_2187-i_line_2135_to_2187_2_cp,710,bus_2143,220.0,-0.3000297845628856,1.0840868875772816,7,1100,bus_2187,220.0,-0.27382739858321536,1.0887409736822922,7,ac,416.0,1253,-4202,1189,-3799,"LINESTRING (1253 -4202, 1189 -3799)"
bus_1404-bus_1184-i_line_1404_to_1443_2_cp,1111,bus_1404,132.0,-0.2781440724070406,1.034263363501135,3,1101,bus_1184,132.0,-0.27812328350062254,1.0342019329350338,3,ac,147.0,1160,345,966,371,"LINESTRING (1160 345, 966 371)"
bus_1346-bus_1184-i_line_1346_to_1443_1_cp,1431,bus_1346,132.0,-0.2782743044369765,1.0346409919817283,3,1101,bus_1184,132.0,-0.27812328350062254,1.0342019329350338,3,ac,145.0,1167,325,966,371,"LINESTRING (1167 325, 966 371)"
bus_1405-bus_1184-i_line_1405_to_1443_1_cp,1841,bus_1405,132.0,-0.2781446214406633,1.034259722078723,3,1101,bus_1184,132.0,-0.27812328350062254,1.0342019329350338,3,ac,139.0,1172,304,966,371,"LINESTRING (1172 304, 966 371)"
bus_1260-bus_1261-i_line_1260_to_1261_1_cp,41,bus_1260,132.0,-0.3608115806498309,1.06298,2,1102,bus_1261,132.0,-0.35736385280926297,1.0486014155249561,2,ac,220.00000000000003,359,712,323,829,"LINESTRING (359 712, 323 829)"
bus_2210-bus_2252-i_line_2210_to_2252_1_cp,275,bus_2210,66.0,-0.4735283819392949,1.0522673135079084,6,1103,bus_2252,66.0,-0.48547527381827343,1.0449263406708102,6,ac,89.0,430,-4263,416,-4320,"LINESTRING (430 -4263, 416 -4320)"
bus_2221-bus_2252-i_line_2221_to_2252_1_cp,1323,bus_2221,66.0,-0.48014108841183734,1.047832513684495,6,1103,bus_2252,66.0,-0.48547527381827343,1.0449263406708102,6,ac,90.0,411,-4225,416,-4320,"LINESTRING (411 -4225, 416 -4320)"
bus_4266-bus_4273-i_line_4266_to_4273_1_cp,6,bus_4266,66.0,1.005219776076628,1.0202665614864552,14,1106,bus_4273,66.0,1.0021150508516676,1.0186033177045672,14,ac,118.0,-2234,-3018,-2347,-3142,"LINESTRING (-2234 -3018, -2347 -3142)"
bus_4266-bus_4273-i_line_4266_to_4273_2_cp,6,bus_4266,66.0,1.005219776076628,1.0202665614864552,14,1106,bus_4273,66.0,1.0021150508516676,1.0186033177045672,14,ac,113.99999999999999,-2234,-3018,-2347,-3142,"LINESTRING (-2234 -3018, -2347 -3142)"
bus_1172-bus_1249-i_line_1172_to_1249_1_cp,211,bus_1172,132.0,-0.11718100369776445,1.0615383133719858,4,1108,bus_1249,132.0,-0.1301059274575416,1.0585682295398733,4,ac,241.0,1175,-2112,1098,-2068,"LINESTRING (1175 -2112, 1098 -2068)"
bus_1229-bus_1249-i_line_1229_to_1249_1_cp,1481,bus_1229,132.0,-0.11385777138280945,1.0621143417689953,4,1108,bus_1249,132.0,-0.1301059274575416,1.0585682295398733,4,ac,148.0,1022,-1940,1098,-2068,"LINESTRING (1022 -1940, 1098 -2068)"
bus_1247-bus_1249-i_line_1247_to_1249_1_cp,1856,bus_1247,132.0,-0.13511313795717161,1.0589883265490898,4,1108,bus_1249,132.0,-0.1301059274575416,1.0585682295398733,4,ac,234.0,1128,-2184,1098,-2068,"LINESTRING (1128 -2184, 1098 -2068)"
bus_2105-bus_2108-i_line_2105_to_2108_1_cp,535,bus_2105,220.0,-0.3216407682288247,1.0446811005842624,6,1109,bus_2108,220.0,-0.30855637461874924,1.0532988022902285,6,ac,385.0,264,-3628,380,-3402,"LINESTRING (264 -3628, 380 -3402)"
bus_1061-bus_1267-i_line_1061_to_1267_1_cp,1058,bus_1061,132.0,-0.01643488376615046,1.0655296844739026,4,1113,bus_1267,132.0,0.011015602901133263,1.0714597174579557,4,ac,141.0,970,-1623,1034,-1680,"LINESTRING (970 -1623, 1034 -1680)"
bus_1238-bus_2102-i_line_1238_to_2102_1_cp,719,bus_1238,132.0,0.17299246243765617,1.0699856073119436,4,1118,bus_2102,132.0,0.1357190418323417,1.051081779785911,4,ac,146.0,1931,-1833,855,-1853,"LINESTRING (1931 -1833, 855 -1853)"
bus_1093-bus_1138-i_line_1093_to_1138_1_cp,532,bus_1093,330.0,-0.21074201642209472,1.0519109370979751,2,1125,bus_1138,330.0,-0.2691346021583173,1.027,2,ac,793.0,703,45,597,315,"LINESTRING (703 45, 597 315)"
bus_1134-bus_1138-i_line_1134_to_1138_1_cp,1017,bus_1134,330.0,-0.28730544847889367,1.0534405106276676,2,1125,bus_1138,330.0,-0.2691346021583173,1.027,2,ac,772.0,406,416,597,315,"LINESTRING (406 416, 597 315)"
bus_1134-bus_1138-i_line_1134_to_1138_2_cp,1017,bus_1134,330.0,-0.28730544847889367,1.0534405106276676,2,1125,bus_1138,330.0,-0.2691346021583173,1.027,2,ac,785.0,406,416,597,315,"LINESTRING (406 416, 597 315)"
bus_5060-bus_5061-i_line_5060_to_5061_1_cp,141,bus_5060,110.0,-0.10294791397658118,1.0634906592100215,15,1126,bus_5061,110.0,-0.1652110307372224,1.0617945991497972,15,ac,91.0,1696,-5591,1590,-5552,"LINESTRING (1696 -5591, 1590 -5552)"
bus_5059-bus_5061-i_line_5059_to_5061_1_cp,432,bus_5059,110.0,-0.07137832225962654,1.0707207414411477,15,1126,bus_5061,110.0,-0.1652110307372224,1.0617945991497972,15,ac,93.0,1761,-5608,1590,-5552,"LINESTRING (1761 -5608, 1590 -5552)"
bus_3048-bus_3229-i_line_3048_to_3229_1_cp,721,bus_3048,110.0,-0.3238866979276004,1.0509966548871377,11,1128,bus_3229,110.0,-0.3200582001961344,1.0483283673645178,11,ac,134.0,-553,3019,-635,3096,"LINESTRING (-553 3019, -635 3096)"
bus_1344-bus_1373-i_line_1344_to_1373_2_cp,354,bus_1344,132.0,-0.34579864441912406,1.0522266456629525,3,1129,bus_1373,132.0,-0.3454849401276775,1.0531420820519946,3,ac,124.0,1490,-430,1380,-431,"LINESTRING (1490 -430, 1380 -431)"
bus_1221-bus_1373-i_line_1221_to_1373_2_cp,672,bus_1221,132.0,-0.34507022496036965,1.0537315637342075,3,1129,bus_1373,132.0,-0.3454849401276775,1.0531420820519946,3,ac,125.0,1237,-445,1380,-431,"LINESTRING (1237 -445, 1380 -431)"
bus_4215-bus_4217-i_line_4215_to_4217_1_cp,226,bus_4215,132.0,0.4949805948195266,0.947835938571247,14,1134,bus_4217,132.0,0.2978692109296265,0.9944903180058045,14,ac,210.0,-1229,-2017,-1094,-2136,"LINESTRING (-1229 -2017, -1094 -2136)"
bus_3010-bus_3475-i_line_3010_to_3475_1_cp,326,bus_3010,132.0,-0.24859414887949116,1.0543770831916222,9,1135,bus_3475,132.0,-0.21264502940860877,1.0622837476921587,9,ac,143.0,-1345,4055,-1177,4045,"LINESTRING (-1345 4055, -1177 4045)"
bus_3173-bus_3475-i_line_3173_to_3475_1_cp,932,bus_3173,132.0,-0.21362297170992217,1.064295624205293,9,1135,bus_3475,132.0,-0.21264502940860877,1.0622837476921587,9,ac,141.0,-1258,4095,-1177,4045,"LINESTRING (-1258 4095, -1177 4045)"
bus_3009-bus_3475-i_line_3009_to_3475_2_cp,1110,bus_3009,132.0,-0.25239025567277246,1.0540161157663555,9,1135,bus_3475,132.0,-0.21264502940860877,1.0622837476921587,9,ac,144.0,-1313,4068,-1177,4045,"LINESTRING (-1313 4068, -1177 4045)"
bus_3021-bus_3475-i_line_3021_to_3475_1_cp,1981,bus_3021,132.0,-0.21378374408812065,1.061861196651891,9,1135,bus_3475,132.0,-0.21264502940860877,1.0622837476921587,9,ac,138.0,-1296,4156,-1177,4045,"LINESTRING (-1296 4156, -1177 4045)"
bus_3021-bus_3475-i_line_3021_to_3475_2_cp,1981,bus_3021,132.0,-0.21378374408812065,1.061861196651891,9,1135,bus_3475,132.0,-0.21264502940860877,1.0622837476921587,9,ac,138.0,-1296,4156,-1177,4045,"LINESTRING (-1296 4156, -1177 4045)"
bus_5143-bus_5149-i_line_5143_to_5149_1_cp,5,bus_5143,220.0,-0.07246587651234816,1.093081832864612,15,1137,bus_5149,220.0,-0.1714518391601471,1.0764297233015838,15,ac,448.00000000000006,1008,-5612,1155,-5495,"LINESTRING (1008 -5612, 1155 -5495)"
bus_5143-bus_5149-i_line_5143_to_5149_2_cp,5,bus_5143,220.0,-0.07246587651234816,1.093081832864612,15,1137,bus_5149,220.0,-0.1714518391601471,1.0764297233015838,15,ac,470.0,1008,-5612,1155,-5495,"LINESTRING (1008 -5612, 1155 -5495)"
bus_5144-bus_5149-i_line_5144_to_5149_1_cp,1436,bus_5144,220.0,-0.1517887755538773,1.01403,15,1137,bus_5149,220.0,-0.1714518391601471,1.0764297233015838,15,ac,370.0,1222,-5533,1155,-5495,"LINESTRING (1222 -5533, 1155 -5495)"
bus_5147-bus_5149-i_line_5147_to_5149_1_cp,1832,bus_5147,220.0,-0.17156679447967066,1.0770504062583346,15,1137,bus_5149,220.0,-0.1714518391601471,1.0764297233015838,15,ac,344.0,1079,-5510,1155,-5495,"LINESTRING (1079 -5510, 1155 -5495)"
bus_1115-bus_1146-i_line_1115_to_1146_1_cp,712,bus_1115,330.0,0.048288859549572134,1.0494051462123728,2,1139,bus_1146,330.0,-0.15960580598924423,1.0214714201449313,2,ac,809.0,1161,1128,1058,1182,"LINESTRING (1161 1128, 1058 1182)"
bus_1132-bus_1146-i_line_1132_to_1146_2_cp,1815,bus_1132,330.0,-0.14359099617277354,1.0270742507729493,2,1139,bus_1146,330.0,-0.15960580598924423,1.0214714201449313,2,ac,757.0,897,993,1058,1182,"LINESTRING (897 993, 1058 1182)"
bus_1132-bus_1146-i_line_1132_to_1146_1_cp,1815,bus_1132,330.0,-0.14359099617277354,1.0270742507729493,2,1139,bus_1146,330.0,-0.15960580598924423,1.0214714201449313,2,ac,760.0,897,993,1058,1182,"LINESTRING (897 993, 1058 1182)"
bus_4104-bus_4106-i_line_4104_to_4106_1_cp,991,bus_4104,275.0,1.057858827814991,1.0613580423295144,13,1142,bus_4106,275.0,1.0849880325411756,1.0566120252468494,13,ac,535.0,-2402,-1656,-2633,-1576,"LINESTRING (-2402 -1656, -2633 -1576)"
bus_4096-bus_4152-i_line_4102_to_4152_1_cp,560,bus_4096,33.0,0.4371968768607294,1.0997127122136223,14,1143,bus_4152,33.0,0.43718649107225555,1.1000000105599579,14,ac,138.0,-929,-3281,-912,-3273,"LINESTRING (-929 -3281, -912 -3273)"
bus_3163-bus_3385-i_line_3163_to_3385_1_cp,168,bus_3163,110.0,-0.34499324436588796,1.0397419610250982,11,1144,bus_3385,110.0,-0.34319283369703096,1.0380728973350946,11,ac,112.00000000000001,-544,2719,-496,2609,"LINESTRING (-544 2719, -496 2609)"
bus_3615-bus_3616-i_line_3615_to_3616_1_cp,48,bus_3615,275.0,-0.025526222709618678,1.0805926920813815,10,1145,bus_3616,275.0,0.007688700972206786,1.0836011352729735,10,ac,739.0,621,3932,568,3851,"LINESTRING (621 3932, 568 3851)"
bus_3607-bus_3616-i_line_3607_to_3616_1_cp,1307,bus_3607,275.0,0.025085707204655285,1.0839592967634086,10,1145,bus_3616,275.0,0.007688700972206786,1.0836011352729735,10,ac,711.0,380,3765,568,3851,"LINESTRING (380 3765, 568 3851)"
bus_2190-bus_2191-i_line_2190_to_2191_1_cp,692,bus_2190,330.0,-0.10446675056256104,1.041585196335417,5,1146,bus_2191,330.0,0.029714745652925142,1.040615526705547,5,ac,702.0,736,-2406,740,-1889,"LINESTRING (736 -2406, 740 -1889)"
bus_2190-bus_2191-i_line_2190_to_2191_2_cp,692,bus_2190,330.0,-0.10446675056256104,1.041585196335417,5,1146,bus_2191,330.0,0.029714745652925142,1.040615526705547,5,ac,646.0,736,-2406,740,-1889,"LINESTRING (736 -2406, 740 -1889)"
bus_1148-bus_2191-i_line_1148_to_2191_1_cp,793,bus_1148,330.0,0.05735560826465595,1.0363754704524413,4,1146,bus_2191,330.0,0.029714745652925142,1.040615526705547,5,ac,707.0,1369,-1490,740,-1889,"LINESTRING (1369 -1490, 740 -1889)"
bus_1118-bus_2191-i_line_1118_to_2191_1_cp,1719,bus_1118,330.0,0.07562057907539745,1.0337184759326778,4,1146,bus_2191,330.0,0.029714745652925142,1.040615526705547,5,ac,645.0,1300,-1557,740,-1889,"LINESTRING (1300 -1557, 740 -1889)"
bus_3593-bus_3595-i_line_3593_to_3595_1_cp,306,bus_3593,275.0,-0.2006274409651271,1.0610454520109465,11,1147,bus_3595,275.0,-0.22385299857682175,1.0644798369063324,11,ac,535.0,-613,3347,-702,3207,"LINESTRING (-613 3347, -702 3207)"
bus_3545-bus_3595-i_line_3545_to_3595_1_cp,1327,bus_3545,275.0,-0.2546502267785985,1.0639368339734927,11,1147,bus_3595,275.0,-0.22385299857682175,1.0644798369063324,11,ac,499.0,-600,3049,-702,3207,"LINESTRING (-600 3049, -702 3207)"
bus_5103-bus_5104-i_line_5103_to_5104_1_cp,1813,bus_5103,110.0,-0.11631195532986936,1.0278241149202663,15,1149,bus_5104,110.0,-0.11957916178998815,1.0239558177965575,15,ac,63.0,796,-6353,745,-6429,"LINESTRING (796 -6353, 745 -6429)"
bus_5101-bus_5102-i_line_5101_to_5102_2_cp,112,bus_5101,110.0,-0.1170001399030742,1.0271869016938635,15,1151,bus_5102,110.0,-0.1162282949593965,1.027277917610787,15,ac,121.0,715,-6409,790,-6368,"LINESTRING (715 -6409, 790 -6368)"
bus_5090-bus_5102-i_line_5090_to_5102_2_cp,1463,bus_5090,110.0,-0.10990753844575163,1.0312378460363154,15,1151,bus_5102,110.0,-0.1162282949593965,1.027277917610787,15,ac,120.0,898,-6262,790,-6368,"LINESTRING (898 -6262, 790 -6368)"
bus_1164-bus_1026-i_line_1164_to_1637_1_cp,205,bus_1164,132.0,-0.12130479874319865,1.0788083881422366,1,1154,bus_1026,132.0,-0.10196276694343231,1.0737695234199485,1,ac,144.0,1958,2291,1948,2390,"LINESTRING (1958 2291, 1948 2390)"
bus_1159-bus_1026-i_line_1159_to_1637_1_cp,1336,bus_1159,132.0,-0.046704329407300134,1.027,1,1154,bus_1026,132.0,-0.10196276694343231,1.0737695234199485,1,ac,153.0,1823,2202,1948,2390,"LINESTRING (1823 2202, 1948 2390)"
bus_5095-bus_5131-i_line_5095_to_5131_1_cp,525,bus_5095,110.0,-0.12373896079375657,1.028762437464582,15,1162,bus_5131,110.0,-0.12549708212271232,1.0283890427151448,15,ac,169.0,1111,-6098,1251,-6104,"LINESTRING (1111 -6098, 1251 -6104)"
bus_5097-bus_5131-i_line_5097_to_5131_1_cp,1232,bus_5097,110.0,-0.12592097638047686,1.0283312542285763,15,1162,bus_5131,110.0,-0.12549708212271232,1.0283890427151448,15,ac,162.0,1355,-6119,1251,-6104,"LINESTRING (1355 -6119, 1251 -6104)"
bus_3180-bus_3329-i_line_3182_to_3523_1_cp,215,bus_3180,132.0,-0.5136136818039341,1.0097701103487726,8,1164,bus_3329,132.0,-0.5117647967699998,1.0215757674662667,8,ac,204.0,-1556,7407,-1687,7268,"LINESTRING (-1556 7407, -1687 7268)"
bus_3144-bus_3329-i_line_3144_to_3523_1_cp,419,bus_3144,132.0,-0.5125523319954223,1.010177834037,8,1164,bus_3329,132.0,-0.5117647967699998,1.0215757674662667,8,ac,145.0,-1603,7237,-1687,7268,"LINESTRING (-1603 7237, -1687 7268)"
bus_3080-bus_3329-i_line_3080_to_3523_1_cp,722,bus_3080,132.0,-0.4481852909603554,1.0536492981037135,8,1164,bus_3329,132.0,-0.5117647967699998,1.0215757674662667,8,ac,259.0,-1426,7042,-1687,7268,"LINESTRING (-1426 7042, -1687 7268)"
bus_3089-bus_3329-i_line_3089_to_3523_2_cp,748,bus_3089,132.0,-0.5189813115455717,1.0071935857456387,8,1164,bus_3329,132.0,-0.5117647967699998,1.0215757674662667,8,ac,117.0,-1650,7315,-1687,7268,"LINESTRING (-1650 7315, -1687 7268)"
bus_3143-bus_3329-i_line_3143_to_3523_2_cp,1019,bus_3143,132.0,-0.512389673415454,1.0099004925632833,8,1164,bus_3329,132.0,-0.5117647967699998,1.0215757674662667,8,ac,141.0,-1621,7237,-1687,7268,"LINESTRING (-1621 7237, -1687 7268)"
bus_3088-bus_3329-i_line_3088_to_3523_1_cp,1439,bus_3088,132.0,-0.5174261322662729,1.0078148818397268,8,1164,bus_3329,132.0,-0.5117647967699998,1.0215757674662667,8,ac,112.99999999999999,-1732,7269,-1687,7268,"LINESTRING (-1732 7269, -1687 7268)"
bus_1195-bus_1430-i_line_1195_to_1430_1_cp,1391,bus_1195,132.0,-0.25753543345579133,1.06298,2,1165,bus_1430,132.0,-0.27397379575737707,1.0475880925641656,2,ac,219.0,349,757,243,911,"LINESTRING (349 757, 243 911)"
bus_1241-bus_1430-i_line_1241_to_1431_1_cp,1802,bus_1241,132.0,-0.23647593336990677,1.0604494131458382,2,1165,bus_1430,132.0,-0.27397379575737707,1.0475880925641656,2,ac,182.0,450,985,243,911,"LINESTRING (450 985, 243 911)"
bus_2125-bus_2169-i_line_2125_to_2169_1_cp,600,bus_2125,220.0,-0.29284412679544114,1.050101011763338,6,1168,bus_2169,220.0,-0.22395292857463298,1.0376979591526743,6,ac,378.0,504,-3172,629,-2952,"LINESTRING (504 -3172, 629 -2952)"
bus_2126-bus_2169-i_line_2126_to_2169_1_cp,1411,bus_2126,220.0,-0.17697794328349217,1.0488218667616225,6,1168,bus_2169,220.0,-0.22395292857463298,1.0376979591526743,6,ac,299.0,703,-2878,629,-2952,"LINESTRING (703 -2878, 629 -2952)"
bus_2126-bus_2169-i_line_2126_to_2169_2_cp,1411,bus_2126,220.0,-0.17697794328349217,1.0488218667616225,6,1168,bus_2169,220.0,-0.22395292857463298,1.0376979591526743,6,ac,310.0,703,-2878,629,-2952,"LINESTRING (703 -2878, 629 -2952)"
bus_2120-bus_2169-i_line_2120_to_2169_1_cp,1934,bus_2120,220.0,-0.10800405678141652,1.0732927597962678,6,1168,bus_2169,220.0,-0.22395292857463298,1.0376979591526743,6,ac,384.0,735,-2765,629,-2952,"LINESTRING (735 -2765, 629 -2952)"
bus_3314-bus_3315-i_line_3314_to_3315_2_cp,1933,bus_3314,110.0,-0.310279227572938,1.058326068356342,9,1169,bus_3315,110.0,-0.31250943652384333,1.056947740796655,9,ac,181.0,-852,4136,-890,4237,"LINESTRING (-852 4136, -890 4237)"
bus_4117-bus_4094-i_line_4117_to_4124_1_cp,280,bus_4117,275.0,0.9953587318476333,1.0585945060804445,13,1171,bus_4094,275.0,1.0117435992398853,1.0535789757876575,13,ac,540.0,-2144,-1797,-2143,-2100,"LINESTRING (-2144 -1797, -2143 -2100)"
bus_4112-bus_4094-i_Dec1_line_4112_to_4124_1_dec,402,bus_4112,275.0,1.037256255109364,1.052981098518803,13,1171,bus_4094,275.0,1.0117435992398853,1.0535789757876575,13,ac,690.0,-2004,-2596,-2143,-2100,"LINESTRING (-2004 -2596, -2143 -2100)"
bus_3516-bus_3628-i_line_3516_to_3628_1_cp,372,bus_3516,132.0,-0.46397696448211684,1.0051966808891655,8,1172,bus_3628,132.0,-0.46423099728099937,1.06298,8,ac,161.0,-1736,6747,-1863,6796,"LINESTRING (-1736 6747, -1863 6796)"
bus_1115-bus_1126-i_line_1115_to_1126_1_cp,712,bus_1115,330.0,0.048288859549572134,1.0494051462123728,2,1173,bus_1126,330.0,0.033815200933263935,1.0493236826675787,2,ac,655.0,1161,1128,1335,1359,"LINESTRING (1161 1128, 1335 1359)"
bus_4266-bus_4272-i_line_4266_to_4272_1_cp,6,bus_4266,66.0,1.005219776076628,1.0202665614864552,14,1178,bus_4272,66.0,1.0003842266771867,1.0185065085189273,14,ac,120.0,-2234,-3018,-2315,-3045,"LINESTRING (-2234 -3018, -2315 -3045)"
bus_1090-bus_1092-i_line_1090_to_1092_2_cp,1632,bus_1090,500.0,-0.06371891181174963,1.031940942245731,2,1179,bus_1092,500.0,-0.14202851303419461,1.0447066630930333,2,ac,1344.0,714,507,703,257,"LINESTRING (714 507, 703 257)"
bus_1090-bus_1092-i_line_1090_to_1092_1_cp,1632,bus_1090,500.0,-0.06371891181174963,1.031940942245731,2,1179,bus_1092,500.0,-0.14202851303419461,1.0447066630930333,2,ac,1342.0,714,507,703,257,"LINESTRING (714 507, 703 257)"
bus_1183-bus_1262-i_line_1183_to_1262_1_cp,169,bus_1183,132.0,-0.21727407253276435,1.070879306516803,1,1183,bus_1262,132.0,-0.21422045158311337,1.0728298104569711,1,ac,188.0,820,1294,991,1375,"LINESTRING (820 1294, 991 1375)"
bus_1193-bus_1262-i_line_1193_to_1262_1_cp,1273,bus_1193,132.0,-0.20136299261574386,1.0817086441614856,1,1183,bus_1262,132.0,-0.21422045158311337,1.0728298104569711,1,ac,196.0,1179,1409,991,1375,"LINESTRING (1179 1409, 991 1375)"
bus_1193-bus_1262-i_line_1193_to_1262_2_cp,1273,bus_1193,132.0,-0.20136299261574386,1.0817086441614856,1,1183,bus_1262,132.0,-0.21422045158311337,1.0728298104569711,1,ac,191.0,1179,1409,991,1375,"LINESTRING (1179 1409, 991 1375)"
bus_4319-bus_4321-i_line_4319_to_4321_1_cp,511,bus_4319,66.0,0.9757673385505338,1.0582325137790083,13,1190,bus_4321,66.0,0.9747143365935771,1.0650803808057347,13,ac,112.99999999999999,-1827,-2251,-1880,-2134,"LINESTRING (-1827 -2251, -1880 -2134)"
bus_3117-bus_3120-i_line_3117_to_3120_1_cp,1691,bus_3117,132.0,-0.20234384854958348,1.0629297429539857,9,1195,bus_3120,132.0,-0.18150246074511042,1.0837223132049518,9,ac,120.0,-470,5484,-535,5511,"LINESTRING (-470 5484, -535 5511)"
bus_1190-bus_1451-i_line_1190_to_1451_1_cp,779,bus_1190,132.0,-0.33837999421331977,1.0585463079025563,2,1200,bus_1451,132.0,-0.34151784501855076,1.0579688202080657,2,ac,196.0,529,439,545,492,"LINESTRING (529 439, 545 492)"
bus_5104-bus_5106-i_line_5104_to_5106_1_cp,1149,bus_5104,110.0,-0.11957916178998815,1.0239558177965575,15,1204,bus_5106,110.0,-0.12207029134039833,1.021632706036772,15,ac,59.0,745,-6429,715,-6468,"LINESTRING (745 -6429, 715 -6468)"
bus_5102-bus_5106-i_line_5102_to_5106_1_cp,1151,bus_5102,110.0,-0.1162282949593965,1.027277917610787,15,1204,bus_5106,110.0,-0.12207029134039833,1.021632706036772,15,ac,121.0,790,-6368,715,-6468,"LINESTRING (790 -6368, 715 -6468)"
bus_3593-bus_3601-i_line_3593_to_3610_1_cp,306,bus_3593,275.0,-0.2006274409651271,1.0610454520109465,11,1208,bus_3601,275.0,-0.21850980167216227,1.0536492981037135,11,ac,697.0,-613,3347,-747,2974,"LINESTRING (-613 3347, -747 2974)"
bus_3589-bus_3601-i_line_3589_to_3610_2_cp,340,bus_3589,275.0,-0.22385478203744993,1.0648617155123072,11,1208,bus_3601,275.0,-0.21850980167216227,1.0536492981037135,11,ac,686.0,-744,2835,-747,2974,"LINESTRING (-744 2835, -747 2974)"
bus_3589-bus_3601-i_line_3589_to_3601_1_cp,340,bus_3589,275.0,-0.22385478203744993,1.0648617155123072,11,1208,bus_3601,275.0,-0.21850980167216227,1.0536492981037135,11,ac,611.0,-744,2835,-747,2974,"LINESTRING (-744 2835, -747 2974)"
bus_3589-bus_3601-i_line_3589_to_3610_1_cp,340,bus_3589,275.0,-0.22385478203744993,1.0648617155123072,11,1208,bus_3601,275.0,-0.21850980167216227,1.0536492981037135,11,ac,708.0,-744,2835,-747,2974,"LINESTRING (-744 2835, -747 2974)"
bus_3605-bus_3601-i_line_3605_to_3610_2_cp,1261,bus_3605,275.0,-0.20865533284368243,1.0682313528420821,11,1208,bus_3601,275.0,-0.21850980167216227,1.0536492981037135,11,ac,729.0,-757,3287,-747,2974,"LINESTRING (-757 3287, -747 2974)"
bus_1146-bus_1153-i_line_1146_to_1153_1_cp,1139,bus_1146,330.0,-0.15960580598924423,1.0214714201449313,2,1212,bus_1153,330.0,-0.15552901470399155,1.0227194903791172,2,ac,764.0,1058,1182,997,1100,"LINESTRING (1058 1182, 997 1100)"
bus_1132-bus_1153-i_line_1132_to_1153_1_cp,1815,bus_1132,330.0,-0.14359099617277354,1.0270742507729493,2,1212,bus_1153,330.0,-0.15552901470399155,1.0227194903791172,2,ac,758.0,897,993,997,1100,"LINESTRING (897 993, 997 1100)"
bus_1179-bus_1263-i_line_1179_to_1329_1_cp_merged_with_line_1329_to_1407_1_cp_merged_with_line_1263_to_1407_1_cp,63,bus_1179,132.0,-0.1317282013205184,1.0943207795242897,2,1214,bus_1263,132.0,-0.20562655348684497,1.0668448946871865,2,ac,145.0,398,-61,89,-202,"LINESTRING (398 -61, 89 -202)"
bus_1205-bus_1263-i_line_1205_to_1263_1_cp,1971,bus_1205,132.0,-0.15197677827898076,1.071966265280852,2,1214,bus_1263,132.0,-0.20562655348684497,1.0668448946871865,2,ac,147.0,141,-289,89,-202,"LINESTRING (141 -289, 89 -202)"
bus_5075-bus_5137-i_line_5075_to_5137_1_cp,737,bus_5075,110.0,-0.16425788598024738,1.0215794321762242,15,1217,bus_5137,110.0,-0.140461503528466,1.0266691096579124,15,ac,148.0,1603,-5786,1725,-5846,"LINESTRING (1603 -5786, 1725 -5846)"
bus_3302-bus_3402-i_line_3374_to_3402_1_cp,1011,bus_3302,110.0,-0.3425023707203655,1.0455652274023228,11,1220,bus_3402,110.0,-0.3435862910168961,1.0447068358570684,11,ac,129.0,66,3102,-65,3166,"LINESTRING (66 3102, -65 3166)"
bus_3302-bus_3402-i_line_3374_to_3402_2_cp,1011,bus_3302,110.0,-0.3425023707203655,1.0455652274023228,11,1220,bus_3402,110.0,-0.3435862910168961,1.0447068358570684,11,ac,131.0,66,3102,-65,3166,"LINESTRING (66 3102, -65 3166)"
bus_3096-bus_3198-i_line_3096_to_3198_1_cp,845,bus_3096,132.0,-0.3509104358037359,1.029971922484526,8,1221,bus_3198,132.0,-0.3541858992913781,1.0282611586272967,8,ac,168.0,-1013,6597,-944,6649,"LINESTRING (-1013 6597, -944 6649)"
bus_3614-bus_3617-i_line_3614_to_3617_1_cp,1282,bus_3614,275.0,-0.06901701155337339,1.07688371479203,10,1223,bus_3617,275.0,-0.0819526202286598,1.0757284129183189,10,ac,551.0,895,4111,1122,4261,"LINESTRING (895 4111, 1122 4261)"
bus_3614-bus_3617-i_line_3614_to_3617_2_cp,1282,bus_3614,275.0,-0.06901701155337339,1.07688371479203,10,1223,bus_3617,275.0,-0.0819526202286598,1.0757284129183189,10,ac,553.0,895,4111,1122,4261,"LINESTRING (895 4111, 1122 4261)"
bus_3001-bus_3165-i_line_3065_to_3165_1_cp,322,bus_3001,132.0,-0.2784463465267816,1.0322317139019397,8,1230,bus_3165,132.0,-0.2977558034463631,1.0385282086956815,8,ac,112.99999999999999,-918,5722,-1049,5738,"LINESTRING (-918 5722, -1049 5738)"
bus_3002-bus_3165-i_line_3063_to_3165_1_cp,1547,bus_3002,132.0,-0.30299812811186555,1.0536492981037135,8,1230,bus_3165,132.0,-0.2977558034463631,1.0385282086956815,8,ac,113.99999999999999,-1218,5893,-1049,5738,"LINESTRING (-1218 5893, -1049 5738)"
bus_3142-bus_3283-i_line_3142_to_3283_1_cp,886,bus_3142,66.0,-0.3536952539826621,1.043346085232991,8,1231,bus_3283,66.0,-0.35869489270832006,1.0428883302973562,8,ac,69.0,-1072,6873,-997,6898,"LINESTRING (-1072 6873, -997 6898)"
bus_3076-bus_3283-i_line_3076_to_3283_1_cp,1042,bus_3076,66.0,-0.36107667262090126,1.0427776756922158,8,1231,bus_3283,66.0,-0.35869489270832006,1.0428883302973562,8,ac,51.0,-947,6840,-997,6898,"LINESTRING (-947 6840, -997 6898)"
bus_4311-bus_4318-i_line_4311_to_4318_1_cp,195,bus_4311,66.0,0.9681981010615484,1.0427859589508046,14,1234,bus_4318,66.0,0.967393126405609,1.045633281402117,14,ac,79.0,-1657,-2805,-1715,-2814,"LINESTRING (-1657 -2805, -1715 -2814)"
bus_5053-bus_5054-i_line_5053_to_5054_1_cp,476,bus_5053,110.0,-0.09479778691671695,1.0667880899034872,15,1245,bus_5054,110.0,-0.10744668598409178,1.0597364714592294,15,ac,122.0,811,-5700,642,-5751,"LINESTRING (811 -5700, 642 -5751)"
bus_1240-bus_1258-i_line_1240_to_1258_1_cp,733,bus_1240,132.0,-0.3243035127036369,1.039969627579308,2,1259,bus_1258,132.0,-0.3220037692799995,1.0373392214353248,2,ac,214.0,374,-435,135,-454,"LINESTRING (374 -435, 135 -454)"
bus_4117-bus_4154-i_line_4117_to_4154_1_cp,280,bus_4117,275.0,0.9953587318476333,1.0585945060804445,13,1260,bus_4154,275.0,1.022433945314711,1.06710939543498,13,ac,525.0,-2144,-1797,-2383,-1796,"LINESTRING (-2144 -1797, -2383 -1796)"
bus_4002-bus_4154-i_line_4002_to_4154_1_cp,856,bus_4002,275.0,1.026466387898091,1.06298,13,1260,bus_4154,275.0,1.022433945314711,1.06710939543498,13,ac,550.0,-2616,-1803,-2383,-1796,"LINESTRING (-2616 -1803, -2383 -1796)"
bus_3560-bus_3605-i_line_3560_to_3605_1_cp,995,bus_3560,275.0,-0.17499869710401758,1.0536492981037135,11,1261,bus_3605,275.0,-0.20865533284368243,1.0682313528420821,11,ac,685.0,-587,3475,-757,3287,"LINESTRING (-587 3475, -757 3287)"
bus_1237-bus_1255-i_line_1237_to_1278_1_cp,1549,bus_1237,132.0,-0.07040417268156236,1.0537649618969513,4,1265,bus_1255,132.0,-0.06259535028869284,1.0568131467813322,4,ac,206.99999999999997,2110,-1334,1977,-1315,"LINESTRING (2110 -1334, 1977 -1315)"
bus_4179-bus_4180-i_line_4179_to_4180_1_cp,1606,bus_4179,132.0,0.7513460722263302,0.9679386752230494,13,1271,bus_4180,132.0,0.7356633379096249,0.9634043234084966,13,ac,161.0,-2161,-1186,-2124,-1196,"LINESTRING (-2161 -1186, -2124 -1196)"
bus_1191-bus_1401-i_line_1191_to_1401_1_cp,1059,bus_1191,132.0,-0.33456940802064333,1.06298,2,1276,bus_1401,132.0,-0.3135417955347496,1.0510819687919006,2,ac,181.0,313,384,311,234,"LINESTRING (313 384, 311 234)"
bus_1230-bus_1401-i_line_1230_to_1401_1_cp,1538,bus_1230,132.0,-0.31169222040620087,1.0499478933231794,2,1276,bus_1401,132.0,-0.3135417955347496,1.0510819687919006,2,ac,240.0,247,195,311,234,"LINESTRING (247 195, 311 234)"
bus_1225-bus_1108-i_line_1225_to_1376_1_cp,805,bus_1225,132.0,0.05224162271527472,1.084868938718883,4,1278,bus_1108,132.0,0.015550008852556987,1.0829219090428799,4,ac,184.0,2666,-1661,2426,-1595,"LINESTRING (2666 -1661, 2426 -1595)"
bus_2265-bus_2351-i_line_2265_to_2351_1_cp,893,bus_2265,66.0,0.12128547028768126,0.97713,6,1279,bus_2351,66.0,0.1012787345169444,1.0771298909172782,6,ac,87.0,77,-4396,110,-4266,"LINESTRING (77 -4396, 110 -4266)"
bus_2280-bus_2351-i_line_2280_to_2351_1_cp,1028,bus_2280,66.0,-0.36690040909897714,1.0195094263529696,6,1279,bus_2351,66.0,0.1012787345169444,1.0771298909172782,6,ac,140.6238037852557,149,-4060,110,-4266,"LINESTRING (149 -4060, 110 -4266)"
bus_2269-bus_2351-i_line_2269_to_2351_1_cp,1250,bus_2269,66.0,0.21806584592456493,1.0734714258336564,6,1279,bus_2351,66.0,0.1012787345169444,1.0771298909172782,6,ac,87.0,94,-4418,110,-4266,"LINESTRING (94 -4418, 110 -4266)"
bus_5077-bus_5086-i_line_5077_to_5086_1_cp,975,bus_5077,110.0,-0.039237807092336666,1.0513241726512617,15,1281,bus_5086,110.0,-0.03944275476454993,1.051525458785351,15,ac,82.0,1415,-6262,1461,-6328,"LINESTRING (1415 -6262, 1461 -6328)"
bus_2234-bus_2235-i_line_2234_to_2235_1_cp,1159,bus_2234,66.0,-0.26109509629946753,1.0311392640156765,6,1284,bus_2235,66.0,-0.2893603923467968,0.9969173267714591,6,ac,84.0,766,-2913,821,-2923,"LINESTRING (766 -2913, 821 -2923)"
bus_2234-bus_2235-i_line_2234_to_2235_2_cp,1159,bus_2234,66.0,-0.26109509629946753,1.0311392640156765,6,1284,bus_2235,66.0,-0.2893603923467968,0.9969173267714591,6,ac,85.0,766,-2913,821,-2923,"LINESTRING (766 -2913, 821 -2923)"
bus_3259-bus_3518-i_line_3259_to_3518_1_cp,1320,bus_3259,132.0,-0.35012952823954757,1.025855703871981,8,1291,bus_3518,132.0,-0.3031748976012003,1.0417387838644785,8,ac,160.0,-1099,6377,-1155,6151,"LINESTRING (-1099 6377, -1155 6151)"
bus_3172-bus_3518-i_line_3172_to_3518_1_cp,1741,bus_3172,132.0,-0.3111385796070227,1.036920087833526,8,1291,bus_3518,132.0,-0.3031748976012003,1.0417387838644785,8,ac,153.0,-1334,6180,-1155,6151,"LINESTRING (-1334 6180, -1155 6151)"
bus_3248-bus_3518-i_line_3248_to_3518_1_cp,1816,bus_3248,132.0,-0.3088493657508758,1.0433352987473363,8,1291,bus_3518,132.0,-0.3031748976012003,1.0417387838644785,8,ac,202.99999999999997,-1173,6240,-1155,6151,"LINESTRING (-1173 6240, -1155 6151)"
bus_1104-bus_1116-i_line_1104_to_1116_1_cp,952,bus_1104,330.0,-0.06958969429149522,1.027,1,1292,bus_1116,330.0,-0.06794476539469592,1.0582272538280666,1,ac,665.0,1748,2235,1984,2351,"LINESTRING (1748 2235, 1984 2351)"
bus_3000-bus_3274-i_line_3061_to_3274_1_cp,135,bus_3000,132.0,-0.19441404267018805,1.0406642897458762,9,1295,bus_3274,132.0,-0.14019024715022288,1.0548124760062194,9,ac,115.99999999999999,-172,5490,-68,5301,"LINESTRING (-172 5490, -68 5301)"
bus_3273-bus_3274-i_line_3273_to_3274_1_cp,572,bus_3273,132.0,-0.13902989964422174,1.03192,9,1295,bus_3274,132.0,-0.14019024715022288,1.0548124760062194,9,ac,161.0,-22,5394,-68,5301,"LINESTRING (-22 5394, -68 5301)"
bus_3060-bus_3274-i_line_3060_to_3274_1_cp,573,bus_3060,132.0,-0.11086162282300452,1.0653552519080292,9,1295,bus_3274,132.0,-0.14019024715022288,1.0548124760062194,9,ac,118.0,11,5168,-68,5301,"LINESTRING (11 5168, -68 5301)"
bus_3543-bus_3556-i_line_3543_to_3556_1_cp,139,bus_3543,275.0,-0.21755697394688514,1.063932517287146,11,1296,bus_3556,275.0,-0.24575596783027517,1.079946144841311,9,ac,509.99999999999994,-685,3675,-853,3865,"LINESTRING (-685 3675, -853 3865)"
bus_3547-bus_3556-i_line_3547_to_3556_1_cp,1310,bus_3547,275.0,-0.19310236293677202,1.0621993293262253,9,1296,bus_3556,275.0,-0.24575596783027517,1.079946144841311,9,ac,507.0,-906,4002,-853,3865,"LINESTRING (-906 4002, -853 3865)"
bus_4279-bus_4296-i_line_4279_to_4294_1_cp,18,bus_4279,66.0,0.9669450610710372,1.022934109039757,13,1300,bus_4296,66.0,0.9646846837754942,1.024117188985438,13,ac,91.0,-2083,-2441,-1884,-2362,"LINESTRING (-2083 -2441, -1884 -2362)"
bus_4280-bus_4296-i_line_4281_to_4297_1_cp,1500,bus_4280,66.0,0.9657976935919848,1.0231031378186348,13,1300,bus_4296,66.0,0.9646846837754942,1.024117188985438,13,ac,104.0,-2056,-2473,-1884,-2362,"LINESTRING (-2056 -2473, -1884 -2362)"
bus_4278-bus_4296-i_line_4278_to_4296_1_cp,1885,bus_4278,66.0,0.9640130385718999,1.0236208162241114,13,1300,bus_4296,66.0,0.9646846837754942,1.024117188985438,13,ac,80.0,-1936,-2305,-1884,-2362,"LINESTRING (-1936 -2305, -1884 -2362)"
bus_1159-bus_1312-i_line_1159_to_1312_1_cp,1336,bus_1159,132.0,-0.046704329407300134,1.027,1,1306,bus_1312,132.0,-0.059216821242692334,1.0576657920515482,1,ac,137.0,1823,2202,2044,2249,"LINESTRING (1823 2202, 2044 2249)"
bus_3543-bus_3547-i_line_3543_to_3547_1_cp,139,bus_3543,275.0,-0.21755697394688514,1.063932517287146,11,1310,bus_3547,275.0,-0.19310236293677202,1.0621993293262253,9,ac,535.0,-685,3675,-906,4002,"LINESTRING (-685 3675, -906 4002)"
bus_4031-bus_4307-i_line_4091_to_4307_1_cp,642,bus_4031,66.0,0.982537437853312,1.01428437,13,1317,bus_4307,66.0,0.978296840554583,1.0842402793675203,14,ac,112.00000000000001,-2169,-2688,-1893,-2668,"LINESTRING (-2169 -2688, -1893 -2668)"
bus_3245-bus_3259-i_line_3246_to_3259_1_cp,314,bus_3245,132.0,-0.3268053357617507,1.0351416688430102,8,1320,bus_3259,132.0,-0.35012952823954757,1.025855703871981,8,ac,162.0,-1281,6365,-1099,6377,"LINESTRING (-1281 6365, -1099 6377)"
bus_3068-bus_3259-i_line_3068_to_3259_1_cp,515,bus_3068,132.0,-0.3512812251017765,1.0297266963201006,8,1320,bus_3259,132.0,-0.35012952823954757,1.025855703871981,8,ac,138.0,-1018,6497,-1099,6377,"LINESTRING (-1018 6497, -1099 6377)"
bus_3096-bus_3259-i_line_3096_to_3259_1_cp,845,bus_3096,132.0,-0.3509104358037359,1.029971922484526,8,1320,bus_3259,132.0,-0.35012952823954757,1.025855703871981,8,ac,137.0,-1013,6597,-1099,6377,"LINESTRING (-1013 6597, -1099 6377)"
bus_1198-bus_1455-i_line_1198_to_1455_1_cp,979,bus_1198,132.0,-0.32292546157903324,1.054397907941647,2,1322,bus_1455,132.0,-0.34684733730034334,1.049623823105755,2,ac,227.99999999999997,528,664,438,792,"LINESTRING (528 664, 438 792)"
bus_1198-bus_1455-i_line_1198_to_1455_2_cp,979,bus_1198,132.0,-0.32292546157903324,1.054397907941647,2,1322,bus_1455,132.0,-0.34684733730034334,1.049623823105755,2,ac,222.00000000000003,528,664,438,792,"LINESTRING (528 664, 438 792)"
bus_1438-bus_1455-i_line_1438_to_1455_1_cp,1455,bus_1438,132.0,-0.35307963775776274,1.0488805205029363,2,1322,bus_1455,132.0,-0.34684733730034334,1.049623823105755,2,ac,219.0,360,873,438,792,"LINESTRING (360 873, 438 792)"
bus_1438-bus_1455-i_line_1438_to_1455_2_cp,1455,bus_1438,132.0,-0.35307963775776274,1.0488805205029363,2,1322,bus_1455,132.0,-0.34684733730034334,1.049623823105755,2,ac,217.0,360,873,438,792,"LINESTRING (360 873, 438 792)"
bus_2218-bus_2221-i_line_2218_to_2221_1_cp,867,bus_2218,66.0,-0.4768849226419727,1.0502231217719962,6,1323,bus_2221,66.0,-0.48014108841183734,1.047832513684495,6,ac,97.0,407,-4312,411,-4225,"LINESTRING (407 -4312, 411 -4225)"
bus_2211-bus_2221-i_line_2211_to_2221_1_cp,1906,bus_2211,66.0,-0.47548687265946793,1.0511869420387072,6,1323,bus_2221,66.0,-0.48014108841183734,1.047832513684495,6,ac,75.0,411,-4354,411,-4225,"LINESTRING (411 -4354, 411 -4225)"
bus_3161-bus_3162-i_line_3161_to_3162_1_cp,1242,bus_3161,132.0,-0.294014035081664,1.0536492981037135,8,1328,bus_3162,132.0,-0.30205682012324986,1.0362328357685295,8,ac,119.0,-946,5782,-960,5877,"LINESTRING (-946 5782, -960 5877)"
bus_3288-bus_3618-i_line_3288_to_3618_2_cp,217,bus_3288,132.0,-0.11509829119632632,1.0693105933875027,10,1334,bus_3618,132.0,-0.10789687990637403,1.072141898585632,10,ac,210.0,1330,4476,1258,4394,"LINESTRING (1330 4476, 1258 4394)"
bus_3288-bus_3618-i_line_3288_to_3618_1_cp,217,bus_3288,132.0,-0.11509829119632632,1.0693105933875027,10,1334,bus_3618,132.0,-0.10789687990637403,1.072141898585632,10,ac,202.0,1330,4476,1258,4394,"LINESTRING (1330 4476, 1258 4394)"
bus_3287-bus_3618-i_line_3287_to_3618_1_cp,1104,bus_3287,132.0,-0.11379629733590782,1.0684765934677112,10,1334,bus_3618,132.0,-0.10789687990637403,1.072141898585632,10,ac,140.0,1311,4487,1258,4394,"LINESTRING (1311 4487, 1258 4394)"
bus_3287-bus_3618-i_line_3287_to_3618_2_cp,1104,bus_3287,132.0,-0.11379629733590782,1.0684765934677112,10,1334,bus_3618,132.0,-0.10789687990637403,1.072141898585632,10,ac,141.0,1311,4487,1258,4394,"LINESTRING (1311 4487, 1258 4394)"
bus_3300-bus_3618-i_line_3300_to_3618_2_cp,1369,bus_3300,132.0,-0.11625861146462271,1.0703003313912975,10,1334,bus_3618,132.0,-0.10789687990637403,1.072141898585632,10,ac,263.0,1342,4456,1258,4394,"LINESTRING (1342 4456, 1258 4394)"
bus_3300-bus_3618-i_line_3300_to_3618_1_cp,1369,bus_3300,132.0,-0.11625861146462271,1.0703003313912975,10,1334,bus_3618,132.0,-0.10789687990637403,1.072141898585632,10,ac,254.99999999999997,1342,4456,1258,4394,"LINESTRING (1342 4456, 1258 4394)"
bus_4266-bus_4275-i_line_4266_to_4275_1_cp,6,bus_4266,66.0,1.005219776076628,1.0202665614864552,14,1335,bus_4275,66.0,0.995585596688038,1.0177437947609143,14,ac,122.0,-2234,-3018,-2291,-2954,"LINESTRING (-2234 -3018, -2291 -2954)"
bus_4272-bus_4275-i_line_4272_to_4275_1_cp,1178,bus_4272,66.0,1.0003842266771867,1.0185065085189273,14,1335,bus_4275,66.0,0.995585596688038,1.0177437947609143,14,ac,112.00000000000001,-2315,-3045,-2291,-2954,"LINESTRING (-2315 -3045, -2291 -2954)"
bus_4231-bus_4275-i_line_4231_to_4275_1_cp,1225,bus_4231,66.0,0.993303854787057,1.0157419732417814,14,1335,bus_4275,66.0,0.995585596688038,1.0177437947609143,14,ac,189.0,-2402,-3075,-2291,-2954,"LINESTRING (-2402 -3075, -2291 -2954)"
bus_1374-bus_1478-i_line_1340_to_1478_1_cp,309,bus_1374,132.0,-0.3550556622084452,1.0511641521809494,2,1341,bus_1478,132.0,-0.3544728069213809,1.0508617417520452,2,ac,159.0,467,-265,597,-481,"LINESTRING (467 -265, 597 -481)"
bus_1289-bus_1478-i_line_1391_to_1478_1_cp,1367,bus_1289,132.0,-0.35135806853578744,1.0504837494482029,3,1341,bus_1478,132.0,-0.3544728069213809,1.0508617417520452,2,ac,176.0,970,-499,597,-481,"LINESTRING (970 -499, 597 -481)"
bus_1236-bus_1252-i_line_1236_to_1491_1_cp,1488,bus_1236,132.0,-0.3131262039206195,1.049703806904925,2,1342,bus_1252,132.0,-0.31466633263231186,1.0496105488866538,3,ac,179.0,645,137,875,144,"LINESTRING (645 137, 875 144)"
bus_1287-bus_1496-i_line_1287_to_1496_1_pi,942,bus_1287,132.0,-0.21783804071292537,1.0504023939633407,2,1345,bus_1496,132.0,-0.22865093636499476,1.0490014635702751,2,ac,221.0,641,962,531,970,"LINESTRING (641 962, 531 970)"
bus_2118-bus_2140-i_line_2118_to_2174_2_cp,1449,bus_2118,220.0,-0.46402072214922263,1.0303869215760735,7,1352,bus_2140,220.0,-0.4754272017650374,1.0290853119969852,7,ac,554.0,984,-3929,1017,-4276,"LINESTRING (984 -3929, 1017 -4276)"
bus_2118-bus_2140-i_line_2118_to_2174_1_cp,1449,bus_2118,220.0,-0.46402072214922263,1.0303869215760735,7,1352,bus_2140,220.0,-0.4754272017650374,1.0290853119969852,7,ac,554.0,984,-3929,1017,-4276,"LINESTRING (984 -3929, 1017 -4276)"
bus_1289-bus_1387-i_line_1289_to_1387_2_cp,1367,bus_1289,132.0,-0.35135806853578744,1.0504837494482029,3,1354,bus_1387,132.0,-0.34646242309314773,1.051545262622089,3,ac,124.0,970,-499,1118,-512,"LINESTRING (970 -499, 1118 -512)"
bus_2303-bus_2304-i_line_2303_to_2304_2_pi,948,bus_2303,22.0,-0.1554617201189107,1.0232136878299782,5,1359,bus_2304,22.0,-0.15750289975936405,1.0244014877436112,5,ac,206.99999999999997,-404,-2893,-388,-2854,"LINESTRING (-404 -2893, -388 -2854)"
bus_5089-bus_5116-i_line_5089_to_5116_1_cp,1156,bus_5089,110.0,-0.11739824660544532,1.029350912392254,15,1366,bus_5116,110.0,-0.07753256426510376,1.0429853172893198,15,ac,98.0,1146,-6037,1193,-5956,"LINESTRING (1146 -6037, 1193 -5956)"
bus_5080-bus_5116-i_line_5081_to_5116_1_cp,1941,bus_5080,110.0,-0.057153770407643564,1.0474235580439655,15,1366,bus_5116,110.0,-0.07753256426510376,1.0429853172893198,15,ac,124.0,1233,-6112,1193,-5956,"LINESTRING (1233 -6112, 1193 -5956)"
bus_1189-bus_1289-i_line_1189_to_1469_2_cp,170,bus_1189,132.0,-0.32658829402484385,1.0491512002520478,2,1367,bus_1289,132.0,-0.35135806853578744,1.0504837494482029,3,ac,231.0,732,-450,970,-499,"LINESTRING (732 -450, 970 -499)"
bus_1189-bus_1289-i_line_1189_to_1470_1_cp,170,bus_1189,132.0,-0.32658829402484385,1.0491512002520478,2,1367,bus_1289,132.0,-0.35135806853578744,1.0504837494482029,3,ac,314.0,732,-450,970,-499,"LINESTRING (732 -450, 970 -499)"
bus_1186-bus_1289-i_line_1186_to_1231_1_cp_merged_with_line_1231_to_1391_1_cp,609,bus_1186,132.0,-0.3225125859884355,1.0428691268985268,2,1367,bus_1289,132.0,-0.35135806853578744,1.0504837494482029,3,ac,233.0,567,-53,970,-499,"LINESTRING (567 -53, 970 -499)"
bus_1282-bus_1289-i_line_1282_to_1470_1_cp,690,bus_1282,132.0,-0.36003538525741496,1.0496754662616752,3,1367,bus_1289,132.0,-0.35135806853578744,1.0504837494482029,3,ac,225.99999999999997,989,-639,970,-499,"LINESTRING (989 -639, 970 -499)"
bus_1326-bus_1289-i_line_1326_to_1391_1_cp,1745,bus_1326,132.0,-0.35072640565266416,1.0501443397377246,2,1367,bus_1289,132.0,-0.35135806853578744,1.0504837494482029,3,ac,217.0,579,-361,970,-499,"LINESTRING (579 -361, 970 -499)"
bus_1212-bus_1289-i_line_1212_to_1391_2_cp,1805,bus_1212,132.0,-0.3530782978945438,1.0510317830927647,2,1367,bus_1289,132.0,-0.35135806853578744,1.0504837494482029,3,ac,193.0,710,-618,970,-499,"LINESTRING (710 -618, 970 -499)"
bus_1212-bus_1289-i_line_1212_to_1391_1_cp,1805,bus_1212,132.0,-0.3530782978945438,1.0510317830927647,2,1367,bus_1289,132.0,-0.35135806853578744,1.0504837494482029,3,ac,184.0,710,-618,970,-499,"LINESTRING (710 -618, 970 -499)"
bus_1281-bus_1289-i_line_1281_to_1469_2_cp,1917,bus_1281,132.0,-0.3538853652978019,1.0509862160103354,3,1367,bus_1289,132.0,-0.35135806853578744,1.0504837494482029,3,ac,220.00000000000003,882,-668,970,-499,"LINESTRING (882 -668, 970 -499)"
bus_4103-bus_4153-i_line_4103_to_4153_2_cp,1153,bus_4103,33.0,0.3904657429201176,1.0954298994640972,14,1371,bus_4153,33.0,0.39030049933340255,1.1000000106408856,14,ac,138.0,-967,-3102,-1009,-3162,"LINESTRING (-967 -3102, -1009 -3162)"
bus_3010-bus_3174-i_line_3010_to_3174_1_cp,326,bus_3010,132.0,-0.24859414887949116,1.0543770831916222,9,1374,bus_3174,132.0,-0.26119157006971877,1.0556425205444706,9,ac,145.0,-1345,4055,-1425,4091,"LINESTRING (-1345 4055, -1425 4091)"
bus_2242-bus_2260-i_line_2242_to_2261_1_cp,808,bus_2242,66.0,-0.1575868185845766,1.0684372213415887,7,1377,bus_2260,66.0,-0.3445055596501761,1.0497066299904514,7,ac,158.27858959414095,1398,-4306,1368,-4310,"LINESTRING (1398 -4306, 1368 -4310)"
bus_2255-bus_2260-i_line_2255_to_2261_4_cp,1270,bus_2255,66.0,-0.35818359199444055,1.0508522017709232,7,1377,bus_2260,66.0,-0.3445055596501761,1.0497066299904514,7,ac,93.0,1320,-4352,1368,-4310,"LINESTRING (1320 -4352, 1368 -4310)"
bus_2255-bus_2260-i_line_2255_to_2261_3_cp,1270,bus_2255,66.0,-0.35818359199444055,1.0508522017709232,7,1377,bus_2260,66.0,-0.3445055596501761,1.0497066299904514,7,ac,99.0,1320,-4352,1368,-4310,"LINESTRING (1320 -4352, 1368 -4310)"
bus_2255-bus_2260-i_line_2255_to_2261_1_cp,1270,bus_2255,66.0,-0.35818359199444055,1.0508522017709232,7,1377,bus_2260,66.0,-0.3445055596501761,1.0497066299904514,7,ac,83.0,1320,-4352,1368,-4310,"LINESTRING (1320 -4352, 1368 -4310)"
bus_2200-bus_2209-i_line_2200_to_2209_1_cp,811,bus_2200,500.0,-0.21158900438121792,1.0102695555460788,5,1387,bus_2209,500.0,-0.21738413926592012,1.0204188489748507,5,ac,1363.0,-277,-2958,-82,-3150,"LINESTRING (-277 -2958, -82 -3150)"
bus_2203-bus_2209-i_line_2203_to_2209_1_cp,1891,bus_2203,500.0,-0.3331696804991536,1.0551643037053646,5,1387,bus_2209,500.0,-0.21738413926592012,1.0204188489748507,5,ac,1436.0,149,-3261,-82,-3150,"LINESTRING (149 -3261, -82 -3150)"
bus_3299-bus_3633-i_line_3299_to_3633_1_cp,562,bus_3299,110.0,-0.3292357150818124,1.0515757155603318,11,1389,bus_3633,110.0,-0.32923318149853065,1.0515672087287053,11,ac,131.0,-1209,2547,-1147,2506,"LINESTRING (-1209 2547, -1147 2506)"
bus_3386-bus_3633-i_line_3386_to_3633_1_cp,919,bus_3386,110.0,-0.33468786994556377,1.04863136802294,11,1389,bus_3633,110.0,-0.32923318149853065,1.0515672087287053,11,ac,137.0,-1347,2481,-1147,2506,"LINESTRING (-1347 2481, -1147 2506)"
bus_3123-bus_3633-i_line_3123_to_3633_1_cp,935,bus_3123,110.0,-0.3315990081514967,1.0493976185367506,11,1389,bus_3633,110.0,-0.32923318149853065,1.0515672087287053,11,ac,189.0,-1272,2398,-1147,2506,"LINESTRING (-1272 2398, -1147 2506)"
bus_3177-bus_3633-i_line_3177_to_3633_1_cp,1057,bus_3177,110.0,-0.3305680529366865,1.0506755327962163,11,1389,bus_3633,110.0,-0.32923318149853065,1.0515672087287053,11,ac,179.0,-1249,2385,-1147,2506,"LINESTRING (-1249 2385, -1147 2506)"
bus_3134-bus_3633-i_line_3134_to_3633_1_cp,1963,bus_3134,110.0,-0.3432878092165599,1.041722625923559,11,1389,bus_3633,110.0,-0.32923318149853065,1.0515672087287053,11,ac,129.0,-1006,2471,-1147,2506,"LINESTRING (-1006 2471, -1147 2506)"
bus_3134-bus_3633-i_line_3134_to_3633_2_cp,1963,bus_3134,110.0,-0.3432878092165599,1.041722625923559,11,1389,bus_3633,110.0,-0.32923318149853065,1.0515672087287053,11,ac,134.0,-1006,2471,-1147,2506,"LINESTRING (-1006 2471, -1147 2506)"
bus_1496-bus_1195-i_line_1194_to_1496_1_pi_merged_with_line_1194_to_1195_1_pi,1345,bus_1496,132.0,-0.22865093636499476,1.0490014635702751,2,1391,bus_1195,132.0,-0.25753543345579133,1.06298,2,ac,681.0,531,970,349,757,"LINESTRING (531 970, 349 757)"
bus_1193-bus_1477-i_line_1193_to_1477_1_cp,1273,bus_1193,132.0,-0.20136299261574386,1.0817086441614856,1,1400,bus_1477,132.0,-0.2063216176403489,1.0786904638026873,1,ac,223.0,1179,1409,1237,1469,"LINESTRING (1179 1409, 1237 1469)"
bus_1193-bus_1477-i_line_1193_to_1477_2_cp,1273,bus_1193,132.0,-0.20136299261574386,1.0817086441614856,1,1400,bus_1477,132.0,-0.2063216176403489,1.0786904638026873,1,ac,198.0,1179,1409,1237,1469,"LINESTRING (1179 1409, 1237 1469)"
bus_3142-bus_3270-i_line_3142_to_3270_1_cp,886,bus_3142,66.0,-0.3536952539826621,1.043346085232991,8,1401,bus_3270,66.0,-0.35708951095350144,1.0405884841495994,8,ac,69.0,-1072,6873,-1045,6993,"LINESTRING (-1072 6873, -1045 6993)"
bus_1169-bus_1486-i_line_1352_to_1486_1_cp,665,bus_1169,132.0,-0.34474168067526656,1.0509756737161298,3,1405,bus_1486,132.0,-0.3456259784062632,1.0510489896399962,3,ac,263.0,1269,-521,1527,-552,"LINESTRING (1269 -521, 1527 -552)"
bus_1182-bus_1396-i_line_1182_to_1396_1_cp,1568,bus_1182,132.0,-0.005347379626382377,1.0732977647457633,2,1408,bus_1396,132.0,-0.02425101749319196,1.0612120989690004,2,ac,192.0,1536,1414,1641,1447,"LINESTRING (1536 1414, 1641 1447)"
bus_5073-bus_5074-i_line_5073_to_5074_1_cp,1652,bus_5073,110.0,-0.1770709305525068,1.0187226346006408,15,1409,bus_5074,110.0,-0.17911026654029166,1.0179666181837457,15,ac,138.0,1449,-5728,1372,-5727,"LINESTRING (1449 -5728, 1372 -5727)"
bus_2120-bus_2126-i_line_2120_to_2126_1_cp,1934,bus_2120,220.0,-0.10800405678141652,1.0732927597962678,6,1411,bus_2126,220.0,-0.17697794328349217,1.0488218667616225,6,ac,307.0,735,-2765,703,-2878,"LINESTRING (735 -2765, 703 -2878)"
bus_2120-bus_2126-i_line_2120_to_2126_2_cp,1934,bus_2120,220.0,-0.10800405678141652,1.0732927597962678,6,1411,bus_2126,220.0,-0.17697794328349217,1.0488218667616225,6,ac,297.0,735,-2765,703,-2878,"LINESTRING (735 -2765, 703 -2878)"
bus_1129-bus_1243-i_line_1129_to_1243_1_cp,1598,bus_1129,132.0,-0.3565425581440695,1.0514190086505701,2,1412,bus_1243,132.0,-0.3564994404360187,1.0513581762861812,2,ac,125.0,764,-346,658,-372,"LINESTRING (764 -346, 658 -372)"
bus_2105-bus_2128-i_line_2105_to_2154_2_cp,535,bus_2105,220.0,-0.3216407682288247,1.0446811005842624,6,1413,bus_2128,220.0,-0.35809998044972546,1.0389217956445833,6,ac,306.0,264,-3628,340,-3787,"LINESTRING (264 -3628, 340 -3787)"
bus_2105-bus_2128-i_line_2105_to_2154_1_cp,535,bus_2105,220.0,-0.3216407682288247,1.0446811005842624,6,1413,bus_2128,220.0,-0.35809998044972546,1.0389217956445833,6,ac,373.0,264,-3628,340,-3787,"LINESTRING (264 -3628, 340 -3787)"
bus_2109-bus_2128-i_line_2109_to_2154_1_cp,803,bus_2109,220.0,-0.32264342673897,1.049080048421154,6,1413,bus_2128,220.0,-0.35809998044972546,1.0389217956445833,6,ac,313.0,224,-3741,340,-3787,"LINESTRING (224 -3741, 340 -3787)"
bus_4249-bus_4251-i_line_4250_to_4251_1_cp,161,bus_4249,66.0,1.0386857773931322,1.0025688293140305,14,1418,bus_4251,66.0,1.0312946944578931,1.0014779113108678,14,ac,79.0,-2040,-3485,-2185,-3693,"LINESTRING (-2040 -3485, -2185 -3693)"
bus_2164-bus_2178-i_line_2164_to_2178_1_cp,1883,bus_2164,220.0,-0.4635104870103187,1.06298,6,1420,bus_2178,220.0,-0.46651207273344913,1.037808599627651,6,ac,512.0,937,-3740,900,-3575,"LINESTRING (937 -3740, 900 -3575)"
bus_1221-bus_1460-i_line_1221_to_1460_2_cp,672,bus_1221,132.0,-0.34507022496036965,1.0537315637342075,3,1423,bus_1460,132.0,-0.34611904610049204,1.0533202388320215,3,ac,122.0,1237,-445,1113,-471,"LINESTRING (1237 -445, 1113 -471)"
bus_1289-bus_1460-i_line_1289_to_1460_2_cp,1367,bus_1289,132.0,-0.35135806853578744,1.0504837494482029,3,1423,bus_1460,132.0,-0.34611904610049204,1.0533202388320215,3,ac,122.0,970,-499,1113,-471,"LINESTRING (970 -499, 1113 -471)"
bus_5063-bus_5067-i_line_5063_to_5067_1_cp,97,bus_5063,110.0,-0.18038491410882457,1.0557240861971138,15,1426,bus_5067,110.0,-0.1854852442365448,1.01403,15,ac,178.0,1434,-5510,1450,-5558,"LINESTRING (1434 -5510, 1450 -5558)"
bus_5063-bus_5067-i_line_5063_to_5067_2_cp,97,bus_5063,110.0,-0.18038491410882457,1.0557240861971138,15,1426,bus_5067,110.0,-0.1854852442365448,1.01403,15,ac,166.0,1434,-5510,1450,-5558,"LINESTRING (1434 -5510, 1450 -5558)"
bus_1096-bus_1120-i_line_1096_to_1120_1_cp,465,bus_1096,330.0,-0.1579451597806535,1.0369741823125365,2,1427,bus_1120,330.0,-0.20870194550937252,1.044742095039011,2,ac,859.0,832,-468,692,-193,"LINESTRING (832 -468, 692 -193)"
bus_1093-bus_1120-i_line_1093_to_1120_1_cp,532,bus_1093,330.0,-0.21074201642209472,1.0519109370979751,2,1427,bus_1120,330.0,-0.20870194550937252,1.044742095039011,2,ac,788.0,703,45,692,-193,"LINESTRING (703 45, 692 -193)"
bus_1183-bus_1621-i_line_1183_to_1621_1_cp,169,bus_1183,132.0,-0.21727407253276435,1.070879306516803,1,1435,bus_1621,132.0,-0.23060784317350894,1.0685862295503696,1,ac,278.0,820,1294,875,1476,"LINESTRING (820 1294, 875 1476)"
bus_1183-bus_1621-i_line_1183_to_1621_2_cp,169,bus_1183,132.0,-0.21727407253276435,1.070879306516803,1,1435,bus_1621,132.0,-0.23060784317350894,1.0685862295503696,1,ac,274.0,820,1294,875,1476,"LINESTRING (820 1294, 875 1476)"
bus_1397-bus_1621-i_line_1397_to_1621_1_cp,191,bus_1397,132.0,-0.2516276602516919,1.068617256129386,1,1435,bus_1621,132.0,-0.23060784317350894,1.0685862295503696,1,ac,239.0,927,1615,875,1476,"LINESTRING (927 1615, 875 1476)"
bus_4132-bus_4235-i_line_4132_to_4235_1_cp,70,bus_4132,66.0,0.9808728677964996,1.0192262664937854,13,1437,bus_4235,66.0,0.9842356396143824,1.0233575440946587,13,ac,54.0,-2547,-2226,-2456,-2217,"LINESTRING (-2547 -2226, -2456 -2217)"
bus_4234-bus_4235-i_line_4234_to_4235_1_cp,1601,bus_4234,66.0,0.9878329546561998,1.0266354351616391,13,1437,bus_4235,66.0,0.9842356396143824,1.0233575440946587,13,ac,117.0,-2370,-2224,-2456,-2217,"LINESTRING (-2370 -2224, -2456 -2217)"
bus_3573-bus_3624-i_line_3573_to_3624_2_cp,296,bus_3573,275.0,0.05995958830120667,1.0927176675835448,9,1445,bus_3624,275.0,0.010250833806767445,1.088531565596881,9,ac,722.0,-314,4388,-25,3843,"LINESTRING (-314 4388, -25 3843)"
bus_3573-bus_3624-i_line_3573_to_3624_1_cp,296,bus_3573,275.0,0.05995958830120667,1.0927176675835448,9,1445,bus_3624,275.0,0.010250833806767445,1.088531565596881,9,ac,702.0,-314,4388,-25,3843,"LINESTRING (-314 4388, -25 3843)"
bus_3568-bus_3624-i_line_3568_to_3624_4_cp,636,bus_3568,275.0,0.0032642236330225204,1.0859697702374804,11,1445,bus_3624,275.0,0.010250833806767445,1.088531565596881,9,ac,712.0,-335,3514,-25,3843,"LINESTRING (-335 3514, -25 3843)"
bus_3568-bus_3624-i_line_3568_to_3624_2_cp,636,bus_3568,275.0,0.0032642236330225204,1.0859697702374804,11,1445,bus_3624,275.0,0.010250833806767445,1.088531565596881,9,ac,740.0,-335,3514,-25,3843,"LINESTRING (-335 3514, -25 3843)"
bus_3568-bus_3624-i_line_3568_to_3624_1_cp,636,bus_3568,275.0,0.0032642236330225204,1.0859697702374804,11,1445,bus_3624,275.0,0.010250833806767445,1.088531565596881,9,ac,720.0,-335,3514,-25,3843,"LINESTRING (-335 3514, -25 3843)"
bus_3568-bus_3624-i_line_3568_to_3624_3_cp,636,bus_3568,275.0,0.0032642236330225204,1.0859697702374804,11,1445,bus_3624,275.0,0.010250833806767445,1.088531565596881,9,ac,727.0,-335,3514,-25,3843,"LINESTRING (-335 3514, -25 3843)"
bus_3607-bus_3624-i_line_3607_to_3624_2_cp,1307,bus_3607,275.0,0.025085707204655285,1.0839592967634086,10,1445,bus_3624,275.0,0.010250833806767445,1.088531565596881,9,ac,676.0,380,3765,-25,3843,"LINESTRING (380 3765, -25 3843)"
bus_3607-bus_3624-i_line_3607_to_3624_1_cp,1307,bus_3607,275.0,0.025085707204655285,1.0839592967634086,10,1445,bus_3624,275.0,0.010250833806767445,1.088531565596881,9,ac,741.0,380,3765,-25,3843,"LINESTRING (380 3765, -25 3843)"
bus_3158-bus_3624-i_line_3158_to_3624_2_cp,1840,bus_3158,275.0,0.059650018122266876,1.0554790935884322,9,1445,bus_3624,275.0,0.010250833806767445,1.088531565596881,9,ac,696.0,307,3563,-25,3843,"LINESTRING (307 3563, -25 3843)"
bus_3158-bus_3624-i_line_3158_to_3624_1_cp,1840,bus_3158,275.0,0.059650018122266876,1.0554790935884322,9,1445,bus_3624,275.0,0.010250833806767445,1.088531565596881,9,ac,729.0,307,3563,-25,3843,"LINESTRING (307 3563, -25 3843)"
bus_3000-bus_3151-i_line_3061_to_3151_1_cp,135,bus_3000,132.0,-0.19441404267018805,1.0406642897458762,9,1446,bus_3151,132.0,-0.16090887164936346,1.0603389402785157,9,ac,170.0,-172,5490,-54,5307,"LINESTRING (-172 5490, -54 5307)"
bus_3150-bus_3151-i_line_3150_to_3151_1_cp,199,bus_3150,132.0,-0.1623269994413086,1.0634501920138026,9,1446,bus_3151,132.0,-0.16090887164936346,1.0603389402785157,9,ac,121.0,10,5394,-54,5307,"LINESTRING (10 5394, -54 5307)"
bus_3060-bus_3151-i_line_3060_to_3151_1_cp,573,bus_3060,132.0,-0.11086162282300452,1.0653552519080292,9,1446,bus_3151,132.0,-0.16090887164936346,1.0603389402785157,9,ac,167.0,11,5168,-54,5307,"LINESTRING (11 5168, -54 5307)"
bus_1358-bus_1593-i_line_1358_to_1593_1_cp,1077,bus_1358,132.0,-0.05497661093584689,1.027,1,1447,bus_1593,132.0,-0.06520822313142344,1.0260608380920184,1,ac,136.0,2877,2867,2977,2908,"LINESTRING (2877 2867, 2977 2908)"
bus_1360-bus_1593-i_line_1360_to_1593_1_cp,1925,bus_1360,132.0,-0.08178852698996733,1.0268658615549338,1,1447,bus_1593,132.0,-0.06520822313142344,1.0260608380920184,1,ac,136.0,3055,2923,2977,2908,"LINESTRING (3055 2923, 2977 2908)"
bus_4192-bus_4194-i_line_4192_to_4194_1_cp,266,bus_4192,132.0,0.9480706988881735,1.0286655600502659,13,1452,bus_4194,132.0,0.9546373719914629,1.0345310002596304,13,ac,160.0,-2129,-1569,-2042,-1799,"LINESTRING (-2129 -1569, -2042 -1799)"
bus_4107-bus_4111-i_line_4107_to_4111_1_cp,1551,bus_4107,275.0,1.0174742349122765,1.0403632930073323,13,1453,bus_4111,275.0,1.0103303745921741,1.0336357021220681,12,ac,530.0,-2794,-1647,-3039,-1644,"LINESTRING (-2794 -1647, -3039 -1644)"
bus_4107-bus_4111-i_line_4107_to_4111_2_cp,1551,bus_4107,275.0,1.0174742349122765,1.0403632930073323,13,1453,bus_4111,275.0,1.0103303745921741,1.0336357021220681,12,ac,588.0,-2794,-1647,-3039,-1644,"LINESTRING (-2794 -1647, -3039 -1644)"
bus_1261-bus_1438-i_line_1261_to_1438_1_cp,1102,bus_1261,132.0,-0.35736385280926297,1.0486014155249561,2,1455,bus_1438,132.0,-0.35307963775776274,1.0488805205029363,2,ac,206.99999999999997,323,829,360,873,"LINESTRING (323 829, 360 873)"
bus_3000-bus_3149-i_line_3061_to_3492_1_cp,135,bus_3000,132.0,-0.19441404267018805,1.0406642897458762,9,1458,bus_3149,132.0,-0.18122216070716413,1.06298,9,ac,172.0,-172,5490,-419,5506,"LINESTRING (-172 5490, -419 5506)"
bus_3000-bus_3149-i_line_3061_to_3492_3_cp,135,bus_3000,132.0,-0.19441404267018805,1.0406642897458762,9,1458,bus_3149,132.0,-0.18122216070716413,1.06298,9,ac,181.0,-172,5490,-419,5506,"LINESTRING (-172 5490, -419 5506)"
bus_3000-bus_3149-i_line_3061_to_3492_2_cp,135,bus_3000,132.0,-0.19441404267018805,1.0406642897458762,9,1458,bus_3149,132.0,-0.18122216070716413,1.06298,9,ac,176.0,-172,5490,-419,5506,"LINESTRING (-172 5490, -419 5506)"
bus_3167-bus_3149-i_line_3167_to_3492_1_cp,188,bus_3167,132.0,-0.2293002210125996,1.0458174687720876,9,1458,bus_3149,132.0,-0.18122216070716413,1.06298,9,ac,185.0,-673,5521,-419,5506,"LINESTRING (-673 5521, -419 5506)"
bus_3117-bus_3149-i_line_3117_to_3492_1_cp,1691,bus_3117,132.0,-0.20234384854958348,1.0629297429539857,9,1458,bus_3149,132.0,-0.18122216070716413,1.06298,9,ac,177.0,-470,5484,-419,5506,"LINESTRING (-470 5484, -419 5506)"
bus_2219-bus_2282-i_line_2219_to_2282_1_cp,1670,bus_2219,66.0,-0.3817702210183024,1.0060839189527784,6,1460,bus_2282,66.0,-0.3818450980276543,1.006363912022418,6,ac,86.0,120,-4188,101,-4289,"LINESTRING (120 -4188, 101 -4289)"
bus_5087-bus_5223-i_line_5112_to_5223_1_cp,103,bus_5087,110.0,-0.09464118329114479,1.0289527047520208,15,1461,bus_5223,110.0,-0.03909423323322408,1.0511762153956694,15,ac,99.0,1139,-6349,1291,-6185,"LINESTRING (1139 -6349, 1291 -6185)"
bus_5083-bus_5223-i_line_5085_to_5223_1_cp,157,bus_5083,110.0,-0.06152382044508938,1.0353519529132829,15,1461,bus_5223,110.0,-0.03909423323322408,1.0511762153956694,15,ac,94.0,1281,-6304,1291,-6185,"LINESTRING (1281 -6304, 1291 -6185)"
bus_5083-bus_5223-i_line_5084_to_5223_2_cp,157,bus_5083,110.0,-0.06152382044508938,1.0353519529132829,15,1461,bus_5223,110.0,-0.03909423323322408,1.0511762153956694,15,ac,98.0,1281,-6304,1291,-6185,"LINESTRING (1281 -6304, 1291 -6185)"
bus_5077-bus_5223-i_line_5077_to_5223_1_cp,975,bus_5077,110.0,-0.039237807092336666,1.0513241726512617,15,1461,bus_5223,110.0,-0.03909423323322408,1.0511762153956694,15,ac,90.0,1415,-6262,1291,-6185,"LINESTRING (1415 -6262, 1291 -6185)"
bus_5116-bus_5223-i_line_5082_to_5116_2_cp_merged_with_line_5082_to_5223_2_cp,1366,bus_5116,110.0,-0.07753256426510376,1.0429853172893198,15,1461,bus_5223,110.0,-0.03909423323322408,1.0511762153956694,15,ac,120.0,1193,-5956,1291,-6185,"LINESTRING (1193 -5956, 1291 -6185)"
bus_5080-bus_5223-i_line_5081_to_5223_1_cp,1941,bus_5080,110.0,-0.057153770407643564,1.0474235580439655,15,1461,bus_5223,110.0,-0.03909423323322408,1.0511762153956694,15,ac,127.0,1233,-6112,1291,-6185,"LINESTRING (1233 -6112, 1291 -6185)"
bus_5095-bus_5132-i_line_5095_to_5132_2_cp,525,bus_5095,110.0,-0.12373896079375657,1.028762437464582,15,1464,bus_5132,110.0,-0.12542161580966202,1.0283625047500078,15,ac,168.0,1111,-6098,1077,-6174,"LINESTRING (1111 -6098, 1077 -6174)"
bus_5098-bus_5132-i_line_5098_to_5132_2_cp,1666,bus_5098,110.0,-0.12591634908046107,1.0282763107925275,15,1464,bus_5132,110.0,-0.12542161580966202,1.0283625047500078,15,ac,177.0,1062,-6237,1077,-6174,"LINESTRING (1062 -6237, 1077 -6174)"
bus_1228-bus_1223-i_line_1214_to_1223_1_cp,1847,bus_1228,132.0,-0.20963001060275244,1.0524020782259105,2,1465,bus_1223,132.0,-0.21199083554976328,1.0511449384797837,2,ac,152.0,-219,-287,-253,-282,"LINESTRING (-219 -287, -253 -282)"
bus_4267-bus_4268-i_line_4267_to_4268_1_cp,156,bus_4267,66.0,1.010171003617659,1.008711572206585,14,1468,bus_4268,66.0,1.010882771605736,1.006226232136439,14,ac,112.00000000000001,-2182,-3328,-2189,-3543,"LINESTRING (-2182 -3328, -2189 -3543)"
bus_4258-bus_4268-i_line_4264_to_4268_1_cp,1673,bus_4258,66.0,1.0159302473044904,1.0023286418696917,14,1468,bus_4268,66.0,1.010882771605736,1.006226232136439,14,ac,119.0,-2137,-3869,-2189,-3543,"LINESTRING (-2137 -3869, -2189 -3543)"
bus_5062-bus_5064-i_line_5062_to_5064_1_cp,66,bus_5062,110.0,-0.16645925580534726,1.0610931970107178,15,1470,bus_5064,110.0,-0.17338589924159048,1.0582161250529274,15,ac,114.99999999999999,1689,-5561,1692,-5528,"LINESTRING (1689 -5561, 1692 -5528)"
bus_5058-bus_5064-i_line_5058_to_5064_1_cp,1246,bus_5058,110.0,-0.17230313721033413,1.0597192312690347,15,1470,bus_5064,110.0,-0.17338589924159048,1.0582161250529274,15,ac,117.0,1584,-5507,1692,-5528,"LINESTRING (1584 -5507, 1692 -5528)"
bus_3270-bus_3305-i_line_3270_to_3305_1_cp,1401,bus_3270,66.0,-0.35708951095350144,1.0405884841495994,8,1471,bus_3305,66.0,-0.3581538935130056,1.0395126275315743,8,ac,55.00000000000001,-1045,6993,-1008,7062,"LINESTRING (-1045 6993, -1008 7062)"
bus_4171-bus_4172-i_line_4171_to_4172_1_cp,253,bus_4171,132.0,0.9976959698073836,1.028262203181441,12,1474,bus_4172,132.0,0.9958832496668968,1.0290048309633637,12,ac,152.0,-2650,-1357,-2715,-1346,"LINESTRING (-2650 -1357, -2715 -1346)"
bus_1199-bus_1229-i_line_1199_to_1229_1_cp,582,bus_1199,132.0,-0.08185872569532102,1.0723766136022048,4,1481,bus_1229,132.0,-0.11385777138280945,1.0621143417689953,4,ac,142.0,944,-1807,1022,-1940,"LINESTRING (944 -1807, 1022 -1940)"
bus_3108-bus_3258-i_line_3108_to_3258_1_cp,714,bus_3108,132.0,-0.2821613527940783,1.0344986467366872,8,1484,bus_3258,132.0,-0.2834881556662901,1.0380537153498852,8,ac,134.0,-693,5928,-631,5997,"LINESTRING (-693 5928, -631 5997)"
bus_1224-bus_1236-i_line_1224_to_1236_1_cp,1768,bus_1224,132.0,-0.31073137190486444,1.0491895923002144,2,1488,bus_1236,132.0,-0.3131262039206195,1.049703806904925,2,ac,183.0,515,156,645,137,"LINESTRING (515 156, 645 137)"
bus_5121-bus_5130-i_line_5121_to_5130_1_cp,865,bus_5121,110.0,-0.15579387720875212,1.021240929945139,15,1490,bus_5130,110.0,-0.16542771735599776,1.0168343910245399,15,ac,84.0,1133,-5863,1138,-5920,"LINESTRING (1133 -5863, 1138 -5920)"
bus_1498-bus_1599-i_line_1498_to_1599_1_pi,271,bus_1498,66.0,-0.3634329249335973,1.0245315127879802,1,1491,bus_1599,66.0,-0.3617986901786365,1.0257164589487764,1,ac,68.0,-1114,1955,-1094,1961,"LINESTRING (-1114 1955, -1094 1961)"
bus_3573-bus_3598-i_line_3573_to_3598_1_cp,296,bus_3573,275.0,0.05995958830120667,1.0927176675835448,9,1492,bus_3598,275.0,-0.05698373778819454,1.0725893344167143,9,ac,606.0,-314,4388,-714,4483,"LINESTRING (-314 4388, -714 4483)"
bus_3549-bus_3598-i_line_3549_to_3598_1_cp,523,bus_3549,275.0,-0.12796642116243676,1.0536492981037135,9,1492,bus_3598,275.0,-0.05698373778819454,1.0725893344167143,9,ac,521.0,-915,4345,-714,4483,"LINESTRING (-915 4345, -714 4483)"
bus_3554-bus_3598-i_line_3554_to_3598_2_cp,1047,bus_3554,275.0,-0.06330026683997911,1.0682078505336667,9,1492,bus_3598,275.0,-0.05698373778819454,1.0725893344167143,9,ac,718.0,-869,4570,-714,4483,"LINESTRING (-869 4570, -714 4483)"
bus_1260-bus_1284-i_line_1260_to_1284_1_cp,41,bus_1260,132.0,-0.3608115806498309,1.06298,2,1499,bus_1284,132.0,-0.37077502925141165,1.0474740539474259,2,ac,280.0,359,712,295,758,"LINESTRING (359 712, 295 758)"
bus_1260-bus_1284-i_line_1260_to_1284_2_cp,41,bus_1260,132.0,-0.3608115806498309,1.06298,2,1499,bus_1284,132.0,-0.37077502925141165,1.0474740539474259,2,ac,290.0,359,712,295,758,"LINESTRING (359 712, 295 758)"
bus_4279-bus_4280-i_line_4279_to_4280_1_cp,18,bus_4279,66.0,0.9669450610710372,1.022934109039757,13,1500,bus_4280,66.0,0.9657976935919848,1.0231031378186348,13,ac,48.0,-2083,-2441,-2056,-2473,"LINESTRING (-2083 -2441, -2056 -2473)"
bus_4276-bus_4280-i_Dec24_line_4276_to_4281_1_dec,1780,bus_4276,66.0,0.9769358022991873,1.0227060216853843,13,1500,bus_4280,66.0,0.9657976935919848,1.0231031378186348,13,ac,121.0,-2075,-2558,-2056,-2473,"LINESTRING (-2075 -2558, -2056 -2473)"
bus_1190-bus_1406-i_line_1379_to_1406_1_cp,779,bus_1190,132.0,-0.33837999421331977,1.0585463079025563,2,1501,bus_1406,132.0,-0.34703077068368576,1.055029745074609,2,ac,254.99999999999997,529,439,485,488,"LINESTRING (529 439, 485 488)"
bus_1190-bus_1406-i_line_1190_to_1406_1_cp,779,bus_1190,132.0,-0.33837999421331977,1.0585463079025563,2,1501,bus_1406,132.0,-0.34703077068368576,1.055029745074609,2,ac,277.0,529,439,485,488,"LINESTRING (529 439, 485 488)"
bus_4194-bus_4204-i_line_4194_to_4204_1_cp,1452,bus_4194,132.0,0.9546373719914629,1.0345310002596304,13,1503,bus_4204,132.0,0.928409250052623,1.06298,13,ac,212.0,-2042,-1799,-1944,-1667,"LINESTRING (-2042 -1799, -1944 -1667)"
bus_1189-bus_1338-i_line_1189_to_1457_1_cp,170,bus_1189,132.0,-0.32658829402484385,1.0491512002520478,2,1504,bus_1338,132.0,-0.3376503382165787,1.0443125997813845,2,ac,195.0,732,-450,787,-513,"LINESTRING (732 -450, 787 -513)"
bus_1254-bus_1338-i_line_1254_to_1457_1_cp,244,bus_1254,132.0,-0.33867273538118425,1.04364950471473,2,1504,bus_1338,132.0,-0.3376503382165787,1.0443125997813845,2,ac,177.0,673,-588,787,-513,"LINESTRING (673 -588, 787 -513)"
bus_1305-bus_1338-i_line_1305_to_1338_1_cp,1809,bus_1305,132.0,-0.33869201367965046,1.0451935381448778,2,1504,bus_1338,132.0,-0.3376503382165787,1.0443125997813845,2,ac,233.0,853,-451,787,-513,"LINESTRING (853 -451, 787 -513)"
bus_3024-bus_3498-i_line_3024_to_3498_2_cp,241,bus_3024,132.0,-0.03861944463385232,1.066921175907334,9,1505,bus_3498,132.0,-0.00563186210621269,1.0435269792169,9,ac,190.0,120,3768,-96,3624,"LINESTRING (120 3768, -96 3624)"
bus_2202-bus_5150-i_1,1004,bus_2202,500.0,-0.3298566772989217,1.0726186674619618,7,1507,bus_5150,220.0,-0.28993478731090694,1.0569199095041097,15,dc,306.865,721,-4255,904,-5344,"LINESTRING (721 -4255, 904 -5344)"
bus_5149-bus_5150-i_line_5149_to_5153_2_cp,1137,bus_5149,220.0,-0.1714518391601471,1.0764297233015838,15,1507,bus_5150,220.0,-0.28993478731090694,1.0569199095041097,15,ac,416.0,1155,-5495,904,-5344,"LINESTRING (1155 -5495, 904 -5344)"
bus_5149-bus_5150-i_line_5149_to_5153_1_cp,1137,bus_5149,220.0,-0.1714518391601471,1.0764297233015838,15,1507,bus_5150,220.0,-0.28993478731090694,1.0569199095041097,15,ac,429.0,1155,-5495,904,-5344,"LINESTRING (1155 -5495, 904 -5344)"
bus_2213-bus_2215-i_line_2213_to_2215_1_cp,786,bus_2213,66.0,-0.23960910574121505,1.031297539361733,6,1509,bus_2215,66.0,-0.3892519818617646,1.0061933395509874,6,ac,51.0,97,-3966,167,-3906,"LINESTRING (97 -3966, 167 -3906)"
bus_2214-bus_2215-i_line_2214_to_2215_1_cp,1269,bus_2214,66.0,-0.37815123540444595,1.0183794901831493,6,1509,bus_2215,66.0,-0.3892519818617646,1.0061933395509874,6,ac,81.0,241,-3841,167,-3906,"LINESTRING (241 -3841, 167 -3906)"
bus_2214-bus_2215-i_line_2214_to_2215_2_cp,1269,bus_2214,66.0,-0.37815123540444595,1.0183794901831493,6,1509,bus_2215,66.0,-0.3892519818617646,1.0061933395509874,6,ac,86.0,241,-3841,167,-3906,"LINESTRING (241 -3841, 167 -3906)"
bus_1109-bus_3650-i_line_1109_to_3650_2_cp,968,bus_1109,330.0,0.004049622081316998,1.027,1,1510,bus_3650,330.0,0.032780488794655845,1.0722047065423839,11,ac,881.0,1063,2437,647,2809,"LINESTRING (1063 2437, 647 2809)"
bus_1109-bus_3650-i_line_1109_to_3650_1_cp,968,bus_1109,330.0,0.004049622081316998,1.027,1,1510,bus_3650,330.0,0.032780488794655845,1.0722047065423839,11,ac,882.0,1063,2437,647,2809,"LINESTRING (1063 2437, 647 2809)"
bus_3648-bus_3650-i_line_3648_to_3650_1_cp,1785,bus_3648,330.0,0.04842815180932194,1.0536492981037135,11,1510,bus_3650,330.0,0.032780488794655845,1.0722047065423839,11,ac,849.0,503,3236,647,2809,"LINESTRING (503 3236, 647 2809)"
bus_3648-bus_3650-i_line_3648_to_3650_2_cp,1785,bus_3648,330.0,0.04842815180932194,1.0536492981037135,11,1510,bus_3650,330.0,0.032780488794655845,1.0722047065423839,11,ac,830.0000000000001,503,3236,647,2809,"LINESTRING (503 3236, 647 2809)"
bus_1177-bus_1301-i_line_1177_to_1301_1_cp,1263,bus_1177,132.0,-0.12229685258103734,1.045409488214635,4,1515,bus_1301,132.0,-0.18279634624188276,1.0358142982439347,4,ac,189.0,723,-891,681,-960,"LINESTRING (723 -891, 681 -960)"
bus_5163-bus_5168-i_line_5163_to_5168_2_cp,616,bus_5163,220.0,-0.12103392512597509,1.065127215758608,15,1517,bus_5168,220.0,-0.11772116955777844,1.0607537713963928,15,ac,389.0,1046,-5970,971,-5848,"LINESTRING (1046 -5970, 971 -5848)"
bus_5163-bus_5168-i_line_5163_to_5168_1_cp,616,bus_5163,220.0,-0.12103392512597509,1.065127215758608,15,1517,bus_5168,220.0,-0.11772116955777844,1.0607537713963928,15,ac,393.0,1046,-5970,971,-5848,"LINESTRING (1046 -5970, 971 -5848)"
bus_5155-bus_5168-i_line_5155_to_5168_2_cp,1690,bus_5155,220.0,-0.08928081389675672,1.0551151338680296,15,1517,bus_5168,220.0,-0.11772116955777844,1.0607537713963928,15,ac,441.0,814,-6003,971,-5848,"LINESTRING (814 -6003, 971 -5848)"
bus_5155-bus_5168-i_line_5155_to_5168_1_cp,1690,bus_5155,220.0,-0.08928081389675672,1.0551151338680296,15,1517,bus_5168,220.0,-0.11772116955777844,1.0607537713963928,15,ac,328.0,814,-6003,971,-5848,"LINESTRING (814 -6003, 971 -5848)"
bus_3192-bus_3231-i_line_3192_to_3231_1_cp,835,bus_3192,110.0,-0.26036470299051556,1.0483683239127992,11,1519,bus_3231,110.0,-0.2652331932645291,1.0485654423297088,11,ac,142.0,-976,3255,-1064,3231,"LINESTRING (-976 3255, -1064 3231)"
bus_3024-bus_3497-i_line_3024_to_3497_1_cp,241,bus_3024,132.0,-0.03861944463385232,1.066921175907334,9,1522,bus_3497,132.0,-0.005287666675994593,1.0433505816344888,9,ac,181.0,120,3768,-101,3634,"LINESTRING (120 3768, -101 3634)"
bus_1207-bus_1473-i_line_1207_to_1473_1_cp,221,bus_1207,132.0,-0.23051651437671627,1.0696783665713685,1,1523,bus_1473,132.0,-0.2758900283254285,1.0399493675716578,1,ac,154.0,1327,1555,1459,1657,"LINESTRING (1327 1555, 1459 1657)"
bus_1464-bus_1473-i_line_1464_to_1473_1_cp,378,bus_1464,132.0,-0.23363581713424228,1.0693292049161143,1,1523,bus_1473,132.0,-0.2758900283254285,1.0399493675716578,1,ac,149.0,1318,1531,1459,1657,"LINESTRING (1318 1531, 1459 1657)"
bus_1351-bus_1473-i_line_1363_to_1473_1_cp,1756,bus_1351,132.0,-0.2533342867839173,1.0399210650760342,1,1523,bus_1473,132.0,-0.2758900283254285,1.0399493675716578,1,ac,149.0,1714,1868,1459,1657,"LINESTRING (1714 1868, 1459 1657)"
bus_1204-bus_1306-i_line_1204_to_1306_1_cp,106,bus_1204,132.0,-0.057252352624369604,1.0614524017422307,4,1527,bus_1306,132.0,-0.07040354321874472,1.0537293676854083,4,ac,268.0,2049,-1463,2113,-1416,"LINESTRING (2049 -1463, 2113 -1416)"
bus_1255-bus_1306-i_line_1295_to_1492_1_cp,1265,bus_1255,132.0,-0.06259535028869284,1.0568131467813322,4,1527,bus_1306,132.0,-0.07040354321874472,1.0537293676854083,4,ac,307.0,1977,-1315,2113,-1416,"LINESTRING (1977 -1315, 2113 -1416)"
bus_1255-bus_1306-i_line_1165_to_1492_1_cp,1265,bus_1255,132.0,-0.06259535028869284,1.0568131467813322,4,1527,bus_1306,132.0,-0.07040354321874472,1.0537293676854083,4,ac,306.0,1977,-1315,2113,-1416,"LINESTRING (1977 -1315, 2113 -1416)"
bus_1288-bus_1306-i_line_1288_to_1306_1_cp,1905,bus_1288,132.0,-0.07402189806346848,1.0516896969241094,4,1527,bus_1306,132.0,-0.07040354321874472,1.0537293676854083,4,ac,295.0,2161,-1359,2113,-1416,"LINESTRING (2161 -1359, 2113 -1416)"
bus_1140-bus_1569-i_line_1141_to_1569_1_cp,1855,bus_1140,330.0,-0.25880976868315786,1.04751461269572,2,1528,bus_1569,330.0,-0.2706546034531623,1.0512921799993844,3,ac,690.0,828,-241,1157,-402,"LINESTRING (828 -241, 1157 -402)"
bus_4248-bus_4337-i_line_4248_to_4337_1_cp,34,bus_4248,66.0,0.983084713065989,1.023052143156055,13,1531,bus_4337,66.0,0.9820596005672675,1.0218569087055434,13,ac,110.00000000000001,-2385,-2413,-2440,-2336,"LINESTRING (-2385 -2413, -2440 -2336)"
bus_4236-bus_4337-i_line_4236_to_4337_1_cp,888,bus_4236,66.0,0.984132707008711,1.0235315374257128,13,1531,bus_4337,66.0,0.9820596005672675,1.0218569087055434,13,ac,79.0,-2396,-2385,-2440,-2336,"LINESTRING (-2396 -2385, -2440 -2336)"
bus_4235-bus_4337-i_line_4235_to_4337_1_cp,1437,bus_4235,66.0,0.9842356396143824,1.0233575440946587,13,1531,bus_4337,66.0,0.9820596005672675,1.0218569087055434,13,ac,60.0,-2456,-2217,-2440,-2336,"LINESTRING (-2456 -2217, -2440 -2336)"
bus_2207-bus_2208-i_line_2207_to_2208_1_cp,47,bus_2207,500.0,-0.3607619935671586,1.0628131502887084,6,1532,bus_2208,500.0,-0.3558422618083368,1.0595275351603426,6,ac,1533.0,729,-3348,453,-3333,"LINESTRING (729 -3348, 453 -3333)"
bus_2207-bus_2208-i_line_2207_to_2208_2_cp,47,bus_2207,500.0,-0.3607619935671586,1.0628131502887084,6,1532,bus_2208,500.0,-0.3558422618083368,1.0595275351603426,6,ac,1535.0,729,-3348,453,-3333,"LINESTRING (729 -3348, 453 -3333)"
bus_2201-bus_2208-i_line_2201_to_2208_1_cp,1590,bus_2201,500.0,-0.36156800621816426,1.0579283898863827,6,1532,bus_2208,500.0,-0.3558422618083368,1.0595275351603426,6,ac,1517.0,574,-3521,453,-3333,"LINESTRING (574 -3521, 453 -3333)"
bus_2203-bus_2208-i_line_2203_to_2208_2_cp,1891,bus_2203,500.0,-0.3331696804991536,1.0551643037053646,5,1532,bus_2208,500.0,-0.3558422618083368,1.0595275351603426,6,ac,1533.0,149,-3261,453,-3333,"LINESTRING (149 -3261, 453 -3333)"
bus_2203-bus_2208-i_line_2203_to_2208_1_cp,1891,bus_2203,500.0,-0.3331696804991536,1.0551643037053646,5,1532,bus_2208,500.0,-0.3558422618083368,1.0595275351603426,6,ac,1472.0,149,-3261,453,-3333,"LINESTRING (149 -3261, 453 -3333)"
bus_3167-bus_3168-i_line_3167_to_3168_1_cp,188,bus_3167,132.0,-0.2293002210125996,1.0458174687720876,9,1534,bus_3168,132.0,-0.23260145848921698,1.0510241783624164,9,ac,113.99999999999999,-673,5521,-650,5604,"LINESTRING (-673 5521, -650 5604)"
bus_2199-bus_2206-i_line_2199_to_2206_1_cp,245,bus_2199,500.0,-0.3330326234488831,1.0730997952876256,6,1535,bus_2206,500.0,-0.3824977575895341,1.06298,6,ac,1431.0,1007,-3430,880,-3494,"LINESTRING (1007 -3430, 880 -3494)"
bus_2198-bus_2206-i_line_2198_to_2206_1_cp,1112,bus_2198,500.0,-0.38293723757371784,1.0698047901467078,6,1535,bus_2206,500.0,-0.3824977575895341,1.06298,6,ac,1549.0,960,-3638,880,-3494,"LINESTRING (960 -3638, 880 -3494)"
bus_4218-bus_4219-i_line_4218_to_4219_1_cp,1706,bus_4218,132.0,0.17370703411455213,1.0127279040253288,14,1537,bus_4219,132.0,0.1980507802108814,1.0194975430688877,14,ac,127.0,-897,-2567,-907,-2658,"LINESTRING (-897 -2567, -907 -2658)"
bus_2113-bus_2181-i_line_2113_to_2181_2_cp,140,bus_2113,220.0,-0.41048340102527736,1.0284695137151891,6,1539,bus_2181,220.0,-0.41047749144996215,1.0284092086505043,6,ac,520.0,805,-3646,803,-3560,"LINESTRING (805 -3646, 803 -3560)"
bus_2121-bus_2181-i_line_2163_to_2181_1_cp,310,bus_2121,220.0,-0.4618827151274631,1.0293840309810427,7,1539,bus_2181,220.0,-0.41047749144996215,1.0284092086505043,6,ac,574.0,924,-3962,803,-3560,"LINESTRING (924 -3962, 803 -3560)"
bus_2122-bus_2181-i_line_2122_to_2181_1_cp,1747,bus_2122,220.0,-0.2625138787145463,1.0332599932298012,6,1539,bus_2181,220.0,-0.41047749144996215,1.0284092086505043,6,ac,393.0,829,-3277,803,-3560,"LINESTRING (829 -3277, 803 -3560)"
bus_2147-bus_2181-i_line_2147_to_2181_2_cp,1797,bus_2147,220.0,-0.41464654161569,1.0304514729526635,6,1539,bus_2181,220.0,-0.41047749144996215,1.0284092086505043,6,ac,423.00000000000006,693,-3618,803,-3560,"LINESTRING (693 -3618, 803 -3560)"
bus_3023-bus_3002-i_line_3023_to_3063_1_cp,1356,bus_3023,132.0,-0.31702767651609315,1.018928938650691,8,1547,bus_3002,132.0,-0.30299812811186555,1.0536492981037135,8,ac,111.00000000000001,-1314,5960,-1218,5893,"LINESTRING (-1314 5960, -1218 5893)"
bus_3023-bus_3002-i_line_3023_to_3063_2_cp,1356,bus_3023,132.0,-0.31702767651609315,1.018928938650691,8,1547,bus_3002,132.0,-0.30299812811186555,1.0536492981037135,8,ac,119.0,-1314,5960,-1218,5893,"LINESTRING (-1314 5960, -1218 5893)"
bus_3477-bus_3157-i_line_3477_to_3533_1_cp,703,bus_3477,132.0,-0.1335667911437844,1.0461912279175505,9,1548,bus_3157,132.0,-0.08795095143410815,1.0521951662031475,9,ac,227.0,-1022,4658,-1392,4828,"LINESTRING (-1022 4658, -1392 4828)"
bus_3477-bus_3157-i_line_3477_to_3533_2_cp,703,bus_3477,132.0,-0.1335667911437844,1.0461912279175505,9,1548,bus_3157,132.0,-0.08795095143410815,1.0521951662031475,9,ac,215.0,-1022,4658,-1392,4828,"LINESTRING (-1022 4658, -1392 4828)"
bus_3220-bus_3157-i_line_3157_to_3216_1_cp,830,bus_3220,132.0,-0.09760367377745888,1.0510622444888362,9,1548,bus_3157,132.0,-0.08795095143410815,1.0521951662031475,9,ac,229.0,-1791,4951,-1392,4828,"LINESTRING (-1791 4951, -1392 4828)"
bus_3220-bus_3157-i_line_3216_to_3533_1_cp,830,bus_3220,132.0,-0.09760367377745888,1.0510622444888362,9,1548,bus_3157,132.0,-0.08795095143410815,1.0521951662031475,9,ac,229.0,-1791,4951,-1392,4828,"LINESTRING (-1791 4951, -1392 4828)"
bus_3284-bus_3157-i_line_3284_to_3646_1_cp,1148,bus_3284,132.0,-0.08808497118980887,1.0524814814848642,9,1548,bus_3157,132.0,-0.08795095143410815,1.0521951662031475,9,ac,173.0,-1358,5009,-1392,4828,"LINESTRING (-1358 5009, -1392 4828)"
bus_3284-bus_3157-i_line_3284_to_3646_2_cp,1148,bus_3284,132.0,-0.08808497118980887,1.0524814814848642,9,1548,bus_3157,132.0,-0.08795095143410815,1.0521951662031475,9,ac,170.0,-1358,5009,-1392,4828,"LINESTRING (-1358 5009, -1392 4828)"
bus_3096-bus_3209-i_line_3096_to_3209_3_cp,845,bus_3096,132.0,-0.3509104358037359,1.029971922484526,8,1550,bus_3209,132.0,-0.3516833991874854,1.0288032531113516,8,ac,209.0,-1013,6597,-881,6734,"LINESTRING (-1013 6597, -881 6734)"
bus_3190-bus_3209-i_line_3190_to_3209_1_cp,1275,bus_3190,132.0,-0.3516880368611527,1.028825756620975,8,1550,bus_3209,132.0,-0.3516833991874854,1.0288032531113516,8,ac,199.0,-791,6837,-881,6734,"LINESTRING (-791 6837, -881 6734)"
bus_4117-bus_4107-i_connection S3,280,bus_4117,275.0,0.9953587318476333,1.0585945060804445,13,1551,bus_4107,275.0,1.0174742349122765,1.0403632930073323,13,ac,950.0,-2144,-1797,-2794,-1647,"LINESTRING (-2144 -1797, -2794 -1647)"
bus_4106-bus_4107-i_line_4106_to_4107_1_cp,1142,bus_4106,275.0,1.0849880325411756,1.0566120252468494,13,1551,bus_4107,275.0,1.0174742349122765,1.0403632930073323,13,ac,522.0,-2633,-1576,-2794,-1647,"LINESTRING (-2633 -1576, -2794 -1647)"
bus_1331-bus_1402-i_line_1331_to_1402_1_cp,484,bus_1331,132.0,-0.053555746046304024,1.06473035513081,1,1554,bus_1402,132.0,-0.01502046566794175,1.0755541911285893,1,ac,138.0,2000,2110,1986,1943,"LINESTRING (2000 2110, 1986 1943)"
bus_1260-bus_1265-i_line_1266_to_1325_1_cp,41,bus_1260,132.0,-0.3608115806498309,1.06298,2,1555,bus_1265,132.0,-0.37091281118726616,1.047428127222827,2,ac,217.0,359,712,785,983,"LINESTRING (359 712, 785 983)"
bus_1164-bus_1335-i_line_1164_to_1335_1_cp,205,bus_1164,132.0,-0.12130479874319865,1.0788083881422366,1,1556,bus_1335,132.0,-0.12016339282513606,1.027,1,ac,145.0,1958,2291,2031,2351,"LINESTRING (1958 2291, 2031 2351)"
bus_1159-bus_1335-i_line_1159_to_1335_1_cp,1336,bus_1159,132.0,-0.046704329407300134,1.027,1,1556,bus_1335,132.0,-0.12016339282513606,1.027,1,ac,150.0,1823,2202,2031,2351,"LINESTRING (1823 2202, 2031 2351)"
bus_1121-bus_1156-i_line_1121_to_1156_1_cp,374,bus_1121,500.0,-0.04673297129084486,1.073454460035518,2,1559,bus_1156,500.0,-0.0025726833157232237,1.078223484017491,2,ac,1369.0,715,112,682,204,"LINESTRING (715 112, 682 204)"
bus_1099-bus_1156-i_line_1099_to_1156_1_cp,436,bus_1099,500.0,0.06793269241031377,1.0747930173806841,2,1559,bus_1156,500.0,-0.0025726833157232237,1.078223484017491,2,ac,1434.0,825,368,682,204,"LINESTRING (825 368, 682 204)"
bus_3549-bus_3606-i_line_3549_to_3606_1_cp,523,bus_3549,275.0,-0.12796642116243676,1.0536492981037135,9,1563,bus_3606,275.0,-0.18074752089239934,1.0893490550900609,9,ac,509.99999999999994,-915,4345,-992,4175,"LINESTRING (-915 4345, -992 4175)"
bus_3547-bus_3606-i_line_3547_to_3606_1_cp,1310,bus_3547,275.0,-0.19310236293677202,1.0621993293262253,9,1563,bus_3606,275.0,-0.18074752089239934,1.0893490550900609,9,ac,516.0,-906,4002,-992,4175,"LINESTRING (-906 4002, -992 4175)"
bus_1212-bus_1309-i_line_1212_to_1309_1_cp,1805,bus_1212,132.0,-0.3530782978945438,1.0510317830927647,2,1565,bus_1309,132.0,-0.35378855887555377,1.0511167474495149,3,ac,184.0,710,-618,816,-697,"LINESTRING (710 -618, 816 -697)"
bus_4313-bus_4314-i_line_4313_to_4314_1_cp,1705,bus_4313,66.0,0.9678954930998184,1.0415135626971668,14,1567,bus_4314,66.0,0.9706896289514179,1.0426147337532827,14,ac,120.0,-1550,-3113,-1522,-3231,"LINESTRING (-1550 -3113, -1522 -3231)"
bus_1416-bus_1182-i_line_1416_to_1417_1_pi_merged_with_line_1182_to_1417_1_cp,771,bus_1416,132.0,-0.01942541242273349,1.0644562307209076,2,1568,bus_1182,132.0,-0.005347379626382377,1.0732977647457633,2,ac,193.0,1700,1483,1536,1414,"LINESTRING (1700 1483, 1536 1414)"
bus_4165-bus_4157-i_line_4165_to_4222_1_cp,176,bus_4165,132.0,0.9939627657256718,1.0169359113512018,12,1569,bus_4157,132.0,0.9856042324651146,1.007553979352179,12,ac,206.99999999999997,-3288,-1647,-3501,-1584,"LINESTRING (-3288 -1647, -3501 -1584)"
bus_1066-bus_1150-i_line_1144_to_1150_1_cp,243,bus_1066,330.0,-0.25983816582967306,1.027,2,1572,bus_1150,330.0,-0.2593131855821189,1.0432859122033895,2,ac,790.0,679,322,644,526,"LINESTRING (679 322, 644 526)"
bus_1091-bus_1150-i_line_1091_to_1150_1_cp,1332,bus_1091,330.0,-0.11966941656059205,1.027,2,1572,bus_1150,330.0,-0.2593131855821189,1.0432859122033895,2,ac,773.0,759,719,644,526,"LINESTRING (759 719, 644 526)"
bus_3000-bus_3272-i_line_3061_to_3272_1_cp,135,bus_3000,132.0,-0.19441404267018805,1.0406642897458762,9,1574,bus_3272,132.0,-0.19393005955832174,1.0337,9,ac,145.0,-172,5490,-134,5468,"LINESTRING (-172 5490, -134 5468)"
bus_2146-bus_2189-i_line_2146_to_2189_1_cp,614,bus_2146,220.0,-0.408047643810458,1.038004369321867,6,1579,bus_2189,220.0,-0.4054479604562484,1.0331340120551904,6,ac,405.99999999999994,464,-3836,399,-3860,"LINESTRING (464 -3836, 399 -3860)"
bus_2128-bus_2189-i_line_2128_to_2189_1_cp,1413,bus_2128,220.0,-0.35809998044972546,1.0389217956445833,6,1579,bus_2189,220.0,-0.4054479604562484,1.0331340120551904,6,ac,393.0,340,-3787,399,-3860,"LINESTRING (340 -3787, 399 -3860)"
bus_1027-bus_1299-i_line_1027_to_1299_1_cp,1893,bus_1027,132.0,-0.03777301017068343,1.02449,1,1583,bus_1299,132.0,-0.054513964888486595,1.027,1,ac,129.0,2751,2808,2630,2721,"LINESTRING (2751 2808, 2630 2721)"
bus_2104-bus_2111-i_line_2111_to_2112_1_pi,301,bus_2104,220.0,-0.4112014699263982,1.0337475532007514,6,1591,bus_2111,220.0,-0.4137380524245212,1.025184495356206,6,ac,330.0,449,-4098,540,-4107,"LINESTRING (449 -4098, 540 -4107)"
bus_2104-bus_2111-i_line_2110_to_2112_2_pi_merged_with_line_2110_to_2159_1_cp,301,bus_2104,220.0,-0.4112014699263982,1.0337475532007514,6,1591,bus_2111,220.0,-0.4137380524245212,1.025184495356206,6,ac,340.0,449,-4098,540,-4107,"LINESTRING (449 -4098, 540 -4107)"
bus_2147-bus_2111-i_line_2147_to_2184_1_cp,1797,bus_2147,220.0,-0.41464654161569,1.0304514729526635,6,1591,bus_2111,220.0,-0.4137380524245212,1.025184495356206,6,ac,547.0,693,-3618,540,-4107,"LINESTRING (693 -3618, 540 -4107)"
bus_2147-bus_2111-i_line_2147_to_2184_2_cp,1797,bus_2147,220.0,-0.41464654161569,1.0304514729526635,6,1591,bus_2111,220.0,-0.4137380524245212,1.025184495356206,6,ac,538.0,693,-3618,540,-4107,"LINESTRING (693 -3618, 540 -4107)"
bus_3009-bus_3116-i_line_3009_to_3116_1_cp,1110,bus_3009,132.0,-0.25239025567277246,1.0540161157663555,9,1592,bus_3116,132.0,-0.28384316587008807,1.056144755328905,9,ac,143.0,-1313,4068,-1254,4050,"LINESTRING (-1313 4068, -1254 4050)"
bus_3028-bus_3116-i_line_3073_to_3116_2_cp,1440,bus_3028,132.0,-0.2871961237628797,1.0641454153918224,9,1592,bus_3116,132.0,-0.28384316587008807,1.056144755328905,9,ac,144.0,-1233,4114,-1254,4050,"LINESTRING (-1233 4114, -1254 4050)"
bus_3072-bus_3116-i_line_3072_to_3116_1_cp,1466,bus_3072,132.0,-0.28714171229460567,1.0642865747738721,9,1592,bus_3116,132.0,-0.28384316587008807,1.056144755328905,9,ac,147.0,-1150,4053,-1254,4050,"LINESTRING (-1150 4053, -1254 4050)"
bus_4107-bus_4116-i_line_4107_to_4116_1_cp,1551,bus_4107,275.0,1.0174742349122765,1.0403632930073323,13,1594,bus_4116,275.0,0.9996851012810352,1.0591811437261736,13,ac,513.0,-2794,-1647,-2530,-1665,"LINESTRING (-2794 -1647, -2530 -1665)"
bus_3470-bus_3506-i_line_3470_to_3506_1_cp,427,bus_3470,110.0,-0.27329182131008045,1.0618020300199171,11,1595,bus_3506,110.0,-0.2908606935749788,1.0522179596085128,11,ac,132.0,-891,3562,-1055,3399,"LINESTRING (-891 3562, -1055 3399)"
bus_3470-bus_3506-i_line_3470_to_3506_2_cp,427,bus_3470,110.0,-0.27329182131008045,1.0618020300199171,11,1595,bus_3506,110.0,-0.2908606935749788,1.0522179596085128,11,ac,131.0,-891,3562,-1055,3399,"LINESTRING (-891 3562, -1055 3399)"
bus_3192-bus_3506-i_line_3192_to_3506_1_cp,835,bus_3192,110.0,-0.26036470299051556,1.0483683239127992,11,1595,bus_3506,110.0,-0.2908606935749788,1.0522179596085128,11,ac,138.0,-976,3255,-1055,3399,"LINESTRING (-976 3255, -1055 3399)"
bus_3222-bus_3506-i_line_3222_to_3506_1_cp,953,bus_3222,110.0,-0.2916332428323532,1.0551235237180616,11,1595,bus_3506,110.0,-0.2908606935749788,1.0522179596085128,11,ac,133.0,-945,3336,-1055,3399,"LINESTRING (-945 3336, -1055 3399)"
bus_3058-bus_3506-i_line_3058_to_3506_2_cp,1215,bus_3058,110.0,-0.3027466355820523,1.0476530614119484,11,1595,bus_3506,110.0,-0.2908606935749788,1.0522179596085128,11,ac,154.0,-1308,3419,-1055,3399,"LINESTRING (-1308 3419, -1055 3399)"
bus_3058-bus_3506-i_line_3058_to_3506_1_cp,1215,bus_3058,110.0,-0.3027466355820523,1.0476530614119484,11,1595,bus_3506,110.0,-0.2908606935749788,1.0522179596085128,11,ac,157.0,-1308,3419,-1055,3399,"LINESTRING (-1308 3419, -1055 3399)"
bus_4226-bus_4252-i_Dec19_line_4226_to_4327_1_dec,270,bus_4226,66.0,1.0425130817173016,1.0121135255806009,14,1600,bus_4252,66.0,1.0428925776106088,1.0067629386824593,14,ac,119.0,-2009,-3012,-1965,-3341,"LINESTRING (-2009 -3012, -1965 -3341)"
bus_4253-bus_4252-i_line_4253_to_4327_1_cp,1241,bus_4253,66.0,1.0416489671191809,1.0038343036669086,14,1600,bus_4252,66.0,1.0428925776106088,1.0067629386824593,14,ac,47.0,-1941,-3307,-1965,-3341,"LINESTRING (-1941 -3307, -1965 -3341)"
bus_4243-bus_4252-i_line_4243_to_4331_1_cp,1684,bus_4243,66.0,1.0499265437365715,1.0068971706698608,14,1600,bus_4252,66.0,1.0428925776106088,1.0067629386824593,14,ac,97.0,-1970,-3309,-1965,-3341,"LINESTRING (-1970 -3309, -1965 -3341)"
bus_4233-bus_4234-i_Dec20_line_4233_to_4234_1_dec,1585,bus_4233,66.0,0.9911761514992588,1.0292897894980002,13,1601,bus_4234,66.0,0.9878329546561998,1.0266354351616391,13,ac,125.0,-2260,-2230,-2370,-2224,"LINESTRING (-2260 -2230, -2370 -2224)"
bus_1255-bus_1307-i_line_1165_to_1307_1_cp,1265,bus_1255,132.0,-0.06259535028869284,1.0568131467813322,4,1602,bus_1307,132.0,-0.06652924219974675,1.0549809036786726,4,ac,317.0,1977,-1315,1900,-1313,"LINESTRING (1977 -1315, 1900 -1313)"
bus_1255-bus_1307-i_line_1278_to_1307_1_cp,1265,bus_1255,132.0,-0.06259535028869284,1.0568131467813322,4,1602,bus_1307,132.0,-0.06652924219974675,1.0549809036786726,4,ac,292.0,1977,-1315,1900,-1313,"LINESTRING (1977 -1315, 1900 -1313)"
bus_5068-bus_5069-i_line_5068_to_5069_1_cp,815,bus_5068,110.0,-0.13516347756873417,1.0414933291409048,15,1604,bus_5069,110.0,-0.12200875003428018,1.0512389507489872,15,ac,117.0,383,-5832,495,-5796,"LINESTRING (383 -5832, 495 -5796)"
bus_5054-bus_5069-i_line_5054_to_5069_1_cp,1245,bus_5054,110.0,-0.10744668598409178,1.0597364714592294,15,1604,bus_5069,110.0,-0.12200875003428018,1.0512389507489872,15,ac,122.0,642,-5751,495,-5796,"LINESTRING (642 -5751, 495 -5796)"
bus_4178-bus_4179-i_line_4178_to_4179_1_cp,437,bus_4178,132.0,0.8287984767363081,0.993587910813598,13,1606,bus_4179,132.0,0.7513460722263302,0.9679386752230494,13,ac,158.0,-2148,-1243,-2161,-1186,"LINESTRING (-2148 -1243, -2161 -1186)"
bus_1554-bus_1613-i_line_1554_to_1613_1_cp,1041,bus_1554,66.0,0.0993183087116612,1.0461816068905287,1,1608,bus_1613,66.0,0.027486856710323762,1.0336329143092806,1,ac,74.0,2279,1953,2144,1943,"LINESTRING (2279 1953, 2144 1943)"
bus_4112-bus_4135-i_Dec4_line_4112_to_4135_1_dec,402,bus_4112,275.0,1.037256255109364,1.052981098518803,13,1610,bus_4135,275.0,0.9968354469274332,1.0526616336980938,13,ac,598.0,-2004,-2596,-1965,-2388,"LINESTRING (-2004 -2596, -1965 -2388)"
bus_4094-bus_4135-i_line_4124_to_4135_1_cp,1171,bus_4094,275.0,1.0117435992398853,1.0535789757876575,13,1610,bus_4135,275.0,0.9968354469274332,1.0526616336980938,13,ac,557.0,-2143,-2100,-1965,-2388,"LINESTRING (-2143 -2100, -1965 -2388)"
bus_1315-bus_1324-i_line_1315_to_1324_1_cp,711,bus_1315,132.0,-0.03834330617483258,1.1000000106957544,4,1615,bus_1324,132.0,-0.03801619791304601,1.099192566960744,4,ac,127.0,695,-1458,758,-1418,"LINESTRING (695 -1458, 758 -1418)"
bus_1206-bus_1324-i_line_1206_to_1324_1_cp,1393,bus_1206,132.0,-0.05726013330064809,1.091969904926538,4,1615,bus_1324,132.0,-0.03801619791304601,1.099192566960744,4,ac,122.0,867,-1329,758,-1418,"LINESTRING (867 -1329, 758 -1418)"
bus_5159-bus_5162-i_line_5160_to_5162_1_cp,146,bus_5159,220.0,-0.08052053218018608,1.0516535725927663,15,1619,bus_5162,220.0,-0.07767410609921838,1.0427654786007299,15,ac,330.0,614,-6127,805,-6131,"LINESTRING (614 -6127, 805 -6131)"
bus_5155-bus_5162-i_line_5155_to_5162_1_cp,1690,bus_5155,220.0,-0.08928081389675672,1.0551151338680296,15,1619,bus_5162,220.0,-0.07767410609921838,1.0427654786007299,15,ac,306.0,814,-6003,805,-6131,"LINESTRING (814 -6003, 805 -6131)"
bus_5161-bus_5162-i_line_5161_to_5162_1_cp,1710,bus_5161,220.0,-0.0002689258619144797,1.0401919430698663,15,1619,bus_5162,220.0,-0.07767410609921838,1.0427654786007299,15,ac,412.0,678,-6194,805,-6131,"LINESTRING (678 -6194, 805 -6131)"
bus_5161-bus_5162-i_line_5161_to_5162_2_cp,1710,bus_5161,220.0,-0.0002689258619144797,1.0401919430698663,15,1619,bus_5162,220.0,-0.07767410609921838,1.0427654786007299,15,ac,401.0,678,-6194,805,-6131,"LINESTRING (678 -6194, 805 -6131)"
bus_1459-bus_1472-i_line_1459_to_1472_1_cp,546,bus_1459,132.0,-0.14668185764141642,0.9844887487467663,3,1620,bus_1472,132.0,-0.11400536176873052,0.9837674328328664,3,ac,237.0,1135,-792,1145,-823,"LINESTRING (1135 -792, 1145 -823)"
bus_1459-bus_1472-i_line_1459_to_1472_2_cp,546,bus_1459,132.0,-0.14668185764141642,0.9844887487467663,3,1620,bus_1472,132.0,-0.11400536176873052,0.9837674328328664,3,ac,243.00000000000003,1135,-792,1145,-823,"LINESTRING (1135 -792, 1145 -823)"
bus_1166-bus_1472-i_line_1166_to_1472_1_cp,1530,bus_1166,132.0,-0.15388649442783062,1.0096867938067169,3,1620,bus_1472,132.0,-0.11400536176873052,0.9837674328328664,3,ac,537.0,1073,-728,1145,-823,"LINESTRING (1073 -728, 1145 -823)"
bus_1166-bus_1472-i_line_1166_to_1472_2_cp,1530,bus_1166,132.0,-0.15388649442783062,1.0096867938067169,3,1620,bus_1472,132.0,-0.11400536176873052,0.9837674328328664,3,ac,473.00000000000006,1073,-728,1145,-823,"LINESTRING (1073 -728, 1145 -823)"
bus_1185-bus_1188-i_line_1185_to_1188_3_cp,1186,bus_1185,132.0,-0.3394524116620083,1.034736453955164,2,1627,bus_1188,132.0,-0.3395045558124802,1.0350734883428145,2,ac,236.0,238,527,166,565,"LINESTRING (238 527, 166 565)"
bus_1524-bus_1581-i_line_1524_to_1581_2_cp,884,bus_1524,33.0,-0.4505949089602606,1.0897749251269715,1,1637,bus_1581,33.0,-0.4503952646330956,1.0905487075007056,1,ac,21.0,-46,1448,27,1398,"LINESTRING (-46 1448, 27 1398)"
bus_1522-bus_1581-i_line_1522_to_1581_1_cp,1467,bus_1522,33.0,-0.4505764106250911,1.0897421072089215,1,1637,bus_1581,33.0,-0.4503952646330956,1.0905487075007056,1,ac,21.0,-24,1461,27,1398,"LINESTRING (-24 1461, 27 1398)"
bus_3099-bus_3074-i_line_3099_to_3491_1_cp,174,bus_3099,110.0,-0.10892749514594832,1.026514591957125,11,1640,bus_3074,110.0,-0.08365654226359978,1.0455508413444714,11,ac,69.0,-923,2943,-951,2806,"LINESTRING (-923 2943, -951 2806)"
bus_3099-bus_3074-i_line_3099_to_3491_2_cp,174,bus_3099,110.0,-0.10892749514594832,1.026514591957125,11,1640,bus_3074,110.0,-0.08365654226359978,1.0455508413444714,11,ac,138.0,-923,2943,-951,2806,"LINESTRING (-923 2943, -951 2806)"
bus_3171-bus_3074-i_line_3171_to_3491_1_cp,898,bus_3171,110.0,-0.09065979643028099,1.0398503037506353,11,1640,bus_3074,110.0,-0.08365654226359978,1.0455508413444714,11,ac,143.0,-866,2904,-951,2806,"LINESTRING (-866 2904, -951 2806)"
bus_3214-bus_3074-i_line_3214_to_3491_2_cp,1211,bus_3214,110.0,-0.007646122054452157,1.0288189856803815,11,1640,bus_3074,110.0,-0.08365654226359978,1.0455508413444714,11,ac,212.0,-1137,2866,-951,2806,"LINESTRING (-1137 2866, -951 2806)"
bus_3214-bus_3074-i_line_3214_to_3491_1_cp,1211,bus_3214,110.0,-0.007646122054452157,1.0288189856803815,11,1640,bus_3074,110.0,-0.08365654226359978,1.0455508413444714,11,ac,217.0,-1137,2866,-951,2806,"LINESTRING (-1137 2866, -951 2806)"
bus_3014-bus_3074-i_line_3014_to_3491_1_cp,1258,bus_3014,110.0,-0.09326022403678176,1.0333791157221364,11,1640,bus_3074,110.0,-0.08365654226359978,1.0455508413444714,11,ac,71.0,-891,2956,-951,2806,"LINESTRING (-891 2956, -951 2806)"
bus_3170-bus_3074-i_line_3170_to_3491_2_cp,1516,bus_3170,110.0,-0.08482702027519523,1.0449219017487026,11,1640,bus_3074,110.0,-0.08365654226359978,1.0455508413444714,11,ac,143.0,-845,2971,-951,2806,"LINESTRING (-845 2971, -951 2806)"
bus_3056-bus_3074-i_line_3056_to_3491_1_cp,1961,bus_3056,110.0,-0.11623264070174388,1.035337764804086,11,1640,bus_3074,110.0,-0.08365654226359978,1.0455508413444714,11,ac,100.0,-996,2948,-951,2806,"LINESTRING (-996 2948, -951 2806)"
bus_3056-bus_3074-i_line_3056_to_3491_2_cp,1961,bus_3056,110.0,-0.11623264070174388,1.035337764804086,11,1640,bus_3074,110.0,-0.08365654226359978,1.0455508413444714,11,ac,219.0,-996,2948,-951,2806,"LINESTRING (-996 2948, -951 2806)"
bus_4229-bus_4230-i_line_4229_to_4230_3_cp,860,bus_4229,66.0,0.43998858062387514,0.9057718051094805,13,1643,bus_4230,66.0,0.43397642047167,0.903709606821805,13,ac,114.99999999999999,-2143,-896,-2163,-830,"LINESTRING (-2143 -896, -2163 -830)"
bus_2190-bus_2192-i_line_2190_to_2193_1_cp_merged_with_line_2193_to_2194_1_RLC,692,bus_2190,330.0,-0.10446675056256104,1.041585196335417,5,1644,bus_2192,330.0,-0.3593466838129467,1.0498437058197712,5,ac,671.0,736,-2406,747,-2705,"LINESTRING (736 -2406, 747 -2705)"
bus_2190-bus_2192-i_line_2190_to_2192_2_cp,692,bus_2190,330.0,-0.10446675056256104,1.041585196335417,5,1644,bus_2192,330.0,-0.3593466838129467,1.0498437058197712,5,ac,645.0,736,-2406,747,-2705,"LINESTRING (736 -2406, 747 -2705)"
bus_1594-bus_1601-i_line_1594_to_1601_1_cp,116,bus_1594,66.0,-0.09199963418283934,1.0485810047246245,1,1645,bus_1601,66.0,-0.09468398758012145,1.0461370792571691,1,ac,68.0,2721,2689,2833,2717,"LINESTRING (2721 2689, 2833 2717)"
bus_1598-bus_1601-i_line_1598_to_1601_1_cp,552,bus_1598,66.0,-0.10320016958032806,1.0359321365578016,1,1645,bus_1601,66.0,-0.09468398758012145,1.0461370792571691,1,ac,56.00000000000001,2909,2742,2833,2717,"LINESTRING (2909 2742, 2833 2717)"
bus_4319-bus_4324-i_line_4319_to_4324_1_cp,511,bus_4319,66.0,0.9757673385505338,1.0582325137790083,13,1651,bus_4324,66.0,0.98332001489765,1.0594649485954484,13,ac,78.0,-1827,-2251,-1830,-2105,"LINESTRING (-1827 -2251, -1830 -2105)"
bus_4071-bus_4324-i_line_4071_to_4324_1_cp,1776,bus_4071,66.0,0.9880086975304688,1.061405120998456,13,1651,bus_4324,66.0,0.98332001489765,1.0594649485954484,13,ac,76.0,-1851,-1994,-1830,-2105,"LINESTRING (-1851 -1994, -1830 -2105)"
bus_3094-bus_3225-i_line_3094_to_3225_1_cp,93,bus_3094,132.0,-0.5402970853932636,1.0006709572074781,8,1655,bus_3225,132.0,-0.5522808777625863,1.0014808852597294,8,ac,120.0,-1895,6824,-2013,6902,"LINESTRING (-1895 6824, -2013 6902)"
bus_3094-bus_3225-i_line_3094_to_3225_2_cp,93,bus_3094,132.0,-0.5402970853932636,1.0006709572074781,8,1655,bus_3225,132.0,-0.5522808777625863,1.0014808852597294,8,ac,113.99999999999999,-1895,6824,-2013,6902,"LINESTRING (-1895 6824, -2013 6902)"
bus_1189-bus_1215-i_line_1189_to_1215_1_cp,170,bus_1189,132.0,-0.32658829402484385,1.0491512002520478,2,1667,bus_1215,132.0,-0.335699027146074,1.0465973636721804,3,ac,271.0,732,-450,876,-435,"LINESTRING (732 -450, 876 -435)"
bus_2200-bus_2204-i_line_2200_to_2204_1_cp,811,bus_2200,500.0,-0.21158900438121792,1.0102695555460788,5,1669,bus_2204,500.0,-0.2608320848962393,1.0481393124367973,5,ac,1325.0,-277,-2958,-68,-3103,"LINESTRING (-277 -2958, -68 -3103)"
bus_2203-bus_2204-i_line_2203_to_2204_1_cp,1891,bus_2203,500.0,-0.3331696804991536,1.0551643037053646,5,1669,bus_2204,500.0,-0.2608320848962393,1.0481393124367973,5,ac,1392.0,149,-3261,-68,-3103,"LINESTRING (149 -3261, -68 -3103)"
bus_3496-bus_3623-i_line_3496_to_3623_1_cp,12,bus_3496,110.0,-0.2925664046279844,1.0536492981037135,11,1671,bus_3623,110.0,-0.31243602522921154,1.0467699237451642,11,ac,131.0,-944,3422,-816,3268,"LINESTRING (-944 3422, -816 3268)"
bus_3222-bus_3623-i_line_3222_to_3623_1_cp,953,bus_3222,110.0,-0.2916332428323532,1.0551235237180616,11,1671,bus_3623,110.0,-0.31243602522921154,1.0467699237451642,11,ac,130.0,-945,3336,-816,3268,"LINESTRING (-945 3336, -816 3268)"
bus_3229-bus_3623-i_line_3229_to_3623_1_cp,1128,bus_3229,110.0,-0.3200582001961344,1.0483283673645178,11,1671,bus_3623,110.0,-0.31243602522921154,1.0467699237451642,11,ac,136.0,-635,3096,-816,3268,"LINESTRING (-635 3096, -816 3268)"
bus_3229-bus_3623-i_line_3229_to_3623_2_cp,1128,bus_3229,110.0,-0.3200582001961344,1.0483283673645178,11,1671,bus_3623,110.0,-0.31243602522921154,1.0467699237451642,11,ac,136.0,-635,3096,-816,3268,"LINESTRING (-635 3096, -816 3268)"
bus_4257-bus_4258-i_line_4257_to_4258_1_cp,649,bus_4257,66.0,1.0204581736721752,1.0019132423716164,14,1673,bus_4258,66.0,1.0159302473044904,1.0023286418696917,14,ac,69.0,-2063,-3911,-2137,-3869,"LINESTRING (-2063 -3911, -2137 -3869)"
bus_4255-bus_4258-i_line_4256_to_4264_1_cp,704,bus_4255,66.0,1.0180503299379293,1.0035015154586548,14,1673,bus_4258,66.0,1.0159302473044904,1.0023286418696917,14,ac,92.0,-2167,-3336,-2137,-3869,"LINESTRING (-2167 -3336, -2137 -3869)"
bus_3192-bus_3467-i_line_3192_to_3467_1_cp,835,bus_3192,110.0,-0.26036470299051556,1.0483683239127992,11,1677,bus_3467,110.0,-0.2535598679844813,1.0439849213209118,11,ac,104.0,-976,3255,-1130,3182,"LINESTRING (-976 3255, -1130 3182)"
bus_3129-bus_3467-i_line_3129_to_3467_1_cp,1731,bus_3129,110.0,-0.2141572728076059,1.01925279445709,11,1677,bus_3467,110.0,-0.2535598679844813,1.0439849213209118,11,ac,105.0,-1207,3092,-1130,3182,"LINESTRING (-1207 3092, -1130 3182)"
bus_2128-bus_2161-i_line_2128_to_2161_2_cp,1413,bus_2128,220.0,-0.35809998044972546,1.0389217956445833,6,1678,bus_2161,220.0,-0.3581980931036112,1.0395120520107106,6,ac,375.0,340,-3787,348,-3879,"LINESTRING (340 -3787, 348 -3879)"
bus_3001-bus_3277-i_line_3065_to_3277_1_cp,322,bus_3001,132.0,-0.2784463465267816,1.0322317139019397,8,1680,bus_3277,132.0,-0.294177117202906,1.0306528338111272,8,ac,114.99999999999999,-918,5722,-1035,5731,"LINESTRING (-918 5722, -1035 5731)"
bus_3002-bus_3277-i_line_3063_to_3277_1_cp,1547,bus_3002,132.0,-0.30299812811186555,1.0536492981037135,8,1680,bus_3277,132.0,-0.294177117202906,1.0306528338111272,8,ac,112.00000000000001,-1218,5893,-1035,5731,"LINESTRING (-1218 5893, -1035 5731)"
bus_3261-bus_3278-i_line_3261_to_3278_2_cp,1068,bus_3261,132.0,-0.043388084203523525,1.0732823088657244,9,1681,bus_3278,132.0,-0.05031800438703237,1.0709646480259616,9,ac,267.0,405,3966,485,4116,"LINESTRING (405 3966, 485 4116)"
bus_3261-bus_3278-i_line_3261_to_3278_1_cp,1068,bus_3261,132.0,-0.043388084203523525,1.0732823088657244,9,1681,bus_3278,132.0,-0.05031800438703237,1.0709646480259616,9,ac,256.0,405,3966,485,4116,"LINESTRING (405 3966, 485 4116)"
bus_4226-bus_4243-i_Dec15_line_4226_to_4243_1_dec,270,bus_4226,66.0,1.0425130817173016,1.0121135255806009,14,1684,bus_4243,66.0,1.0499265437365715,1.0068971706698608,14,ac,125.0,-2009,-3012,-1970,-3309,"LINESTRING (-2009 -3012, -1970 -3309)"
bus_4226-bus_4243-i_Dec16_line_4226_to_4243_2_dec,270,bus_4226,66.0,1.0425130817173016,1.0121135255806009,14,1684,bus_4243,66.0,1.0499265437365715,1.0068971706698608,14,ac,120.0,-2009,-3012,-1970,-3309,"LINESTRING (-2009 -3012, -1970 -3309)"
bus_4225-bus_4243-i_line_4244_to_4247_1_cp,1698,bus_4225,66.0,1.02109162523063,1.0006974775956257,14,1684,bus_4243,66.0,1.0499265437365715,1.0068971706698608,14,ac,64.0,-1983,-3864,-1970,-3309,"LINESTRING (-1983 -3864, -1970 -3309)"
bus_4279-bus_4288-i_line_4279_to_4288_1_cp,18,bus_4279,66.0,0.9669450610710372,1.022934109039757,13,1685,bus_4288,66.0,0.9668886939009208,1.0232298915905247,13,ac,105.0,-2083,-2441,-2148,-2427,"LINESTRING (-2083 -2441, -2148 -2427)"
bus_3334-bus_3359-i_line_3334_to_3359_2_cp,871,bus_3334,110.0,-0.30602547041021233,1.0458260475670444,11,1686,bus_3359,110.0,-0.30614502920849607,1.0457644272021682,11,ac,91.0,-1391,3478,-1519,3506,"LINESTRING (-1391 3478, -1519 3506)"
bus_3334-bus_3359-i_line_3334_to_3358_1_cp,871,bus_3334,110.0,-0.30602547041021233,1.0458260475670444,11,1686,bus_3359,110.0,-0.30614502920849607,1.0457644272021682,11,ac,87.0,-1391,3478,-1519,3506,"LINESTRING (-1391 3478, -1519 3506)"
bus_3058-bus_3359-i_line_3058_to_3371_1_cp,1215,bus_3058,110.0,-0.3027466355820523,1.0476530614119484,11,1686,bus_3359,110.0,-0.30614502920849607,1.0457644272021682,11,ac,145.0,-1308,3419,-1519,3506,"LINESTRING (-1308 3419, -1519 3506)"
bus_2099-bus_2100-i_line_2099_to_2100_1_cp,620,bus_2099,132.0,-0.26702488855593687,1.0345418605850494,6,1688,bus_2100,132.0,-0.21299073880389338,1.069044189027994,6,ac,195.0,198,-3943,177,-4137,"LINESTRING (198 -3943, 177 -4137)"
bus_1219-bus_1232-i_line_1220_to_1232_1_cp,870,bus_1219,132.0,-0.33354583489913836,1.0496689075354961,3,1694,bus_1232,132.0,-0.33023608848219743,1.0494748311387885,3,ac,272.0,1322,-618,1097,-538,"LINESTRING (1322 -618, 1097 -538)"
bus_1219-bus_1232-i_line_1220_to_1232_2_cp,870,bus_1219,132.0,-0.33354583489913836,1.0496689075354961,3,1694,bus_1232,132.0,-0.33023608848219743,1.0494748311387885,3,ac,254.99999999999997,1322,-618,1097,-538,"LINESTRING (1322 -618, 1097 -538)"
bus_4225-bus_4245-i_line_4244_to_4245_2_cp,1698,bus_4225,66.0,1.02109162523063,1.0006974775956257,14,1695,bus_4245,66.0,1.0202183594298877,0.9996497402151269,14,ac,60.0,-1983,-3864,-1913,-3805,"LINESTRING (-1983 -3864, -1913 -3805)"
bus_4225-bus_4245-i_line_4244_to_4245_1_cp,1698,bus_4225,66.0,1.02109162523063,1.0006974775956257,14,1695,bus_4245,66.0,1.0202183594298877,0.9996497402151269,14,ac,60.0,-1983,-3864,-1913,-3805,"LINESTRING (-1983 -3864, -1913 -3805)"
bus_3158-bus_3613-i_line_3158_to_3613_2_cp,1840,bus_3158,275.0,0.059650018122266876,1.0554790935884322,9,1696,bus_3613,275.0,0.05544772026062009,1.0797792921548544,9,ac,747.0,307,3563,419,3556,"LINESTRING (307 3563, 419 3556)"
bus_4110-bus_4115-i_line_4110_to_4115_1_cp,863,bus_4110,275.0,1.1040580638590491,1.0390632654540972,13,1697,bus_4115,275.0,1.0456323996213135,1.0451109676674997,13,ac,499.0,-2493,-1830,-2628,-1613,"LINESTRING (-2493 -1830, -2628 -1613)"
bus_4107-bus_4115-i_line_4107_to_4115_1_cp,1551,bus_4107,275.0,1.0174742349122765,1.0403632930073323,13,1697,bus_4115,275.0,1.0456323996213135,1.0451109676674997,13,ac,509.99999999999994,-2794,-1647,-2628,-1613,"LINESTRING (-2794 -1647, -2628 -1613)"
bus_4257-bus_4225-i_line_4257_to_4259_1_cp,649,bus_4257,66.0,1.0204581736721752,1.0019132423716164,14,1698,bus_4225,66.0,1.02109162523063,1.0006974775956257,14,ac,67.0,-2063,-3911,-1983,-3864,"LINESTRING (-2063 -3911, -1983 -3864)"
bus_4260-bus_4225-i_line_4260_to_4341_1_cp,1605,bus_4260,66.0,1.0143770902429645,1.00433961956117,14,1698,bus_4225,66.0,1.02109162523063,1.0006974775956257,14,ac,73.0,-2127,-4027,-1983,-3864,"LINESTRING (-2127 -4027, -1983 -3864)"
bus_3039-bus_3050-i_line_3039_to_3050_2_cp,1843,bus_3039,132.0,-0.02423993296577893,1.0760767459313103,9,1699,bus_3050,132.0,-0.04278898129703181,1.0726667775630871,9,ac,112.99999999999999,43,4965,123,5110,"LINESTRING (43 4965, 123 5110)"
bus_4312-bus_4313-i_line_4312_to_4313_1_cp,929,bus_4312,66.0,0.9677908415974872,1.04209136045144,14,1705,bus_4313,66.0,0.9678954930998184,1.0415135626971668,14,ac,111.00000000000001,-1586,-2960,-1550,-3113,"LINESTRING (-1586 -2960, -1550 -3113)"
bus_4216-bus_4218-i_line_4216_to_4218_1_cp,1421,bus_4216,132.0,0.15768068673491076,1.0141065870933212,14,1706,bus_4218,132.0,0.17370703411455213,1.0127279040253288,14,ac,206.99999999999997,-864,-2495,-897,-2567,"LINESTRING (-864 -2495, -897 -2567)"
bus_1124-bus_1149-i_line_1124_to_1149_1_cp,882,bus_1124,330.0,-0.1711833232853899,1.027,2,1709,bus_1149,330.0,-0.1554395651878936,1.025077786,2,ac,791.0,697,535,721,682,"LINESTRING (697 535, 721 682)"
bus_1138-bus_1149-i_line_1138_to_1149_1_cp,1125,bus_1138,330.0,-0.2691346021583173,1.027,2,1709,bus_1149,330.0,-0.1554395651878936,1.025077786,2,ac,822.0000000000001,597,315,721,682,"LINESTRING (597 315, 721 682)"
bus_1091-bus_1149-i_line_1091_to_1149_1_cp,1332,bus_1091,330.0,-0.11966941656059205,1.027,2,1709,bus_1149,330.0,-0.1554395651878936,1.025077786,2,ac,789.0,759,719,721,682,"LINESTRING (759 719, 721 682)"
bus_1132-bus_1149-i_line_1132_to_1149_1_cp,1815,bus_1132,330.0,-0.14359099617277354,1.0270742507729493,2,1709,bus_1149,330.0,-0.1554395651878936,1.025077786,2,ac,753.0,897,993,721,682,"LINESTRING (897 993, 721 682)"
bus_3238-bus_3382-i_line_3238_to_3382_1_cp,193,bus_3238,110.0,-0.3340988705737923,1.0532817841003856,9,1715,bus_3382,110.0,-0.33327732212872846,1.0534193274714014,9,ac,218.00000000000003,-487,4295,-541,4204,"LINESTRING (-487 4295, -541 4204)"
bus_3369-bus_3382-i_line_3369_to_3382_1_cp,1326,bus_3369,110.0,-0.33435776134288353,1.0531862644872494,9,1715,bus_3382,110.0,-0.33327732212872846,1.0534193274714014,9,ac,91.0,-512,4317,-541,4204,"LINESTRING (-512 4317, -541 4204)"
bus_3237-bus_3382-i_line_3237_to_3382_2_cp,1540,bus_3237,110.0,-0.3341487403637394,1.06298,9,1715,bus_3382,110.0,-0.33327732212872846,1.0534193274714014,9,ac,211.0,-472,4285,-541,4204,"LINESTRING (-472 4285, -541 4204)"
bus_3172-bus_3626-i_line_3172_to_3626_1_cp,1741,bus_3172,132.0,-0.3111385796070227,1.036920087833526,8,1716,bus_3626,132.0,-0.32295254417779357,0.9729757217770073,8,ac,114.99999999999999,-1334,6180,-1435,6262,"LINESTRING (-1334 6180, -1435 6262)"
bus_3172-bus_3626-i_line_3172_to_3626_2_cp,1741,bus_3172,132.0,-0.3111385796070227,1.036920087833526,8,1716,bus_3626,132.0,-0.32295254417779357,0.9729757217770073,8,ac,113.99999999999999,-1334,6180,-1435,6262,"LINESTRING (-1334 6180, -1435 6262)"
bus_1103-bus_1118-i_line_1103_to_1118_1_cp,343,bus_1103,330.0,-0.02349809903081908,1.0406343683645485,4,1719,bus_1118,330.0,0.07562057907539745,1.0337184759326778,4,ac,1483.8375219635775,1446,-1310,1300,-1557,"LINESTRING (1446 -1310, 1300 -1557)"
bus_1597-bus_1600-i_line_1597_to_1600_1_pi,1953,bus_1597,66.0,-0.36054541280713154,1.0269001582733583,1,1726,bus_1600,66.0,-0.3648411697278478,1.0233133674423531,1,ac,65.0,-1096,1993,-1106,2014,"LINESTRING (-1096 1993, -1106 2014)"
bus_2256-bus_2257-i_line_2256_to_2257_1_cp,37,bus_2256,66.0,-0.17203222214392186,1.0133005547664948,6,1728,bus_2257,66.0,-0.2372236842444684,0.9762170623155074,6,ac,48.0,907,-2953,869,-2937,"LINESTRING (907 -2953, 869 -2937)"
bus_2235-bus_2257-i_line_2235_to_2257_1_cp,1284,bus_2235,66.0,-0.2893603923467968,0.9969173267714591,6,1728,bus_2257,66.0,-0.2372236842444684,0.9762170623155074,6,ac,47.0,821,-2923,869,-2937,"LINESTRING (821 -2923, 869 -2937)"
bus_2236-bus_2238-i_line_2236_to_2238_1_cp,128,bus_2236,66.0,-0.4137977576279976,1.0270394971207684,6,1736,bus_2238,66.0,-0.4509378419414634,0.97713,6,ac,78.0,324,-3947,314,-4087,"LINESTRING (324 -3947, 314 -4087)"
bus_2230-bus_2238-i_line_2230_to_2238_1_cp,1918,bus_2230,66.0,-0.45118977374587876,1.0072607088300463,6,1736,bus_2238,66.0,-0.4509378419414634,0.97713,6,ac,85.0,308,-4195,314,-4087,"LINESTRING (308 -4195, 314 -4087)"
bus_1403-bus_1178-i_line_1403_to_1425_1_cp,923,bus_1403,132.0,-0.3082270207408814,1.0498289736824362,2,1738,bus_1178,132.0,-0.303756665935689,1.048723837273413,2,ac,223.0,287,140,524,-60,"LINESTRING (287 140, 524 -60)"
bus_1401-bus_1178-i_line_1401_to_1425_1_cp,1276,bus_1401,132.0,-0.3135417955347496,1.0510819687919006,2,1738,bus_1178,132.0,-0.303756665935689,1.048723837273413,2,ac,180.0,311,234,524,-60,"LINESTRING (311 234, 524 -60)"
bus_3114-bus_3172-i_line_3114_to_3172_1_cp,1829,bus_3114,132.0,-0.33450791211479214,1.017590850360506,8,1741,bus_3172,132.0,-0.3111385796070227,1.036920087833526,8,ac,112.00000000000001,-1373,6081,-1334,6180,"LINESTRING (-1373 6081, -1334 6180)"
bus_4112-bus_4148-i_Dec11_line_4129_to_4148_1_dec,402,bus_4112,275.0,1.037256255109364,1.052981098518803,13,1742,bus_4148,275.0,1.0384172518913812,1.0550949611956724,13,ac,673.0,-2004,-2596,-1876,-2795,"LINESTRING (-2004 -2596, -1876 -2795)"
bus_4128-bus_4148-i_Dec8_line_4128_to_4148_1_dec,480,bus_4128,275.0,1.0386949127993725,1.0562111174908497,13,1742,bus_4148,275.0,1.0384172518913812,1.0550949611956724,13,ac,655.0,-1960,-2598,-1876,-2795,"LINESTRING (-1960 -2598, -1876 -2795)"
bus_4275-bus_4289-i_Dec22_line_4275_to_4289_1_dec,1335,bus_4275,66.0,0.995585596688038,1.0177437947609143,14,1743,bus_4289,66.0,0.9844516667809339,1.0187898440763319,13,ac,114.99999999999999,-2291,-2954,-2187,-2766,"LINESTRING (-2291 -2954, -2187 -2766)"
bus_4276-bus_4289-i_line_4276_to_4289_1_cp,1780,bus_4276,66.0,0.9769358022991873,1.0227060216853843,13,1743,bus_4289,66.0,0.9844516667809339,1.0187898440763319,13,ac,109.00000000000001,-2075,-2558,-2187,-2766,"LINESTRING (-2075 -2558, -2187 -2766)"
bus_1186-bus_1326-i_line_1186_to_1233_2_cp_merged_with_line_1233_to_1326_1_cp,609,bus_1186,132.0,-0.3225125859884355,1.0428691268985268,2,1745,bus_1326,132.0,-0.35072640565266416,1.0501443397377246,2,ac,243.00000000000003,567,-53,579,-361,"LINESTRING (567 -53, 579 -361)"
bus_1318-bus_1319-i_line_1318_to_1319_1_cp,304,bus_1318,33.0,-0.21566888015709176,1.0343668854255956,5,1748,bus_1319,33.0,-0.2156817728952656,1.034386311923214,5,ac,25.0,671,-2297,624,-2357,"LINESTRING (671 -2297, 624 -2357)"
bus_2190-bus_2195-i_line_2190_to_2195_1_cp,692,bus_2190,330.0,-0.10446675056256104,1.041585196335417,5,1754,bus_2195,330.0,-0.10255959688272454,1.0472345426591838,5,ac,697.0,736,-2406,713,-2244,"LINESTRING (736 -2406, 713 -2244)"
bus_1113-bus_2195-i_line_1113_to_2195_1_cp,749,bus_1113,330.0,-0.09624253321273611,1.06298,4,1754,bus_2195,330.0,-0.10255959688272454,1.0472345426591838,5,ac,677.0,1263,-2064,713,-2244,"LINESTRING (1263 -2064, 713 -2244)"
bus_3153-bus_3482-i_line_3153_to_3482_1_cp,240,bus_3153,132.0,-0.0399675416377509,1.0534228240909769,8,1761,bus_3482,132.0,-0.03992991585420854,1.0533398588730423,8,ac,122.0,-1020,5304,-982,5236,"LINESTRING (-1020 5304, -982 5236)"
bus_3106-bus_3482-i_line_3106_to_3482_1_cp,495,bus_3106,132.0,-0.050318599664842714,1.0496841974887638,8,1761,bus_3482,132.0,-0.03992991585420854,1.0533398588730423,8,ac,136.0,-1021,5352,-982,5236,"LINESTRING (-1021 5352, -982 5236)"
bus_3044-bus_3482-i_line_3044_to_3482_2_cp,920,bus_3044,132.0,-0.052727474393473604,1.0403319848430455,8,1761,bus_3482,132.0,-0.03992991585420854,1.0533398588730423,8,ac,134.0,-973,5330,-982,5236,"LINESTRING (-973 5330, -982 5236)"
bus_3604-bus_3550-i_line_3604_to_3608_1_cp,416,bus_3604,275.0,-0.017636589025987776,1.0720741302873895,9,1762,bus_3550,275.0,-0.02776920427130424,1.070907043422534,9,ac,503.0,-1080,4673,-918,4796,"LINESTRING (-1080 4673, -918 4796)"
bus_3549-bus_3550-i_line_3549_to_3608_2_cp,523,bus_3549,275.0,-0.12796642116243676,1.0536492981037135,9,1762,bus_3550,275.0,-0.02776920427130424,1.070907043422534,9,ac,509.0,-915,4345,-918,4796,"LINESTRING (-915 4345, -918 4796)"
bus_3549-bus_3550-i_line_3549_to_3608_1_cp,523,bus_3549,275.0,-0.12796642116243676,1.0536492981037135,9,1762,bus_3550,275.0,-0.02776920427130424,1.070907043422534,9,ac,541.0,-915,4345,-918,4796,"LINESTRING (-915 4345, -918 4796)"
bus_3557-bus_3550-i_line_3557_to_3608_1_cp,824,bus_3557,275.0,-0.011566411980788739,1.080536881133045,9,1762,bus_3550,275.0,-0.02776920427130424,1.070907043422534,9,ac,559.0,-833,5026,-918,4796,"LINESTRING (-833 5026, -918 4796)"
bus_3598-bus_3550-i_line_3598_to_3608_1_cp,1492,bus_3598,275.0,-0.05698373778819454,1.0725893344167143,9,1762,bus_3550,275.0,-0.02776920427130424,1.070907043422534,9,ac,521.0,-714,4483,-918,4796,"LINESTRING (-714 4483, -918 4796)"
bus_1221-bus_1461-i_line_1221_to_1461_1_cp,672,bus_1221,132.0,-0.34507022496036965,1.0537315637342075,3,1763,bus_1461,132.0,-0.3460668953338355,1.0533637049796216,3,ac,126.0,1237,-445,1115,-484,"LINESTRING (1237 -445, 1115 -484)"
bus_1289-bus_1461-i_line_1289_to_1461_1_cp,1367,bus_1289,132.0,-0.35135806853578744,1.0504837494482029,3,1763,bus_1461,132.0,-0.3460668953338355,1.0533637049796216,3,ac,127.0,970,-499,1115,-484,"LINESTRING (970 -499, 1115 -484)"
bus_1369-bus_1654-i_line_1369_to_1654_2_cp,1838,bus_1369,33.0,-0.4006145236904155,1.0078673265809241,2,1765,bus_1654,33.0,-0.39961216467947475,1.0064403543214737,2,ac,68.50268256889673,-473,449,-611,449,"LINESTRING (-473 449, -611 449)"
bus_1102-bus_1114-i_line_1102_to_1114_1_cp,356,bus_1102,330.0,-0.022273878885440274,1.0441417322900985,4,1766,bus_1114,330.0,-0.09936052013578894,1.0311465188063351,4,ac,646.0,1404,-1052,1232,-816,"LINESTRING (1404 -1052, 1232 -816)"
bus_1105-bus_1114-i_line_1105_to_1114_1_cp,751,bus_1105,330.0,-0.153138413887704,1.0332602139842961,2,1766,bus_1114,330.0,-0.09936052013578894,1.0311465188063351,4,ac,691.0,985,-570,1232,-816,"LINESTRING (985 -570, 1232 -816)"
bus_5090-bus_5091-i_line_5090_to_5091_3_cp,1463,bus_5090,110.0,-0.10990753844575163,1.0312378460363154,15,1775,bus_5091,110.0,-0.1134886785104553,1.0302924839755965,15,ac,212.0,898,-6262,995,-6295,"LINESTRING (898 -6262, 995 -6295)"
bus_5090-bus_5091-i_line_5090_to_5091_2_cp,1463,bus_5090,110.0,-0.10990753844575163,1.0312378460363154,15,1775,bus_5091,110.0,-0.1134886785104553,1.0302924839755965,15,ac,157.0,898,-6262,995,-6295,"LINESTRING (898 -6262, 995 -6295)"
bus_5090-bus_5091-i_line_5090_to_5091_1_cp,1463,bus_5090,110.0,-0.10990753844575163,1.0312378460363154,15,1775,bus_5091,110.0,-0.1134886785104553,1.0302924839755965,15,ac,157.0,898,-6262,995,-6295,"LINESTRING (898 -6262, 995 -6295)"
bus_4002-bus_4109-i_line_4002_to_4109_1_cp,856,bus_4002,275.0,1.026466387898091,1.06298,13,1778,bus_4109,275.0,1.030563294181589,1.0674054340462389,13,ac,509.0,-2616,-1803,-2836,-1815,"LINESTRING (-2616 -1803, -2836 -1815)"
bus_4107-bus_4109-i_connection S5,1551,bus_4107,275.0,1.0174742349122765,1.0403632930073323,13,1778,bus_4109,275.0,1.030563294181589,1.0674054340462389,13,ac,950.0,-2794,-1647,-2836,-1815,"LINESTRING (-2794 -1647, -2836 -1815)"
bus_4107-bus_4109-i_line_4107_to_4109_1_cp,1551,bus_4107,275.0,1.0174742349122765,1.0403632930073323,13,1778,bus_4109,275.0,1.030563294181589,1.0674054340462389,13,ac,518.0,-2794,-1647,-2836,-1815,"LINESTRING (-2794 -1647, -2836 -1815)"
bus_3163-bus_3504-i_line_3163_to_3504_1_cp,168,bus_3163,110.0,-0.34499324436588796,1.0397419610250982,11,1783,bus_3504,110.0,-0.3255137120306017,1.0462500904038095,11,ac,169.0,-544,2719,-479,2780,"LINESTRING (-544 2719, -479 2780)"
bus_3163-bus_3504-i_line_3163_to_3504_2_cp,168,bus_3163,110.0,-0.34499324436588796,1.0397419610250982,11,1783,bus_3504,110.0,-0.3255137120306017,1.0462500904038095,11,ac,174.0,-544,2719,-479,2780,"LINESTRING (-544 2719, -479 2780)"
bus_3471-bus_3504-i_line_3471_to_3504_2_cp,558,bus_3471,110.0,-0.3193729448613225,1.0571902657771548,11,1783,bus_3504,110.0,-0.3255137120306017,1.0462500904038095,11,ac,178.0,-478,2930,-479,2780,"LINESTRING (-478 2930, -479 2780)"
bus_3471-bus_3504-i_line_3471_to_3504_1_cp,558,bus_3471,110.0,-0.3193729448613225,1.0571902657771548,11,1783,bus_3504,110.0,-0.3255137120306017,1.0462500904038095,11,ac,182.0,-478,2930,-479,2780,"LINESTRING (-478 2930, -479 2780)"
bus_3378-bus_3504-i_line_3378_to_3504_2_cp,1116,bus_3378,110.0,-0.32828725629256744,1.0398436743135053,11,1783,bus_3504,110.0,-0.3255137120306017,1.0462500904038095,11,ac,99.0,-422,2700,-479,2780,"LINESTRING (-422 2700, -479 2780)"
bus_3322-bus_3504-i_line_3322_to_3504_1_cp,1784,bus_3322,110.0,-0.33368599613714023,1.0380823803869108,11,1783,bus_3504,110.0,-0.3255137120306017,1.0462500904038095,11,ac,109.00000000000001,-411,2737,-479,2780,"LINESTRING (-411 2737, -479 2780)"
bus_4123-bus_4238-i_line_4123_to_4239_1_pi,1575,bus_4123,66.0,1.0006019692503627,1.016343278966448,13,1787,bus_4238,66.0,0.9927309664793972,1.0287121183508314,13,ac,78.0,-2190,-2878,-2202,-2504,"LINESTRING (-2190 -2878, -2202 -2504)"
bus_2106-bus_2129-i_line_2106_to_2129_1_cp,654,bus_2106,220.0,-0.21552359040263752,1.0658374554325856,5,1788,bus_2129,220.0,-0.17367800907450845,1.0799437918915316,5,ac,328.0,146,-3531,165,-3371,"LINESTRING (146 -3531, 165 -3371)"
bus_2017-bus_2129-i_line_2017_to_2353_2_pi,1489,bus_2017,220.0,-0.17401909843294724,1.099999965147507,5,1788,bus_2129,220.0,-0.17367800907450845,1.0799437918915316,5,ac,1463.0,108,-3479,165,-3371,"LINESTRING (108 -3479, 165 -3371)"
bus_3558-bus_3591-i_line_3558_to_3591_1_cp,563,bus_3558,275.0,-0.20035251095205087,1.0556265742422064,9,1790,bus_3591,275.0,-0.26105501213304355,1.0536492981037135,8,ac,543.0,-869,5466,-1070,5934,"LINESTRING (-869 5466, -1070 5934)"
bus_3558-bus_3591-i_line_3558_to_3591_2_cp,563,bus_3558,275.0,-0.20035251095205087,1.0556265742422064,9,1790,bus_3591,275.0,-0.26105501213304355,1.0536492981037135,8,ac,684.0,-869,5466,-1070,5934,"LINESTRING (-869 5466, -1070 5934)"
bus_3558-bus_3591-i_line_3558_to_3591_3_cp,563,bus_3558,275.0,-0.20035251095205087,1.0556265742422064,9,1790,bus_3591,275.0,-0.26105501213304355,1.0536492981037135,8,ac,727.0,-869,5466,-1070,5934,"LINESTRING (-869 5466, -1070 5934)"
bus_3561-bus_3591-i_line_3561_to_3591_3_cp,849,bus_3561,275.0,-0.31434289447924096,1.0395799062155262,8,1790,bus_3591,275.0,-0.26105501213304355,1.0536492981037135,8,ac,546.0,-1250,6362,-1070,5934,"LINESTRING (-1250 6362, -1070 5934)"
bus_3561-bus_3591-i_line_3561_to_3591_2_cp,849,bus_3561,275.0,-0.31434289447924096,1.0395799062155262,8,1790,bus_3591,275.0,-0.26105501213304355,1.0536492981037135,8,ac,547.0,-1250,6362,-1070,5934,"LINESTRING (-1250 6362, -1070 5934)"
bus_3561-bus_3591-i_line_3561_to_3591_1_cp,849,bus_3561,275.0,-0.31434289447924096,1.0395799062155262,8,1790,bus_3591,275.0,-0.26105501213304355,1.0536492981037135,8,ac,548.0,-1250,6362,-1070,5934,"LINESTRING (-1250 6362, -1070 5934)"
bus_3561-bus_3591-i_connection Q4,849,bus_3561,275.0,-0.31434289447924096,1.0395799062155262,8,1790,bus_3591,275.0,-0.26105501213304355,1.0536492981037135,8,ac,800.0,-1250,6362,-1070,5934,"LINESTRING (-1250 6362, -1070 5934)"
bus_1196-bus_1241-i_line_1196_to_1241_1_cp,433,bus_1196,132.0,-0.2211597162271893,1.0663407204536905,2,1802,bus_1241,132.0,-0.23647593336990677,1.0604494131458382,2,ac,197.0,582,839,450,985,"LINESTRING (582 839, 450 985)"
bus_1239-bus_1241-i_line_1239_to_1394_1_cp,506,bus_1239,132.0,-0.23834140528216413,1.0593811098673116,1,1802,bus_1241,132.0,-0.23647593336990677,1.0604494131458382,2,ac,184.0,380,1278,450,985,"LINESTRING (380 1278, 450 985)"
bus_5215-bus_5220-i_line_5215_to_5220_2_cp,522,bus_5215,22.0,-0.2323759978381291,0.9952019650462117,15,1806,bus_5220,22.0,-0.23248409199511316,0.9969384774676301,15,ac,17.0,711,-5677,627,-5695,"LINESTRING (711 -5677, 627 -5695)"
bus_5215-bus_5220-i_line_5215_to_5220_3_cp,522,bus_5215,22.0,-0.2323759978381291,0.9952019650462117,15,1806,bus_5220,22.0,-0.23248409199511316,0.9969384774676301,15,ac,17.0,711,-5677,627,-5695,"LINESTRING (711 -5677, 627 -5695)"
bus_4117-bus_4131-i_line_4117_to_4131_1_cp,280,bus_4117,275.0,0.9953587318476333,1.0585945060804445,13,1808,bus_4131,275.0,0.9584543283666129,1.06298,13,ac,532.0,-2144,-1797,-1843,-2005,"LINESTRING (-2144 -1797, -1843 -2005)"
bus_4094-bus_4131-i_line_4124_to_4131_1_cp,1171,bus_4094,275.0,1.0117435992398853,1.0535789757876575,13,1808,bus_4131,275.0,0.9584543283666129,1.06298,13,ac,671.0,-2143,-2100,-1843,-2005,"LINESTRING (-2143 -2100, -1843 -2005)"
bus_1189-bus_1305-i_line_1189_to_1305_1_cp,170,bus_1189,132.0,-0.32658829402484385,1.0491512002520478,2,1809,bus_1305,132.0,-0.33869201367965046,1.0451935381448778,2,ac,269.0,732,-450,853,-451,"LINESTRING (732 -450, 853 -451)"
bus_3076-bus_3401-i_line_3076_to_3401_1_cp,1042,bus_3076,66.0,-0.36107667262090126,1.0427776756922158,8,1811,bus_3401,66.0,-0.3609493506350176,1.0420128034583607,8,ac,52.0,-947,6840,-896,6940,"LINESTRING (-947 6840, -896 6940)"
bus_3375-bus_3401-i_line_3375_to_3401_1_cp,1313,bus_3375,66.0,-0.3610718384743721,1.0415445781298065,8,1811,bus_3401,66.0,-0.3609493506350176,1.0420128034583607,8,ac,53.0,-857,7043,-896,6940,"LINESTRING (-857 7043, -896 6940)"
bus_3147-bus_3401-i_line_3147_to_3401_1_cp,1482,bus_3147,66.0,-0.3605440975489456,1.0444408204922224,8,1811,bus_3401,66.0,-0.3609493506350176,1.0420128034583607,8,ac,51.0,-828,6943,-896,6940,"LINESTRING (-828 6943, -896 6940)"
bus_1289-bus_1388-i_line_1289_to_1388_1_cp,1367,bus_1289,132.0,-0.35135806853578744,1.0504837494482029,3,1812,bus_1388,132.0,-0.34653698063164734,1.0513094153047187,3,ac,128.0,970,-499,1114,-526,"LINESTRING (970 -499, 1114 -526)"
bus_5101-bus_5103-i_line_5101_to_5103_1_cp,112,bus_5101,110.0,-0.1170001399030742,1.0271869016938635,15,1813,bus_5103,110.0,-0.11631195532986936,1.0278241149202663,15,ac,112.00000000000001,715,-6409,796,-6353,"LINESTRING (715 -6409, 796 -6353)"
bus_5090-bus_5103-i_line_5090_to_5103_1_cp,1463,bus_5090,110.0,-0.10990753844575163,1.0312378460363154,15,1813,bus_5103,110.0,-0.11631195532986936,1.0278241149202663,15,ac,119.0,898,-6262,796,-6353,"LINESTRING (898 -6262, 796 -6353)"
bus_1115-bus_1132-i_line_1115_to_1132_1_cp,712,bus_1115,330.0,0.048288859549572134,1.0494051462123728,2,1815,bus_1132,330.0,-0.14359099617277354,1.0270742507729493,2,ac,802.9999999999999,1161,1128,897,993,"LINESTRING (1161 1128, 897 993)"
bus_1115-bus_1132-i_connection N3,712,bus_1115,330.0,0.048288859549572134,1.0494051462123728,2,1815,bus_1132,330.0,-0.14359099617277354,1.0270742507729493,2,ac,725.0,1161,1128,897,993,"LINESTRING (1161 1128, 897 993)"
bus_1145-bus_1132-i_connection N1,1022,bus_1145,330.0,-0.006458631039706832,1.027,2,1815,bus_1132,330.0,-0.14359099617277354,1.0270742507729493,2,ac,500.0,1363,1597,897,993,"LINESTRING (1363 1597, 897 993)"
bus_1091-bus_1132-i_line_1091_to_1132_2_cp,1332,bus_1091,330.0,-0.11966941656059205,1.027,2,1815,bus_1132,330.0,-0.14359099617277354,1.0270742507729493,2,ac,779.0,759,719,897,993,"LINESTRING (759 719, 897 993)"
bus_1091-bus_1132-i_line_1091_to_1132_1_cp,1332,bus_1091,330.0,-0.11966941656059205,1.027,2,1815,bus_1132,330.0,-0.14359099617277354,1.0270742507729493,2,ac,787.0,759,719,897,993,"LINESTRING (759 719, 897 993)"
bus_3023-bus_3114-i_line_3023_to_3114_1_cp,1356,bus_3023,132.0,-0.31702767651609315,1.018928938650691,8,1829,bus_3114,132.0,-0.33450791211479214,1.017590850360506,8,ac,114.99999999999999,-1314,5960,-1373,6081,"LINESTRING (-1314 5960, -1373 6081)"
bus_1199-bus_1480-i_line_1199_to_1480_2_cp,582,bus_1199,132.0,-0.08185872569532102,1.0723766136022048,4,1835,bus_1480,132.0,-0.08816285729835258,1.0655397428790028,4,ac,466.9769533587191,944,-1807,858,-1966,"LINESTRING (944 -1807, 858 -1966)"
bus_1199-bus_1480-i_line_1199_to_1480_1_cp,582,bus_1199,132.0,-0.08185872569532102,1.0723766136022048,4,1835,bus_1480,132.0,-0.08816285729835258,1.0655397428790028,4,ac,459.14668332342,944,-1807,858,-1966,"LINESTRING (944 -1807, 858 -1966)"
bus_1308-bus_1480-i_line_1308_to_1480_1_cp,897,bus_1308,132.0,-0.19028501962548,1.0463820573338398,4,1835,bus_1480,132.0,-0.08816285729835258,1.0655397428790028,4,ac,141.0,863,-2112,858,-1966,"LINESTRING (863 -2112, 858 -1966)"
bus_3412-bus_3413-i_line_3412_to_3413_2_cp,456,bus_3412,110.0,-0.32999882394897945,1.051384631148032,11,1837,bus_3413,110.0,-0.3382426176333413,1.0474988878511744,11,ac,196.0,-328,2956,-187,2958,"LINESTRING (-328 2956, -187 2958)"
bus_3302-bus_3413-i_line_3333_to_3413_1_cp,1011,bus_3302,110.0,-0.3425023707203655,1.0455652274023228,11,1837,bus_3413,110.0,-0.3382426176333413,1.0474988878511744,11,ac,217.0,66,3102,-187,2958,"LINESTRING (66 3102, -187 2958)"
bus_3411-bus_3413-i_line_3411_to_3413_1_cp,1243,bus_3411,110.0,-0.3298407167220202,1.0514236852243597,11,1837,bus_3413,110.0,-0.3382426176333413,1.0474988878511744,11,ac,208.0,-327,2944,-187,2958,"LINESTRING (-327 2944, -187 2958)"
bus_3263-bus_3530-i_line_3263_to_3530_2_cp,976,bus_3263,132.0,0.026318581599284522,1.0714190289464862,9,1842,bus_3530,132.0,0.016402100071869218,1.0737176770047565,9,ac,345.0,-1368,4590,-1231,4614,"LINESTRING (-1368 4590, -1231 4614)"
bus_4343-bus_4344-i_line_4343_to_4344_1_cp,1016,bus_4343,66.0,0.9810269674543147,1.0172405712639765,13,1846,bus_4344,66.0,0.9843789501461043,1.02051127097489,13,ac,56.99999999999999,-2613,-2221,-2551,-2153,"LINESTRING (-2613 -2221, -2551 -2153)"
bus_1205-bus_1228-i_line_1205_to_1214_1_cp,1971,bus_1205,132.0,-0.15197677827898076,1.071966265280852,2,1847,bus_1228,132.0,-0.20963001060275244,1.0524020782259105,2,ac,199.0,141,-289,-219,-287,"LINESTRING (141 -289, -219 -287)"
bus_1205-bus_1228-i_line_1205_to_1359_1_cp,1971,bus_1205,132.0,-0.15197677827898076,1.071966265280852,2,1847,bus_1228,132.0,-0.20963001060275244,1.0524020782259105,2,ac,196.0,141,-289,-219,-287,"LINESTRING (141 -289, -219 -287)"
bus_1117-bus_1140-i_line_1117_to_1140_1_cp,50,bus_1117,330.0,-0.2673609081614541,1.0458847725856544,2,1855,bus_1140,330.0,-0.25880976868315786,1.04751461269572,2,ac,806.0,764,27,828,-241,"LINESTRING (764 27, 828 -241)"
bus_1093-bus_1140-i_line_1093_to_1140_1_cp,532,bus_1093,330.0,-0.21074201642209472,1.0519109370979751,2,1855,bus_1140,330.0,-0.25880976868315786,1.04751461269572,2,ac,774.0,703,45,828,-241,"LINESTRING (703 45, 828 -241)"
bus_1110-bus_1140-i_line_1110_to_1511_1_cp,648,bus_1110,330.0,-0.2789176960380519,1.0499167082060359,3,1855,bus_1140,330.0,-0.25880976868315786,1.04751461269572,2,ac,877.0,1136,-413,828,-241,"LINESTRING (1136 -413, 828 -241)"
bus_1105-bus_1140-i_line_1105_to_1140_1_cp,751,bus_1105,330.0,-0.153138413887704,1.0332602139842961,2,1855,bus_1140,330.0,-0.25880976868315786,1.04751461269572,2,ac,851.0,985,-570,828,-241,"LINESTRING (985 -570, 828 -241)"
bus_1112-bus_1140-i_line_1112_to_1140_1_cp,1363,bus_1112,330.0,-0.239922803799608,1.0445303645537916,3,1855,bus_1140,330.0,-0.25880976868315786,1.04751461269572,2,ac,772.0,795,-151,828,-241,"LINESTRING (795 -151, 828 -241)"
bus_1172-bus_1247-i_line_1172_to_1247_1_cp,211,bus_1172,132.0,-0.11718100369776445,1.0615383133719858,4,1856,bus_1247,132.0,-0.13511313795717161,1.0589883265490898,4,ac,235.0,1175,-2112,1128,-2184,"LINESTRING (1175 -2112, 1128 -2184)"
bus_1139-bus_1247-i_line_1139_to_1247_1_cp,1877,bus_1139,132.0,-0.17168932518283503,1.045569616396981,4,1856,bus_1247,132.0,-0.13511313795717161,1.0589883265490898,4,ac,143.0,1042,-2200,1128,-2184,"LINESTRING (1042 -2200, 1128 -2184)"
bus_1283-bus_1336-i_line_1283_to_1336_1_cp,111,bus_1283,132.0,-0.223820379514656,1.0681931088675378,1,1857,bus_1336,132.0,-0.2268434481690703,1.0668586451901172,1,ac,238.0,872,1361,901,1394,"LINESTRING (872 1361, 901 1394)"
bus_1183-bus_1336-i_line_1183_to_1337_1_cp,169,bus_1183,132.0,-0.21727407253276435,1.070879306516803,1,1857,bus_1336,132.0,-0.2268434481690703,1.0668586451901172,1,ac,231.99999999999997,820,1294,901,1394,"LINESTRING (820 1294, 901 1394)"
bus_1183-bus_1336-i_line_1183_to_1336_1_cp,169,bus_1183,132.0,-0.21727407253276435,1.070879306516803,1,1857,bus_1336,132.0,-0.2268434481690703,1.0668586451901172,1,ac,225.0,820,1294,901,1394,"LINESTRING (820 1294, 901 1394)"
bus_1262-bus_1336-i_line_1262_to_1336_1_cp,1183,bus_1262,132.0,-0.21422045158311337,1.0728298104569711,1,1857,bus_1336,132.0,-0.2268434481690703,1.0668586451901172,1,ac,155.0,991,1375,901,1394,"LINESTRING (991 1375, 901 1394)"
bus_1191-bus_1253-i_line_1191_to_1253_1_cp,1059,bus_1191,132.0,-0.33456940802064333,1.06298,2,1860,bus_1253,132.0,-0.33458383942689623,1.0576635028763088,2,ac,193.0,313,384,244,419,"LINESTRING (313 384, 244 419)"
bus_1204-bus_1475-i_line_1204_to_1475_1_cp,106,bus_1204,132.0,-0.057252352624369604,1.0614524017422307,4,1861,bus_1475,132.0,-0.06674285461186588,1.0560510635867362,4,ac,265.0,2049,-1463,2136,-1462,"LINESTRING (2049 -1463, 2136 -1462)"
bus_1306-bus_1475-i_line_1306_to_1475_1_cp,1527,bus_1306,132.0,-0.07040354321874472,1.0537293676854083,4,1861,bus_1475,132.0,-0.06674285461186588,1.0560510635867362,4,ac,278.0,2113,-1416,2136,-1462,"LINESTRING (2113 -1416, 2136 -1462)"
bus_1177-bus_1314-i_line_1177_to_1314_1_cp,1263,bus_1177,132.0,-0.12229685258103734,1.045409488214635,4,1867,bus_1314,132.0,-0.1484473133640753,1.031001158462075,4,ac,196.0,723,-891,711,-970,"LINESTRING (723 -891, 711 -970)"
bus_1273-bus_1419-i_line_1273_to_1419_1_cp,330,bus_1273,132.0,-0.13437256310300563,1.0768928732576466,1,1872,bus_1419,132.0,-0.1614906697722875,1.0741056237405284,1,ac,167.0,2120,2328,2191,2245,"LINESTRING (2120 2328, 2191 2245)"
bus_1392-bus_1419-i_line_1392_to_1419_1_cp,725,bus_1392,132.0,-0.1705562171052344,1.0697868697954822,1,1872,bus_1419,132.0,-0.1614906697722875,1.0741056237405284,1,ac,131.0,2133,2144,2191,2245,"LINESTRING (2133 2144, 2191 2245)"
bus_4210-bus_4211-i_line_4210_to_4211_1_cp,33,bus_4210,132.0,0.843764031304218,0.9756478861167076,13,1875,bus_4211,132.0,0.8515084822106441,0.9782700329085028,13,ac,208.0,-1444,-1776,-1506,-1837,"LINESTRING (-1444 -1776, -1506 -1837)"
bus_3241-bus_3483-i_line_3241_to_3483_1_cp,194,bus_3241,132.0,-0.24197741687788935,1.057991394548808,8,1878,bus_3483,132.0,-0.23377542200481055,1.0536492981037135,8,ac,165.0,-826,5825,-822,5732,"LINESTRING (-826 5825, -822 5732)"
bus_3201-bus_3483-i_line_3201_to_3483_3_cp,460,bus_3201,132.0,-0.2701556150962964,1.038769651591121,8,1878,bus_3483,132.0,-0.23377542200481055,1.0536492981037135,8,ac,179.0,-759,5917,-822,5732,"LINESTRING (-759 5917, -822 5732)"
bus_3201-bus_3483-i_line_3201_to_3483_1_cp,460,bus_3201,132.0,-0.2701556150962964,1.038769651591121,8,1878,bus_3483,132.0,-0.23377542200481055,1.0536492981037135,8,ac,171.0,-759,5917,-822,5732,"LINESTRING (-759 5917, -822 5732)"
bus_3201-bus_3483-i_line_3201_to_3483_2_cp,460,bus_3201,132.0,-0.2701556150962964,1.038769651591121,8,1878,bus_3483,132.0,-0.23377542200481055,1.0536492981037135,8,ac,167.0,-759,5917,-822,5732,"LINESTRING (-759 5917, -822 5732)"
bus_3111-bus_3483-i_line_3111_to_3483_1_cp,556,bus_3111,132.0,-0.26565147665868355,1.0358414912627192,8,1878,bus_3483,132.0,-0.23377542200481055,1.0536492981037135,8,ac,175.0,-938,5832,-822,5732,"LINESTRING (-938 5832, -822 5732)"
bus_3108-bus_3483-i_line_3108_to_3483_1_cp,714,bus_3108,132.0,-0.2821613527940783,1.0344986467366872,8,1878,bus_3483,132.0,-0.23377542200481055,1.0536492981037135,8,ac,175.0,-693,5928,-822,5732,"LINESTRING (-693 5928, -822 5732)"
bus_3160-bus_3483-i_line_3160_to_3483_1_cp,850,bus_3160,132.0,-0.23997248264631194,1.0545887406010024,8,1878,bus_3483,132.0,-0.23377542200481055,1.0536492981037135,8,ac,119.0,-782,5815,-822,5732,"LINESTRING (-782 5815, -822 5732)"
bus_3161-bus_3483-i_line_3161_to_3483_1_cp,1242,bus_3161,132.0,-0.294014035081664,1.0536492981037135,8,1878,bus_3483,132.0,-0.23377542200481055,1.0536492981037135,8,ac,172.0,-946,5782,-822,5732,"LINESTRING (-946 5782, -822 5732)"
bus_3242-bus_3483-i_line_3242_to_3483_1_cp,1444,bus_3242,132.0,-0.2651033327115655,1.0560832294802565,8,1878,bus_3483,132.0,-0.23377542200481055,1.0536492981037135,8,ac,157.0,-803,5828,-822,5732,"LINESTRING (-803 5828, -822 5732)"
bus_1199-bus_1479-i_line_1199_to_1479_1_cp,582,bus_1199,132.0,-0.08185872569532102,1.0723766136022048,4,1881,bus_1479,132.0,-0.0925728471311933,1.0680364430731994,4,ac,143.0,944,-1807,893,-1656,"LINESTRING (944 -1807, 893 -1656)"
bus_1414-bus_1479-i_line_1414_to_1479_1_cp,960,bus_1414,132.0,-0.09771628078299344,1.0707676762122318,4,1881,bus_1479,132.0,-0.0925728471311933,1.0680364430731994,4,ac,146.0,867,-1501,893,-1656,"LINESTRING (867 -1501, 893 -1656)"
bus_2158-bus_2164-i_line_2158_to_2164_1_cp,1732,bus_2158,220.0,-0.47148617238108415,1.06298,7,1883,bus_2164,220.0,-0.4635104870103187,1.06298,6,ac,375.0,988,-3853,937,-3740,"LINESTRING (988 -3853, 937 -3740)"
bus_2158-bus_2164-i_line_2158_to_2164_2_cp,1732,bus_2158,220.0,-0.47148617238108415,1.06298,7,1883,bus_2164,220.0,-0.4635104870103187,1.06298,6,ac,386.0,988,-3853,937,-3740,"LINESTRING (988 -3853, 937 -3740)"
bus_3050-bus_3054-i_line_3050_to_3054_1_cp,1699,bus_3050,132.0,-0.04278898129703181,1.0726667775630871,9,1884,bus_3054,132.0,-0.10612942884247185,1.0626043519910244,9,ac,114.99999999999999,123,5110,120,5207,"LINESTRING (123 5110, 120 5207)"
bus_1397-bus_1630-i_line_1397_to_1630_1_cp,191,bus_1397,132.0,-0.2516276602516919,1.068617256129386,1,1886,bus_1630,132.0,-0.2438117628984174,1.0684991139826105,1,ac,215.0,927,1615,907,1571,"LINESTRING (927 1615, 907 1571)"
bus_1621-bus_1630-i_line_1621_to_1630_1_cp,1435,bus_1621,132.0,-0.23060784317350894,1.0685862295503696,1,1886,bus_1630,132.0,-0.2438117628984174,1.0684991139826105,1,ac,252.0,875,1476,907,1571,"LINESTRING (875 1476, 907 1571)"
bus_1098-bus_1125-i_line_1098_to_1125_1_cp,1299,bus_1098,330.0,-0.09999432656131109,1.0518072108466041,2,1890,bus_1125,330.0,-0.060686277748981596,1.0504738640700926,4,ac,656.0,818,-295,978,-738,"LINESTRING (818 -295, 978 -738)"
bus_1347-bus_1027-i_line_1298_to_1347_2_cp_merged_with_line_1027_to_1298_2_cp,795,bus_1347,132.0,-0.06699516559382872,1.0111386792028951,1,1893,bus_1027,132.0,-0.03777301017068343,1.02449,1,ac,130.0,2504,2612,2751,2808,"LINESTRING (2504 2612, 2751 2808)"
bus_2039-bus_2145-i_line_2039_to_2354_2_pi_merged_with_line_2145_to_2354_1_pi,1079,bus_2039,220.0,-0.24103981738751343,1.08734,6,1894,bus_2145,220.0,-0.24061856470367618,1.0736215324464824,6,ac,1525.0,305,-3604,326,-3443,"LINESTRING (305 -3604, 326 -3443)"
bus_2108-bus_2145-i_line_2108_to_2145_1_cp,1109,bus_2108,220.0,-0.30855637461874924,1.0532988022902285,6,1894,bus_2145,220.0,-0.24061856470367618,1.0736215324464824,6,ac,300.0,380,-3402,326,-3443,"LINESTRING (380 -3402, 326 -3443)"
bus_1164-bus_1447-i_line_1164_to_1447_1_cp,205,bus_1164,132.0,-0.12130479874319865,1.0788083881422366,1,1895,bus_1447,132.0,-0.1426270696088529,1.075529417323442,1,ac,181.0,1958,2291,2034,2210,"LINESTRING (1958 2291, 2034 2210)"
bus_1334-bus_1447-i_line_1334_to_1447_1_cp,1235,bus_1334,132.0,-0.2003320651590597,1.0559928471673572,1,1895,bus_1447,132.0,-0.1426270696088529,1.075529417323442,1,ac,133.0,1976,2090,2034,2210,"LINESTRING (1976 2090, 2034 2210)"
bus_4236-bus_4038-i_line_4236_to_4237_1_cp,888,bus_4236,66.0,0.984132707008711,1.0235315374257128,13,1898,bus_4038,66.0,0.9836521077075935,1.0227210926830632,13,ac,122.0,-2396,-2385,-2644,-2675,"LINESTRING (-2396 -2385, -2644 -2675)"
bus_2068-bus_2262-i_line_2068_to_2262_1_cp,298,bus_2068,66.0,-0.3508542849019797,0.9999037036198694,7,1899,bus_2262,66.0,-0.37631662860395104,1.059727136520149,7,ac,76.0,1328,-4651,1307,-4462,"LINESTRING (1328 -4651, 1307 -4462)"
bus_2255-bus_2262-i_line_2255_to_2262_2_cp,1270,bus_2255,66.0,-0.35818359199444055,1.0508522017709232,7,1899,bus_2262,66.0,-0.37631662860395104,1.059727136520149,7,ac,83.0,1320,-4352,1307,-4462,"LINESTRING (1320 -4352, 1307 -4462)"
bus_1292-bus_1297-i_line_1292_to_1297_1_cp,957,bus_1292,132.0,-0.12791331430723776,1.0967596555910133,4,1900,bus_1297,132.0,-0.20695122322522344,1.0445228182569324,4,ac,148.0,863,-2165,837,-2208,"LINESTRING (863 -2165, 837 -2208)"
bus_4107-bus_4113-i_line_4107_to_4113_1_cp,1551,bus_4107,275.0,1.0174742349122765,1.0403632930073323,13,1902,bus_4113,275.0,0.851857266270446,1.0259241451495906,13,ac,539.0,-2794,-1647,-2983,-1700,"LINESTRING (-2794 -1647, -2983 -1700)"
bus_3519-bus_3534-i_line_3519_to_3534_1_cp,143,bus_3519,110.0,-0.2799859192439419,1.0612453115322213,11,1903,bus_3534,110.0,-0.2658797807217347,1.0548350460811975,11,ac,128.0,-885,3246,-938,3182,"LINESTRING (-885 3246, -938 3182)"
bus_3131-bus_3534-i_line_3131_to_3534_1_cp,349,bus_3131,110.0,-0.2749659909214733,1.0581688520918842,11,1903,bus_3534,110.0,-0.2658797807217347,1.0548350460811975,11,ac,136.0,-1005,3251,-938,3182,"LINESTRING (-1005 3251, -938 3182)"
bus_3390-bus_3534-i_line_3390_to_3534_2_cp,414,bus_3390,110.0,-0.2694075928195167,1.051897148302163,11,1903,bus_3534,110.0,-0.2658797807217347,1.0548350460811975,11,ac,132.0,-1030,3163,-938,3182,"LINESTRING (-1030 3163, -938 3182)"
bus_3192-bus_3534-i_line_3192_to_3534_1_cp,835,bus_3192,110.0,-0.26036470299051556,1.0483683239127992,11,1903,bus_3534,110.0,-0.2658797807217347,1.0548350460811975,11,ac,136.0,-976,3255,-938,3182,"LINESTRING (-976 3255, -938 3182)"
bus_3231-bus_3534-i_line_3231_to_3534_1_cp,1519,bus_3231,110.0,-0.2652331932645291,1.0485654423297088,11,1903,bus_3534,110.0,-0.2658797807217347,1.0548350460811975,11,ac,148.0,-1064,3231,-938,3182,"LINESTRING (-1064 3231, -938 3182)"
bus_1237-bus_1288-i_line_1237_to_1288_1_cp,1549,bus_1237,132.0,-0.07040417268156236,1.0537649618969513,4,1905,bus_1288,132.0,-0.07402189806346848,1.0516896969241094,4,ac,223.0,2110,-1334,2161,-1359,"LINESTRING (2110 -1334, 2161 -1359)"
bus_2210-bus_2211-i_line_2210_to_2217_1_cp,275,bus_2210,66.0,-0.4735283819392949,1.0522673135079084,6,1906,bus_2211,66.0,-0.47548687265946793,1.0511869420387072,6,ac,82.0,430,-4263,411,-4354,"LINESTRING (430 -4263, 411 -4354)"
bus_1096-bus_1119-i_line_1096_to_1119_1_cp,465,bus_1096,330.0,-0.1579451597806535,1.0369741823125365,2,1910,bus_1119,330.0,-0.1036510870157824,1.0493972690955367,2,ac,640.0,832,-468,912,-715,"LINESTRING (832 -468, 912 -715)"
bus_1105-bus_1119-i_line_1105_to_1119_1_cp,751,bus_1105,330.0,-0.153138413887704,1.0332602139842961,2,1910,bus_1119,330.0,-0.1036510870157824,1.0493972690955367,2,ac,666.0,985,-570,912,-715,"LINESTRING (985 -570, 912 -715)"
bus_1098-bus_1119-i_line_1098_to_1119_2_cp,1299,bus_1098,330.0,-0.09999432656131109,1.0518072108466041,2,1910,bus_1119,330.0,-0.1036510870157824,1.0493972690955367,2,ac,898.0,818,-295,912,-715,"LINESTRING (818 -295, 912 -715)"
bus_1098-bus_1119-i_line_1098_to_1119_1_cp,1299,bus_1098,330.0,-0.09999432656131109,1.0518072108466041,2,1910,bus_1119,330.0,-0.1036510870157824,1.0493972690955367,2,ac,940.0,818,-295,912,-715,"LINESTRING (818 -295, 912 -715)"
bus_1163-bus_1281-i_line_1390_to_1541_1_cp_merged_with_line_1280_to_1390_1_cp_merged_with_line_1280_to_1281_1_pi,472,bus_1163,132.0,-0.34477784763141583,1.051518018050615,3,1917,bus_1281,132.0,-0.3538853652978019,1.0509862160103354,3,ac,748.0,1359,-538,882,-668,"LINESTRING (1359 -538, 882 -668)"
bus_2162-bus_2355-i_3,734,bus_2162,220.0,-0.015237040798240082,1.0797691229576831,5,1919,bus_2355,165.0,0.4061276590461376,0.9242757979141755,13,dc,-157.7734,237,-3162,-1806,-942,"LINESTRING (237 -3162, -1806 -942)"
bus_1341-bus_1488-i_line_1341_to_1488_1_cp,776,bus_1341,132.0,-0.35781117353783387,1.0472194238396284,2,1924,bus_1488,132.0,-0.3572862174211219,1.0466952879105467,2,ac,210.0,294,913,318,946,"LINESTRING (294 913, 318 946)"
bus_1438-bus_1488-i_line_1438_to_1488_1_cp,1455,bus_1438,132.0,-0.35307963775776274,1.0488805205029363,2,1924,bus_1488,132.0,-0.3572862174211219,1.0466952879105467,2,ac,122.0,360,873,318,946,"LINESTRING (360 873, 318 946)"
bus_1155-bus_1157-i_line_1155_to_1157_1_cp,363,bus_1155,330.0,-0.09901860515804009,1.0468755876733495,2,1926,bus_1157,330.0,-0.025627212593229264,1.070604761202805,2,ac,660.0,368,-101,518,61,"LINESTRING (368 -101, 518 61)"
bus_5069-bus_5126-i_line_5069_to_5126_1_cp,1604,bus_5069,110.0,-0.12200875003428018,1.0512389507489872,15,1928,bus_5126,110.0,-0.12224467108033082,1.0519049756800418,15,ac,118.0,495,-5796,418,-5827,"LINESTRING (495 -5796, 418 -5827)"
bus_3017-bus_3314-i_line_3017_to_3314_2_cp,561,bus_3017,110.0,-0.3260726260658006,1.048103357981525,9,1933,bus_3314,110.0,-0.310279227572938,1.058326068356342,9,ac,136.0,-742,4092,-852,4136,"LINESTRING (-742 4092, -852 4136)"
bus_1168-bus_1317-i_line_1168_to_1317_1_cp,1700,bus_1168,132.0,-0.1193482899659572,1.100000009995269,4,1939,bus_1317,132.0,-0.16753203017844573,1.0803731424613823,4,ac,193.0,887,-2086,816,-2090,"LINESTRING (887 -2086, 816 -2090)"
bus_1331-bus_1385-i_line_1331_to_1385_1_cp,484,bus_1331,132.0,-0.053555746046304024,1.06473035513081,1,1947,bus_1385,132.0,-0.05740440636197884,1.0628180691238234,1,ac,137.0,2000,2110,2167,2176,"LINESTRING (2000 2110, 2167 2176)"
bus_1312-bus_1385-i_line_1312_to_1385_1_cp,1306,bus_1312,132.0,-0.059216821242692334,1.0576657920515482,1,1947,bus_1385,132.0,-0.05740440636197884,1.0628180691238234,1,ac,144.0,2044,2249,2167,2176,"LINESTRING (2044 2249, 2167 2176)"
bus_1357-bus_1597-i_line_1357_to_1597_1_pi,978,bus_1357,66.0,-0.3625592497759778,1.0260516276141154,1,1953,bus_1597,66.0,-0.36054541280713154,1.0269001582733583,1,ac,66.0,-1074,1989,-1096,1993,"LINESTRING (-1074 1989, -1096 1993)"
bus_4089-bus_4203-i_line_4163_to_4203_1_cp,384,bus_4089,132.0,1.0118191772435758,1.0220109380544784,12,1958,bus_4203,132.0,1.0118033464094067,1.0221401039608229,12,ac,274.0,-3041,-1585,-3043,-1564,"LINESTRING (-3041 -1585, -3043 -1564)"
bus_4232-bus_4274-i_line_4232_to_4274_1_cp,334,bus_4232,66.0,0.9925254453187442,1.0148191830544473,14,1964,bus_4274,66.0,0.9941902154430667,1.015440129862922,14,ac,113.99999999999999,-2474,-3181,-2439,-3222,"LINESTRING (-2474 -3181, -2439 -3222)"
bus_4273-bus_4274-i_line_4273_to_4274_1_cp,1106,bus_4273,66.0,1.0021150508516676,1.0186033177045672,14,1964,bus_4274,66.0,0.9941902154430667,1.015440129862922,14,ac,114.99999999999999,-2347,-3142,-2439,-3222,"LINESTRING (-2347 -3142, -2439 -3222)"
bus_3476-bus_3233-i_line_3476_to_3627_1_cp,635,bus_3476,132.0,-0.1496013828226532,1.072590003113824,9,1965,bus_3233,132.0,-0.15090979680127123,1.073055764719022,9,ac,112.00000000000001,-1090,4415,-1195,4623,"LINESTRING (-1090 4415, -1195 4623)"
bus_4251-bus_4254-i_line_4251_to_4254_1_cp,1418,bus_4251,66.0,1.0312946944578931,1.0014779113108678,14,1967,bus_4254,66.0,1.0267476421156634,1.0013946495626023,14,ac,79.0,-2185,-3693,-2249,-3731,"LINESTRING (-2185 -3693, -2249 -3731)"
bus_1332-bus_1345-i_line_1332_to_1345_1_cp,967,bus_1332,132.0,-0.15185974088798707,1.0752808983721969,2,1970,bus_1345,132.0,-0.15708308102926433,1.072890627041469,2,ac,173.0,639,19,708,82,"LINESTRING (639 19, 708 82)"
bus_4238-bus_4241-i_line_4238_to_4241_1_cp,1787,bus_4238,66.0,0.9927309664793972,1.0287121183508314,13,1973,bus_4241,66.0,0.9861696958093464,1.0250177376913059,13,ac,117.0,-2202,-2504,-2313,-2476,"LINESTRING (-2202 -2504, -2313 -2476)"
bus_3017-bus_3019-i_line_3017_to_3019_2_cp,561,bus_3017,110.0,-0.3260726260658006,1.048103357981525,9,1975,bus_3019,110.0,-0.3321618743075262,1.045467918645665,9,ac,178.0,-742,4092,-763,4172,"LINESTRING (-742 4092, -763 4172)"
bus_3018-bus_3019-i_line_3018_to_3019_1_cp,1122,bus_3018,110.0,-0.32563687607497965,1.0481141589122671,9,1975,bus_3019,110.0,-0.3321618743075262,1.045467918645665,9,ac,184.0,-758,4083,-763,4172,"LINESTRING (-758 4083, -763 4172)"
bus_1193-bus_1356-i_line_1193_to_1356_2_cp,1273,bus_1193,132.0,-0.20136299261574386,1.0817086441614856,1,1976,bus_1356,132.0,-0.20771294382116812,1.0798014779041951,1,ac,169.0,1179,1409,1264,1484,"LINESTRING (1179 1409, 1264 1484)"
bus_1193-bus_1356-i_line_1193_to_1356_1_cp,1273,bus_1193,132.0,-0.20136299261574386,1.0817086441614856,1,1976,bus_1356,132.0,-0.20771294382116812,1.0798014779041951,1,ac,175.0,1179,1409,1264,1484,"LINESTRING (1179 1409, 1264 1484)"
bus_4311-bus_4317-i_line_4311_to_4317_1_cp,195,bus_4311,66.0,0.9681981010615484,1.0427859589508046,14,1978,bus_4317,66.0,0.9671543652023611,1.0415534053302107,14,ac,50.0,-1657,-2805,-1644,-2907,"LINESTRING (-1657 -2805, -1644 -2907)"
bus_1106-bus_1151-i_line_1106_to_1151_1_cp,510,bus_1106,330.0,-0.09577389838038136,1.083756780573771,4,1979,bus_1151,330.0,-0.052717443704625576,1.061386964590933,4,ac,670.0,963,-2129,1130,-1867,"LINESTRING (963 -2129, 1130 -1867)"
bus_1113-bus_1151-i_line_1113_to_1151_1_cp,749,bus_1113,330.0,-0.09624253321273611,1.06298,4,1979,bus_1151,330.0,-0.052717443704625576,1.061386964590933,4,ac,666.0,1263,-2064,1130,-1867,"LINESTRING (1263 -2064, 1130 -1867)"
bus_1118-bus_1151-i_line_1118_to_1151_1_cp,1719,bus_1118,330.0,0.07562057907539745,1.0337184759326778,4,1979,bus_1151,330.0,-0.052717443704625576,1.061386964590933,4,ac,651.0,1300,-1557,1130,-1867,"LINESTRING (1300 -1557, 1130 -1867)"
bus_4200-bus_4190-i_line_4175_to_4200_1_cp_merged_with_line_4175_to_4190_1_cp,530,bus_4200,132.0,0.9561517745102028,1.0445168767282307,12,1992,bus_4190,132.0,0.9344533557829211,1.0489276820522317,12,ac,165.0,-2525,-1301,-2378,-1162,"LINESTRING (-2525 -1301, -2378 -1162)"
bus_4176-bus_4190-i_line_4176_to_4191_1_cp,533,bus_4176,132.0,0.9228184229833147,1.0345281745832684,13,1992,bus_4190,132.0,0.9344533557829211,1.0489276820522317,12,ac,162.0,-2223,-1226,-2378,-1162,"LINESTRING (-2223 -1226, -2378 -1162)"
bus_1430-bus_1313-i_line_1430_to_1489_1_cp,1165,bus_1430,132.0,-0.27397379575737707,1.0475880925641656,2,1999,bus_1313,132.0,-0.29380187028408417,1.0393844214578887,2,ac,229.0,243,911,173,819,"LINESTRING (243 911, 173 819)"
bus_1195-bus_1313-i_line_1195_to_1313_1_cp,1391,bus_1195,132.0,-0.25753543345579133,1.06298,2,1999,bus_1313,132.0,-0.29380187028408417,1.0393844214578887,2,ac,224.00000000000003,349,757,173,819,"LINESTRING (349 757, 173 819)"
bus_5143-connection T3-i_connection T3,5,bus_5143,220.0,-0.07246587651234816,1.093081832864612,15,2010,connection T3,220.0,0.0,1.0,15,ac,533.0,1008,-5612,,,"LINESTRING (1008 -5612, missing missing)"
bus_3593-connection Q7-i_connection Q7,306,bus_3593,275.0,-0.2006274409651271,1.0610454520109465,11,2000,connection Q7,275.0,0.0,1.0,11,ac,1073.0,-613,3347,,,"LINESTRING (-613 3347, missing missing)"
bus_4133-connection S4-i_connection S4,800,bus_4133,275.0,1.0342358444533748,1.04988816587539,13,2004,connection S4,275.0,0.0,1.0,13,ac,900.0,-2072,-2841,,,"LINESTRING (-2072 -2841, missing missing)"
bus_5150-connection T1-i_connection T1,1507,bus_5150,220.0,-0.28993478731090694,1.0569199095041097,15,2008,connection T1,220.0,0.0,1.0,15,ac,600.0,904,-5344,,,"LINESTRING (904 -5344, missing missing)"
bus_4107-connection S7-i_connection S7,1551,bus_4107,275.0,1.0174742349122765,1.0403632930073323,13,2005,connection S7,275.0,0.0,1.0,13,ac,950.0,-2794,-1647,,,"LINESTRING (-2794 -1647, missing missing)"
bus_4109-connection S9-i_connection S9,1778,bus_4109,275.0,1.030563294181589,1.0674054340462389,13,2007,connection S9,275.0,0.0,1.0,13,ac,950.0,-2836,-1815,,,"LINESTRING (-2836 -1815, missing missing)"
bus_4109-connection S8-i_connection S8,1778,bus_4109,275.0,1.030563294181589,1.0674054340462389,13,2006,connection S8,275.0,0.0,1.0,13,ac,950.0,-2836,-1815,,,"LINESTRING (-2836 -1815, missing missing)"
