area,base_kv,bus_i,bus_type,index,name,source_id,state,va,vm,vmax,vmin,xcoord_1,ycoord_1,zone
4,330.0,1766,1,1766,bus_1114,bus,1,-0.09936052013578894,1.0311465188063351,1.1,0.9,1232.0,-816.0,1
4,330.0,1766,1,1766,bus_1114,1766,1,-0.09936052013578894,1.0311465188063351,1.1,0.9,1232.0,-816.0,1
1,132.0,1886,1,1886,bus_1630,bus,1,-0.2438117628984174,1.0684991139826105,1.1,0.9,907.0,1571.0,1
1,132.0,1886,1,1886,bus_1630,1886,1,-0.2438117628984174,1.0684991139826105,1.1,0.9,907.0,1571.0,1
13,275.0,1,1,1,bus_4150,bus,4,1.0039294171512556,1.057048956277603,1.1,0.9,-2282.0,-1835.0,1
13,275.0,1,1,1,bus_4150,1,4,1.0039294171512556,1.057048956277603,1.1,0.9,-2282.0,-1835.0,1
4,66.0,519,1,519,bus_1645,bus,1,-0.11688245730224221,1.0678291298735878,1.1,0.9,861.0,-1721.0,1
4,66.0,519,1,519,bus_1645,519,1,-0.11688245730224221,1.0678291298735878,1.1,0.9,861.0,-1721.0,1
15,110.0,788,1,788,bus_5124,bus,5,-0.1882782838554661,1.0118123615229715,1.1,0.9,1223.0,-5742.0,1
15,110.0,788,1,788,bus_5124,788,5,-0.1882782838554661,1.0118123615229715,1.1,0.9,1223.0,-5742.0,1
8,132.0,1164,2,1164,bus_3329,bus,3,-0.5117647967699998,1.0105318482823065,1.1,0.9,-1187.0,7268.0,1
8,132.0,1164,2,1164,bus_3329,1164,3,-0.5117647967699998,1.0105318482823065,1.1,0.9,-1187.0,7268.0,1
13,11.5,774,1,774,bus_4029,bus,4,0.9825374357111575,1.0587801210150665,1.1,0.9,-2227.0,-2760.0,1
13,11.5,774,1,774,bus_4029,774,4,0.9825374357111575,1.0587801210150665,1.1,0.9,-2227.0,-2760.0,1
4,132.0,1881,1,1881,bus_1479,bus,1,-0.0925728471311933,1.0680364430731994,1.1,0.9,893.0,-1656.0,1
4,132.0,1881,1,1881,bus_1479,1881,1,-0.0925728471311933,1.0680364430731994,1.1,0.9,893.0,-1656.0,1
7,20.0,1907,1,1907,bus_2092,bus,2,-0.19462069287073497,1.0999999493878143,1.1,0.9,1230.0,-3851.0,1
7,20.0,1907,1,1907,bus_2092,1907,2,-0.19462069287073497,1.0999999493878143,1.1,0.9,1230.0,-3851.0,1
4,330.0,599,1,599,starbus_xf_2191_2020_2021_7,bus,2,0.02951394064350419,0.9990258493550974,1.1,0.9,1050.0,-1889.0,1
4,330.0,599,1,599,starbus_xf_2191_2020_2021_7,599,2,0.02951394064350419,0.9990258493550974,1.1,0.9,1050.0,-1889.0,1
5,66.0,491,1,491,bus_2240,bus,2,-0.2342526790254492,1.0173329792152461,1.1,0.9,94.0,-3685.0,1
5,66.0,491,1,491,bus_2240,491,2,-0.2342526790254492,1.0173329792152461,1.1,0.9,94.0,-3685.0,1
9,132.0,1195,1,1195,bus_3120,bus,3,-0.18150246074511042,1.0837223132049518,1.1,0.9,-35.0,5511.0,1
9,132.0,1195,1,1195,bus_3120,1195,3,-0.18150246074511042,1.0837223132049518,1.1,0.9,-35.0,5511.0,1
15,110.0,1470,1,1470,bus_5064,bus,5,-0.17338589924159048,1.0582161250529274,1.1,0.9,2492.0,-5528.0,1
15,110.0,1470,1,1470,bus_5064,1470,5,-0.17338589924159048,1.0582161250529274,1.1,0.9,2492.0,-5528.0,1
7,66.0,1377,1,1377,bus_2260,bus,2,-0.3445055596501761,1.0497066299904514,1.1,0.9,1368.0,-4310.0,1
7,66.0,1377,1,1377,bus_2260,1377,2,-0.3445055596501761,1.0497066299904514,1.1,0.9,1368.0,-4310.0,1
8,11.0,228,1,228,bus_3448,bus,3,-0.5173020080575416,1.005618625428871,1.1,0.9,-1367.0,7466.0,1
8,11.0,228,1,228,bus_3448,228,3,-0.5173020080575416,1.005618625428871,1.1,0.9,-1367.0,7466.0,1
2,23.0,332,1,332,bus_1005,bus,1,0.13331647702559238,0.9657583944729987,1.1,0.9,662.0,546.0,1
2,23.0,332,1,332,bus_1005,332,1,0.13331647702559238,0.9657583944729987,1.1,0.9,662.0,546.0,1
2,11.0,190,1,190,bus_1653,bus,1,-0.3481659006010289,1.053443350355622,1.1,0.9,3.0,451.0,1
2,11.0,190,1,190,bus_1653,190,1,-0.3481659006010289,1.053443350355622,1.1,0.9,3.0,451.0,1
14,33.0,227,1,227,bus_4394,bus,4,0.26231213674790926,1.056360156557935,1.1,0.9,-882.0,-2787.0,1
14,33.0,227,1,227,bus_4394,227,4,0.26231213674790926,1.056360156557935,1.1,0.9,-882.0,-2787.0,1
6,220.0,980,1,980,bus_2171,bus,2,-0.43262260468570896,1.0319063441111942,1.1,0.9,782.0,-3231.0,1
6,220.0,980,1,980,bus_2171,980,2,-0.43262260468570896,1.0319063441111942,1.1,0.9,782.0,-3231.0,1
5,220.0,1935,1,1935,starbus_xf_2077_2205_2347_1,bus,2,-0.24997931967834294,0.9954329258483137,1.1,0.9,-399.0,-3284.0,1
5,220.0,1935,1,1935,starbus_xf_2077_2205_2347_1,1935,2,-0.24997931967834294,0.9954329258483137,1.1,0.9,-399.0,-3284.0,1
6,220.0,1894,1,1894,bus_2145,bus,2,-0.24061856470367618,1.0736215324464824,1.1,0.9,476.0,-2743.0,1
6,220.0,1894,1,1894,bus_2145,1894,2,-0.24061856470367618,1.0736215324464824,1.1,0.9,476.0,-2743.0,1
4,330.0,1305,1,1305,starbus_xf_2191_2027_2028_3,bus,2,0.03881137972955039,0.9952041254178184,1.1,0.9,759.0,-1979.0,1
4,330.0,1305,1,1305,starbus_xf_2191_2027_2028_3,1305,2,0.03881137972955039,0.9952041254178184,1.1,0.9,759.0,-1979.0,1
15,1.0,1880,2,1880,bus_5045,bus,5,0.23148416227233248,1.1000000091129511,1.1,0.9,2845.0,-5746.0,1
15,1.0,1880,2,1880,bus_5045,1880,5,0.23148416227233248,1.1000000091129511,1.1,0.9,2845.0,-5746.0,1
14,132.0,297,1,297,starbus_xf_4220_4074_4498_3,bus,4,0.3435326738081234,1.0585215010789335,1.1,0.9,-911.0,-2853.0,1
14,132.0,297,1,297,starbus_xf_4220_4074_4498_3,297,4,0.3435326738081234,1.0585215010789335,1.1,0.9,-911.0,-2853.0,1
9,132.0,605,2,605,bus_3279,bus,3,-0.06288611335256204,1.0659398713027595,1.1,0.9,1069.0,4242.0,1
9,132.0,605,2,605,bus_3279,605,3,-0.06288611335256204,1.0659398713027595,1.1,0.9,1069.0,4242.0,1
14,66.0,1106,1,1106,bus_4273,bus,4,1.0021150508516676,1.0186033177045672,1.1,0.9,-2347.0,-3142.0,1
14,66.0,1106,1,1106,bus_4273,1106,4,1.0021150508516676,1.0186033177045672,1.1,0.9,-2347.0,-3142.0,1
11,11.0,24,1,24,bus_3124,bus,3,-0.4165081564023183,1.045968391712119,1.1,0.9,-874.0,2374.0,1
11,11.0,24,1,24,bus_3124,24,3,-0.4165081564023183,1.045968391712119,1.1,0.9,-874.0,2374.0,1
11,110.0,1783,1,1783,bus_3504,bus,3,-0.3255137120306017,1.0462500904038095,1.1,0.9,21.0,2780.0,1
11,110.0,1783,1,1783,bus_3504,1783,3,-0.3255137120306017,1.0462500904038095,1.1,0.9,21.0,2780.0,1
12,0.6899999999999998,928,1,928,bus_4023,bus,4,1.1799395348207653,1.004227997961177,1.1,0.9,-3049.0,-1272.0,1
12,0.6899999999999998,928,1,928,bus_4023,928,4,1.1799395348207653,1.004227997961177,1.1,0.9,-3049.0,-1272.0,1
14,66.0,204,1,204,bus_4261,bus,4,0.9749228198544762,1.0449602915231289,1.1,0.9,-1550.0,-3288.0,1
14,66.0,204,1,204,bus_4261,204,4,0.9749228198544762,1.0449602915231289,1.1,0.9,-1550.0,-3288.0,1
9,275.0,416,1,416,bus_3604,bus,3,-0.017636589025987776,1.0720741302873895,1.1,0.9,-580.0,4673.0,1
9,275.0,416,1,416,bus_3604,416,3,-0.017636589025987776,1.0720741302873895,1.1,0.9,-580.0,4673.0,1
14,11.0,23,1,23,bus_4467,bus,4,0.9314068546626756,1.0229433629142866,1.1,0.9,-1686.0,-3006.0,1
14,11.0,23,1,23,bus_4467,23,4,0.9314068546626756,1.0229433629142866,1.1,0.9,-1686.0,-3006.0,1
9,132.0,160,1,160,bus_3184,bus,3,0.02081215878471473,1.0685520585292911,1.1,0.9,-982.0,4608.0,1
9,132.0,160,1,160,bus_3184,160,3,0.02081215878471473,1.0685520585292911,1.1,0.9,-982.0,4608.0,1
9,110.0,561,1,561,bus_3017,bus,3,-0.3260726260658006,1.048103357981525,1.1,0.9,-242.0,4092.0,1
9,110.0,561,1,561,bus_3017,561,3,-0.3260726260658006,1.048103357981525,1.1,0.9,-242.0,4092.0,1
2,132.0,859,1,859,bus_1201,bus,1,-0.17115583288001335,1.0670323508868316,1.1,0.9,1053.0,1146.0,1
2,132.0,859,1,859,bus_1201,859,1,-0.17115583288001335,1.0670323508868316,1.1,0.9,1053.0,1146.0,1
15,11.0,1825,1,1825,bus_5202,bus,5,-0.17773893851206218,1.0399313826453287,1.1,0.9,1741.0,-6397.0,1
15,11.0,1825,1,1825,bus_5202,1825,5,-0.17773893851206218,1.0399313826453287,1.1,0.9,1741.0,-6397.0,1
1,66.0,1863,1,1863,bus_1572,bus,1,-0.13812334353198957,1.0767856010868533,1.1,0.9,2213.0,2386.0,1
1,66.0,1863,1,1863,bus_1572,1863,1,-0.13812334353198957,1.0767856010868533,1.1,0.9,2213.0,2386.0,1
15,110.0,1941,1,1941,bus_5080,bus,5,-0.057153770407643564,1.0474235580439655,1.1,0.9,2033.0,-6112.0,1
15,110.0,1941,1,1941,bus_5080,1941,5,-0.057153770407643564,1.0474235580439655,1.1,0.9,2033.0,-6112.0,1
14,66.0,891,1,891,bus_4300,bus,4,0.970992885212525,1.0444535829960078,1.1,0.9,-1720.0,-2576.0,1
14,66.0,891,1,891,bus_4300,891,4,0.970992885212525,1.0444535829960078,1.1,0.9,-1720.0,-2576.0,1
13,11.0,1879,1,1879,bus_4477,bus,4,0.9266323936488243,1.0513660925174404,1.1,0.9,-1971.0,-2187.0,1
13,11.0,1879,1,1879,bus_4477,1879,4,0.9266323936488243,1.0513660925174404,1.1,0.9,-1971.0,-2187.0,1
15,110.0,815,1,815,bus_5068,bus,5,-0.13516347756873417,1.0414933291409048,1.1,0.9,1183.0,-5832.0,1
15,110.0,815,1,815,bus_5068,815,5,-0.13516347756873417,1.0414933291409048,1.1,0.9,1183.0,-5832.0,1
9,66.0,981,1,981,bus_3122,bus,3,-0.1035647126615954,1.0762895414593603,1.1,0.9,-835.0,5018.0,1
9,66.0,981,1,981,bus_3122,981,3,-0.1035647126615954,1.0762895414593603,1.1,0.9,-835.0,5018.0,1
12,132.0,253,1,253,bus_4171,bus,4,0.9976959698073836,1.028262203181441,1.1,0.9,-2650.0,-1357.0,1
12,132.0,253,1,253,bus_4171,253,4,0.9976959698073836,1.028262203181441,1.1,0.9,-2650.0,-1357.0,1
6,220.0,916,1,916,starbus_xf_2145_2243_2306_3,bus,2,-0.3088160842498759,1.0105068020310408,1.1,0.9,343.0,-3026.0,1
6,220.0,916,1,916,starbus_xf_2145_2243_2306_3,916,2,-0.3088160842498759,1.0105068020310408,1.1,0.9,343.0,-3026.0,1
10,275.0,1282,1,1282,bus_3614,bus,3,-0.06901701155337339,1.07688371479203,1.1,0.9,1395.0,4111.0,1
10,275.0,1282,1,1282,bus_3614,1282,3,-0.06901701155337339,1.07688371479203,1.1,0.9,1395.0,4111.0,1
11,275.0,1429,1,1429,bus_3546,bus,3,-0.2649832119896265,1.0567417138869781,1.1,0.9,-481.0,2560.0,1
11,275.0,1429,1,1429,bus_3546,1429,3,-0.2649832119896265,1.0567417138869781,1.1,0.9,-481.0,2560.0,1
5,220.0,39,1,39,bus_2179,bus,2,-0.07820535763474876,1.0806756945492382,1.1,0.9,430.0,-2611.0,1
5,220.0,39,1,39,bus_2179,39,2,-0.07820535763474876,1.0806756945492382,1.1,0.9,430.0,-2611.0,1
1,11.0,843,1,843,bus_1612,bus,1,-0.17055621113141553,1.0565794619901951,1.1,0.9,2233.0,2144.0,1
1,11.0,843,1,843,bus_1612,843,1,-0.17055621113141553,1.0565794619901951,1.1,0.9,2233.0,2144.0,1
7,11.0,1588,2,1588,bus_2069,bus,2,-0.33864371543294064,1.0676253716493707,1.1,0.9,1355.0,-4754.0,1
7,11.0,1588,2,1588,bus_2069,1588,2,-0.33864371543294064,1.0676253716493707,1.1,0.9,1355.0,-4754.0,1
15,110.0,112,1,112,bus_5101,bus,5,-0.1170001399030742,1.0271869016938635,1.1,0.9,1515.0,-6409.0,1
15,110.0,112,1,112,bus_5101,112,5,-0.1170001399030742,1.0271869016938635,1.1,0.9,1515.0,-6409.0,1
9,132.0,791,1,791,bus_3542,bus,3,-0.27635548518272546,1.0562992203391615,1.1,0.9,-863.0,4082.0,1
9,132.0,791,1,791,bus_3542,791,3,-0.27635548518272546,1.0562992203391615,1.1,0.9,-863.0,4082.0,1
8,132.0,372,1,372,bus_3516,bus,3,-0.46397696448211684,1.0051966808891655,1.1,0.9,-1236.0,6747.0,1
8,132.0,372,1,372,bus_3516,372,3,-0.46397696448211684,1.0051966808891655,1.1,0.9,-1236.0,6747.0,1
13,66.0,34,1,34,bus_4248,bus,4,0.983084713065989,1.023052143156055,1.1,0.9,-2385.0,-2413.0,1
13,66.0,34,1,34,bus_4248,34,4,0.983084713065989,1.023052143156055,1.1,0.9,-2385.0,-2413.0,1
6,66.0,1918,1,1918,bus_2230,bus,2,-0.45118977374587876,1.0072607088300463,1.1,0.9,308.0,-4195.0,1
6,66.0,1918,1,1918,bus_2230,1918,2,-0.45118977374587876,1.0072607088300463,1.1,0.9,308.0,-4195.0,1
10,132.0,1665,1,1665,bus_3289,bus,3,-0.11315136082287507,1.0721415632517772,1.1,0.9,2003.0,3151.0,1
10,132.0,1665,1,1665,bus_3289,1665,3,-0.11315136082287507,1.0721415632517772,1.1,0.9,2003.0,3151.0,1
15,6.6,137,1,137,bus_5176,bus,5,-0.10289233431750854,1.0143619005773585,1.1,0.9,1927.0,-6405.0,1
15,6.6,137,1,137,bus_5176,137,5,-0.10289233431750854,1.0143619005773585,1.1,0.9,1927.0,-6405.0,1
14,11.0,590,1,590,bus_4445,bus,4,0.978688366675873,0.9948783990841045,1.1,0.9,-2376.0,-3188.0,1
14,11.0,590,1,590,bus_4445,590,4,0.978688366675873,0.9948783990841045,1.1,0.9,-2376.0,-3188.0,1
8,132.0,55,1,55,starbus_xf_3486_3561_3489_3,bus,3,-0.3173164943294993,0.9944273720849907,1.1,0.9,-740.0,6362.0,1
8,132.0,55,1,55,starbus_xf_3486_3561_3489_3,55,3,-0.3173164943294993,0.9944273720849907,1.1,0.9,-740.0,6362.0,1
11,11.0,323,1,323,bus_3361,bus,3,-0.48155673306462365,1.0041982527165227,1.1,0.9,-1100.0,3528.0,1
11,11.0,323,1,323,bus_3361,323,3,-0.48155673306462365,1.0041982527165227,1.1,0.9,-1100.0,3528.0,1
11,110.0,1628,1,1628,starbus_xf_3379_3380_3381_3,bus,3,-0.3405264473209046,1.0679610827774362,1.1,0.9,31.0,2780.0,1
11,110.0,1628,1,1628,starbus_xf_3379_3380_3381_3,1628,3,-0.3405264473209046,1.0679610827774362,1.1,0.9,31.0,2780.0,1
13,66.0,17,1,17,bus_4323,bus,4,0.9742739182362796,1.0700695957190935,1.1,0.9,-1926.0,-2226.0,1
13,66.0,17,1,17,bus_4323,17,4,0.9742739182362796,1.0700695957190935,1.1,0.9,-1926.0,-2226.0,1
2,330.0,243,2,243,bus_1066,bus,1,-0.25983816582967306,1.0480940974120723,1.1,0.9,679.0,322.0,1
2,330.0,243,2,243,bus_1066,243,1,-0.25983816582967306,1.0480940974120723,1.1,0.9,679.0,322.0,1
9,132.0,172,1,172,bus_3217,bus,3,-0.02560363239139693,1.080837605594399,1.1,0.9,616.0,5044.0,1
9,132.0,172,1,172,bus_3217,172,3,-0.02560363239139693,1.080837605594399,1.1,0.9,616.0,5044.0,1
12,11.0,333,1,333,bus_4493,bus,4,0.7598837476165337,1.1000000106460799,1.1,0.9,-3398.0,-1834.0,1
12,11.0,333,1,333,bus_4493,333,4,0.7598837476165337,1.1000000106460799,1.1,0.9,-3398.0,-1834.0,1
2,330.0,363,1,363,bus_1155,bus,1,-0.09901860515804009,1.0468755876733495,1.1,0.9,368.0,-101.0,1
2,330.0,363,1,363,bus_1155,363,1,-0.09901860515804009,1.0468755876733495,1.1,0.9,368.0,-101.0,1
9,275.0,1296,1,1296,bus_3556,bus,3,-0.24575596783027517,1.079946144841311,1.1,0.9,-353.0,3865.0,1
9,275.0,1296,1,1296,bus_3556,1296,3,-0.24575596783027517,1.079946144841311,1.1,0.9,-353.0,3865.0,1
2,132.0,1721,1,1721,bus_1454,bus,1,-0.06394772473695619,1.0347145566850813,1.1,0.9,1758.0,1455.0,1
2,132.0,1721,1,1721,bus_1454,1721,1,-0.06394772473695619,1.0347145566850813,1.1,0.9,1758.0,1455.0,1
15,11.0,550,1,550,bus_5205,bus,5,-0.14608222833616413,1.0275643970040609,1.1,0.9,1849.0,-6287.0,1
15,11.0,550,1,550,bus_5205,550,5,-0.14608222833616413,1.0275643970040609,1.1,0.9,1849.0,-6287.0,1
2,500.0,341,1,341,starbus_xf_1121_1123_1634_6,bus,1,-0.07890111916819356,1.0065009245403722,1.1,0.9,725.0,112.0,1
2,500.0,341,1,341,starbus_xf_1121_1123_1634_6,341,1,-0.07890111916819356,1.0065009245403722,1.1,0.9,725.0,112.0,1
4,33.0,664,1,664,bus_1537,bus,1,-0.09567838168795907,1.083924832986157,1.1,0.9,915.0,-2259.0,1
4,33.0,664,1,664,bus_1537,664,1,-0.09567838168795907,1.083924832986157,1.1,0.9,915.0,-2259.0,1
8,33.0,912,1,912,bus_3070,bus,3,-0.3156871124779273,1.0476863577552626,1.1,0.9,-196.0,6159.0,1
8,33.0,912,1,912,bus_3070,912,3,-0.3156871124779273,1.0476863577552626,1.1,0.9,-196.0,6159.0,1
5,33.0,1748,1,1748,bus_1319,bus,1,-0.2156817728952656,1.034386311923214,1.1,0.9,624.0,-2357.0,1
5,33.0,1748,1,1748,bus_1319,1748,1,-0.2156817728952656,1.034386311923214,1.1,0.9,624.0,-2357.0,1
5,33.0,1966,1,1966,bus_2268,bus,2,0.048959761093281234,1.0402092872830264,1.1,0.9,10.0,-3687.0,1
5,33.0,1966,1,1966,bus_2268,1966,2,0.048959761093281234,1.0402092872830264,1.1,0.9,10.0,-3687.0,1
6,0.6899999999999998,1990,1,1990,bus_2011,bus,2,-0.14752719599124442,1.100000005402845,1.1,0.9,-3.0,-3934.0,1
6,0.6899999999999998,1990,1,1990,bus_2011,1990,2,-0.14752719599124442,1.100000005402845,1.1,0.9,-3.0,-3934.0,1
2,132.0,1598,1,1598,bus_1129,bus,1,-0.3565425581440695,1.0514190086505701,1.1,0.9,764.0,-346.0,1
2,132.0,1598,1,1598,bus_1129,1598,1,-0.3565425581440695,1.0514190086505701,1.1,0.9,764.0,-346.0,1
13,66.0,1685,1,1685,bus_4288,bus,4,0.9668886939009208,1.0232298915905247,1.1,0.9,-2148.0,-2427.0,1
13,66.0,1685,1,1685,bus_4288,1685,4,0.9668886939009208,1.0232298915905247,1.1,0.9,-2148.0,-2427.0,1
11,110.0,598,1,598,starbus_xf_3134_3135_3136_2,bus,3,-0.39228957203436915,1.0480074693224337,1.1,0.9,-549.0,2437.0,1
11,110.0,598,1,598,starbus_xf_3134_3135_3136_2,598,3,-0.39228957203436915,1.0480074693224337,1.1,0.9,-549.0,2437.0,1
4,11.0,1318,1,1318,bus_1067,bus,1,-0.03246653452398903,0.95234626069625,1.1,0.9,1761.0,-2378.0,1
4,11.0,1318,1,1318,bus_1067,1318,1,-0.03246653452398903,0.95234626069625,1.1,0.9,1761.0,-2378.0,1
2,132.0,14,1,14,bus_1234,bus,1,-0.3316535946862748,1.0366595591793213,1.1,0.9,33.0,394.0,1
2,132.0,14,1,14,bus_1234,14,1,-0.3316535946862748,1.0366595591793213,1.1,0.9,33.0,394.0,1
6,66.0,167,1,167,bus_2216,bus,2,-0.2477955487377175,1.011017430128594,1.1,0.9,91.0,-3833.0,1
6,66.0,167,1,167,bus_2216,167,2,-0.2477955487377175,1.011017430128594,1.1,0.9,91.0,-3833.0,1
11,13.8,613,1,613,bus_3429,bus,3,-0.17500111242680058,1.0453799341042391,1.1,0.9,-59.0,3661.0,1
11,13.8,613,1,613,bus_3429,613,3,-0.17500111242680058,1.0453799341042391,1.1,0.9,-59.0,3661.0,1
1,132.0,643,1,643,bus_1444,bus,1,-0.23945670065615668,1.0414293770050043,1.1,0.9,1814.0,1949.0,1
1,132.0,643,1,643,bus_1444,643,1,-0.23945670065615668,1.0414293770050043,1.1,0.9,1814.0,1949.0,1
13,66.0,1052,1,1052,starbus_xf_4038_4034_4033_3,bus,4,0.9836521070286459,0.973660898487323,1.1,0.9,-2634.0,-2675.0,1
13,66.0,1052,1,1052,starbus_xf_4038_4034_4033_3,1052,4,0.9836521070286459,0.973660898487323,1.1,0.9,-2634.0,-2675.0,1
13,11.0,1121,1,1121,bus_4422,bus,4,0.9103496214012685,0.9901901513211792,1.1,0.9,-2467.0,-2697.0,1
13,11.0,1121,1,1121,bus_4422,1121,4,0.9103496214012685,0.9901901513211792,1.1,0.9,-2467.0,-2697.0,1
1,132.0,1556,2,1556,bus_1335,bus,1,-0.12016339282513606,1.044039146623859,1.1,0.9,2031.0,2351.0,1
1,132.0,1556,2,1556,bus_1335,1556,1,-0.12016339282513606,1.044039146623859,1.1,0.9,2031.0,2351.0,1
12,11.0,96,1,96,bus_4402,bus,4,0.7467907299088412,1.0140752553994403,1.1,0.9,-3245.0,-1797.0,1
12,11.0,96,1,96,bus_4402,96,4,0.7467907299088412,1.0140752553994403,1.1,0.9,-3245.0,-1797.0,1
11,110.0,456,1,456,bus_3412,bus,3,-0.32999882394897945,1.051384631148032,1.1,0.9,172.0,2956.0,1
11,110.0,456,1,456,bus_3412,456,3,-0.32999882394897945,1.051384631148032,1.1,0.9,172.0,2956.0,1
4,330.0,510,1,510,bus_1106,bus,1,-0.09577389838038136,1.083756780573771,1.1,0.9,963.0,-2129.0,1
4,330.0,510,1,510,bus_1106,510,1,-0.09577389838038136,1.083756780573771,1.1,0.9,963.0,-2129.0,1
12,11.0,257,1,257,bus_4404,bus,4,0.7752838565366525,1.0090191581674721,1.1,0.9,-3241.0,-1776.0,1
12,11.0,257,1,257,bus_4404,257,4,0.7752838565366525,1.0090191581674721,1.1,0.9,-3241.0,-1776.0,1
7,10.5,1078,1,1078,bus_2032,bus,2,-0.30002978327695284,0.9695676818519525,1.1,0.9,1337.0,-4214.0,1
7,10.5,1078,1,1078,bus_2032,1078,2,-0.30002978327695284,0.9695676818519525,1.1,0.9,1337.0,-4214.0,1
9,66.0,1922,1,1922,bus_3022,bus,3,-0.2361732275849481,1.0967510317038636,1.1,0.9,-885.0,4213.0,1
9,66.0,1922,1,1922,bus_3022,1922,3,-0.2361732275849481,1.0967510317038636,1.1,0.9,-885.0,4213.0,1
11,11.0,19,1,19,bus_3327,bus,3,-0.43001002333389304,1.0087045560006753,1.1,0.9,-844.0,2103.0,1
11,11.0,19,1,19,bus_3327,19,3,-0.43001002333389304,1.0087045560006753,1.1,0.9,-844.0,2103.0,1
5,330.0,1754,1,1754,bus_2195,bus,2,-0.10255959688272454,1.0472345426591838,1.1,0.9,1013.0,-1994.0,1
5,330.0,1754,1,1754,bus_2195,1754,2,-0.10255959688272454,1.0472345426591838,1.1,0.9,1013.0,-1994.0,1
6,500.0,2013,1,2013,bus_txf_WNV MEL Option 1 VNI West,bus,2,0.0,1.0,1.1,0.9,NaN,NaN,1
6,500.0,2013,1,2013,bus_txf_WNV MEL Option 1 VNI West,2013,2,0.0,1.0,1.1,0.9,NaN,NaN,1
14,66.0,673,1,673,bus_4305,bus,4,0.9695111554918588,1.041995795982672,1.1,0.9,-1601.0,-3380.0,1
14,66.0,673,1,673,bus_4305,673,4,0.9695111554918588,1.041995795982672,1.1,0.9,-1601.0,-3380.0,1
11,110.0,1502,1,1502,bus_3324,bus,3,-0.33194109574776665,1.049288308891645,1.1,0.9,-781.0,2170.0,1
11,110.0,1502,1,1502,bus_3324,1502,3,-0.33194109574776665,1.049288308891645,1.1,0.9,-781.0,2170.0,1
13,11.0,925,1,925,bus_4495,bus,4,0.43861459764359356,0.905315364637092,1.1,0.9,-2187.0,-796.0,1
13,11.0,925,1,925,bus_4495,925,4,0.43861459764359356,0.905315364637092,1.1,0.9,-2187.0,-796.0,1
5,220.0,1824,1,1824,starbus_xf_2162_2271_2315_5,bus,2,-0.04392113263600742,1.1000000105201975,1.1,0.9,237.0,-2547.0,1
5,220.0,1824,1,1824,starbus_xf_2162_2271_2315_5,1824,2,-0.04392113263600742,1.1000000105201975,1.1,0.9,237.0,-2547.0,1
11,330.0,1785,1,1785,bus_3648,bus,3,0.04842815180932194,1.0807642046022945,1.1,0.9,1003.0,3236.0,1
11,330.0,1785,1,1785,bus_3648,1785,3,0.04842815180932194,1.0807642046022945,1.1,0.9,1003.0,3236.0,1
2,33.0,197,1,197,bus_1571,bus,1,-0.2506840555990891,1.0815484242312647,1.1,0.9,592.0,-338.0,1
2,33.0,197,1,197,bus_1571,197,1,-0.2506840555990891,1.0815484242312647,1.1,0.9,592.0,-338.0,1
6,22.0,1545,1,1545,bus_2321,bus,2,-0.47266379776521755,1.0708279513393728,1.1,0.9,880.0,-3719.0,1
6,22.0,1545,1,1545,bus_2321,1545,2,-0.47266379776521755,1.0708279513393728,1.1,0.9,880.0,-3719.0,1
15,11.0,401,1,401,bus_5210,bus,5,-0.12953013370048436,1.0205207962256524,1.1,0.9,1512.0,-6485.0,1
15,11.0,401,1,401,bus_5210,401,5,-0.12953013370048436,1.0205207962256524,1.1,0.9,1512.0,-6485.0,1
14,11.0,1804,1,1804,bus_4443,bus,4,0.938794949087011,1.0070137111258584,1.1,0.9,-2318.0,-3521.0,1
14,11.0,1804,1,1804,bus_4443,1804,4,0.938794949087011,1.0070137111258584,1.1,0.9,-2318.0,-3521.0,1
4,66.0,276,1,276,bus_1588,bus,1,-0.0711178249443202,1.0992083481874448,1.1,0.9,1210.0,-2379.0,1
4,66.0,276,1,276,bus_1588,276,1,-0.0711178249443202,1.0992083481874448,1.1,0.9,1210.0,-2379.0,1
8,132.0,778,1,778,bus_3199,bus,3,-0.3542003064418222,1.0283402277843294,1.1,0.9,-461.0,6663.0,1
8,132.0,778,1,778,bus_3199,778,3,-0.3542003064418222,1.0283402277843294,1.1,0.9,-461.0,6663.0,1
13,66.0,1973,1,1973,bus_4241,bus,4,0.9861696958093464,1.0250177376913059,1.1,0.9,-2313.0,-2476.0,1
13,66.0,1973,1,1973,bus_4241,1973,4,0.9861696958093464,1.0250177376913059,1.1,0.9,-2313.0,-2476.0,1
11,132.0,21,1,21,bus_1304,bus,1,-0.6076111973944772,1.073001075665729,1.1,0.9,1548.0,1424.0,1
11,132.0,21,1,21,bus_1304,21,1,-0.6076111973944772,1.073001075665729,1.1,0.9,1548.0,1424.0,1
2,66.0,83,1,83,bus_1625,bus,1,-0.2373545180876546,1.040602000169125,1.1,0.9,329.0,-115.0,1
2,66.0,83,1,83,bus_1625,83,1,-0.2373545180876546,1.040602000169125,1.1,0.9,329.0,-115.0,1
2,132.0,244,1,244,bus_1254,bus,1,-0.33867273538118425,1.04364950471473,1.1,0.9,673.0,-588.0,1
2,132.0,244,1,244,bus_1254,244,1,-0.33867273538118425,1.04364950471473,1.1,0.9,673.0,-588.0,1
4,132.0,582,1,582,bus_1199,bus,1,-0.08185872569532102,1.0723766136022048,1.1,0.9,944.0,-1807.0,1
4,132.0,582,1,582,bus_1199,582,1,-0.08185872569532102,1.0723766136022048,1.1,0.9,944.0,-1807.0,1
15,11.0,1043,1,1043,bus_5184,bus,5,-0.09894098139801742,1.0635548928830572,1.1,0.9,1365.0,-5918.0,1
15,11.0,1043,1,1043,bus_5184,1043,5,-0.09894098139801742,1.0635548928830572,1.1,0.9,1365.0,-5918.0,1
5,500.0,2011,1,2011,bus_txf_SNSW WNV Option 1 VNI West,bus,2,0.0,1.0,1.1,0.9,NaN,NaN,1
5,500.0,2011,1,2011,bus_txf_SNSW WNV Option 1 VNI West,2011,2,0.0,1.0,1.1,0.9,NaN,NaN,1
8,66.0,868,1,868,bus_3276,bus,3,-0.36104260917630776,1.0398328438481848,1.1,0.9,-442.0,6940.0,1
8,66.0,868,1,868,bus_3276,868,3,-0.36104260917630776,1.0398328438481848,1.1,0.9,-442.0,6940.0,1
13,275.0,2025,1,2025,connection S9,bus,4,0.0,1.0,1.1,0.9,NaN,NaN,1
13,275.0,2025,1,2025,connection S9,2025,4,0.0,1.0,1.1,0.9,NaN,NaN,1
11,110.0,558,1,558,bus_3471,bus,3,-0.3193729448613225,1.0571902657771548,1.1,0.9,22.0,2930.0,1
11,110.0,558,1,558,bus_3471,558,3,-0.3193729448613225,1.0571902657771548,1.1,0.9,22.0,2930.0,1
9,110.0,1540,2,1540,bus_3237,bus,3,-0.3341487403637394,1.0532547928623484,1.1,0.9,28.0,4285.0,1
9,110.0,1540,2,1540,bus_3237,1540,3,-0.3341487403637394,1.0532547928623484,1.1,0.9,28.0,4285.0,1
8,132.0,1974,1,1974,bus_3141,bus,3,-0.33504345860248946,1.0254544196970783,1.1,0.9,-645.0,6756.0,1
8,132.0,1974,1,1974,bus_3141,1974,3,-0.33504345860248946,1.0254544196970783,1.1,0.9,-645.0,6756.0,1
6,66.0,1938,1,1938,bus_2229,bus,2,-0.13144657224754883,1.0529798960693917,1.1,0.9,994.0,-2933.0,1
6,66.0,1938,1,1938,bus_2229,1938,2,-0.13144657224754883,1.0529798960693917,1.1,0.9,994.0,-2933.0,1
11,110.0,871,1,871,bus_3334,bus,3,-0.30602547041021233,1.0458260475670444,1.1,0.9,-891.0,3478.0,1
11,110.0,871,1,871,bus_3334,871,3,-0.30602547041021233,1.0458260475670444,1.1,0.9,-891.0,3478.0,1
15,11.0,545,1,545,bus_5211,bus,5,-0.21401645607746728,1.0094712958011107,1.1,0.9,1462.0,-6530.0,1
15,11.0,545,1,545,bus_5211,545,5,-0.21401645607746728,1.0094712958011107,1.1,0.9,1462.0,-6530.0,1
2,0.55,3,1,3,bus_1000,bus,1,-0.23497822060587395,1.0865732187277566,1.1,0.9,-238.0,-725.0,1
2,0.55,3,1,3,bus_1000,3,1,-0.23497822060587395,1.0865732187277566,1.1,0.9,-238.0,-725.0,1
4,132.0,1615,1,1615,bus_1324,bus,1,-0.03801619791304601,1.099192566960744,1.1,0.9,758.0,-1418.0,1
4,132.0,1615,1,1615,bus_1324,1615,1,-0.03801619791304601,1.099192566960744,1.1,0.9,758.0,-1418.0,1
11,110.0,81,1,81,starbus_xf_3359_3360_3361_3,bus,3,-0.3384004677191405,1.045518538332595,1.1,0.9,-1009.0,3506.0,1
11,110.0,81,1,81,starbus_xf_3359_3360_3361_3,81,3,-0.3384004677191405,1.045518538332595,1.1,0.9,-1009.0,3506.0,1
13,11.0,1968,1,1968,bus_4457,bus,4,0.900417063961352,1.1000000109401415,1.1,0.9,-2087.0,-2335.0,1
13,11.0,1968,1,1968,bus_4457,1968,4,0.900417063961352,1.1000000109401415,1.1,0.9,-2087.0,-2335.0,1
12,33.0,987,1,987,bus_4368,bus,4,1.140557206770924,1.0116001533784718,1.1,0.9,-2979.0,-1308.0,1
12,33.0,987,1,987,bus_4368,987,4,1.140557206770924,1.0116001533784718,1.1,0.9,-2979.0,-1308.0,1
12,132.0,964,1,964,starbus_xf_4166_4356_4491_3,bus,4,1.0223061992500286,0.9387673649966151,1.1,0.9,-3903.0,-1767.0,1
12,132.0,964,1,964,starbus_xf_4166_4356_4491_3,964,4,1.0223061992500286,0.9387673649966151,1.1,0.9,-3903.0,-1767.0,1
11,110.0,1516,1,1516,bus_3170,bus,3,-0.08482702027519523,1.0449219017487026,1.1,0.9,-345.0,2971.0,1
11,110.0,1516,1,1516,bus_3170,1516,3,-0.08482702027519523,1.0449219017487026,1.1,0.9,-345.0,2971.0,1
2,330.0,751,1,751,bus_1105,bus,1,-0.153138413887704,1.0332602139842961,1.1,0.9,985.0,-570.0,1
2,330.0,751,1,751,bus_1105,751,1,-0.153138413887704,1.0332602139842961,1.1,0.9,985.0,-570.0,1
15,110.0,1070,1,1070,bus_5113,bus,5,-0.18690187424676435,1.0112838829085105,1.1,0.9,1630.0,-5662.0,1
15,110.0,1070,1,1070,bus_5113,1070,5,-0.18690187424676435,1.0112838829085105,1.1,0.9,1630.0,-5662.0,1
9,110.0,1169,1,1169,bus_3315,bus,3,-0.31250943652384333,1.056947740796655,1.1,0.9,-390.0,4237.0,1
9,110.0,1169,1,1169,bus_3315,1169,3,-0.31250943652384333,1.056947740796655,1.1,0.9,-390.0,4237.0,1
5,11.0,1493,1,1493,bus_1010,bus,1,-0.03544824651772543,1.0825243183904896,1.1,0.9,293.0,-3086.0,1
5,11.0,1493,1,1493,bus_1010,1493,1,-0.03544824651772543,1.0825243183904896,1.1,0.9,293.0,-3086.0,1
8,132.0,1019,1,1019,bus_3143,bus,3,-0.512389673415454,1.0099004925632833,1.1,0.9,-1121.0,7237.0,1
8,132.0,1019,1,1019,bus_3143,1019,3,-0.512389673415454,1.0099004925632833,1.1,0.9,-1121.0,7237.0,1
14,66.0,1684,1,1684,bus_4243,bus,4,1.0499265437365715,1.0068971706698608,1.1,0.9,-1970.0,-3309.0,1
14,66.0,1684,1,1684,bus_4243,1684,4,1.0499265437365715,1.0068971706698608,1.1,0.9,-1970.0,-3309.0,1
10,132.0,1334,1,1334,bus_3618,bus,3,-0.10789687990637403,1.072141898585632,1.1,0.9,1758.0,4394.0,1
10,132.0,1334,1,1334,bus_3618,1334,3,-0.10789687990637403,1.072141898585632,1.1,0.9,1758.0,4394.0,1
15,16.0,1897,2,1897,bus_5040,bus,5,-0.04711495664632632,1.0132672819993853,1.1,0.9,1683.0,-5645.0,1
15,16.0,1897,2,1897,bus_5040,1897,5,-0.04711495664632632,1.0132672819993853,1.1,0.9,1683.0,-5645.0,1
15,11.5,303,1,303,bus_5014,bus,5,-0.318929701160054,1.0137096546156954,1.1,0.9,1358.0,-5358.0,1
15,11.5,303,1,303,bus_5014,303,5,-0.318929701160054,1.0137096546156954,1.1,0.9,1358.0,-5358.0,1
11,33.0,1434,1,1434,bus_3505,bus,3,-0.3665935429753687,0.994897557379825,1.1,0.9,56.0,2787.0,1
11,33.0,1434,1,1434,bus_3505,1434,3,-0.3665935429753687,0.994897557379825,1.1,0.9,56.0,2787.0,1
9,500.0,2001,1,2001,bus_fxf_500 kV NQCQ backbone double-circuit,bus,3,0.0,1.0,1.1,0.9,NaN,NaN,1
9,500.0,2001,1,2001,bus_fxf_500 kV NQCQ backbone double-circuit,2001,3,0.0,1.0,1.1,0.9,NaN,NaN,1
15,220.0,1710,1,1710,bus_5161,bus,5,-0.0002689258619144797,1.0401919430698663,1.1,0.9,1478.0,-6194.0,1
15,220.0,1710,1,1710,bus_5161,1710,5,-0.0002689258619144797,1.0401919430698663,1.1,0.9,1478.0,-6194.0,1
6,0.6899999999999998,1210,2,1210,bus_2010,bus,2,0.01636409295203542,1.1000000036875819,1.1,0.9,-25.0,-3913.0,1
6,0.6899999999999998,1210,2,1210,bus_2010,1210,2,0.01636409295203542,1.1000000036875819,1.1,0.9,-25.0,-3913.0,1
14,66.0,704,1,704,bus_4255,bus,4,1.0180503299379293,1.0035015154586548,1.1,0.9,-2167.0,-3336.0,1
14,66.0,704,1,704,bus_4255,704,4,1.0180503299379293,1.0035015154586548,1.1,0.9,-2167.0,-3336.0,1
14,16.0,1882,1,1882,bus_4064,bus,4,1.2813075338459194,1.0456730015684812,1.1,0.9,-1778.0,-2620.0,1
14,16.0,1882,1,1882,bus_4064,1882,4,1.2813075338459194,1.0456730015684812,1.1,0.9,-1778.0,-2620.0,1
11,110.0,1837,1,1837,bus_3413,bus,3,-0.3382426176333413,1.0474988878511744,1.1,0.9,313.0,2958.0,1
11,110.0,1837,1,1837,bus_3413,1837,3,-0.3382426176333413,1.0474988878511744,1.1,0.9,313.0,2958.0,1
14,66.0,1468,1,1468,bus_4268,bus,4,1.010882771605736,1.006226232136439,1.1,0.9,-2189.0,-3543.0,1
14,66.0,1468,1,1468,bus_4268,1468,4,1.010882771605736,1.006226232136439,1.1,0.9,-2189.0,-3543.0,1
11,33.0,117,1,117,bus_3057,bus,3,-0.14595514501693665,1.010344283104773,1.1,0.9,-579.0,2961.0,1
11,33.0,117,1,117,bus_3057,117,3,-0.14595514501693665,1.010344283104773,1.1,0.9,-579.0,2961.0,1
7,11.0,1166,1,1166,bus_2070,bus,2,-0.3508542821846271,1.067043014188034,1.1,0.9,1345.0,-4754.0,1
7,11.0,1166,1,1166,bus_2070,1166,2,-0.3508542821846271,1.067043014188034,1.1,0.9,1345.0,-4754.0,1
7,10.5,1864,1,1864,bus_2035,bus,2,-0.3000968148696459,0.9694976974396085,1.1,0.9,1317.0,-4224.0,1
7,10.5,1864,1,1864,bus_2035,1864,2,-0.3000968148696459,0.9694976974396085,1.1,0.9,1317.0,-4224.0,1
4,132.0,1050,1,1050,bus_1296,bus,1,-0.13078162065502197,1.08252260319495,1.1,0.9,629.0,-1107.0,1
4,132.0,1050,1,1050,bus_1296,1050,1,-0.13078162065502197,1.08252260319495,1.1,0.9,629.0,-1107.0,1
3,132.0,1423,1,1423,bus_1460,bus,1,-0.34611904610049204,1.0533202388320215,1.1,0.9,1113.0,-471.0,1
3,132.0,1423,1,1423,bus_1460,1423,1,-0.34611904610049204,1.0533202388320215,1.1,0.9,1113.0,-471.0,1
9,132.0,499,1,499,bus_3051,bus,3,-0.030637873247334378,1.0736983958747839,1.1,0.9,659.0,5054.0,1
9,132.0,499,1,499,bus_3051,499,3,-0.030637873247334378,1.0736983958747839,1.1,0.9,659.0,5054.0,1
13,11.0,1542,1,1542,bus_4453,bus,4,0.9546086864262636,1.0283058940973022,1.1,0.9,-2227.0,-2610.0,1
13,11.0,1542,1,1542,bus_4453,1542,4,0.9546086864262636,1.0283058940973022,1.1,0.9,-2227.0,-2610.0,1
8,66.0,1432,1,1432,bus_3115,bus,3,-0.35299639359009305,1.0032198661947511,1.1,0.9,-950.0,6140.0,1
8,66.0,1432,1,1432,bus_3115,1432,3,-0.35299639359009305,1.0032198661947511,1.1,0.9,-950.0,6140.0,1
9,275.0,852,1,852,bus_3611,bus,3,-0.015848503496366264,1.0772776068992944,1.1,0.9,-454.0,4846.0,1
9,275.0,852,1,852,bus_3611,852,3,-0.015848503496366264,1.0772776068992944,1.1,0.9,-454.0,4846.0,1
10,275.0,1145,1,1145,bus_3616,bus,3,0.007688700972206786,1.0836011352729735,1.1,0.9,1068.0,3851.0,1
10,275.0,1145,1,1145,bus_3616,1145,3,0.007688700972206786,1.0836011352729735,1.1,0.9,1068.0,3851.0,1
12,132.0,176,1,176,bus_4165,bus,4,0.9939627657256718,1.0169359113512018,1.1,0.9,-3288.0,-1647.0,1
12,132.0,176,1,176,bus_4165,176,4,0.9939627657256718,1.0169359113512018,1.1,0.9,-3288.0,-1647.0,1
1,66.0,182,1,182,bus_1651,bus,1,-0.3548290263927442,1.0310615374212455,1.1,0.9,-1124.0,2030.0,1
1,66.0,182,1,182,bus_1651,182,1,-0.3548290263927442,1.0310615374212455,1.1,0.9,-1124.0,2030.0,1
9,33.0,1199,1,1199,bus_3351,bus,3,-0.375497494383937,0.9548183934773891,1.1,0.9,-33.0,4111.0,1
9,33.0,1199,1,1199,bus_3351,1199,3,-0.375497494383937,0.9548183934773891,1.1,0.9,-33.0,4111.0,1
1,11.0,894,1,894,bus_1557,bus,1,-0.3240776128960599,1.0395680090532622,1.1,0.9,844.0,1491.0,1
1,11.0,894,1,894,bus_1557,894,1,-0.3240776128960599,1.0395680090532622,1.1,0.9,844.0,1491.0,1
6,11.0,1083,1,1083,bus_2016,bus,2,-0.26060820830071113,0.9661770833762835,1.1,0.9,845.0,-3349.0,1
6,11.0,1083,1,1083,bus_2016,1083,2,-0.26060820830071113,0.9661770833762835,1.1,0.9,845.0,-3349.0,1
8,66.0,1231,1,1231,bus_3283,bus,3,-0.35869489270832006,1.0428883302973562,1.1,0.9,-497.0,6898.0,1
8,66.0,1231,1,1231,bus_3283,1231,3,-0.35869489270832006,1.0428883302973562,1.1,0.9,-497.0,6898.0,1
6,0.6899999999999998,1675,1,1675,bus_2072,bus,2,0.19685912177495357,1.0705643472323962,1.1,0.9,35.0,-4579.0,1
6,0.6899999999999998,1675,1,1675,bus_2072,1675,2,0.19685912177495357,1.0705643472323962,1.1,0.9,35.0,-4579.0,1
2,66.0,1720,1,1720,bus_1502,bus,1,-0.2927313377444217,1.0423080837177041,1.1,0.9,178.0,981.0,1
2,66.0,1720,1,1720,bus_1502,1720,1,-0.2927313377444217,1.0423080837177041,1.1,0.9,178.0,981.0,1
10,15.0,1758,1,1758,bus_3437,bus,3,0.04433403343000103,1.0330356227386954,1.1,0.9,1100.0,3549.0,1
10,15.0,1758,1,1758,bus_3437,1758,3,0.04433403343000103,1.0330356227386954,1.1,0.9,1100.0,3549.0,1
13,66.0,1780,1,1780,bus_4276,bus,4,0.9769358022991873,1.0227060216853843,1.1,0.9,-2075.0,-2558.0,1
13,66.0,1780,1,1780,bus_4276,1780,4,0.9769358022991873,1.0227060216853843,1.1,0.9,-2075.0,-2558.0,1
4,132.0,1939,1,1939,bus_1317,bus,1,-0.16753203017844573,1.0803731424613823,1.1,0.9,816.0,-2090.0,1
4,132.0,1939,1,1939,bus_1317,1939,1,-0.16753203017844573,1.0803731424613823,1.1,0.9,816.0,-2090.0,1
4,33.0,554,1,554,bus_1650,bus,1,-0.1789070050248438,1.0770808307337452,1.1,0.9,911.0,-2041.0,1
4,33.0,554,1,554,bus_1650,554,1,-0.1789070050248438,1.0770808307337452,1.1,0.9,911.0,-2041.0,1
13,132.0,623,1,623,bus_4202,bus,4,0.9121406932842294,1.0039651925975015,1.1,0.9,-1611.0,-2026.0,1
13,132.0,623,1,623,bus_4202,623,4,0.9121406932842294,1.0039651925975015,1.1,0.9,-1611.0,-2026.0,1
8,22.0,249,1,249,bus_3197,bus,3,-0.2789498813694623,1.0601571523998785,1.1,0.9,-605.0,5940.0,1
8,22.0,249,1,249,bus_3197,249,3,-0.2789498813694623,1.0601571523998785,1.1,0.9,-605.0,5940.0,1
6,66.0,485,1,485,bus_2226,bus,2,-0.44490931959814745,0.9958065803943889,1.1,0.9,279.0,-4035.0,1
6,66.0,485,1,485,bus_2226,485,2,-0.44490931959814745,0.9958065803943889,1.1,0.9,279.0,-4035.0,1
11,275.0,636,1,636,bus_3568,bus,3,0.0032642236330225204,1.0859697702374804,1.1,0.9,165.0,3514.0,1
11,275.0,636,1,636,bus_3568,636,3,0.0032642236330225204,1.0859697702374804,1.1,0.9,165.0,3514.0,1
11,110.0,1239,1,1239,starbus_xf_3134_3135_3136_1,bus,3,-0.3964711138308709,1.0469824328225819,1.1,0.9,-549.0,2437.0,1
11,110.0,1239,1,1239,starbus_xf_3134_3135_3136_1,1239,3,-0.3964711138308709,1.0469824328225819,1.1,0.9,-549.0,2437.0,1
6,66.0,1736,2,1736,bus_2238,bus,2,-0.4509378419414634,1.0063466087819426,1.1,0.9,314.0,-4087.0,1
6,66.0,1736,2,1736,bus_2238,1736,2,-0.4509378419414634,1.0063466087819426,1.1,0.9,314.0,-4087.0,1
14,33.0,1659,1,1659,bus_4389,bus,4,0.4602252767415493,0.8999999902427821,1.1,0.9,-1243.0,-1976.0,1
14,33.0,1659,1,1659,bus_4389,1659,4,0.4602252767415493,0.8999999902427821,1.1,0.9,-1243.0,-1976.0,1
1,66.0,1290,1,1290,bus_1578,bus,1,-0.09305596151338631,1.0447533252037193,1.1,0.9,2502.0,2560.0,1
1,66.0,1290,1,1290,bus_1578,1290,1,-0.09305596151338631,1.0447533252037193,1.1,0.9,2502.0,2560.0,1
9,66.0,1613,1,1613,bus_3188,bus,3,-0.2323915608446887,1.0197796354141044,1.1,0.9,-932.0,4432.0,1
9,66.0,1613,1,1613,bus_3188,1613,3,-0.2323915608446887,1.0197796354141044,1.1,0.9,-932.0,4432.0,1
15,6.6,346,1,346,bus_5174,bus,5,-0.13756866159180983,0.9971532951341309,1.1,0.9,1961.0,-6383.0,1
15,6.6,346,1,346,bus_5174,346,5,-0.13756866159180983,0.9971532951341309,1.1,0.9,1961.0,-6383.0,1
15,110.0,1149,1,1149,bus_5104,bus,5,-0.11957916178998815,1.0239558177965575,1.1,0.9,1545.0,-6429.0,1
15,110.0,1149,1,1149,bus_5104,1149,5,-0.11957916178998815,1.0239558177965575,1.1,0.9,1545.0,-6429.0,1
11,33.0,542,1,542,bus_3100,bus,3,-0.13508609008617067,1.0405129969654145,1.1,0.9,-500.0,2976.0,1
11,33.0,542,1,542,bus_3100,542,3,-0.13508609008617067,1.0405129969654145,1.1,0.9,-500.0,2976.0,1
14,66.0,638,1,638,bus_4262,bus,4,1.042507158541615,1.0121585924635226,1.1,0.9,-2125.0,-3304.0,1
14,66.0,638,1,638,bus_4262,638,4,1.042507158541615,1.0121585924635226,1.1,0.9,-2125.0,-3304.0,1
9,275.0,389,1,389,bus_3612,bus,3,0.0554785342628852,1.0798299394286923,1.1,0.9,921.0,3575.0,1
9,275.0,389,1,389,bus_3612,389,3,0.0554785342628852,1.0798299394286923,1.1,0.9,921.0,3575.0,1
2,11.5,966,1,966,bus_1089,bus,1,0.026757069226576207,1.1000000099604912,1.1,0.9,1860.0,1245.0,1
2,11.5,966,1,966,bus_1089,966,1,0.026757069226576207,1.1000000099604912,1.1,0.9,1860.0,1245.0,1
11,110.0,1220,1,1220,bus_3402,bus,3,-0.3435862910168961,1.0447068358570684,1.1,0.9,435.0,3166.0,1
11,110.0,1220,1,1220,bus_3402,1220,3,-0.3435862910168961,1.0447068358570684,1.1,0.9,435.0,3166.0,1
10,275.0,1223,1,1223,bus_3617,bus,3,-0.0819526202286598,1.0757284129183189,1.1,0.9,1622.0,4261.0,1
10,275.0,1223,1,1223,bus_3617,1223,3,-0.0819526202286598,1.0757284129183189,1.1,0.9,1622.0,4261.0,1
11,11.0,1923,1,1923,bus_3309,bus,3,-0.4826870439599938,0.9677875553497554,1.1,0.9,-1186.0,2079.0,1
11,11.0,1923,1,1923,bus_3309,1923,3,-0.4826870439599938,0.9677875553497554,1.1,0.9,-1186.0,2079.0,1
6,66.0,219,1,219,bus_2250,bus,2,-0.40804764325712917,1.0586479797021409,1.1,0.9,460.0,-3926.0,1
6,66.0,219,1,219,bus_2250,219,2,-0.40804764325712917,1.0586479797021409,1.1,0.9,460.0,-3926.0,1
15,11.0,559,2,559,bus_5229,bus,5,-0.03748277098775309,1.03150864393549,1.1,0.9,1918.0,-5569.0,1
15,11.0,559,2,559,bus_5229,559,5,-0.03748277098775309,1.03150864393549,1.1,0.9,1918.0,-5569.0,1
5,22.0,1288,1,1288,bus_2332,bus,2,-0.16685671669131266,1.0407330255308427,1.1,0.9,765.0,-2329.0,1
5,22.0,1288,1,1288,bus_2332,1288,2,-0.16685671669131266,1.0407330255308427,1.1,0.9,765.0,-2329.0,1
4,66.0,1132,1,1132,bus_1504,bus,1,-0.14218124580448263,1.0866306276779791,1.1,0.9,593.0,-1175.0,1
4,66.0,1132,1,1132,bus_1504,1132,1,-0.14218124580448263,1.0866306276779791,1.1,0.9,593.0,-1175.0,1
1,66.0,1985,1,1985,bus_1616,bus,1,-0.045027917563793214,1.0125812335645505,1.1,0.9,2815.0,2889.0,1
1,66.0,1985,1,1985,bus_1616,1985,1,-0.045027917563793214,1.0125812335645505,1.1,0.9,2815.0,2889.0,1
9,132.0,1592,1,1592,bus_3116,bus,3,-0.28384316587008807,1.056144755328905,1.1,0.9,-754.0,4050.0,1
9,132.0,1592,1,1592,bus_3116,1592,3,-0.28384316587008807,1.056144755328905,1.1,0.9,-754.0,4050.0,1
13,33.0,203,1,203,bus_4386,bus,4,0.8094492926402644,0.9599837390683936,1.1,0.9,-1471.0,-1726.0,1
13,33.0,203,1,203,bus_4386,203,4,0.8094492926402644,0.9599837390683936,1.1,0.9,-1471.0,-1726.0,1
2,330.0,1212,1,1212,bus_1153,bus,1,-0.15552901470399155,1.0227194903791172,1.1,0.9,997.0,1100.0,1
2,330.0,1212,1,1212,bus_1153,1212,1,-0.15552901470399155,1.0227194903791172,1.1,0.9,997.0,1100.0,1
8,66.0,1313,1,1313,bus_3375,bus,3,-0.3610718384743721,1.0415445781298065,1.1,0.9,-357.0,7043.0,1
8,66.0,1313,1,1313,bus_3375,1313,3,-0.3610718384743721,1.0415445781298065,1.1,0.9,-357.0,7043.0,1
14,11.0,1997,1,1997,bus_4442,bus,4,0.9507698401758328,0.9983484953796996,1.1,0.9,-2244.0,-3630.0,1
14,11.0,1997,1,1997,bus_4442,1997,4,0.9507698401758328,0.9983484953796996,1.1,0.9,-2244.0,-3630.0,1
15,22.0,1876,1,1876,bus_5195,bus,5,-0.050408586308575386,1.051478778371928,1.1,0.9,2125.0,-6234.0,1
15,22.0,1876,1,1876,bus_5195,1876,5,-0.050408586308575386,1.051478778371928,1.1,0.9,2125.0,-6234.0,1
15,110.0,157,1,157,bus_5083,bus,5,-0.06152382044508938,1.0353519529132829,1.1,0.9,2081.0,-6304.0,1
15,110.0,157,1,157,bus_5083,157,5,-0.06152382044508938,1.0353519529132829,1.1,0.9,2081.0,-6304.0,1
11,110.0,799,1,799,bus_3404,bus,3,-0.32756088750390355,1.05236308766553,1.1,0.9,-777.0,2249.0,1
11,110.0,799,1,799,bus_3404,799,3,-0.32756088750390355,1.05236308766553,1.1,0.9,-777.0,2249.0,1
9,132.0,1110,1,1110,bus_3009,bus,3,-0.25239025567277246,1.0540161157663555,1.1,0.9,-813.0,4068.0,1
9,132.0,1110,1,1110,bus_3009,1110,3,-0.25239025567277246,1.0540161157663555,1.1,0.9,-813.0,4068.0,1
15,13.2,1942,2,1942,bus_5018,bus,5,-0.15972733727403046,1.058600302321909,1.1,0.9,1660.0,-5378.0,1
15,13.2,1942,2,1942,bus_5018,1942,5,-0.15972733727403046,1.058600302321909,1.1,0.9,1660.0,-5378.0,1
15,22.0,1969,1,1969,bus_5182,bus,5,-0.11045125678335292,1.0586441064236127,1.1,0.9,1369.0,-5783.0,1
15,22.0,1969,1,1969,bus_5182,1969,5,-0.11045125678335292,1.0586441064236127,1.1,0.9,1369.0,-5783.0,1
8,132.0,1049,1,1049,bus_3262,bus,3,-0.31316762083414745,1.0203616121529038,1.1,0.9,-734.0,5910.0,1
8,132.0,1049,1,1049,bus_3262,1049,3,-0.31316762083414745,1.0203616121529038,1.1,0.9,-734.0,5910.0,1
6,66.0,1460,1,1460,bus_2282,bus,2,-0.3818450980276543,1.006363912022418,1.1,0.9,101.0,-4289.0,1
6,66.0,1460,1,1460,bus_2282,1460,2,-0.3818450980276543,1.006363912022418,1.1,0.9,101.0,-4289.0,1
4,330.0,793,1,793,bus_1148,bus,1,0.05735560826465595,1.0363754704524413,1.1,0.9,1369.0,-1490.0,1
4,330.0,793,1,793,bus_1148,793,1,0.05735560826465595,1.0363754704524413,1.1,0.9,1369.0,-1490.0,1
2,33.0,57,1,57,bus_1602,bus,1,0.026757069226575957,1.1198126053507267,1.2,0.8,1770.0,1218.0,1
2,33.0,57,1,57,bus_1602,57,1,0.026757069226575957,1.1198126053507267,1.2,0.8,1770.0,1218.0,1
9,275.0,165,1,165,bus_3569,bus,3,-0.11320358848478372,1.0848001547752268,1.1,0.9,-204.0,5136.0,1
9,275.0,165,1,165,bus_3569,165,3,-0.11320358848478372,1.0848001547752268,1.1,0.9,-204.0,5136.0,1
1,110.0,876,1,876,bus_1218,bus,1,-0.32213799854352465,1.0494523263951645,1.1,0.9,-1185.0,2158.0,1
1,110.0,876,1,876,bus_1218,876,1,-0.32213799854352465,1.0494523263951645,1.1,0.9,-1185.0,2158.0,1
2,33.0,1075,1,1075,bus_1525,bus,1,-0.20438924989869706,0.981739470116375,1.1,0.9,713.0,160.0,1
2,33.0,1075,1,1075,bus_1525,1075,1,-0.20438924989869706,0.981739470116375,1.1,0.9,713.0,160.0,1
15,110.0,1162,1,1162,bus_5131,bus,5,-0.12549708212271232,1.0283890427151448,1.1,0.9,2051.0,-6104.0,1
15,110.0,1162,1,1162,bus_5131,1162,5,-0.12549708212271232,1.0283890427151448,1.1,0.9,2051.0,-6104.0,1
4,500.0,2012,1,2012,bus_fxf_SNSW WNV Option 1 VNI West,bus,1,0.0,1.0,1.1,0.9,NaN,NaN,1
4,500.0,2012,1,2012,bus_fxf_SNSW WNV Option 1 VNI West,2012,1,0.0,1.0,1.1,0.9,NaN,NaN,1
2,11.0,1267,1,1267,bus_1540,bus,1,-0.234466769811002,1.0487725143760835,1.1,0.9,76.0,-134.0,1
2,11.0,1267,1,1267,bus_1540,1267,1,-0.234466769811002,1.0487725143760835,1.1,0.9,76.0,-134.0,1
10,11.0,973,1,973,bus_3154,bus,3,0.14654350561234852,1.073493882640691,1.1,0.9,1131.0,4150.0,1
10,11.0,973,1,973,bus_3154,973,3,0.14654350561234852,1.073493882640691,1.1,0.9,1131.0,4150.0,1
15,11.0,885,1,885,bus_5181,bus,5,-0.06884690439402665,1.0117075157112703,1.1,0.9,1243.0,-5908.0,1
15,11.0,885,1,885,bus_5181,885,5,-0.06884690439402665,1.0117075157112703,1.1,0.9,1243.0,-5908.0,1
13,132.0,1271,1,1271,bus_4180,bus,4,0.7356633379096249,0.9634043234084966,1.1,0.9,-2124.0,-1196.0,1
13,132.0,1271,1,1271,bus_4180,1271,4,0.7356633379096249,0.9634043234084966,1.1,0.9,-2124.0,-1196.0,1
14,0.6899999999999998,1593,1,1593,bus_4078,bus,4,0.3595716252156517,1.100000010169744,1.1,0.9,-932.0,-2934.0,1
14,0.6899999999999998,1593,1,1593,bus_4078,1593,4,0.3595716252156517,1.100000010169744,1.1,0.9,-932.0,-2934.0,1
12,33.0,200,1,200,bus_4374,bus,4,0.9533355699988687,1.0566167197895686,1.1,0.9,-2669.0,-784.0,1
12,33.0,200,1,200,bus_4374,200,4,0.9533355699988687,1.0566167197895686,1.1,0.9,-2669.0,-784.0,1
7,11.0,1158,1,1158,bus_2344,bus,2,-0.3713887939384272,1.029168182342433,1.1,0.9,1404.0,-4399.0,1
7,11.0,1158,1,1158,bus_2344,1158,2,-0.3713887939384272,1.029168182342433,1.1,0.9,1404.0,-4399.0,1
13,11.0,641,1,641,bus_4480,bus,4,0.9611393788739885,1.0409933885350295,1.1,0.9,-1918.0,-1872.0,1
13,11.0,641,1,641,bus_4480,641,4,0.9611393788739885,1.0409933885350295,1.1,0.9,-1918.0,-1872.0,1
1,22.0,428,2,428,bus_1582,bus,1,0.22419735566737162,1.0571770172964832,1.1,0.9,2380.0,1969.0,1
1,22.0,428,2,428,bus_1582,428,1,0.22419735566737162,1.0571770172964832,1.1,0.9,2380.0,1969.0,1
15,11.5,1085,2,1085,bus_5016,bus,5,-0.3182167004102768,1.0114659771659704,1.1,0.9,1381.0,-5395.0,1
15,11.5,1085,2,1085,bus_5016,1085,5,-0.3182167004102768,1.0114659771659704,1.1,0.9,1381.0,-5395.0,1
8,22.0,1830,1,1830,bus_3191,bus,3,-0.425908903665939,1.0319539244722866,1.1,0.9,-868.0,7212.0,1
8,22.0,1830,1,1830,bus_3191,1830,3,-0.425908903665939,1.0319539244722866,1.1,0.9,-868.0,7212.0,1
1,500.0,2005,1,2005,bus_fxf_500 kV backbone,bus,3,0.0,1.0,1.1,0.9,NaN,NaN,1
1,500.0,2005,1,2005,bus_fxf_500 kV backbone,2005,3,0.0,1.0,1.1,0.9,NaN,NaN,1
7,66.0,1425,1,1425,bus_2231,bus,2,-0.5520532721973748,1.0237012433519428,1.1,0.9,941.0,-4072.0,1
7,66.0,1425,1,1425,bus_2231,1425,2,-0.5520532721973748,1.0237012433519428,1.1,0.9,941.0,-4072.0,1
11,33.0,772,1,772,bus_3353,bus,3,-0.36795778854939876,1.034603501041466,1.1,0.9,114.0,2501.0,1
11,33.0,772,1,772,bus_3353,772,3,-0.36795778854939876,1.034603501041466,1.1,0.9,114.0,2501.0,1
8,22.0,1074,1,1074,bus_3331,bus,3,-0.585374808847904,1.0089151429001928,1.1,0.9,-1191.0,7364.0,1
8,22.0,1074,1,1074,bus_3331,1074,3,-0.585374808847904,1.0089151429001928,1.1,0.9,-1191.0,7364.0,1
9,15.0,273,1,273,bus_3264,bus,3,0.17326495126379937,1.089410984352306,1.1,0.9,-946.0,4647.0,1
9,15.0,273,1,273,bus_3264,273,3,0.17326495126379937,1.089410984352306,1.1,0.9,-946.0,4647.0,1
5,220.0,734,1,734,bus_2162,bus,2,-0.015237040798240082,1.0797691229576831,1.1,0.9,0.0,-1900.0,1
5,220.0,734,1,734,bus_2162,734,2,-0.015237040798240082,1.0797691229576831,1.1,0.9,0.0,-1900.0,1
8,132.0,1356,1,1356,bus_3023,bus,3,-0.31702767651609315,1.018928938650691,1.1,0.9,-814.0,5960.0,1
8,132.0,1356,1,1356,bus_3023,1356,3,-0.31702767651609315,1.018928938650691,1.1,0.9,-814.0,5960.0,1
11,33.0,1612,1,1612,bus_3520,bus,3,-0.33721841546522563,1.039537435453649,1.1,0.9,-436.0,3314.0,1
11,33.0,1612,1,1612,bus_3520,1612,3,-0.33721841546522563,1.039537435453649,1.1,0.9,-436.0,3314.0,1
11,11.0,1361,1,1361,bus_3236,bus,3,-0.11285185242646525,1.0340249341875443,1.1,0.9,-417.0,2805.0,1
11,11.0,1361,1,1361,bus_3236,1361,3,-0.11285185242646525,1.0340249341875443,1.1,0.9,-417.0,2805.0,1
7,22.0,717,1,717,bus_2309,bus,2,-0.4085077672818551,1.0479816971478035,1.1,0.9,1443.0,-4803.0,1
7,22.0,717,1,717,bus_2309,717,2,-0.4085077672818551,1.0479816971478035,1.1,0.9,1443.0,-4803.0,1
6,66.0,1810,1,1810,bus_2292,bus,2,-0.41373805159533317,1.025184470378807,1.1,0.9,682.0,-4013.0,1
6,66.0,1810,1,1810,bus_2292,1810,2,-0.41373805159533317,1.025184470378807,1.1,0.9,682.0,-4013.0,1
4,15.4,822,2,822,bus_1038,bus,1,0.2052554034274704,0.9605721389753269,1.1,0.9,1364.0,-1619.0,1
4,15.4,822,2,822,bus_1038,822,1,0.2052554034274704,0.9605721389753269,1.1,0.9,1364.0,-1619.0,1
15,11.0,1552,2,1552,bus_5035,bus,5,-0.10961272605077968,0.9610619853262518,1.1,0.9,1550.0,-5680.0,1
15,11.0,1552,2,1552,bus_5035,1552,5,-0.10961272605077968,0.9610619853262518,1.1,0.9,1550.0,-5680.0,1
9,132.0,1135,1,1135,bus_3475,bus,3,-0.21264502940860877,1.0622837476921587,1.1,0.9,-677.0,4045.0,1
9,132.0,1135,1,1135,bus_3475,1135,3,-0.21264502940860877,1.0622837476921587,1.1,0.9,-677.0,4045.0,1
11,110.0,1011,1,1011,bus_3302,bus,3,-0.3425023707203655,1.0455652274023228,1.1,0.9,566.0,3102.0,1
11,110.0,1011,1,1011,bus_3302,1011,3,-0.3425023707203655,1.0455652274023228,1.1,0.9,566.0,3102.0,1
1,33.0,583,1,583,bus_1563,bus,1,-0.24585887451804656,1.0674881892761046,1.1,0.9,1432.0,1715.0,1
1,33.0,583,1,583,bus_1563,583,1,-0.24585887451804656,1.0674881892761046,1.1,0.9,1432.0,1715.0,1
1,0.6899999999999998,61,1,61,bus_1016,bus,1,-0.057271608536754545,1.0293062558669726,1.1,0.9,2806.0,2270.0,1
1,0.6899999999999998,61,1,61,bus_1016,61,1,-0.057271608536754545,1.0293062558669726,1.1,0.9,2806.0,2270.0,1
12,0.6899999999999998,247,1,247,bus_4049,bus,4,1.0854410871570286,1.0973457462448664,1.1,0.9,-2992.0,-1827.0,1
12,0.6899999999999998,247,1,247,bus_4049,247,4,1.0854410871570286,1.0973457462448664,1.1,0.9,-2992.0,-1827.0,1
11,110.0,835,1,835,bus_3192,bus,3,-0.26036470299051556,1.0483683239127992,1.1,0.9,-476.0,3255.0,1
11,110.0,835,1,835,bus_3192,835,3,-0.26036470299051556,1.0483683239127992,1.1,0.9,-476.0,3255.0,1
2,132.0,385,1,385,bus_1375,bus,1,-0.2152160542018116,1.0515051876554455,1.1,0.9,112.0,-493.0,1
2,132.0,385,1,385,bus_1375,385,1,-0.2152160542018116,1.0515051876554455,1.1,0.9,112.0,-493.0,1
13,275.0,457,1,457,bus_4145,bus,4,0.9640131787637686,1.0469676983228182,1.1,0.9,-1727.0,-2102.0,1
13,275.0,457,1,457,bus_4145,457,4,0.9640131787637686,1.0469676983228182,1.1,0.9,-1727.0,-2102.0,1
9,132.0,1681,1,1681,bus_3278,bus,3,-0.05031800438703237,1.0709646480259616,1.1,0.9,985.0,4116.0,1
9,132.0,1681,1,1681,bus_3278,1681,3,-0.05031800438703237,1.0709646480259616,1.1,0.9,985.0,4116.0,1
5,66.0,611,1,611,bus_2270,bus,2,-0.15565016052684022,0.9309506041134977,1.1,0.9,-457.0,-3444.0,1
5,66.0,611,1,611,bus_2270,611,2,-0.15565016052684022,0.9309506041134977,1.1,0.9,-457.0,-3444.0,1
2,500.0,1179,1,1179,bus_1092,bus,1,-0.14202851303419461,1.0447066630930333,1.1,0.9,703.0,257.0,1
2,500.0,1179,1,1179,bus_1092,1179,1,-0.14202851303419461,1.0447066630930333,1.1,0.9,703.0,257.0,1
11,110.0,1949,1,1949,starbus_xf_3333_3336_3335_1,bus,3,-0.38596667888075686,1.0440549498554348,1.1,0.9,562.0,3029.0,1
11,110.0,1949,1,1949,starbus_xf_3333_3336_3335_1,1949,3,-0.38596667888075686,1.0440549498554348,1.1,0.9,562.0,3029.0,1
4,66.0,1836,1,1836,bus_1503,bus,1,-0.02612403056608268,1.0748945425897374,1.1,0.9,2342.0,-1574.0,1
4,66.0,1836,1,1836,bus_1503,1836,1,-0.02612403056608268,1.0748945425897374,1.1,0.9,2342.0,-1574.0,1
8,19.1,1914,1,1914,bus_3487,bus,3,-0.33344131872361227,0.9959589682928488,1.1,0.9,-743.0,6489.0,1
8,19.1,1914,1,1914,bus_3487,1914,3,-0.33344131872361227,0.9959589682928488,1.1,0.9,-743.0,6489.0,1
12,1.0,1786,2,1786,bus_4007,bus,4,0.9316105311463418,1.079611049540272,1.1,0.9,-2601.0,-564.0,1
12,1.0,1786,2,1786,bus_4007,1786,4,0.9316105311463418,1.079611049540272,1.1,0.9,-2601.0,-564.0,1
7,220.0,1862,1,1862,bus_2117,bus,2,-0.4983763229204765,1.016262300277308,1.1,0.9,889.0,-4202.0,1
7,220.0,1862,1,1862,bus_2117,1862,2,-0.4983763229204765,1.016262300277308,1.1,0.9,889.0,-4202.0,1
13,66.0,992,1,992,bus_4228,bus,4,0.7238271980298471,0.9753058538824124,1.1,0.9,-2150.0,-1130.0,1
13,66.0,992,1,992,bus_4228,992,4,0.7238271980298471,0.9753058538824124,1.1,0.9,-2150.0,-1130.0,1
13,11.5,56,1,56,bus_4033,bus,4,0.9836521050640421,0.9726996149486971,1.1,0.9,-2699.0,-2747.0,1
13,11.5,56,1,56,bus_4033,56,4,0.9836521050640421,0.9726996149486971,1.1,0.9,-2699.0,-2747.0,1
8,13.8,528,1,528,bus_3460,bus,3,-0.35091232937045413,1.030017425319613,1.1,0.9,-510.0,6813.0,1
8,13.8,528,1,528,bus_3460,528,3,-0.35091232937045413,1.030017425319613,1.1,0.9,-510.0,6813.0,1
6,500.0,2015,1,2015,bus_fxf_MEL SEV Option 1 Western Renewables Link,bus,2,0.0,1.0,1.1,0.9,NaN,NaN,1
6,500.0,2015,1,2015,bus_fxf_MEL SEV Option 1 Western Renewables Link,2015,2,0.0,1.0,1.1,0.9,NaN,NaN,1
13,11.0,438,1,438,bus_4459,bus,4,0.8651361878924446,1.0019427211414766,1.1,0.9,-1894.0,-2326.0,1
13,11.0,438,1,438,bus_4459,438,4,0.8651361878924446,1.0019427211414766,1.1,0.9,-1894.0,-2326.0,1
8,11.0,1704,1,1704,bus_3454,bus,3,-0.46824935930292283,0.9300687198949823,1.1,0.9,-1418.0,6944.0,1
8,11.0,1704,1,1704,bus_3454,1704,3,-0.46824935930292283,0.9300687198949823,1.1,0.9,-1418.0,6944.0,1
12,1.0,723,1,723,bus_4008,bus,4,0.9320231696797959,1.0744380359669108,1.1,0.9,-2595.0,-596.0,1
12,1.0,723,1,723,bus_4008,723,4,0.9320231696797959,1.0744380359669108,1.1,0.9,-2595.0,-596.0,1
11,110.0,1731,1,1731,bus_3129,bus,3,-0.2141572728076059,1.01925279445709,1.1,0.9,-707.0,3092.0,1
11,110.0,1731,1,1731,bus_3129,1731,3,-0.2141572728076059,1.01925279445709,1.1,0.9,-707.0,3092.0,1
2,33.0,1285,1,1285,bus_1162,bus,1,-0.09321728558857546,1.055023079420299,1.1,0.9,839.0,-193.0,1
2,33.0,1285,1,1285,bus_1162,1285,1,-0.09321728558857546,1.055023079420299,1.1,0.9,839.0,-193.0,1
12,132.0,264,1,264,bus_4182,bus,4,0.9902365540141812,1.0577115781739546,1.1,0.9,-3298.0,-1459.0,1
12,132.0,264,1,264,bus_4182,264,4,0.9902365540141812,1.0577115781739546,1.1,0.9,-3298.0,-1459.0,1
6,220.0,1797,1,1797,bus_2147,bus,2,-0.41464654161569,1.0304514729526635,1.1,0.9,693.0,-3568.0,1
6,220.0,1797,1,1797,bus_2147,1797,2,-0.41464654161569,1.0304514729526635,1.1,0.9,693.0,-3568.0,1
2,132.0,1081,1,1081,bus_1259,bus,1,-0.32064964035036975,1.0362076293436453,1.1,0.9,-164.0,-511.0,1
2,132.0,1081,1,1081,bus_1259,1081,1,-0.32064964035036975,1.0362076293436453,1.1,0.9,-164.0,-511.0,1
9,132.0,1842,1,1842,bus_3530,bus,3,0.016402100071869218,1.0737176770047565,1.1,0.9,-731.0,4614.0,1
9,132.0,1842,1,1842,bus_3530,1842,3,0.016402100071869218,1.0737176770047565,1.1,0.9,-731.0,4614.0,1
11,33.0,1807,1,1807,bus_3326,bus,3,-0.3776695595988733,1.0244205793999026,1.1,0.9,-831.0,2135.0,1
11,33.0,1807,1,1807,bus_3326,1807,3,-0.3776695595988733,1.0244205793999026,1.1,0.9,-831.0,2135.0,1
14,66.0,1178,1,1178,bus_4272,bus,4,1.0003842266771867,1.0185065085189273,1.1,0.9,-2315.0,-3045.0,1
14,66.0,1178,1,1178,bus_4272,1178,4,1.0003842266771867,1.0185065085189273,1.1,0.9,-2315.0,-3045.0,1
15,220.0,1735,1,1735,bus_5140,bus,5,-0.03883545209740679,1.1000000041805902,1.1,0.9,1776.0,-5663.0,1
15,220.0,1735,1,1735,bus_5140,1735,5,-0.03883545209740679,1.1000000041805902,1.1,0.9,1776.0,-5663.0,1
4,132.0,106,1,106,bus_1204,bus,1,-0.057252352624369604,1.0614524017422307,1.1,0.9,2049.0,-1463.0,1
4,132.0,106,1,106,bus_1204,106,1,-0.057252352624369604,1.0614524017422307,1.1,0.9,2049.0,-1463.0,1
3,132.0,1841,1,1841,bus_1405,bus,1,-0.2781446214406633,1.034259722078723,1.1,0.9,1172.0,304.0,1
3,132.0,1841,1,1841,bus_1405,1841,1,-0.2781446214406633,1.034259722078723,1.1,0.9,1172.0,304.0,1
15,33.0,435,1,435,bus_5178,bus,5,-0.15237285179760277,1.0268377244945754,1.1,0.9,1868.0,-6138.0,1
15,33.0,435,1,435,bus_5178,435,5,-0.15237285179760277,1.0268377244945754,1.1,0.9,1868.0,-6138.0,1
12,33.0,489,1,489,bus_4356,bus,4,1.020808491894561,0.9372266497476018,1.1,0.9,-3940.0,-1763.0,1
12,33.0,489,1,489,bus_4356,489,4,1.020808491894561,0.9372266497476018,1.1,0.9,-3940.0,-1763.0,1
15,110.0,1246,1,1246,bus_5058,bus,5,-0.17230313721033413,1.0597192312690347,1.1,0.9,2384.0,-5507.0,1
15,110.0,1246,1,1246,bus_5058,1246,5,-0.17230313721033413,1.0597192312690347,1.1,0.9,2384.0,-5507.0,1
13,33.0,1607,1,1607,bus_4381,bus,4,0.9556169421573356,1.0086695675390995,1.1,0.9,-1913.0,-2399.0,1
13,33.0,1607,1,1607,bus_4381,1607,4,0.9556169421573356,1.0086695675390995,1.1,0.9,-1913.0,-2399.0,1
5,15.0,846,2,846,bus_2028,bus,2,0.14604431951260127,1.0376065676892408,1.1,0.9,749.0,-1979.0,1
5,15.0,846,2,846,bus_2028,846,2,0.14604431951260127,1.0376065676892408,1.1,0.9,749.0,-1979.0,1
2,33.0,576,1,576,bus_1533,bus,1,0.05643072422091679,1.0562799632546254,1.1,0.9,885.0,495.0,1
2,33.0,576,1,576,bus_1533,576,1,0.05643072422091679,1.0562799632546254,1.1,0.9,885.0,495.0,1
4,132.0,584,1,584,bus_1365,bus,1,-0.05737207266147681,1.0923210251514859,1.1,0.9,816.0,-1464.0,1
4,132.0,584,1,584,bus_1365,584,1,-0.05737207266147681,1.0923210251514859,1.1,0.9,816.0,-1464.0,1
8,132.0,287,1,287,bus_3169,bus,3,-0.3089190264893006,1.0401731318226684,1.1,0.9,-704.0,5918.0,1
8,132.0,287,1,287,bus_3169,287,3,-0.3089190264893006,1.0401731318226684,1.1,0.9,-704.0,5918.0,1
8,22.0,213,1,213,bus_3091,bus,3,-0.5676879700415046,1.0766637559352852,1.1,0.9,-1178.0,7426.0,1
8,22.0,213,1,213,bus_3091,213,3,-0.5676879700415046,1.0766637559352852,1.1,0.9,-1178.0,7426.0,1
4,11.0,474,1,474,bus_2088,bus,2,0.20590625455798292,1.0927285934904027,1.1,0.9,1180.0,-1793.0,1
4,11.0,474,1,474,bus_2088,474,2,0.20590625455798292,1.0927285934904027,1.1,0.9,1180.0,-1793.0,1
5,17.0,1734,1,1734,bus_2019,bus,2,0.029714745751537798,0.9924945752841418,1.1,0.9,776.0,-1869.0,1
5,17.0,1734,1,1734,bus_2019,1734,2,0.029714745751537798,0.9924945752841418,1.1,0.9,776.0,-1869.0,1
12,33.0,1959,1,1959,bus_4367,bus,4,1.188299098572034,1.0092107695188473,1.1,0.9,-2963.0,-1268.0,1
12,33.0,1959,1,1959,bus_4367,1959,4,1.188299098572034,1.0092107695188473,1.1,0.9,-2963.0,-1268.0,1
6,11.5,1311,1,1311,bus_2062,bus,2,0.14666278338741856,1.0015815703700557,1.1,0.9,1088.0,-3080.0,1
6,11.5,1311,1,1311,bus_2062,1311,2,0.14666278338741856,1.0015815703700557,1.1,0.9,1088.0,-3080.0,1
4,330.0,356,1,356,bus_1102,bus,1,-0.022273878885440274,1.0441417322900985,1.1,0.9,1404.0,-1052.0,1
4,330.0,356,1,356,bus_1102,356,1,-0.022273878885440274,1.0441417322900985,1.1,0.9,1404.0,-1052.0,1
12,33.0,265,1,265,bus_4227,bus,4,0.9755445845092496,1.0462913224357206,1.1,0.9,-2622.0,-1418.0,1
12,33.0,265,1,265,bus_4227,265,4,0.9755445845092496,1.0462913224357206,1.1,0.9,-2622.0,-1418.0,1
8,132.0,215,1,215,bus_3180,bus,3,-0.5136136818039341,1.0097701103487726,1.1,0.9,-1056.0,7407.0,1
8,132.0,215,1,215,bus_3180,215,3,-0.5136136818039341,1.0097701103487726,1.1,0.9,-1056.0,7407.0,1
9,275.0,1023,1,1023,bus_3565,bus,3,-0.1509813782723702,1.0858195049692354,1.1,0.9,-60.0,5289.0,1
9,275.0,1023,1,1023,bus_3565,1023,3,-0.1509813782723702,1.0858195049692354,1.1,0.9,-60.0,5289.0,1
2,11.0,443,1,443,bus_1087,bus,1,-0.4008996961241409,1.0544496338695404,1.1,0.9,-707.0,529.0,1
2,11.0,443,1,443,bus_1087,443,1,-0.4008996961241409,1.0544496338695404,1.1,0.9,-707.0,529.0,1
9,275.0,1696,1,1696,bus_3613,bus,3,0.05544772026062009,1.0797792921548544,1.1,0.9,919.0,3556.0,1
9,275.0,1696,1,1696,bus_3613,1696,3,0.05544772026062009,1.0797792921548544,1.1,0.9,919.0,3556.0,1
7,220.0,424,1,424,bus_2167,bus,2,-0.4983336803386995,1.0158487371111407,1.1,0.9,877.0,-4079.0,1
7,220.0,424,1,424,bus_2167,424,2,-0.4983336803386995,1.0158487371111407,1.1,0.9,877.0,-4079.0,1
15,110.0,154,1,154,bus_5100,bus,5,-0.1275540856397039,1.027823872392618,1.1,0.9,2051.0,-6125.0,1
15,110.0,154,1,154,bus_5100,154,5,-0.1275540856397039,1.027823872392618,1.1,0.9,2051.0,-6125.0,1
15,110.0,1151,1,1151,bus_5102,bus,5,-0.1162282949593965,1.027277917610787,1.1,0.9,1590.0,-6368.0,1
15,110.0,1151,1,1151,bus_5102,1151,5,-0.1162282949593965,1.027277917610787,1.1,0.9,1590.0,-6368.0,1
13,11.0,682,1,682,bus_4418,bus,4,0.9721382539371469,1.012828813800457,1.1,0.9,-2466.0,-2423.0,1
13,11.0,682,1,682,bus_4418,682,4,0.9721382539371469,1.012828813800457,1.1,0.9,-2466.0,-2423.0,1
2,132.0,49,1,49,starbus_xf_1430_1502_1542_1,bus,1,-0.2915837372065172,1.0427877309712505,1.1,0.9,253.0,911.0,1
2,132.0,49,1,49,starbus_xf_1430_1502_1542_1,49,1,-0.2915837372065172,1.0427877309712505,1.1,0.9,253.0,911.0,1
15,220.0,5,1,5,bus_5143,bus,5,-0.07246587651234816,1.093081832864612,1.1,0.9,1808.0,-5612.0,1
15,220.0,5,1,5,bus_5143,5,5,-0.07246587651234816,1.093081832864612,1.1,0.9,1808.0,-5612.0,1
2,132.0,1345,1,1345,bus_1496,bus,1,-0.22865093636499476,1.0490014635702751,1.1,0.9,531.0,970.0,1
2,132.0,1345,1,1345,bus_1496,1345,1,-0.22865093636499476,1.0490014635702751,1.1,0.9,531.0,970.0,1
8,132.0,990,1,990,bus_3240,bus,3,-0.46634559980870977,1.0144429772009662,1.1,0.9,-945.0,7178.0,1
8,132.0,990,1,990,bus_3240,990,3,-0.46634559980870977,1.0144429772009662,1.1,0.9,-945.0,7178.0,1
1,132.0,196,1,196,bus_1226,bus,1,-0.08981007195538197,1.0515673433718449,1.1,0.9,1876.0,1777.0,1
1,132.0,196,1,196,bus_1226,196,1,-0.08981007195538197,1.0515673433718449,1.1,0.9,1876.0,1777.0,1
13,33.0,1546,1,1546,bus_4385,bus,4,0.8079479307061209,0.9583156487664091,1.1,0.9,-1450.0,-1717.0,1
13,33.0,1546,1,1546,bus_4385,1546,4,0.8079479307061209,0.9583156487664091,1.1,0.9,-1450.0,-1717.0,1
11,110.0,90,1,90,starbus_xf_3333_3336_3335_3,bus,3,-0.39495624164630116,1.0417577179947213,1.1,0.9,554.0,3051.0,1
11,110.0,90,1,90,starbus_xf_3333_3336_3335_3,90,3,-0.39495624164630116,1.0417577179947213,1.1,0.9,554.0,3051.0,1
14,11.0,707,1,707,bus_4469,bus,4,0.9445701353129774,1.0245909628210041,1.1,0.9,-1639.0,-2861.0,1
14,11.0,707,1,707,bus_4469,707,4,0.9445701353129774,1.0245909628210041,1.1,0.9,-1639.0,-2861.0,1
14,66.0,994,1,994,bus_4292,bus,4,1.0104655210420763,1.0128544670191284,1.1,0.9,-2134.0,-3081.0,1
14,66.0,994,1,994,bus_4292,994,4,1.0104655210420763,1.0128544670191284,1.1,0.9,-2134.0,-3081.0,1
13,275.0,404,1,404,bus_4137,bus,4,0.972976792523375,1.0492667084918716,1.1,0.9,-1782.0,-2384.0,1
13,275.0,404,1,404,bus_4137,404,4,0.972976792523375,1.0492667084918716,1.1,0.9,-1782.0,-2384.0,1
1,66.0,742,1,742,bus_1591,bus,1,-0.14376613886863815,1.0573916166032837,1.1,0.9,2140.0,2475.0,1
1,66.0,742,1,742,bus_1591,742,1,-0.14376613886863815,1.0573916166032837,1.1,0.9,2140.0,2475.0,1
10,22.0,1089,1,1089,bus_3541,bus,3,0.003907886411827137,1.0411298459913205,1.1,0.9,1241.0,3944.0,1
10,22.0,1089,1,1089,bus_3541,1089,3,0.003907886411827137,1.0411298459913205,1.1,0.9,1241.0,3944.0,1
11,33.0,201,1,201,bus_3230,bus,3,-0.3524813477434561,1.0225745987551327,1.1,0.9,-139.0,3166.0,1
11,33.0,201,1,201,bus_3230,201,3,-0.3524813477434561,1.0225745987551327,1.1,0.9,-139.0,3166.0,1
5,500.0,311,1,311,bus_2205,bus,2,-0.21698025664238196,1.0052346400048493,1.1,0.9,-357.0,-3142.0,1
5,500.0,311,1,311,bus_2205,311,2,-0.21698025664238196,1.0052346400048493,1.1,0.9,-357.0,-3142.0,1
13,13.8,1402,1,1402,bus_4061,bus,4,1.0353950062205635,0.9951094854325667,1.1,0.9,-2035.0,-2683.0,1
13,13.8,1402,1,1402,bus_4061,1402,4,1.0353950062205635,0.9951094854325667,1.1,0.9,-2035.0,-2683.0,1
15,22.0,1566,1,1566,bus_5197,bus,5,-0.04097472764225782,1.0537106562457295,1.1,0.9,2285.0,-6382.0,1
15,22.0,1566,1,1566,bus_5197,1566,5,-0.04097472764225782,1.0537106562457295,1.1,0.9,2285.0,-6382.0,1
13,132.0,315,1,315,bus_4185,bus,4,0.4705742033503379,0.928954102570519,1.1,0.9,-2132.0,-986.0,1
13,132.0,315,1,315,bus_4185,315,4,0.4705742033503379,0.928954102570519,1.1,0.9,-2132.0,-986.0,1
11,33.0,448,1,448,bus_3343,bus,3,-0.1888305087066351,0.9903161434951117,1.1,0.9,-730.0,3017.0,1
11,33.0,448,1,448,bus_3343,448,3,-0.1888305087066351,0.9903161434951117,1.1,0.9,-730.0,3017.0,1
1,66.0,461,1,461,bus_1584,bus,1,-0.06066647342524731,1.0309708418378603,1.1,0.9,2131.0,2306.0,1
1,66.0,461,1,461,bus_1584,461,1,-0.06066647342524731,1.0309708418378603,1.1,0.9,2131.0,2306.0,1
11,11.0,1350,1,1350,bus_3645,bus,3,-0.36460484882695177,1.0067857325535505,1.1,0.9,-663.0,3254.0,1
11,11.0,1350,1,1350,bus_3645,1350,3,-0.36460484882695177,1.0067857325535505,1.1,0.9,-663.0,3254.0,1
8,22.0,366,1,366,bus_3082,bus,3,-0.46438495216814313,0.9814104557123088,1.1,0.9,-1473.0,6964.0,1
8,22.0,366,1,366,bus_3082,366,3,-0.46438495216814313,0.9814104557123088,1.1,0.9,-1473.0,6964.0,1
6,66.0,757,1,757,bus_2097,bus,2,-0.5223326795180929,1.0570906119596284,1.1,0.9,453.0,-4193.0,1
6,66.0,757,1,757,bus_2097,757,2,-0.5223326795180929,1.0570906119596284,1.1,0.9,453.0,-4193.0,1
15,220.0,1619,1,1619,bus_5162,bus,5,-0.07767410609921838,1.0427654786007299,1.1,0.9,1605.0,-6131.0,1
15,220.0,1619,1,1619,bus_5162,1619,5,-0.07767410609921838,1.0427654786007299,1.1,0.9,1605.0,-6131.0,1
13,11.0,841,1,841,bus_4456,bus,4,0.9305703555481432,0.9984217452299123,1.1,0.9,-2245.0,-2834.0,1
13,11.0,841,1,841,bus_4456,841,4,0.9305703555481432,0.9984217452299123,1.1,0.9,-2245.0,-2834.0,1
9,132.0,1699,1,1699,bus_3050,bus,3,-0.04278898129703181,1.0726667775630871,1.1,0.9,623.0,5110.0,1
9,132.0,1699,1,1699,bus_3050,1699,3,-0.04278898129703181,1.0726667775630871,1.1,0.9,623.0,5110.0,1
4,132.0,657,1,657,bus_2139,bus,2,0.20590625143977495,1.092728662732128,1.1,0.9,1136.0,-1803.0,1
4,132.0,657,1,657,bus_2139,657,2,0.20590625143977495,1.092728662732128,1.1,0.9,1136.0,-1803.0,1
7,33.0,1227,1,1227,bus_2338,bus,2,-0.475427200057728,1.0691795032292442,1.1,0.9,1031.0,-4353.0,1
7,33.0,1227,1,1227,bus_2338,1227,2,-0.475427200057728,1.0691795032292442,1.1,0.9,1031.0,-4353.0,1
12,0.6899999999999998,1800,1,1800,bus_4010,bus,4,1.0832274162120628,1.096627164215424,1.1,0.9,-3048.0,-1968.0,1
12,0.6899999999999998,1800,1,1800,bus_4010,1800,4,1.0832274162120628,1.096627164215424,1.1,0.9,-3048.0,-1968.0,1
14,33.0,71,1,71,bus_4379,bus,4,1.0191018363785331,0.9888942490355244,1.1,0.9,-2084.0,-4020.0,1
14,33.0,71,1,71,bus_4379,71,4,1.0191018363785331,0.9888942490355244,1.1,0.9,-2084.0,-4020.0,1
9,132.0,984,1,984,bus_3298,bus,3,-0.22937457950684417,1.044670294873952,1.1,0.9,434.0,5611.0,1
9,132.0,984,1,984,bus_3298,984,3,-0.22937457950684417,1.044670294873952,1.1,0.9,434.0,5611.0,1
1,132.0,1306,1,1306,bus_1312,bus,1,-0.059216821242692334,1.0576657920515482,1.1,0.9,2044.0,2249.0,1
1,132.0,1306,1,1306,bus_1312,1306,1,-0.059216821242692334,1.0576657920515482,1.1,0.9,2044.0,2249.0,1
9,132.0,1446,1,1446,bus_3151,bus,3,-0.16090887164936346,1.0603389402785157,1.1,0.9,446.0,5307.0,1
9,132.0,1446,1,1446,bus_3151,1446,3,-0.16090887164936346,1.0603389402785157,1.1,0.9,446.0,5307.0,1
5,220.0,988,1,988,starbus_xf_2077_2205_2346_2,bus,2,-0.2502141326496319,0.9953864443885309,1.1,0.9,-399.0,-3284.0,1
5,220.0,988,1,988,starbus_xf_2077_2205_2346_2,988,2,-0.2502141326496319,0.9953864443885309,1.1,0.9,-399.0,-3284.0,1
4,330.0,1339,1,1339,starbus_xf_1148_1079_1080_4,bus,1,0.0779531531072654,1.0307042299748483,1.1,0.9,1379.0,-1490.0,1
4,330.0,1339,1,1339,starbus_xf_1148_1079_1080_4,1339,1,0.0779531531072654,1.0307042299748483,1.1,0.9,1379.0,-1490.0,1
11,11.0,1986,1,1986,bus_3125,bus,3,-0.4176516136547103,1.023563229173553,1.1,0.9,-873.0,2400.0,1
11,11.0,1986,1,1986,bus_3125,1986,3,-0.4176516136547103,1.023563229173553,1.1,0.9,-873.0,2400.0,1
1,33.0,997,1,997,bus_1592,bus,1,-0.3127984072327583,1.0505292349175195,1.1,0.9,926.0,1474.0,1
1,33.0,997,1,997,bus_1592,997,1,-0.3127984072327583,1.0505292349175195,1.1,0.9,926.0,1474.0,1
6,220.0,614,1,614,bus_2146,bus,2,-0.408047643810458,1.038004369321867,1.1,0.9,514.0,-3576.0,1
6,220.0,614,1,614,bus_2146,614,2,-0.408047643810458,1.038004369321867,1.1,0.9,514.0,-3576.0,1
11,110.0,934,1,934,starbus_xf_3177_3179_3178_2,bus,3,-0.3581058653949922,1.0420325892957096,1.1,0.9,-822.0,2344.0,1
11,110.0,934,1,934,starbus_xf_3177_3179_3178_2,934,3,-0.3581058653949922,1.0420325892957096,1.1,0.9,-822.0,2344.0,1
15,22.0,731,1,731,bus_5120,bus,5,-0.23889897789494388,1.1000000102199836,1.1,0.9,1856.0,-5668.0,1
15,22.0,731,1,731,bus_5120,731,5,-0.23889897789494388,1.1000000102199836,1.1,0.9,1856.0,-5668.0,1
13,132.0,266,1,266,bus_4192,bus,4,0.9480706988881735,1.0286655600502659,1.1,0.9,-2129.0,-1569.0,1
13,132.0,266,1,266,bus_4192,266,4,0.9480706988881735,1.0286655600502659,1.1,0.9,-2129.0,-1569.0,1
7,22.0,1476,1,1476,bus_2307,bus,2,-0.4053684144567718,1.0485497073096393,1.1,0.9,1400.0,-4609.0,1
7,22.0,1476,1,1476,bus_2307,1476,2,-0.4053684144567718,1.0485497073096393,1.1,0.9,1400.0,-4609.0,1
14,66.0,6,1,6,bus_4266,bus,4,1.005219776076628,1.0202665614864552,1.1,0.9,-2234.0,-3018.0,1
14,66.0,6,1,6,bus_4266,6,4,1.005219776076628,1.0202665614864552,1.1,0.9,-2234.0,-3018.0,1
2,132.0,1847,1,1847,bus_1228,bus,1,-0.20963001060275244,1.0524020782259105,1.1,0.9,-219.0,-287.0,1
2,132.0,1847,1,1847,bus_1228,1847,1,-0.20963001060275244,1.0524020782259105,1.1,0.9,-219.0,-287.0,1
13,11.5,441,2,441,bus_4030,bus,4,0.9825374357913921,1.058796924823406,1.1,0.9,-2224.0,-2738.0,1
13,11.5,441,2,441,bus_4030,441,4,0.9825374357913921,1.058796924823406,1.1,0.9,-2224.0,-2738.0,1
15,220.0,804,1,804,bus_5141,bus,5,-0.06134971206045243,1.0959638138594958,1.1,0.9,1860.0,-5659.0,1
15,220.0,804,1,804,bus_5141,804,5,-0.06134971206045243,1.0959638138594958,1.1,0.9,1860.0,-5659.0,1
5,500.0,811,1,811,bus_2200,bus,2,-0.21158900438121792,1.0102695555460788,1.1,0.9,-277.0,-2958.0,1
5,500.0,811,1,811,bus_2200,811,2,-0.21158900438121792,1.0102695555460788,1.1,0.9,-277.0,-2958.0,1
8,132.0,920,1,920,bus_3044,bus,3,-0.052727474393473604,1.0403319848430455,1.1,0.9,-473.0,5330.0,1
8,132.0,920,1,920,bus_3044,920,3,-0.052727474393473604,1.0403319848430455,1.1,0.9,-473.0,5330.0,1
6,220.0,1109,1,1109,bus_2108,bus,2,-0.30855637461874924,1.0532988022902285,1.1,0.9,480.0,-2902.0,1
6,220.0,1109,1,1109,bus_2108,1109,2,-0.30855637461874924,1.0532988022902285,1.1,0.9,480.0,-2902.0,1
11,33.0,1562,1,1562,bus_3647,bus,3,-0.3616216546788243,1.0284540909816027,1.1,0.9,-337.0,3342.0,1
11,33.0,1562,1,1562,bus_3647,1562,3,-0.3616216546788243,1.0284540909816027,1.1,0.9,-337.0,3342.0,1
11,275.0,125,2,125,bus_3567,bus,3,-0.23927620371260575,1.068398275066763,1.1,0.9,-313.0,3546.0,1
11,275.0,125,2,125,bus_3567,125,3,-0.23927620371260575,1.068398275066763,1.1,0.9,-313.0,3546.0,1
11,110.0,1205,1,1205,starbus_xf_3302_3304_3303_3,bus,3,-0.37168909218084795,1.023138553265083,1.1,0.9,648.0,3156.0,1
11,110.0,1205,1,1205,starbus_xf_3302_3304_3303_3,1205,3,-0.37168909218084795,1.023138553265083,1.1,0.9,648.0,3156.0,1
5,15.0,98,1,98,bus_2029,bus,2,0.036474388273561545,0.9949908600102572,1.1,0.9,780.0,-1912.0,1
5,15.0,98,1,98,bus_2029,98,2,0.036474388273561545,0.9949908600102572,1.1,0.9,780.0,-1912.0,1
4,66.0,473,1,473,bus_1508,bus,1,-0.23928525625099129,1.050627003456809,1.1,0.9,373.0,-902.0,1
4,66.0,473,1,473,bus_1508,473,1,-0.23928525625099129,1.050627003456809,1.1,0.9,373.0,-902.0,1
6,13.8,1167,2,1167,bus_2004,bus,2,0.164484547572157,1.021067753106761,1.1,0.9,997.0,-3037.0,1
6,13.8,1167,2,1167,bus_2004,1167,2,0.164484547572157,1.021067753106761,1.1,0.9,997.0,-3037.0,1
14,11.0,1176,1,1176,bus_4056,bus,4,1.0425067343983345,0.9755904597827209,1.1,0.9,-2145.0,-3409.0,1
14,11.0,1176,1,1176,bus_4056,1176,4,1.0425067343983345,0.9755904597827209,1.1,0.9,-2145.0,-3409.0,1
11,110.0,898,1,898,bus_3171,bus,3,-0.09065979643028099,1.0398503037506353,1.1,0.9,-366.0,2904.0,1
11,110.0,898,1,898,bus_3171,898,3,-0.09065979643028099,1.0398503037506353,1.1,0.9,-366.0,2904.0,1
11,110.0,174,1,174,bus_3099,bus,3,-0.10892749514594832,1.026514591957125,1.1,0.9,-423.0,2943.0,1
11,110.0,174,1,174,bus_3099,174,3,-0.10892749514594832,1.026514591957125,1.1,0.9,-423.0,2943.0,1
4,132.0,1113,1,1113,bus_1267,bus,1,0.011015602901133263,1.0714597174579557,1.1,0.9,1034.0,-1680.0,1
4,132.0,1113,1,1113,bus_1267,1113,1,0.011015602901133263,1.0714597174579557,1.1,0.9,1034.0,-1680.0,1
4,11.0,1188,1,1188,bus_1506,bus,1,-0.1402170306234193,1.086073078545694,1.1,0.9,615.0,-1182.0,1
4,11.0,1188,1,1188,bus_1506,1188,1,-0.1402170306234193,1.086073078545694,1.1,0.9,615.0,-1182.0,1
14,11.0,1238,1,1238,bus_4449,bus,4,0.9819403747506963,1.0090634170595274,1.1,0.9,-2474.0,-3131.0,1
14,11.0,1238,1,1238,bus_4449,1238,4,0.9819403747506963,1.0090634170595274,1.1,0.9,-2474.0,-3131.0,1
7,22.0,1945,1,1945,bus_2312,bus,2,-0.5648091855770985,0.9981661361602976,1.1,0.9,1064.0,-4051.0,1
7,22.0,1945,1,1945,bus_2312,1945,2,-0.5648091855770985,0.9981661361602976,1.1,0.9,1064.0,-4051.0,1
12,132.0,607,1,607,bus_4188,bus,4,0.9869403536030001,1.0385336766945379,1.1,0.9,-2750.0,-1191.0,1
12,132.0,607,1,607,bus_4188,607,4,0.9869403536030001,1.0385336766945379,1.1,0.9,-2750.0,-1191.0,1
6,66.0,950,1,950,bus_2274,bus,2,-0.5744466640322684,1.04226418100918,1.1,0.9,860.0,-3741.0,1
6,66.0,950,1,950,bus_2274,950,2,-0.5744466640322684,1.04226418100918,1.1,0.9,860.0,-3741.0,1
5,132.0,337,1,337,bus_2175,bus,2,-0.08829443249594056,0.9767937828069259,1.1,0.9,-166.0,-3150.0,1
5,132.0,337,1,337,bus_2175,337,2,-0.08829443249594056,0.9767937828069259,1.1,0.9,-166.0,-3150.0,1
3,132.0,354,1,354,bus_1344,bus,1,-0.34579864441912406,1.0522266456629525,1.1,0.9,1490.0,-430.0,1
3,132.0,354,1,354,bus_1344,354,1,-0.34579864441912406,1.0522266456629525,1.1,0.9,1490.0,-430.0,1
15,110.0,97,1,97,bus_5063,bus,5,-0.18038491410882457,1.0557240861971138,1.1,0.9,2234.0,-5510.0,1
15,110.0,97,1,97,bus_5063,97,5,-0.18038491410882457,1.0557240861971138,1.1,0.9,2234.0,-5510.0,1
14,66.0,1567,1,1567,bus_4314,bus,4,0.9706896289514179,1.0426147337532827,1.1,0.9,-1522.0,-3231.0,1
14,66.0,1567,1,1567,bus_4314,1567,4,0.9706896289514179,1.0426147337532827,1.1,0.9,-1522.0,-3231.0,1
9,275.0,824,1,824,bus_3557,bus,3,-0.011566411980788739,1.080536881133045,1.1,0.9,-333.0,5026.0,1
9,275.0,824,1,824,bus_3557,824,3,-0.011566411980788739,1.080536881133045,1.1,0.9,-333.0,5026.0,1
2,33.0,1765,1,1765,bus_1654,bus,1,-0.39961216467947475,1.0064403543214737,1.1,0.9,-611.0,449.0,1
2,33.0,1765,1,1765,bus_1654,1765,1,-0.39961216467947475,1.0064403543214737,1.1,0.9,-611.0,449.0,1
5,22.0,235,1,235,bus_2078,bus,2,-0.14971900454183273,0.9597103938023471,1.1,0.9,-482.0,-3533.0,1
5,22.0,235,1,235,bus_2078,235,2,-0.14971900454183273,0.9597103938023471,1.1,0.9,-482.0,-3533.0,1
4,132.0,1265,1,1265,bus_1255,bus,1,-0.06259535028869284,1.0568131467813322,1.1,0.9,1977.0,-1315.0,1
4,132.0,1265,1,1265,bus_1255,1265,1,-0.06259535028869284,1.0568131467813322,1.1,0.9,1977.0,-1315.0,1
14,11.0,1609,1,1609,bus_4055,bus,4,1.0425071600487366,0.9755744847937023,1.1,0.9,-2174.0,-3392.0,1
14,11.0,1609,1,1609,bus_4055,1609,4,1.0425071600487366,0.9755744847937023,1.1,0.9,-2174.0,-3392.0,1
11,110.0,1784,1,1784,bus_3322,bus,3,-0.33368599613714023,1.0380823803869108,1.1,0.9,89.0,2737.0,1
11,110.0,1784,1,1784,bus_3322,1784,3,-0.33368599613714023,1.0380823803869108,1.1,0.9,89.0,2737.0,1
4,500.0,2010,1,2010,bus_txf_CNSW SNSW Option 1 Humelink,bus,1,0.0,1.0,1.1,0.9,NaN,NaN,1
4,500.0,2010,1,2010,bus_txf_CNSW SNSW Option 1 Humelink,2010,1,0.0,1.0,1.1,0.9,NaN,NaN,1
15,110.0,136,1,136,bus_5099,bus,5,-0.13280182365045212,1.0236148955566364,1.1,0.9,2179.0,-6154.0,1
15,110.0,136,1,136,bus_5099,136,5,-0.13280182365045212,1.0236148955566364,1.1,0.9,2179.0,-6154.0,1
15,13.8,848,1,848,bus_5046,bus,5,-0.1243073924762931,0.9924159145606806,1.1,0.9,2661.0,-5958.0,1
15,13.8,848,1,848,bus_5046,848,5,-0.1243073924762931,0.9924159145606806,1.1,0.9,2661.0,-5958.0,1
14,33.0,148,1,148,bus_4390,bus,4,0.4670591012454421,0.9696992786743013,1.1,0.9,-1258.0,-2001.0,1
14,33.0,148,1,148,bus_4390,148,4,0.4670591012454421,0.9696992786743013,1.1,0.9,-1258.0,-2001.0,1
13,66.0,819,1,819,bus_4320,bus,4,0.9764712177151832,1.0770374571016956,1.1,0.9,-1945.0,-2363.0,1
13,66.0,819,1,819,bus_4320,819,4,0.9764712177151832,1.0770374571016956,1.1,0.9,-1945.0,-2363.0,1
9,110.0,193,1,193,bus_3238,bus,3,-0.3340988705737923,1.0532817841003856,1.1,0.9,13.0,4295.0,1
9,110.0,193,1,193,bus_3238,193,3,-0.3340988705737923,1.0532817841003856,1.1,0.9,13.0,4295.0,1
13,13.2,518,1,518,bus_4040,bus,4,1.0578588284278863,0.9989252074066408,1.1,0.9,-2466.0,-1680.0,1
13,13.2,518,1,518,bus_4040,518,4,1.0578588284278863,0.9989252074066408,1.1,0.9,-2466.0,-1680.0,1
9,15.75,1067,1,1067,bus_3417,bus,3,0.025625578615570768,1.0290163871920077,1.1,0.9,-511.0,4895.0,1
9,15.75,1067,1,1067,bus_3417,1067,3,0.025625578615570768,1.0290163871920077,1.1,0.9,-511.0,4895.0,1
4,11.0,508,1,508,bus_1056,bus,1,-0.07086548384556478,1.0657340437414449,1.1,0.9,989.0,-1806.0,1
4,11.0,508,1,508,bus_1056,508,1,-0.07086548384556478,1.0657340437414449,1.1,0.9,989.0,-1806.0,1
8,132.0,1198,2,1198,starbus_xf_3483_3558_3484_3,bus,3,-0.23088892477544212,1.0859559173794342,1.1,0.9,-359.0,5466.0,1
8,132.0,1198,2,1198,starbus_xf_3483_3558_3484_3,1198,3,-0.23088892477544212,1.0859559173794342,1.1,0.9,-359.0,5466.0,1
6,66.0,1028,1,1028,bus_2280,bus,2,-0.36690040909897714,1.0195094263529696,1.1,0.9,149.0,-4060.0,1
6,66.0,1028,1,1028,bus_2280,1028,2,-0.36690040909897714,1.0195094263529696,1.1,0.9,149.0,-4060.0,1
4,132.0,1108,1,1108,bus_1249,bus,1,-0.1301059274575416,1.0585682295398733,1.1,0.9,1098.0,-2068.0,1
4,132.0,1108,1,1108,bus_1249,1108,1,-0.1301059274575416,1.0585682295398733,1.1,0.9,1098.0,-2068.0,1
14,66.0,929,1,929,bus_4312,bus,4,0.9677908415974872,1.04209136045144,1.1,0.9,-1586.0,-2960.0,1
14,66.0,929,1,929,bus_4312,929,4,0.9677908415974872,1.04209136045144,1.1,0.9,-1586.0,-2960.0,1
15,110.0,1490,1,1490,bus_5130,bus,5,-0.16542771735599776,1.0168343910245399,1.1,0.9,1938.0,-5920.0,1
15,110.0,1490,1,1490,bus_5130,1490,5,-0.16542771735599776,1.0168343910245399,1.1,0.9,1938.0,-5920.0,1
14,7.6,629,1,629,bus_4428,bus,4,1.0210884793524804,0.968052808324212,1.1,0.9,-2072.0,-3582.0,1
14,7.6,629,1,629,bus_4428,629,4,1.0210884793524804,0.968052808324212,1.1,0.9,-2072.0,-3582.0,1
1,132.0,378,1,378,bus_1464,bus,1,-0.23363581713424228,1.0693292049161143,1.1,0.9,1318.0,1531.0,1
1,132.0,378,1,378,bus_1464,378,1,-0.23363581713424228,1.0693292049161143,1.1,0.9,1318.0,1531.0,1
2,132.0,771,1,771,bus_1416,bus,1,-0.01942541242273349,1.0644562307209076,1.1,0.9,1700.0,1483.0,1
2,132.0,771,1,771,bus_1416,771,1,-0.01942541242273349,1.0644562307209076,1.1,0.9,1700.0,1483.0,1
1,66.0,116,1,116,bus_1594,bus,1,-0.09199963418283934,1.0485810047246245,1.1,0.9,2721.0,2689.0,1
1,66.0,116,1,116,bus_1594,116,1,-0.09199963418283934,1.0485810047246245,1.1,0.9,2721.0,2689.0,1
15,11.5,1755,1,1755,bus_5013,bus,5,-0.3189297013126557,1.0137096630003362,1.1,0.9,1400.0,-5403.0,1
15,11.5,1755,1,1755,bus_5013,1755,5,-0.3189297013126557,1.0137096630003362,1.1,0.9,1400.0,-5403.0,1
8,19.1,1852,1,1852,bus_3517,bus,3,-0.4609929087407395,0.9942483024521686,1.1,0.9,-1129.0,6712.0,1
8,19.1,1852,1,1852,bus_3517,1852,3,-0.4609929087407395,0.9942483024521686,1.1,0.9,-1129.0,6712.0,1
6,66.0,1906,1,1906,bus_2211,bus,2,-0.47548687265946793,1.0511869420387072,1.1,0.9,411.0,-4354.0,1
6,66.0,1906,1,1906,bus_2211,1906,2,-0.47548687265946793,1.0511869420387072,1.1,0.9,411.0,-4354.0,1
14,11.0,376,1,376,bus_4440,bus,4,0.9426942673211147,0.99070005327415,1.1,0.9,-2215.0,-3825.0,1
14,11.0,376,1,376,bus_4440,376,4,0.9426942673211147,0.99070005327415,1.1,0.9,-2215.0,-3825.0,1
11,110.0,1424,1,1424,starbus_xf_3362_3364_3363_2,bus,3,-0.3776120622927099,1.0437851965277212,1.1,0.9,564.0,3191.0,1
11,110.0,1424,1,1424,starbus_xf_3362_3364_3363_2,1424,3,-0.3776120622927099,1.0437851965277212,1.1,0.9,564.0,3191.0,1
9,132.0,241,1,241,bus_3024,bus,3,-0.03861944463385232,1.066921175907334,1.1,0.9,620.0,3768.0,1
9,132.0,241,1,241,bus_3024,241,3,-0.03861944463385232,1.066921175907334,1.1,0.9,620.0,3768.0,1
2,132.0,455,1,455,bus_1435,bus,1,-0.24215152066005244,1.018366135178053,1.1,0.9,-444.0,-283.0,1
2,132.0,455,1,455,bus_1435,455,1,-0.24215152066005244,1.018366135178053,1.1,0.9,-444.0,-283.0,1
4,132.0,1118,1,1118,bus_2102,bus,2,0.1357190418323417,1.051081779785911,1.1,0.9,855.0,-1853.0,1
4,132.0,1118,1,1118,bus_2102,1118,2,0.1357190418323417,1.051081779785911,1.1,0.9,855.0,-1853.0,1
7,66.0,29,2,29,bus_2224,bus,2,-0.5633749563051428,1.0308378743498667,1.1,0.9,1013.0,-4025.0,1
7,66.0,29,2,29,bus_2224,29,2,-0.5633749563051428,1.0308378743498667,1.1,0.9,1013.0,-4025.0,1
6,66.0,786,1,786,bus_2213,bus,2,-0.23960910574121505,1.031297539361733,1.1,0.9,97.0,-3966.0,1
6,66.0,786,1,786,bus_2213,786,2,-0.23960910574121505,1.031297539361733,1.1,0.9,97.0,-3966.0,1
6,33.0,1799,1,1799,bus_2227,bus,2,-0.05995584636725916,1.0386626687495952,1.1,0.9,2.0,-3847.0,1
6,33.0,1799,1,1799,bus_2227,1799,2,-0.05995584636725916,1.0386626687495952,1.1,0.9,2.0,-3847.0,1
5,66.0,551,1,551,bus_2271,bus,2,-0.04595621570943355,1.0995148033036208,1.1,0.9,238.0,-2428.0,1
5,66.0,551,1,551,bus_2271,551,2,-0.04595621570943355,1.0995148033036208,1.1,0.9,238.0,-2428.0,1
9,132.0,947,1,947,bus_3479,bus,3,-0.2842001328891862,1.0689868380574632,1.1,0.9,-513.0,3992.0,1
9,132.0,947,1,947,bus_3479,947,3,-0.2842001328891862,1.0689868380574632,1.1,0.9,-513.0,3992.0,1
9,6.6,1713,1,1713,bus_3008,bus,3,-0.0951151651971705,1.0545125729574736,1.1,0.9,-977.0,4995.0,1
9,6.6,1713,1,1713,bus_3008,1713,3,-0.0951151651971705,1.0545125729574736,1.1,0.9,-977.0,4995.0,1
2,11.0,367,1,367,bus_1519,bus,1,-0.23495426892187282,1.0864337179736328,1.1,0.9,-62.0,-589.0,1
2,11.0,367,1,367,bus_1519,367,1,-0.23495426892187282,1.0864337179736328,1.1,0.9,-62.0,-589.0,1
13,275.0,1778,1,1778,bus_4109,bus,4,1.030563294181589,1.0674054340462389,1.1,0.9,-2836.0,-1815.0,1
13,275.0,1778,1,1778,bus_4109,1778,4,1.030563294181589,1.0674054340462389,1.1,0.9,-2836.0,-1815.0,1
14,11.0,1229,1,1229,bus_4378,bus,4,0.9971651911610262,0.9618736232611815,1.1,0.9,-2292.0,-3831.0,1
14,11.0,1229,1,1229,bus_4378,1229,4,0.9971651911610262,0.9618736232611815,1.1,0.9,-2292.0,-3831.0,1
13,66.0,1585,1,1585,bus_4233,bus,4,0.9911761514992588,1.0292897894980002,1.1,0.9,-2260.0,-2230.0,1
13,66.0,1585,1,1585,bus_4233,1585,4,0.9911761514992588,1.0292897894980002,1.1,0.9,-2260.0,-2230.0,1
5,22.0,948,1,948,bus_2303,bus,2,-0.1554617201189107,1.0232136878299782,1.1,0.9,-404.0,-2893.0,1
5,22.0,948,1,948,bus_2303,948,2,-0.1554617201189107,1.0232136878299782,1.1,0.9,-404.0,-2893.0,1
4,132.0,1602,1,1602,bus_1307,bus,1,-0.06652924219974675,1.0549809036786726,1.1,0.9,1900.0,-1313.0,1
4,132.0,1602,1,1602,bus_1307,1602,1,-0.06652924219974675,1.0549809036786726,1.1,0.9,1900.0,-1313.0,1
13,11.0,1656,1,1656,bus_4454,bus,4,0.9454453270591394,1.0058209515924423,1.1,0.9,-2158.0,-2672.0,1
13,11.0,1656,1,1656,bus_4454,1656,4,0.9454453270591394,1.0058209515924423,1.1,0.9,-2158.0,-2672.0,1
12,11.0,1759,1,1759,bus_4005,bus,4,1.0416928141409056,0.9427779565071487,1.1,0.9,-3913.0,-1793.0,1
12,11.0,1759,1,1759,bus_4005,1759,4,1.0416928141409056,0.9427779565071487,1.1,0.9,-3913.0,-1793.0,1
15,22.0,1774,1,1774,bus_5216,bus,5,-0.1544363948988577,1.0065370053839182,1.1,0.9,1916.0,-5827.0,1
15,22.0,1774,1,1774,bus_5216,1774,5,-0.1544363948988577,1.0065370053839182,1.1,0.9,1916.0,-5827.0,1
8,66.0,1811,1,1811,bus_3401,bus,3,-0.3609493506350176,1.0420128034583607,1.1,0.9,-396.0,6940.0,1
8,66.0,1811,1,1811,bus_3401,1811,3,-0.3609493506350176,1.0420128034583607,1.1,0.9,-396.0,6940.0,1
14,66.0,1708,1,1708,starbus_xf_4257_4379_4434_2,bus,4,1.0191925026722048,0.9889847127700806,1.1,0.9,-2074.0,-4020.0,1
14,66.0,1708,1,1708,starbus_xf_4257_4379_4434_2,1708,4,1.0191925026722048,0.9889847127700806,1.1,0.9,-2074.0,-4020.0,1
8,132.0,515,1,515,bus_3068,bus,3,-0.3512812251017765,1.0297266963201006,1.1,0.9,-518.0,6497.0,1
8,132.0,515,1,515,bus_3068,515,3,-0.3512812251017765,1.0297266963201006,1.1,0.9,-518.0,6497.0,1
1,132.0,706,1,706,bus_1474,bus,1,-0.06839176616397363,1.0420275560712329,1.1,0.9,2182.0,2350.0,1
1,132.0,706,1,706,bus_1474,706,1,-0.06839176616397363,1.0420275560712329,1.1,0.9,2182.0,2350.0,1
4,132.0,497,1,497,bus_1481,bus,1,-0.08776010699519754,1.0699238994977236,1.1,0.9,894.0,-1579.0,1
4,132.0,497,1,497,bus_1481,497,1,-0.08776010699519754,1.0699238994977236,1.1,0.9,894.0,-1579.0,1
11,33.0,504,1,504,bus_3347,bus,3,-0.4579942665956422,1.017861216363446,1.1,0.9,251.0,3097.0,1
11,33.0,504,1,504,bus_3347,504,3,-0.4579942665956422,1.017861216363446,1.1,0.9,251.0,3097.0,1
8,132.0,1477,2,1477,starbus_xf_3628_3455_3453_1,bus,3,-0.4651079056998411,0.927084430979845,1.1,0.9,-1353.0,6796.0,1
8,132.0,1477,2,1477,starbus_xf_3628_3455_3453_1,1477,3,-0.4651079056998411,0.927084430979845,1.1,0.9,-1353.0,6796.0,1
11,110.0,1553,1,1553,starbus_xf_3633_3514_3513_4,bus,3,-0.39686486758216977,1.047765433008076,1.1,0.9,-804.0,2549.0,1
11,110.0,1553,1,1553,starbus_xf_3633_3514_3513_4,1553,3,-0.39686486758216977,1.047765433008076,1.1,0.9,-804.0,2549.0,1
11,11.0,1729,1,1729,bus_3303,bus,3,-0.44927515073761004,1.0007320584564565,1.1,0.9,647.0,3136.0,1
11,11.0,1729,1,1729,bus_3303,1729,3,-0.44927515073761004,1.0007320584564565,1.1,0.9,647.0,3136.0,1
2,132.0,1186,1,1186,bus_1185,bus,1,-0.3394524116620083,1.034736453955164,1.1,0.9,238.0,527.0,1
2,132.0,1186,1,1186,bus_1185,1186,1,-0.3394524116620083,1.034736453955164,1.1,0.9,238.0,527.0,1
14,11.0,1189,1,1189,bus_4499,bus,4,0.3463128495341616,1.0689746242905955,1.1,0.9,-898.0,-2826.0,1
14,11.0,1189,1,1189,bus_4499,1189,4,0.3463128495341616,1.0689746242905955,1.1,0.9,-898.0,-2826.0,1
4,15.75,1753,2,1753,bus_1072,bus,1,-0.08816285790801758,1.0554706036938803,1.1,0.9,818.0,-2027.0,1
4,15.75,1753,2,1753,bus_1072,1753,1,-0.08816285790801758,1.0554706036938803,1.1,0.9,818.0,-2027.0,1
14,66.0,914,1,914,bus_4335,bus,4,1.0482339378049903,1.0103756027447486,1.1,0.9,-1901.0,-3129.0,1
14,66.0,914,1,914,bus_4335,914,4,1.0482339378049903,1.0103756027447486,1.1,0.9,-1901.0,-3129.0,1
13,275.0,1808,2,1808,bus_4131,bus,4,0.9584543283666129,1.0455110505275413,1.1,0.9,-1843.0,-2005.0,1
13,275.0,1808,2,1808,bus_4131,1808,4,0.9584543283666129,1.0455110505275413,1.1,0.9,-1843.0,-2005.0,1
11,110.0,615,1,615,bus_3342,bus,3,-0.1697520471521806,1.0215713576375256,1.1,0.9,-638.0,3004.0,1
11,110.0,615,1,615,bus_3342,615,3,-0.1697520471521806,1.0215713576375256,1.1,0.9,-638.0,3004.0,1
12,132.0,1958,1,1958,bus_4203,bus,4,1.0118033464094067,1.0221401039608229,1.1,0.9,-3043.0,-1564.0,1
12,132.0,1958,1,1958,bus_4203,1958,4,1.0118033464094067,1.0221401039608229,1.1,0.9,-3043.0,-1564.0,1
3,132.0,1367,1,1367,bus_1289,bus,1,-0.35135806853578744,1.0504837494482029,1.1,0.9,970.0,-499.0,1
3,132.0,1367,1,1367,bus_1289,1367,1,-0.35135806853578744,1.0504837494482029,1.1,0.9,970.0,-499.0,1
9,132.0,976,1,976,bus_3263,bus,3,0.026318581599284522,1.0714190289464862,1.1,0.9,-868.0,4590.0,1
9,132.0,976,1,976,bus_3263,976,3,0.026318581599284522,1.0714190289464862,1.1,0.9,-868.0,4590.0,1
14,11.0,1577,1,1577,bus_4435,bus,4,0.9468121511349322,0.9991787654874151,1.1,0.9,-2180.0,-3969.0,1
14,11.0,1577,1,1577,bus_4435,1577,4,0.9468121511349322,0.9991787654874151,1.1,0.9,-2180.0,-3969.0,1
2,500.0,374,1,374,bus_1121,bus,1,-0.04673297129084486,1.073454460035518,1.1,0.9,715.0,112.0,1
2,500.0,374,1,374,bus_1121,374,1,-0.04673297129084486,1.073454460035518,1.1,0.9,715.0,112.0,1
9,11.0,1814,1,1814,bus_3221,bus,3,-0.15283286833824436,1.0518311032894645,1.1,0.9,-1363.0,4969.0,1
9,11.0,1814,1,1814,bus_3221,1814,3,-0.15283286833824436,1.0518311032894645,1.1,0.9,-1363.0,4969.0,1
15,110.0,1126,1,1126,bus_5061,bus,5,-0.1652110307372224,1.0617945991497972,1.1,0.9,2390.0,-5552.0,1
15,110.0,1126,1,1126,bus_5061,1126,5,-0.1652110307372224,1.0617945991497972,1.1,0.9,2390.0,-5552.0,1
8,66.0,886,1,886,bus_3142,bus,3,-0.3536952539826621,1.043346085232991,1.1,0.9,-572.0,6873.0,1
8,66.0,886,1,886,bus_3142,886,3,-0.3536952539826621,1.043346085232991,1.1,0.9,-572.0,6873.0,1
2,132.0,364,1,364,bus_1200,bus,1,-0.1374996212596494,1.092167641837969,1.1,0.9,528.0,-55.0,1
2,132.0,364,1,364,bus_1200,364,1,-0.1374996212596494,1.092167641837969,1.1,0.9,528.0,-55.0,1
6,220.0,803,1,803,bus_2109,bus,2,-0.32264342673897,1.049080048421154,1.1,0.9,224.0,-3741.0,1
6,220.0,803,1,803,bus_2109,803,2,-0.32264342673897,1.049080048421154,1.1,0.9,224.0,-3741.0,1
8,66.0,1255,1,1255,bus_3202,bus,3,-0.2649940016476668,1.009955548197449,1.1,0.9,-251.0,6043.0,1
8,66.0,1255,1,1255,bus_3202,1255,3,-0.2649940016476668,1.009955548197449,1.1,0.9,-251.0,6043.0,1
14,11.0,1360,1,1360,bus_4425,bus,4,0.9754043087353129,0.9916672018450907,1.1,0.9,-1919.0,-3912.0,1
14,11.0,1360,1,1360,bus_4425,1360,4,0.9754043087353129,0.9916672018450907,1.1,0.9,-1919.0,-3912.0,1
8,132.0,1444,1,1444,bus_3242,bus,3,-0.2651033327115655,1.0560832294802565,1.1,0.9,-303.0,5828.0,1
8,132.0,1444,1,1444,bus_3242,1444,3,-0.2651033327115655,1.0560832294802565,1.1,0.9,-303.0,5828.0,1
15,11.0,570,1,570,bus_5230,bus,5,-0.17179411177244172,1.013177581485244,1.1,0.9,1815.0,-5530.0,1
15,11.0,570,1,570,bus_5230,570,5,-0.17179411177244172,1.013177581485244,1.1,0.9,1815.0,-5530.0,1
15,220.0,44,1,44,bus_5170,bus,5,-0.20294742675182406,1.055535028273908,1.1,0.9,1831.0,-5503.0,1
15,220.0,44,1,44,bus_5170,44,5,-0.20294742675182406,1.055535028273908,1.1,0.9,1831.0,-5503.0,1
1,132.0,169,1,169,bus_1183,bus,1,-0.21727407253276435,1.070879306516803,1.1,0.9,820.0,1294.0,1
1,132.0,169,1,169,bus_1183,169,1,-0.21727407253276435,1.070879306516803,1.1,0.9,820.0,1294.0,1
3,11.0,189,1,189,bus_1553,bus,1,-0.4406779314095115,1.0166763140233441,1.1,0.9,1168.0,-486.0,1
3,11.0,189,1,189,bus_1553,189,1,-0.4406779314095115,1.0166763140233441,1.1,0.9,1168.0,-486.0,1
15,18.0,429,2,429,bus_5032,bus,5,0.1822056985074561,0.9597053091700338,1.1,0.9,1400.0,-6227.0,1
15,18.0,429,2,429,bus_5032,429,5,0.1822056985074561,0.9597053091700338,1.1,0.9,1400.0,-6227.0,1
2,300.0,2006,1,2006,bus_txf_CNSW NNSW Option 1 (500/330 kV Hub 1 upgrades),bus,1,0.0,1.0,1.1,0.9,NaN,NaN,1
2,300.0,2006,1,2006,bus_txf_CNSW NNSW Option 1 (500/330 kV Hub 1 upgrades),2006,1,0.0,1.0,1.1,0.9,NaN,NaN,1
2,23.0,94,2,94,bus_1018,bus,1,0.18253917330163424,1.0208230843818322,1.1,0.9,1011.0,651.0,1
2,23.0,94,2,94,bus_1018,94,1,0.18253917330163424,1.0208230843818322,1.1,0.9,1011.0,651.0,1
15,22.0,288,1,288,bus_5173,bus,5,-0.16914392878542397,1.069976584687954,1.1,0.9,1101.0,-5861.0,1
15,22.0,288,1,288,bus_5173,288,5,-0.16914392878542397,1.069976584687954,1.1,0.9,1101.0,-5861.0,1
6,11.0,1793,2,1793,bus_2015,bus,2,-0.26241763833244286,1.0077693772323935,1.1,0.9,857.0,-3331.0,1
6,11.0,1793,2,1793,bus_2015,1793,2,-0.26241763833244286,1.0077693772323935,1.1,0.9,857.0,-3331.0,1
2,132.0,1501,1,1501,bus_1406,bus,1,-0.34703077068368576,1.055029745074609,1.1,0.9,485.0,488.0,1
2,132.0,1501,1,1501,bus_1406,1501,1,-0.34703077068368576,1.055029745074609,1.1,0.9,485.0,488.0,1
13,275.0,1594,1,1594,bus_4116,bus,4,0.9996851012810352,1.0591811437261736,1.1,0.9,-2530.0,-1665.0,1
13,275.0,1594,1,1594,bus_4116,1594,4,0.9996851012810352,1.0591811437261736,1.1,0.9,-2530.0,-1665.0,1
2,66.0,1662,1,1662,bus_1548,bus,1,-0.32002408522453213,1.0118186096986406,1.1,0.9,686.0,-221.0,1
2,66.0,1662,1,1662,bus_1548,1662,1,-0.32002408522453213,1.0118186096986406,1.1,0.9,686.0,-221.0,1
11,110.0,73,1,73,bus_3625,bus,3,0.007131211649583836,1.0398024887700263,1.1,0.9,-815.0,2864.0,1
11,110.0,73,1,73,bus_3625,73,3,0.007131211649583836,1.0398024887700263,1.1,0.9,-815.0,2864.0,1
4,0.6899999999999998,82,1,82,bus_1013,bus,1,0.07276822182179415,1.0153409036121672,1.1,0.9,352.0,-1214.0,1
4,0.6899999999999998,82,1,82,bus_1013,82,1,0.07276822182179415,1.0153409036121672,1.1,0.9,352.0,-1214.0,1
3,132.0,1354,1,1354,bus_1387,bus,1,-0.34646242309314773,1.051545262622089,1.1,0.9,1118.0,-512.0,1
3,132.0,1354,1,1354,bus_1387,1354,1,-0.34646242309314773,1.051545262622089,1.1,0.9,1118.0,-512.0,1
3,132.0,902,1,902,bus_1528,bus,1,-0.3458209207377561,1.050712906590493,1.1,0.9,1203.0,-624.0,1
3,132.0,902,1,902,bus_1528,902,1,-0.3458209207377561,1.050712906590493,1.1,0.9,1203.0,-624.0,1
3,33.0,79,1,79,bus_1610,bus,1,-0.3892133584563728,1.0523855890130898,1.1,0.9,1095.0,-676.0,1
3,33.0,79,1,79,bus_1610,79,1,-0.3892133584563728,1.0523855890130898,1.1,0.9,1095.0,-676.0,1
14,66.0,974,1,974,bus_4286,bus,4,0.9722921277884098,1.0350330698079813,1.1,0.9,-1730.0,-2741.0,1
14,66.0,974,1,974,bus_4286,974,4,0.9722921277884098,1.0350330698079813,1.1,0.9,-1730.0,-2741.0,1
2,500.0,1321,1,1321,starbus_xf_1121_1123_1635_7,bus,1,-0.07394075609884311,1.0088430418000627,1.1,0.9,725.0,112.0,1
2,500.0,1321,1,1321,starbus_xf_1121_1123_1635_7,1321,1,-0.07394075609884311,1.0088430418000627,1.1,0.9,725.0,112.0,1
13,11.0,1092,1,1092,bus_4489,bus,4,0.9654614142716114,1.0058550487589695,1.1,0.9,-2685.0,-2259.0,1
13,11.0,1092,1,1092,bus_4489,1092,4,0.9654614142716114,1.0058550487589695,1.1,0.9,-2685.0,-2259.0,1
9,132.0,1068,1,1068,bus_3261,bus,3,-0.043388084203523525,1.0732823088657244,1.1,0.9,905.0,3966.0,1
9,132.0,1068,1,1068,bus_3261,1068,3,-0.043388084203523525,1.0732823088657244,1.1,0.9,905.0,3966.0,1
12,0.48,507,1,507,bus_4015,bus,4,1.0752835562575491,1.0561961177376986,1.1,0.9,-3061.0,-1963.0,1
12,0.48,507,1,507,bus_4015,507,4,1.0752835562575491,1.0561961177376986,1.1,0.9,-3061.0,-1963.0,1
11,110.0,427,1,427,bus_3470,bus,3,-0.27329182131008045,1.0618020300199171,1.1,0.9,-391.0,3562.0,1
11,110.0,427,1,427,bus_3470,427,3,-0.27329182131008045,1.0618020300199171,1.1,0.9,-391.0,3562.0,1
11,110.0,1389,1,1389,bus_3633,bus,3,-0.32923318149853065,1.0515672087287053,1.1,0.9,-647.0,2506.0,1
11,110.0,1389,1,1389,bus_3633,1389,3,-0.32923318149853065,1.0515672087287053,1.1,0.9,-647.0,2506.0,1
8,132.0,1761,1,1761,bus_3482,bus,3,-0.03992991585420854,1.0533398588730423,1.1,0.9,-482.0,5236.0,1
8,132.0,1761,1,1761,bus_3482,1761,3,-0.03992991585420854,1.0533398588730423,1.1,0.9,-482.0,5236.0,1
9,132.0,1981,1,1981,bus_3021,bus,3,-0.21378374408812065,1.061861196651891,1.1,0.9,-796.0,4156.0,1
9,132.0,1981,1,1981,bus_3021,1981,3,-0.21378374408812065,1.061861196651891,1.1,0.9,-796.0,4156.0,1
6,500.0,2017,1,2017,bus_fxf_Western Victoria Grid Reinforcement,bus,2,0.0,1.0,1.1,0.9,NaN,NaN,1
6,500.0,2017,1,2017,bus_fxf_Western Victoria Grid Reinforcement,2017,2,0.0,1.0,1.1,0.9,NaN,NaN,1
1,132.0,1947,1,1947,bus_1385,bus,1,-0.05740440636197884,1.0628180691238234,1.1,0.9,2167.0,2176.0,1
1,132.0,1947,1,1947,bus_1385,1947,1,-0.05740440636197884,1.0628180691238234,1.1,0.9,2167.0,2176.0,1
1,132.0,1183,1,1183,bus_1262,bus,1,-0.21422045158311337,1.0728298104569711,1.1,0.9,991.0,1375.0,1
1,132.0,1183,1,1183,bus_1262,1183,1,-0.21422045158311337,1.0728298104569711,1.1,0.9,991.0,1375.0,1
8,132.0,391,1,391,bus_3629,bus,3,-0.46430885406401584,1.0055621794655778,1.1,0.9,-1373.0,6871.0,1
8,132.0,391,1,391,bus_3629,391,3,-0.46430885406401584,1.0055621794655778,1.1,0.9,-1373.0,6871.0,1
15,110.0,534,1,534,bus_5128,bus,5,0.00723872775414968,1.0656922024435915,1.1,0.9,2703.0,-5666.0,1
15,110.0,534,1,534,bus_5128,534,5,0.00723872775414968,1.0656922024435915,1.1,0.9,2703.0,-5666.0,1
9,132.0,572,1,572,bus_3273,bus,3,-0.13902989964422174,1.0504235426540385,1.1,0.9,478.0,5394.0,1
9,132.0,572,1,572,bus_3273,572,3,-0.13902989964422174,1.0504235426540385,1.1,0.9,478.0,5394.0,1
1,11.0,8,1,8,bus_1611,bus,1,-0.20761041617491907,1.0606212457309643,1.1,0.9,2223.0,2165.0,1
1,11.0,8,1,8,bus_1611,8,1,-0.20761041617491907,1.0606212457309643,1.1,0.9,2223.0,2165.0,1
9,132.0,1767,1,1767,bus_3137,bus,3,-0.12109129924711577,1.051553448719974,1.1,0.9,993.0,4108.0,1
9,132.0,1767,1,1767,bus_3137,1767,3,-0.12109129924711577,1.051553448719974,1.1,0.9,993.0,4108.0,1
2,132.0,64,1,64,bus_1371,bus,1,-0.3355215844546573,1.0445307386160738,1.1,0.9,683.0,-534.0,1
2,132.0,64,1,64,bus_1371,64,1,-0.3355215844546573,1.0445307386160738,1.1,0.9,683.0,-534.0,1
5,15.0,1654,1,1654,bus_2025,bus,2,0.02971474571967659,0.9924945767922303,1.1,0.9,792.0,-1927.0,1
5,15.0,1654,1,1654,bus_2025,1654,2,0.02971474571967659,0.9924945767922303,1.1,0.9,792.0,-1927.0,1
2,330.0,1017,1,1017,bus_1134,bus,1,-0.28730544847889367,1.0534405106276676,1.1,0.9,406.0,416.0,1
2,330.0,1017,1,1017,bus_1134,1017,1,-0.28730544847889367,1.0534405106276676,1.1,0.9,406.0,416.0,1
2,11.0,91,1,91,bus_1521,bus,1,-0.23497822669652804,1.0865732865055693,1.1,0.9,-163.0,-667.0,1
2,11.0,91,1,91,bus_1521,91,1,-0.23497822669652804,1.0865732865055693,1.1,0.9,-163.0,-667.0,1
13,13.8,922,2,922,bus_4058,bus,4,1.0352727500115655,0.9957335599709305,1.1,0.9,-2044.0,-2666.0,1
13,13.8,922,2,922,bus_4058,922,4,1.0352727500115655,0.9957335599709305,1.1,0.9,-2044.0,-2666.0,1
11,11.0,1120,1,1120,bus_3387,bus,3,-0.42512933833553324,1.0167159727168484,1.1,0.9,-956.0,2485.0,1
11,11.0,1120,1,1120,bus_3387,1120,3,-0.42512933833553324,1.0167159727168484,1.1,0.9,-956.0,2485.0,1
5,220.0,1489,1,1489,bus_2017,bus,2,-0.17401909843294724,1.099999965147507,1.1,0.9,108.0,-3479.0,1
5,220.0,1489,1,1489,bus_2017,1489,2,-0.17401909843294724,1.099999965147507,1.1,0.9,108.0,-3479.0,1
13,66.0,1898,1,1898,bus_4038,bus,4,0.9836521077075935,1.0227210926830632,1.1,0.9,-2644.0,-2675.0,1
13,66.0,1898,1,1898,bus_4038,1898,4,0.9836521077075935,1.0227210926830632,1.1,0.9,-2644.0,-2675.0,1
6,11.5,1702,1,1702,bus_2048,bus,2,-0.32985771764567345,0.9772140620462898,1.1,0.9,1649.0,-4447.0,1
6,11.5,1702,1,1702,bus_2048,1702,2,-0.32985771764567345,0.9772140620462898,1.1,0.9,1649.0,-4447.0,1
13,132.0,1915,1,1915,bus_4201,bus,4,0.9366832727464479,1.0141206845889825,1.1,0.9,-1634.0,-2146.0,1
13,132.0,1915,1,1915,bus_4201,1915,4,0.9366832727464479,1.0141206845889825,1.1,0.9,-1634.0,-2146.0,1
14,66.0,156,1,156,bus_4267,bus,4,1.010171003617659,1.008711572206585,1.1,0.9,-2182.0,-3328.0,1
14,66.0,156,1,156,bus_4267,156,4,1.010171003617659,1.008711572206585,1.1,0.9,-2182.0,-3328.0,1
1,66.0,498,1,498,bus_1535,bus,1,-0.14241362407223804,1.0602679032043847,1.1,0.9,2018.0,2379.0,1
1,66.0,498,1,498,bus_1535,498,1,-0.14241362407223804,1.0602679032043847,1.1,0.9,2018.0,2379.0,1
10,275.0,726,1,726,bus_3609,bus,3,0.04426284747369286,1.0822533690090148,1.1,0.9,1016.0,3511.0,1
10,275.0,726,1,726,bus_3609,726,3,0.04426284747369286,1.0822533690090148,1.1,0.9,1016.0,3511.0,1
11,110.0,1686,1,1686,bus_3359,bus,3,-0.30614502920849607,1.0457644272021682,1.1,0.9,-1019.0,3506.0,1
11,110.0,1686,1,1686,bus_3359,1686,3,-0.30614502920849607,1.0457644272021682,1.1,0.9,-1019.0,3506.0,1
8,22.0,220,1,220,bus_3292,bus,3,-0.1831719776999773,1.1000000103673626,1.1,0.9,-862.0,6928.0,1
8,22.0,220,1,220,bus_3292,220,3,-0.1831719776999773,1.1000000103673626,1.1,0.9,-862.0,6928.0,1
1,66.0,22,1,22,bus_1617,bus,1,-0.03777300615671503,1.0285494485460802,1.1,0.9,2829.0,2850.0,1
1,66.0,22,1,22,bus_1617,22,1,-0.03777300615671503,1.0285494485460802,1.1,0.9,2829.0,2850.0,1
2,132.0,1745,1,1745,bus_1326,bus,1,-0.35072640565266416,1.0501443397377246,1.1,0.9,579.0,-361.0,1
2,132.0,1745,1,1745,bus_1326,1745,1,-0.35072640565266416,1.0501443397377246,1.1,0.9,579.0,-361.0,1
7,10.5,878,1,878,bus_2034,bus,2,-0.3000297833818742,0.9695676810462458,1.1,0.9,1337.0,-4187.0,1
7,10.5,878,1,878,bus_2034,878,2,-0.3000297833818742,0.9695676810462458,1.1,0.9,1337.0,-4187.0,1
6,22.0,383,1,383,bus_2313,bus,2,0.16622345724308304,1.0738718935055678,1.1,0.9,52.0,-4501.0,1
6,22.0,383,1,383,bus_2313,383,2,0.16622345724308304,1.0738718935055678,1.1,0.9,52.0,-4501.0,1
9,20.0,1417,2,1417,bus_3431,bus,3,0.19388353161522423,1.0999985266823307,1.1,0.9,250.0,4608.0,1
9,20.0,1417,2,1417,bus_3431,1417,3,0.19388353161522423,1.0999985266823307,1.1,0.9,250.0,4608.0,1
12,11.0,1952,1,1952,bus_4408,bus,4,0.7493792334250132,1.0160870610393948,1.1,0.9,-3396.0,-1813.0,1
12,11.0,1952,1,1952,bus_4408,1952,4,0.7493792334250132,1.0160870610393948,1.1,0.9,-3396.0,-1813.0,1
12,33.0,324,1,324,bus_4375,bus,4,0.9664477778257183,1.054189597444129,1.1,0.9,-2759.0,-629.0,1
12,33.0,324,1,324,bus_4375,324,4,0.9664477778257183,1.054189597444129,1.1,0.9,-2759.0,-629.0,1
12,33.0,861,1,861,bus_4500,bus,4,0.9283677405908641,1.0644170433559361,1.1,0.9,-2424.0,-1109.0,1
12,33.0,861,1,861,bus_4500,861,4,0.9283677405908641,1.0644170433559361,1.1,0.9,-2424.0,-1109.0,1
14,7.6,700,1,700,bus_4426,bus,4,1.0079672793215542,0.9851879270810081,1.1,0.9,-2020.0,-3653.0,1
14,7.6,700,1,700,bus_4426,700,4,1.0079672793215542,0.9851879270810081,1.1,0.9,-2020.0,-3653.0,1
4,66.0,490,1,490,bus_1517,bus,1,-0.057650330346259764,1.094356024471166,1.1,0.9,894.0,-1382.0,1
4,66.0,490,1,490,bus_1517,490,1,-0.057650330346259764,1.094356024471166,1.1,0.9,894.0,-1382.0,1
14,66.0,1967,1,1967,bus_4254,bus,4,1.0267476421156634,1.0013946495626023,1.1,0.9,-2249.0,-3731.0,1
14,66.0,1967,1,1967,bus_4254,1967,4,1.0267476421156634,1.0013946495626023,1.1,0.9,-2249.0,-3731.0,1
1,132.0,506,1,506,bus_1239,bus,1,-0.23834140528216413,1.0593811098673116,1.1,0.9,380.0,1278.0,1
1,132.0,506,1,506,bus_1239,506,1,-0.23834140528216413,1.0593811098673116,1.1,0.9,380.0,1278.0,1
14,66.0,875,1,875,bus_4339,bus,4,0.9694798669928884,1.0511932704677116,1.1,0.9,-1757.0,-2733.0,1
14,66.0,875,1,875,bus_4339,875,4,0.9694798669928884,1.0511932704677116,1.1,0.9,-1757.0,-2733.0,1
14,11.0,72,1,72,bus_4438,bus,4,0.9400604591040812,1.0058478231013848,1.1,0.9,-2191.0,-3149.0,1
14,11.0,72,1,72,bus_4438,72,4,0.9400604591040812,1.0058478231013848,1.1,0.9,-2191.0,-3149.0,1
13,66.0,860,1,860,bus_4229,bus,4,0.43998858062387514,0.9057718051094805,1.1,0.9,-2143.0,-896.0,1
13,66.0,860,1,860,bus_4229,860,4,0.43998858062387514,0.9057718051094805,1.1,0.9,-2143.0,-896.0,1
9,33.0,1631,1,1631,bus_3029,bus,3,-0.31231082007294564,1.043750708525167,1.1,0.9,-772.0,4174.0,1
9,33.0,1631,1,1631,bus_3029,1631,3,-0.31231082007294564,1.043750708525167,1.1,0.9,-772.0,4174.0,1
6,22.0,1088,1,1088,bus_2300,bus,2,-0.49675664899552735,1.045022524629632,1.1,0.9,490.0,-4179.0,1
6,22.0,1088,1,1088,bus_2300,1088,2,-0.49675664899552735,1.045022524629632,1.1,0.9,490.0,-4179.0,1
4,11.0,667,1,667,bus_1068,bus,1,-0.06980276378410458,1.100000004556126,1.1,0.9,1188.0,-2387.0,1
4,11.0,667,1,667,bus_1068,667,1,-0.06980276378410458,1.100000004556126,1.1,0.9,1188.0,-2387.0,1
3,132.0,472,1,472,bus_1163,bus,1,-0.34477784763141583,1.051518018050615,1.1,0.9,1359.0,-538.0,1
3,132.0,472,1,472,bus_1163,472,1,-0.34477784763141583,1.051518018050615,1.1,0.9,1359.0,-538.0,1
9,33.0,524,1,524,bus_3026,bus,3,-0.06138101470381067,1.0359480199103097,1.1,0.9,680.0,3842.0,1
9,33.0,524,1,524,bus_3026,524,3,-0.06138101470381067,1.0359480199103097,1.1,0.9,680.0,3842.0,1
2,132.0,1037,1,1037,bus_1456,bus,1,-0.06372608038222251,1.0337336888808484,1.1,0.9,1663.0,1434.0,1
2,132.0,1037,1,1037,bus_1456,1037,1,-0.06372608038222251,1.0337336888808484,1.1,0.9,1663.0,1434.0,1
11,11.0,1226,1,1226,bus_3178,bus,3,-0.45577716250396194,1.0179412099170717,1.1,0.9,-832.0,2344.0,1
11,11.0,1226,1,1226,bus_3178,1226,3,-0.45577716250396194,1.0179412099170717,1.1,0.9,-832.0,2344.0,1
1,330.0,767,2,767,bus_1142,bus,1,-0.006681898698238588,1.1000000090432351,1.1,0.9,1349.0,2391.0,1
1,330.0,767,2,767,bus_1142,767,1,-0.006681898698238588,1.1000000090432351,1.1,0.9,1349.0,2391.0,1
14,15.75,145,1,145,bus_4052,bus,4,1.1521236748373622,1.0544858253657314,1.1,0.9,-1991.0,-2671.0,1
14,15.75,145,1,145,bus_4052,145,4,1.1521236748373622,1.0544858253657314,1.1,0.9,-1991.0,-2671.0,1
13,66.0,36,1,36,starbus_xf_4038_4035_4036_2,bus,4,0.9836521072195525,0.9737113997408027,1.1,0.9,-2711.0,-2716.0,1
13,66.0,36,1,36,starbus_xf_4038_4035_4036_2,36,4,0.9836521072195525,0.9737113997408027,1.1,0.9,-2711.0,-2716.0,1
7,33.0,1082,2,1082,bus_2246,bus,2,0.16407220535441847,1.0536652638247963,1.1,0.9,1510.0,-4562.0,1
7,33.0,1082,2,1082,bus_2246,1082,2,0.16407220535441847,1.0536652638247963,1.1,0.9,1510.0,-4562.0,1
9,66.0,1543,1,1543,bus_3103,bus,3,-0.2674386256036301,1.0579478648993492,1.1,0.9,-1010.0,4330.0,1
9,66.0,1543,1,1543,bus_3103,1543,3,-0.2674386256036301,1.0579478648993492,1.1,0.9,-1010.0,4330.0,1
1,11.0,353,1,353,bus_1619,bus,1,-0.037773007671019314,1.065951269125953,1.1,0.9,2832.0,2870.0,1
1,11.0,353,1,353,bus_1619,353,1,-0.037773007671019314,1.065951269125953,1.1,0.9,2832.0,2870.0,1
12,33.0,1325,1,1325,bus_4000,bus,4,0.9869403543508327,0.9660778373855436,1.1,0.9,-2910.0,-1044.0,1
12,33.0,1325,1,1325,bus_4000,1325,4,0.9869403543508327,0.9660778373855436,1.1,0.9,-2910.0,-1044.0,1
6,66.0,1509,1,1509,bus_2215,bus,2,-0.3892519818617646,1.0061933395509874,1.1,0.9,167.0,-3906.0,1
6,66.0,1509,1,1509,bus_2215,1509,2,-0.3892519818617646,1.0061933395509874,1.1,0.9,167.0,-3906.0,1
15,11.0,232,1,232,bus_5209,bus,5,-0.138783764125954,1.0372129835585238,1.1,0.9,1477.0,-6458.0,1
15,11.0,232,1,232,bus_5209,232,5,-0.138783764125954,1.0372129835585238,1.1,0.9,1477.0,-6458.0,1
13,132.0,407,1,407,bus_4193,bus,4,0.9480262822242156,1.028142832194623,1.1,0.9,-2249.0,-1373.0,1
13,132.0,407,1,407,bus_4193,407,4,0.9480262822242156,1.028142832194623,1.1,0.9,-2249.0,-1373.0,1
11,11.0,1648,1,1648,bus_3308,bus,3,-0.47096506336210037,0.9648889435370758,1.1,0.9,-1205.0,2130.0,1
11,11.0,1648,1,1648,bus_3308,1648,3,-0.47096506336210037,0.9648889435370758,1.1,0.9,-1205.0,2130.0,1
14,11.0,54,1,54,bus_4464,bus,4,0.9248219479584626,1.0353489774734148,1.1,0.9,-1626.0,-3336.0,1
14,11.0,54,1,54,bus_4464,54,4,0.9248219479584626,1.0353489774734148,1.1,0.9,-1626.0,-3336.0,1
9,132.0,724,1,724,bus_3034,bus,3,-0.19807504353895483,1.0592614395269242,1.1,0.9,-739.0,4414.0,1
9,132.0,724,1,724,bus_3034,724,3,-0.19807504353895483,1.0592614395269242,1.1,0.9,-739.0,4414.0,1
13,132.0,101,1,101,bus_4209,bus,4,0.8630645432238345,0.9837325071748986,1.1,0.9,-1518.0,-1647.0,1
13,132.0,101,1,101,bus_4209,101,4,0.8630645432238345,0.9837325071748986,1.1,0.9,-1518.0,-1647.0,1
14,11.0,792,1,792,bus_4424,bus,4,0.9714737590007524,0.9792943530822594,1.1,0.9,-1938.0,-3768.0,1
14,11.0,792,1,792,bus_4424,792,4,0.9714737590007524,0.9792943530822594,1.1,0.9,-1938.0,-3768.0,1
14,66.0,1605,1,1605,bus_4260,bus,4,1.0143770902429645,1.00433961956117,1.1,0.9,-2127.0,-4027.0,1
14,66.0,1605,1,1605,bus_4260,1605,4,1.0143770902429645,1.00433961956117,1.1,0.9,-2127.0,-4027.0,1
12,132.0,715,1,715,bus_4197,bus,4,0.9568911712406211,1.0563080960677163,1.1,0.9,-2609.0,-831.0,1
12,132.0,715,1,715,bus_4197,715,4,0.9568911712406211,1.0563080960677163,1.1,0.9,-2609.0,-831.0,1
12,33.0,1931,1,1931,bus_4364,bus,4,0.965277736443601,1.046617076154768,1.1,0.9,-2734.0,-1292.0,1
12,33.0,1931,1,1931,bus_4364,1931,4,0.965277736443601,1.046617076154768,1.1,0.9,-2734.0,-1292.0,1
15,33.0,945,1,945,bus_5000,bus,5,-0.1253969819654471,0.9889426478079788,1.1,0.9,2677.0,-5949.0,1
15,33.0,945,1,945,bus_5000,945,5,-0.1253969819654471,0.9889426478079788,1.1,0.9,2677.0,-5949.0,1
15,22.0,1054,1,1054,bus_5183,bus,5,-0.1295934391019257,1.0740866013264732,1.1,0.9,1335.0,-5915.0,1
15,22.0,1054,1,1054,bus_5183,1054,5,-0.1295934391019257,1.0740866013264732,1.1,0.9,1335.0,-5915.0,1
7,10.5,1115,2,1115,bus_2036,bus,2,-0.16902405352434072,1.0262168835332994,1.1,0.9,1284.0,-4291.0,1
7,10.5,1115,2,1115,bus_2036,1115,2,-0.16902405352434072,1.0262168835332994,1.1,0.9,1284.0,-4291.0,1
13,0.6899999999999998,1672,1,1672,bus_4018,bus,4,1.3380955304600863,0.9879098955057921,1.1,0.9,-2820.0,-2020.0,1
13,0.6899999999999998,1672,1,1672,bus_4018,1672,4,1.3380955304600863,0.9879098955057921,1.1,0.9,-2820.0,-2020.0,1
4,132.0,335,1,335,bus_1450,bus,1,-0.07387704736596223,1.0564557084924384,1.1,0.9,2287.0,-1477.0,1
4,132.0,335,1,335,bus_1450,335,1,-0.07387704736596223,1.0564557084924384,1.1,0.9,2287.0,-1477.0,1
14,11.0,630,1,630,bus_4496,bus,4,0.15020556018254957,1.0059602509718357,1.1,0.9,-929.0,-2573.0,1
14,11.0,630,1,630,bus_4496,630,4,0.15020556018254957,1.0059602509718357,1.1,0.9,-929.0,-2573.0,1
11,110.0,168,1,168,bus_3163,bus,3,-0.34499324436588796,1.0397419610250982,1.1,0.9,-44.0,2719.0,1
11,110.0,168,1,168,bus_3163,168,3,-0.34499324436588796,1.0397419610250982,1.1,0.9,-44.0,2719.0,1
3,132.0,1405,1,1405,bus_1486,bus,1,-0.3456259784062632,1.0510489896399962,1.1,0.9,1527.0,-552.0,1
3,132.0,1405,1,1405,bus_1486,1405,1,-0.3456259784062632,1.0510489896399962,1.1,0.9,1527.0,-552.0,1
11,110.0,403,1,403,bus_3204,bus,3,-0.2966196012558039,1.0512490517296518,1.1,0.9,-489.0,3482.0,1
11,110.0,403,1,403,bus_3204,403,3,-0.2966196012558039,1.0512490517296518,1.1,0.9,-489.0,3482.0,1
9,132.0,1522,1,1522,bus_3497,bus,3,-0.005287666675994593,1.0433505816344888,1.1,0.9,399.0,3634.0,1
9,132.0,1522,1,1522,bus_3497,1522,3,-0.005287666675994593,1.0433505816344888,1.1,0.9,399.0,3634.0,1
14,16.0,1013,1,1013,bus_4062,bus,4,1.2597234926377525,1.0401618618010986,1.1,0.9,-1815.0,-2614.0,1
14,16.0,1013,1,1013,bus_4062,1013,4,1.2597234926377525,1.0401618618010986,1.1,0.9,-1815.0,-2614.0,1
14,66.0,270,1,270,bus_4226,bus,4,1.0425130817173016,1.0121135255806009,1.1,0.9,-2009.0,-3012.0,1
14,66.0,270,1,270,bus_4226,270,4,1.0425130817173016,1.0121135255806009,1.1,0.9,-2009.0,-3012.0,1
15,110.0,476,1,476,bus_5053,bus,5,-0.09479778691671695,1.0667880899034872,1.1,0.9,1611.0,-5700.0,1
15,110.0,476,1,476,bus_5053,476,5,-0.09479778691671695,1.0667880899034872,1.1,0.9,1611.0,-5700.0,1
5,330.0,1027,1,1027,starbus_xf_2195_2293_2332_2,bus,2,-0.1425992666519089,1.0271059308525954,1.1,0.9,1023.0,-1994.0,1
5,330.0,1027,1,1027,starbus_xf_2195_2293_2332_2,1027,2,-0.1425992666519089,1.0271059308525954,1.1,0.9,1023.0,-1994.0,1
5,15.0,1433,2,1433,bus_2030,bus,2,0.12814272019801135,1.035680592511275,1.1,0.9,769.0,-1904.0,1
5,15.0,1433,2,1433,bus_2030,1433,2,0.12814272019801135,1.035680592511275,1.1,0.9,769.0,-1904.0,1
1,132.0,1435,1,1435,bus_1621,bus,1,-0.23060784317350894,1.0685862295503696,1.1,0.9,875.0,1476.0,1
1,132.0,1435,1,1435,bus_1621,1435,1,-0.23060784317350894,1.0685862295503696,1.1,0.9,875.0,1476.0,1
15,22.0,453,1,453,bus_5196,bus,5,-0.07889732412241265,1.067628642471234,1.1,0.9,2088.0,-6358.0,1
15,22.0,453,1,453,bus_5196,453,5,-0.07889732412241265,1.067628642471234,1.1,0.9,2088.0,-6358.0,1
8,33.0,954,1,954,bus_3659,bus,3,-0.3037984869106985,0.9809819574067623,1.1,0.9,-86.0,6101.0,1
8,33.0,954,1,954,bus_3659,954,3,-0.3037984869106985,0.9809819574067623,1.1,0.9,-86.0,6101.0,1
14,11.0,883,1,883,bus_4444,bus,4,0.9775265357532225,0.9970763406716594,1.1,0.9,-2351.0,-3218.0,1
14,11.0,883,1,883,bus_4444,883,4,0.9775265357532225,0.9970763406716594,1.1,0.9,-2351.0,-3218.0,1
11,275.0,88,2,88,bus_3583,bus,3,-0.25721549612687067,1.0634204998080345,1.1,0.9,-443.0,2658.0,1
11,275.0,88,2,88,bus_3583,88,3,-0.25721549612687067,1.0634204998080345,1.1,0.9,-443.0,2658.0,1
2,330.0,1815,1,1815,bus_1132,bus,1,-0.14359099617277354,1.0270742507729493,1.1,0.9,897.0,993.0,1
2,330.0,1815,1,1815,bus_1132,1815,1,-0.14359099617277354,1.0270742507729493,1.1,0.9,897.0,993.0,1
11,11.0,1791,1,1791,bus_3227,bus,3,-0.38626173486586896,1.008140307730766,1.1,0.9,-601.0,3486.0,1
11,11.0,1791,1,1791,bus_3227,1791,3,-0.38626173486586896,1.008140307730766,1.1,0.9,-601.0,3486.0,1
14,66.0,743,1,743,bus_4332,bus,4,1.025210656474339,1.0021744248153452,1.1,0.9,-2030.0,-3754.0,1
14,66.0,743,1,743,bus_4332,743,4,1.025210656474339,1.0021744248153452,1.1,0.9,-2030.0,-3754.0,1
1,132.0,1273,1,1273,bus_1193,bus,1,-0.20136299261574386,1.0817086441614856,1.1,0.9,1179.0,1409.0,1
1,132.0,1273,1,1273,bus_1193,1273,1,-0.20136299261574386,1.0817086441614856,1.1,0.9,1179.0,1409.0,1
15,220.0,77,1,77,bus_5139,bus,5,-0.038931778056845785,1.1000000040181128,1.1,0.9,1812.0,-5664.0,1
15,220.0,77,1,77,bus_5139,77,5,-0.038931778056845785,1.1000000040181128,1.1,0.9,1812.0,-5664.0,1
11,33.0,596,1,596,bus_3323,bus,3,-0.38393078070371883,1.0426495712487454,1.1,0.9,143.0,2729.0,1
11,33.0,596,1,596,bus_3323,596,3,-0.38393078070371883,1.0426495712487454,1.1,0.9,143.0,2729.0,1
2,132.0,972,1,972,bus_1418,bus,1,-0.23168356872496354,1.0345751374444259,1.1,0.9,-396.0,-263.0,1
2,132.0,972,1,972,bus_1418,972,1,-0.23168356872496354,1.0345751374444259,1.1,0.9,-396.0,-263.0,1
11,500.0,2003,1,2003,bus_fxf_275 kV double-circuit shunt reactors,bus,3,0.0,1.0,1.1,0.9,NaN,NaN,1
11,500.0,2003,1,2003,bus_fxf_275 kV double-circuit shunt reactors,2003,3,0.0,1.0,1.1,0.9,NaN,NaN,1
11,110.0,449,1,449,starbus_xf_3333_3335_3336_2,bus,3,-0.3792583489209024,1.0461816308279006,1.1,0.9,562.0,3029.0,1
11,110.0,449,1,449,starbus_xf_3333_3335_3336_2,449,3,-0.3792583489209024,1.0461816308279006,1.1,0.9,562.0,3029.0,1
11,275.0,1084,2,1084,bus_3582,bus,3,-0.2563672478944363,1.0633458887921898,1.1,0.9,-435.0,2649.0,1
11,275.0,1084,2,1084,bus_3582,1084,3,-0.2563672478944363,1.0633458887921898,1.1,0.9,-435.0,2649.0,1
14,11.0,387,1,387,bus_4484,bus,4,1.0135152795688023,0.9893536681460219,1.1,0.9,-1910.0,-3215.0,1
14,11.0,387,1,387,bus_4484,387,4,1.0135152795688023,0.9893536681460219,1.1,0.9,-1910.0,-3215.0,1
6,132.0,620,1,620,bus_2099,bus,2,-0.26702488855593687,1.0345418605850494,1.1,0.9,198.0,-3943.0,1
6,132.0,620,1,620,bus_2099,620,2,-0.26702488855593687,1.0345418605850494,1.1,0.9,198.0,-3943.0,1
8,33.0,450,1,450,bus_3110,bus,3,-0.30064551367993136,1.0477218545547955,1.1,0.9,-186.0,6022.0,1
8,33.0,450,1,450,bus_3110,450,3,-0.30064551367993136,1.0477218545547955,1.1,0.9,-186.0,6022.0,1
2,132.0,1322,1,1322,bus_1455,bus,1,-0.34684733730034334,1.049623823105755,1.1,0.9,438.0,792.0,1
2,132.0,1322,1,1322,bus_1455,1322,1,-0.34684733730034334,1.049623823105755,1.1,0.9,438.0,792.0,1
8,132.0,906,1,906,bus_3195,bus,3,-0.3176112918498757,1.0183840708176217,1.1,0.9,-917.0,6057.0,1
8,132.0,906,1,906,bus_3195,906,3,-0.3176112918498757,1.0183840708176217,1.1,0.9,-917.0,6057.0,1
14,66.0,586,1,586,bus_4270,bus,4,1.0039333970201443,1.0188917424659414,1.1,0.9,-2297.0,-3132.0,1
14,66.0,586,1,586,bus_4270,586,4,1.0039333970201443,1.0188917424659414,1.1,0.9,-2297.0,-3132.0,1
1,132.0,971,1,971,bus_1192,bus,1,-0.040990597484422624,1.0547818849473294,1.1,0.9,1626.0,1705.0,1
1,132.0,971,1,971,bus_1192,971,1,-0.040990597484422624,1.0547818849473294,1.1,0.9,1626.0,1705.0,1
9,132.0,635,1,635,bus_3476,bus,3,-0.1496013828226532,1.072590003113824,1.1,0.9,-590.0,4415.0,1
9,132.0,635,1,635,bus_3476,635,3,-0.1496013828226532,1.072590003113824,1.1,0.9,-590.0,4415.0,1
11,11.0,43,1,43,bus_3304,bus,3,-0.41780057446326463,1.011449648783798,1.1,0.9,638.0,3156.0,1
11,11.0,43,1,43,bus_3304,43,3,-0.41780057446326463,1.011449648783798,1.1,0.9,638.0,3156.0,1
2,330.0,1093,2,1093,bus_1133,bus,1,-0.23844067300055816,1.044537798774141,1.1,0.9,824.0,420.0,1
2,330.0,1093,2,1093,bus_1133,1093,1,-0.23844067300055816,1.044537798774141,1.1,0.9,824.0,420.0,1
11,275.0,1208,2,1208,bus_3601,bus,3,-0.21850980167216227,1.0667913244587892,1.1,0.9,-247.0,2974.0,1
11,275.0,1208,2,1208,bus_3601,1208,3,-0.21850980167216227,1.0667913244587892,1.1,0.9,-247.0,2974.0,1
9,275.0,1445,1,1445,bus_3624,bus,3,0.010250833806767445,1.088531565596881,1.1,0.9,475.0,3843.0,1
9,275.0,1445,1,1445,bus_3624,1445,3,0.010250833806767445,1.088531565596881,1.1,0.9,475.0,3843.0,1
2,500.0,1717,1,1717,starbus_xf_1097_1098_1161_2,bus,1,-0.09617128339679555,1.0059508407238282,1.1,0.9,799.0,-107.0,1
2,500.0,1717,1,1717,starbus_xf_1097_1098_1161_2,1717,1,-0.09617128339679555,1.0059508407238282,1.1,0.9,799.0,-107.0,1
6,66.0,893,2,893,bus_2265,bus,2,0.12128547028768126,1.0752623805104347,1.1,0.9,77.0,-4396.0,1
6,66.0,893,2,893,bus_2265,893,2,0.12128547028768126,1.0752623805104347,1.1,0.9,77.0,-4396.0,1
7,500.0,1004,1,1004,bus_2202,bus,2,-0.3298566772989217,1.0726186674619618,1.1,0.9,1821.0,-4255.0,1
7,500.0,1004,1,1004,bus_2202,1004,2,-0.3298566772989217,1.0726186674619618,1.1,0.9,1821.0,-4255.0,1
15,110.0,1277,1,1277,bus_5052,bus,5,-0.09344321114669588,1.064082225779875,1.1,0.9,1322.0,-5879.0,1
15,110.0,1277,1,1277,bus_5052,1277,5,-0.09344321114669588,1.064082225779875,1.1,0.9,1322.0,-5879.0,1
13,66.0,1531,1,1531,bus_4337,bus,4,0.9820596005672675,1.0218569087055434,1.1,0.9,-2440.0,-2336.0,1
13,66.0,1531,1,1531,bus_4337,1531,4,0.9820596005672675,1.0218569087055434,1.1,0.9,-2440.0,-2336.0,1
12,132.0,530,1,530,bus_4200,bus,4,0.9561517745102028,1.0445168767282307,1.1,0.9,-2525.0,-1301.0,1
12,132.0,530,1,530,bus_4200,530,4,0.9561517745102028,1.0445168767282307,1.1,0.9,-2525.0,-1301.0,1
6,132.0,602,1,602,bus_2101,bus,2,-0.14771069309453871,1.0220869602202345,1.1,0.9,40.0,-3765.0,1
6,132.0,602,1,602,bus_2101,602,2,-0.14771069309453871,1.0220869602202345,1.1,0.9,40.0,-3765.0,1
4,330.0,1344,1,1344,starbus_xf_1148_1077_1078_3,bus,1,0.06931618130963282,1.0331962162321786,1.1,0.9,1379.0,-1490.0,1
4,330.0,1344,1,1344,starbus_xf_1148_1077_1078_3,1344,1,0.06931618130963282,1.0331962162321786,1.1,0.9,1379.0,-1490.0,1
9,132.0,703,1,703,bus_3477,bus,3,-0.1335667911437844,1.0461912279175505,1.1,0.9,-522.0,4658.0,1
9,132.0,703,1,703,bus_3477,703,3,-0.1335667911437844,1.0461912279175505,1.1,0.9,-522.0,4658.0,1
8,66.0,594,1,594,bus_3004,bus,3,-0.4410670668881325,1.060499716266935,1.1,0.9,-917.0,6783.0,1
8,66.0,594,1,594,bus_3004,594,3,-0.4410670668881325,1.060499716266935,1.1,0.9,-917.0,6783.0,1
5,0.6899999999999998,651,1,651,bus_2056,bus,2,0.19627658092565406,1.0477119198698517,1.1,0.9,-297.0,-3716.0,1
5,0.6899999999999998,651,1,651,bus_2056,651,2,0.19627658092565406,1.0477119198698517,1.1,0.9,-297.0,-3716.0,1
13,132.0,1046,1,1046,bus_4177,bus,4,0.8973574465554004,1.019500347384735,1.1,0.9,-2135.0,-1327.0,1
13,132.0,1046,1,1046,bus_4177,1046,4,0.8973574465554004,1.019500347384735,1.1,0.9,-2135.0,-1327.0,1
11,33.0,1253,1,1253,bus_3392,bus,3,-0.3218044591592429,1.0557164949148747,1.1,0.9,-590.0,3172.0,1
11,33.0,1253,1,1253,bus_3392,1253,3,-0.3218044591592429,1.0557164949148747,1.1,0.9,-590.0,3172.0,1
1,132.0,1976,1,1976,bus_1356,bus,1,-0.20771294382116812,1.0798014779041951,1.1,0.9,1264.0,1484.0,1
1,132.0,1976,1,1976,bus_1356,1976,1,-0.20771294382116812,1.0798014779041951,1.1,0.9,1264.0,1484.0,1
9,132.0,932,1,932,bus_3173,bus,3,-0.21362297170992217,1.064295624205293,1.1,0.9,-758.0,4095.0,1
9,132.0,932,1,932,bus_3173,932,3,-0.21362297170992217,1.064295624205293,1.1,0.9,-758.0,4095.0,1
15,22.0,522,1,522,bus_5215,bus,5,-0.2323759978381291,0.9952019650462117,1.1,0.9,1511.0,-5677.0,1
15,22.0,522,1,522,bus_5215,522,5,-0.2323759978381291,0.9952019650462117,1.1,0.9,1511.0,-5677.0,1
5,66.0,962,1,962,bus_2286,bus,2,-0.09682609504482018,1.0568252993408611,1.1,0.9,275.0,-2785.0,1
5,66.0,962,1,962,bus_2286,962,2,-0.09682609504482018,1.0568252993408611,1.1,0.9,275.0,-2785.0,1
2,33.0,1838,1,1838,bus_1369,bus,1,-0.4006145236904155,1.0078673265809241,1.1,0.9,-473.0,449.0,1
2,33.0,1838,1,1838,bus_1369,1838,1,-0.4006145236904155,1.0078673265809241,1.1,0.9,-473.0,449.0,1
2,66.0,9,1,9,bus_1501,bus,1,-0.23881606477312117,1.0478066280143026,1.1,0.9,73.0,-156.0,1
2,66.0,9,1,9,bus_1501,9,1,-0.23881606477312117,1.0478066280143026,1.1,0.9,73.0,-156.0,1
8,19.1,1117,1,1117,bus_3485,bus,3,-0.22996669914056989,1.0856581676774977,1.1,0.9,-337.0,5608.0,1
8,19.1,1117,1,1117,bus_3485,1117,3,-0.22996669914056989,1.0856581676774977,1.1,0.9,-337.0,5608.0,1
2,23.0,1272,1,1272,bus_1081,bus,1,-0.1606056547538211,1.0258924215707623,1.1,0.9,787.0,739.0,1
2,23.0,1272,1,1272,bus_1081,1272,1,-0.1606056547538211,1.0258924215707623,1.1,0.9,787.0,739.0,1
8,132.0,1382,1,1382,bus_3067,bus,3,-0.35164125571507604,1.0303654957364246,1.1,0.9,-437.0,6566.0,1
8,132.0,1382,1,1382,bus_3067,1382,3,-0.35164125571507604,1.0303654957364246,1.1,0.9,-437.0,6566.0,1
6,500.0,1532,1,1532,bus_2208,bus,2,-0.3558422618083368,1.0595275351603426,1.1,0.9,453.0,-3333.0,1
6,500.0,1532,1,1532,bus_2208,1532,2,-0.3558422618083368,1.0595275351603426,1.1,0.9,453.0,-3333.0,1
11,110.0,12,2,12,bus_3496,bus,3,-0.2925664046279844,1.053455705088402,1.1,0.9,-444.0,3422.0,1
11,110.0,12,2,12,bus_3496,12,3,-0.2925664046279844,1.053455705088402,1.1,0.9,-444.0,3422.0,1
7,22.0,192,1,192,bus_2335,bus,2,-0.39502537799025367,0.9834339172387181,1.1,0.9,950.0,-4005.0,1
7,22.0,192,1,192,bus_2335,192,2,-0.39502537799025367,0.9834339172387181,1.1,0.9,950.0,-4005.0,1
1,66.0,552,1,552,bus_1598,bus,1,-0.10320016958032806,1.0359321365578016,1.1,0.9,2909.0,2742.0,1
1,66.0,552,1,552,bus_1598,552,1,-0.10320016958032806,1.0359321365578016,1.1,0.9,2909.0,2742.0,1
13,132.0,357,1,357,starbus_xf_4186_4230_4494_1,bus,4,0.43636805745270846,0.9047517410448648,1.1,0.9,-2175.0,-816.0,1
13,132.0,357,1,357,starbus_xf_4186_4230_4494_1,357,4,0.43636805745270846,0.9047517410448648,1.1,0.9,-2175.0,-816.0,1
3,132.0,1342,1,1342,bus_1252,bus,1,-0.31466633263231186,1.0496105488866538,1.1,0.9,875.0,144.0,1
3,132.0,1342,1,1342,bus_1252,1342,1,-0.31466633263231186,1.0496105488866538,1.1,0.9,875.0,144.0,1
13,66.0,1885,1,1885,bus_4278,bus,4,0.9640130385718999,1.0236208162241114,1.1,0.9,-1936.0,-2305.0,1
13,66.0,1885,1,1885,bus_4278,1885,4,0.9640130385718999,1.0236208162241114,1.1,0.9,-1936.0,-2305.0,1
3,132.0,417,1,417,bus_1382,bus,1,-0.34770586624609157,1.0514292304648094,1.1,0.9,1304.0,-378.0,1
3,132.0,417,1,417,bus_1382,417,1,-0.34770586624609157,1.0514292304648094,1.1,0.9,1304.0,-378.0,1
4,132.0,1700,1,1700,bus_1168,bus,1,-0.1193482899659572,1.100000009995269,1.1,0.9,887.0,-2086.0,1
4,132.0,1700,1,1700,bus_1168,1700,1,-0.1193482899659572,1.100000009995269,1.1,0.9,887.0,-2086.0,1
1,66.0,1608,1,1608,bus_1613,bus,1,0.027486856710323762,1.0336329143092806,1.1,0.9,2144.0,1943.0,1
1,66.0,1608,1,1608,bus_1613,1608,1,0.027486856710323762,1.0336329143092806,1.1,0.9,2144.0,1943.0,1
6,22.0,694,1,694,bus_2306,bus,2,-0.32828114498723365,0.99713819329672,1.1,0.9,339.0,-2924.0,1
6,22.0,694,1,694,bus_2306,694,2,-0.32828114498723365,0.99713819329672,1.1,0.9,339.0,-2924.0,1
2,66.0,1157,1,1157,bus_1513,bus,1,-0.1902807890091329,1.0740324222615927,1.1,0.9,710.0,62.0,1
2,66.0,1157,1,1157,bus_1513,1157,1,-0.1902807890091329,1.0740324222615927,1.1,0.9,710.0,62.0,1
13,275.0,1260,1,1260,bus_4154,bus,4,1.022433945314711,1.06710939543498,1.1,0.9,-2383.0,-1796.0,1
13,275.0,1260,1,1260,bus_4154,1260,4,1.022433945314711,1.06710939543498,1.1,0.9,-2383.0,-1796.0,1
9,33.0,426,1,426,bus_3383,bus,3,-0.3766477221758982,1.0463278113895578,1.1,0.9,-45.0,4293.0,1
9,33.0,426,1,426,bus_3383,426,3,-0.3766477221758982,1.0463278113895578,1.1,0.9,-45.0,4293.0,1
14,33.0,539,1,539,bus_4392,bus,4,0.148397453145341,1.0052963015526069,1.1,0.9,-926.0,-2601.0,1
14,33.0,539,1,539,bus_4392,539,4,0.148397453145341,1.0052963015526069,1.1,0.9,-926.0,-2601.0,1
13,275.0,991,1,991,bus_4104,bus,4,1.057858827814991,1.0613580423295144,1.1,0.9,-2402.0,-1656.0,1
13,275.0,991,1,991,bus_4104,991,4,1.057858827814991,1.0613580423295144,1.1,0.9,-2402.0,-1656.0,1
2,330.0,2034,1,2034,connection N10,bus,1,0.0,1.0,1.1,0.9,NaN,NaN,1
2,330.0,2034,1,2034,connection N10,2034,1,0.0,1.0,1.1,0.9,NaN,NaN,1
5,11.0,1301,1,1301,bus_1009,bus,1,-0.0354482465769997,1.0825243315415143,1.1,0.9,276.0,-3103.0,1
5,11.0,1301,1,1301,bus_1009,1301,1,-0.0354482465769997,1.0825243315415143,1.1,0.9,276.0,-3103.0,1
14,132.0,2038,1,2038,connection S10,bus,4,0.0,1.0,1.1,0.9,NaN,NaN,1
14,132.0,2038,1,2038,connection S10,2038,4,0.0,1.0,1.1,0.9,NaN,NaN,1
12,33.0,1340,1,1340,bus_4398,bus,4,0.9379529906466125,0.9460924977227494,1.1,0.9,-3482.0,-1608.0,1
12,33.0,1340,1,1340,bus_4398,1340,4,0.9379529906466125,0.9460924977227494,1.1,0.9,-3482.0,-1608.0,1
8,22.0,1014,1,1014,bus_3081,bus,3,-0.479141684689617,1.048500818337563,1.1,0.9,-952.0,7139.0,1
8,22.0,1014,1,1014,bus_3081,1014,3,-0.479141684689617,1.048500818337563,1.1,0.9,-952.0,7139.0,1
14,66.0,761,1,761,bus_4285,bus,4,0.9797244068042652,1.0331654936037507,1.1,0.9,-1784.0,-2602.0,1
14,66.0,761,1,761,bus_4285,761,4,0.9797244068042652,1.0331654936037507,1.1,0.9,-1784.0,-2602.0,1
8,66.0,610,1,610,bus_3006,bus,3,-0.5028491391315499,1.0464625769572855,1.1,0.9,-958.0,6865.0,1
8,66.0,610,1,610,bus_3006,610,3,-0.5028491391315499,1.0464625769572855,1.1,0.9,-958.0,6865.0,1
4,132.0,739,1,739,bus_1137,bus,1,-0.03468618895281315,1.0768996310029897,1.1,0.9,2600.0,-1798.0,1
4,132.0,739,1,739,bus_1137,739,1,-0.03468618895281315,1.0768996310029897,1.1,0.9,2600.0,-1798.0,1
15,22.0,1660,1,1660,bus_5194,bus,5,-0.16425787105329337,0.9733960932016995,1.1,0.9,2429.0,-5829.0,1
15,22.0,1660,1,1660,bus_5194,1660,5,-0.16425787105329337,0.9733960932016995,1.1,0.9,2429.0,-5829.0,1
2,132.0,1259,1,1259,bus_1258,bus,1,-0.3220037692799995,1.0373392214353248,1.1,0.9,135.0,-454.0,1
2,132.0,1259,1,1259,bus_1258,1259,1,-0.3220037692799995,1.0373392214353248,1.1,0.9,135.0,-454.0,1
14,66.0,1317,1,1317,bus_4307,bus,4,0.978296840554583,1.0842402793675203,1.1,0.9,-1893.0,-2668.0,1
14,66.0,1317,1,1317,bus_4307,1317,4,0.978296840554583,1.0842402793675203,1.1,0.9,-1893.0,-2668.0,1
13,10.5,1803,1,1803,bus_4041,bus,4,1.0578588283753159,0.9989252148529868,1.1,0.9,-2457.0,-1657.0,1
13,10.5,1803,1,1803,bus_4041,1803,4,1.0578588283753159,0.9989252148529868,1.1,0.9,-2457.0,-1657.0,1
14,33.0,1398,1,1398,bus_4388,bus,4,0.7458529841705263,0.9494827247940595,1.1,0.9,-1410.0,-1956.0,1
14,33.0,1398,1,1398,bus_4388,1398,4,0.7458529841705263,0.9494827247940595,1.1,0.9,-1410.0,-1956.0,1
13,275.0,1610,1,1610,bus_4135,bus,4,0.9968354469274332,1.0526616336980938,1.1,0.9,-1965.0,-2388.0,1
13,275.0,1610,1,1610,bus_4135,1610,4,0.9968354469274332,1.0526616336980938,1.1,0.9,-1965.0,-2388.0,1
4,33.0,179,2,179,bus_1565,bus,1,0.02248379291636985,1.0814098851076046,1.1,0.9,1522.0,-1083.0,1
4,33.0,179,2,179,bus_1565,179,1,0.02248379291636985,1.0814098851076046,1.1,0.9,1522.0,-1083.0,1
14,33.0,993,1,993,bus_4387,bus,4,0.7469265913849631,0.9489080067796409,1.1,0.9,-1394.0,-1914.0,1
14,33.0,993,1,993,bus_4387,993,4,0.7469265913849631,0.9489080067796409,1.1,0.9,-1394.0,-1914.0,1
14,11.0,905,1,905,bus_4468,bus,4,0.9309729714153729,1.026455371508473,1.1,0.9,-1452.0,-3242.0,1
14,11.0,905,1,905,bus_4468,905,4,0.9309729714153729,1.026455371508473,1.1,0.9,-1452.0,-3242.0,1
1,66.0,1406,1,1406,bus_1559,bus,1,-0.26912570754427895,1.0237279816710545,1.1,0.9,1771.0,1914.0,1
1,66.0,1406,1,1406,bus_1559,1406,1,-0.26912570754427895,1.0237279816710545,1.1,0.9,1771.0,1914.0,1
9,15.75,782,1,782,bus_3422,bus,3,0.1179176205187348,1.04914557496337,1.1,0.9,-463.0,4900.0,1
9,15.75,782,1,782,bus_3422,782,3,0.1179176205187348,1.04914557496337,1.1,0.9,-463.0,4900.0,1
8,132.0,1320,1,1320,bus_3259,bus,3,-0.35012952823954757,1.025855703871981,1.1,0.9,-599.0,6377.0,1
8,132.0,1320,1,1320,bus_3259,1320,3,-0.35012952823954757,1.025855703871981,1.1,0.9,-599.0,6377.0,1
15,1.0,239,1,239,bus_5225,bus,5,-0.13546441061884398,1.0486496418044404,1.1,0.9,1744.0,-6257.0,1
15,1.0,239,1,239,bus_5225,239,5,-0.13546441061884398,1.0486496418044404,1.1,0.9,1744.0,-6257.0,1
14,66.0,911,1,911,starbus_xf_4257_4379_4434_1,bus,4,1.0193178879418208,0.9890464206044997,1.1,0.9,-2053.0,-3911.0,1
14,66.0,911,1,911,starbus_xf_4257_4379_4434_1,911,4,1.0193178879418208,0.9890464206044997,1.1,0.9,-2053.0,-3911.0,1
2,132.0,1200,1,1200,bus_1451,bus,1,-0.34151784501855076,1.0579688202080657,1.1,0.9,545.0,492.0,1
2,132.0,1200,1,1200,bus_1451,1200,1,-0.34151784501855076,1.0579688202080657,1.1,0.9,545.0,492.0,1
15,110.0,737,1,737,bus_5075,bus,5,-0.16425788598024738,1.0215794321762242,1.1,0.9,2403.0,-5786.0,1
15,110.0,737,1,737,bus_5075,737,5,-0.16425788598024738,1.0215794321762242,1.1,0.9,2403.0,-5786.0,1
4,15.4,1032,2,1032,bus_1042,bus,1,0.20408733753833153,0.9607459703957609,1.1,0.9,1307.0,-1628.0,1
4,15.4,1032,2,1032,bus_1042,1032,1,0.20408733753833153,0.9607459703957609,1.1,0.9,1307.0,-1628.0,1
4,330.0,1822,1,1822,starbus_xf_2191_2018_2019_6,bus,2,0.029714745751537798,0.9924945752841418,1.1,0.9,786.0,-1869.0,1
4,330.0,1822,1,1822,starbus_xf_2191_2018_2019_6,1822,2,0.029714745751537798,0.9924945752841418,1.1,0.9,786.0,-1869.0,1
14,11.0,889,1,889,bus_4465,bus,4,0.9318678179907919,1.0261510042334607,1.1,0.9,-1608.0,-3485.0,1
14,11.0,889,1,889,bus_4465,889,4,0.9318678179907919,1.0261510042334607,1.1,0.9,-1608.0,-3485.0,1
3,330.0,1528,1,1528,bus_1569,bus,1,-0.2706546034531623,1.0512921799993844,1.1,0.9,1157.0,-402.0,1
3,330.0,1528,1,1528,bus_1569,1528,1,-0.2706546034531623,1.0512921799993844,1.1,0.9,1157.0,-402.0,1
4,33.0,1817,1,1817,bus_1564,bus,1,0.024443296330466165,1.0417064754977208,1.1,0.9,1563.0,-1055.0,1
4,33.0,1817,1,1817,bus_1564,1817,1,0.024443296330466165,1.0417064754977208,1.1,0.9,1563.0,-1055.0,1
14,11.0,488,1,488,bus_4447,bus,4,0.9472802254135347,1.0040770002282486,1.1,0.9,-2408.0,-3221.0,1
14,11.0,488,1,488,bus_4447,488,4,0.9472802254135347,1.0040770002282486,1.1,0.9,-2408.0,-3221.0,1
15,110.0,525,1,525,bus_5095,bus,5,-0.12373896079375657,1.028762437464582,1.1,0.9,1911.0,-6098.0,1
15,110.0,525,1,525,bus_5095,525,5,-0.12373896079375657,1.028762437464582,1.1,0.9,1911.0,-6098.0,1
14,132.0,1403,1,1403,starbus_xf_4220_4074_4499_5,bus,4,0.34752042189645793,1.0589788058523955,1.1,0.9,-888.0,-2745.0,1
14,132.0,1403,1,1403,starbus_xf_4220_4074_4499_5,1403,4,0.34752042189645793,1.0589788058523955,1.1,0.9,-888.0,-2745.0,1
15,110.0,2039,1,2039,connection T4,bus,5,0.0,1.0,1.1,0.9,NaN,NaN,1
15,110.0,2039,1,2039,connection T4,2039,5,0.0,1.0,1.1,0.9,NaN,NaN,1
12,11.0,458,1,458,bus_4406,bus,4,0.7509239974064279,1.0176074369709731,1.1,0.9,-3384.0,-1875.0,1
12,11.0,458,1,458,bus_4406,458,4,0.7509239974064279,1.0176074369709731,1.1,0.9,-3384.0,-1875.0,1
1,66.0,696,1,696,bus_1527,bus,1,-0.06703057600618142,1.0705147984052932,1.1,0.9,1873.0,2274.0,1
1,66.0,696,1,696,bus_1527,696,1,-0.06703057600618142,1.0705147984052932,1.1,0.9,1873.0,2274.0,1
8,132.0,745,1,745,bus_3643,bus,3,-0.333379075016586,1.025088343202311,1.1,0.9,-660.0,6857.0,1
8,132.0,745,1,745,bus_3643,745,3,-0.333379075016586,1.025088343202311,1.1,0.9,-660.0,6857.0,1
13,11.5,1450,1,1450,bus_4036,bus,4,0.9836521053135142,0.9724851167002108,1.1,0.9,-2719.0,-2698.0,1
13,11.5,1450,1,1450,bus_4036,1450,4,0.9836521053135142,0.9724851167002108,1.1,0.9,-2719.0,-2698.0,1
2,11.0,1541,1,1541,bus_1542,bus,1,-0.2915837372065172,1.0427877309712505,1.1,0.9,199.0,1000.0,1
2,11.0,1541,1,1541,bus_1542,1541,1,-0.2915837372065172,1.0427877309712505,1.1,0.9,199.0,1000.0,1
4,33.0,1865,1,1865,bus_1383,bus,1,0.019903915892048145,1.0115252359208755,1.1,0.9,407.0,-1151.0,1
4,33.0,1865,1,1865,bus_1383,1865,1,0.019903915892048145,1.0115252359208755,1.1,0.9,407.0,-1151.0,1
2,500.0,668,1,668,bus_1097,bus,1,-0.07507725279910905,1.0682315324279201,1.1,0.9,789.0,-107.0,1
2,500.0,668,1,668,bus_1097,668,1,-0.07507725279910905,1.0682315324279201,1.1,0.9,789.0,-107.0,1
4,132.0,1877,1,1877,bus_1139,bus,1,-0.17168932518283503,1.045569616396981,1.1,0.9,1042.0,-2200.0,1
4,132.0,1877,1,1877,bus_1139,1877,1,-0.17168932518283503,1.045569616396981,1.1,0.9,1042.0,-2200.0,1
8,11.0,45,1,45,bus_3453,bus,3,-0.4676461359546967,0.9305520388204277,1.1,0.9,-1445.0,6842.0,1
8,11.0,45,1,45,bus_3453,45,3,-0.4676461359546967,0.9305520388204277,1.1,0.9,-1445.0,6842.0,1
2,330.0,1427,1,1427,bus_1120,bus,1,-0.20870194550937252,1.044742095039011,1.1,0.9,692.0,-193.0,1
2,330.0,1427,1,1427,bus_1120,1427,1,-0.20870194550937252,1.044742095039011,1.1,0.9,692.0,-193.0,1
2,330.0,1910,1,1910,bus_1119,bus,1,-0.1036510870157824,1.0493972690955367,1.1,0.9,912.0,-715.0,1
2,330.0,1910,1,1910,bus_1119,1910,1,-0.1036510870157824,1.0493972690955367,1.1,0.9,912.0,-715.0,1
9,15.75,1663,2,1663,bus_3526,bus,3,0.20095367959608085,1.026934076573782,1.1,0.9,889.0,3622.0,1
9,15.75,1663,2,1663,bus_3526,1663,3,0.20095367959608085,1.026934076573782,1.1,0.9,889.0,3622.0,1
2,500.0,436,1,436,bus_1099,bus,1,0.06793269241031377,1.0747930173806841,1.1,0.9,825.0,368.0,1
2,500.0,436,1,436,bus_1099,436,1,0.06793269241031377,1.0747930173806841,1.1,0.9,825.0,368.0,1
8,6.6,527,1,527,bus_3457,bus,3,-0.46459895660589,0.9822803155095595,1.1,0.9,-1542.0,7026.0,1
8,6.6,527,1,527,bus_3457,527,3,-0.46459895660589,0.9822803155095595,1.1,0.9,-1542.0,7026.0,1
6,66.0,872,1,872,bus_2273,bus,2,-0.5462570362519857,1.0309086305209014,1.1,0.9,849.0,-3735.0,1
6,66.0,872,1,872,bus_2273,872,2,-0.5462570362519857,1.0309086305209014,1.1,0.9,849.0,-3735.0,1
14,11.0,1581,1,1581,bus_4437,bus,4,0.9448079848133509,0.9889306276811655,1.1,0.9,-2164.0,-4133.0,1
14,11.0,1581,1,1581,bus_4437,1581,4,0.9448079848133509,0.9889306276811655,1.1,0.9,-2164.0,-4133.0,1
5,330.0,440,1,440,starbus_xf_2195_2293_2332_1,bus,2,-0.14204129073781857,1.0267766367942153,1.1,0.9,775.0,-2329.0,1
5,330.0,440,1,440,starbus_xf_2195_2293_2332_1,440,2,-0.14204129073781857,1.0267766367942153,1.1,0.9,775.0,-2329.0,1
14,33.0,1002,1,1002,bus_4340,bus,4,0.19675904725284143,0.9823117627833036,1.1,0.9,-1008.0,-2283.0,1
14,33.0,1002,1,1002,bus_4340,1002,4,0.19675904725284143,0.9823117627833036,1.1,0.9,-1008.0,-2283.0,1
12,132.0,105,1,105,bus_4170,bus,4,0.9944450830509841,1.049199747093307,1.1,0.9,-3108.0,-1515.0,1
12,132.0,105,1,105,bus_4170,105,4,0.9944450830509841,1.049199747093307,1.1,0.9,-3108.0,-1515.0,1
1,132.0,1872,1,1872,bus_1419,bus,1,-0.1614906697722875,1.0741056237405284,1.1,0.9,2191.0,2245.0,1
1,132.0,1872,1,1872,bus_1419,1872,1,-0.1614906697722875,1.0741056237405284,1.1,0.9,2191.0,2245.0,1
4,132.0,547,1,547,starbus_xf_1296_1504_1506_1,bus,1,-0.1402170306234193,1.086073078545694,1.1,0.9,625.0,-1182.0,1
4,132.0,547,1,547,starbus_xf_1296_1504_1506_1,547,1,-0.1402170306234193,1.086073078545694,1.1,0.9,625.0,-1182.0,1
4,11.0,1916,2,1916,bus_1031,bus,1,0.15612610029799479,1.0092122198268056,1.1,0.9,1078.0,-1731.0,1
4,11.0,1916,2,1916,bus_1031,1916,1,0.15612610029799479,1.0092122198268056,1.1,0.9,1078.0,-1731.0,1
2,11.0,400,1,400,bus_1515,bus,1,-0.13865450324060535,1.0870472009294037,1.1,0.9,582.0,-50.0,1
2,11.0,400,1,400,bus_1515,400,1,-0.13865450324060535,1.0870472009294037,1.1,0.9,582.0,-50.0,1
7,66.0,695,1,695,bus_2264,bus,2,-0.5310052520380627,1.0009618672279372,1.1,0.9,1031.0,-3962.0,1
7,66.0,695,1,695,bus_2264,695,2,-0.5310052520380627,1.0009618672279372,1.1,0.9,1031.0,-3962.0,1
13,275.0,480,1,480,bus_4128,bus,4,1.0386949127993725,1.0562111174908497,1.1,0.9,-1960.0,-2598.0,1
13,275.0,480,1,480,bus_4128,480,4,1.0386949127993725,1.0562111174908497,1.1,0.9,-1960.0,-2598.0,1
11,110.0,728,1,728,bus_3397,bus,3,-0.3414063401388392,1.0458563963832033,1.1,0.9,-1228.0,2079.0,1
11,110.0,728,1,728,bus_3397,728,3,-0.3414063401388392,1.0458563963832033,1.1,0.9,-1228.0,2079.0,1
2,132.0,1214,1,1214,bus_1263,bus,1,-0.20562655348684497,1.0668448946871865,1.1,0.9,89.0,-202.0,1
2,132.0,1214,1,1214,bus_1263,1214,1,-0.20562655348684497,1.0668448946871865,1.1,0.9,89.0,-202.0,1
8,132.0,744,2,744,bus_3243,bus,3,-0.28462026217938313,1.034808232324631,1.1,0.9,-129.0,6039.0,1
8,132.0,744,2,744,bus_3243,744,3,-0.28462026217938313,1.034808232324631,1.1,0.9,-129.0,6039.0,1
9,275.0,296,1,296,bus_3573,bus,3,0.05995958830120667,1.0927176675835448,1.1,0.9,186.0,4388.0,1
9,275.0,296,1,296,bus_3573,296,3,0.05995958830120667,1.0927176675835448,1.1,0.9,186.0,4388.0,1
12,0.6899999999999998,392,2,392,bus_4024,bus,4,1.2565091594234374,1.0137177972003975,1.1,0.9,-3059.0,-1328.0,1
12,0.6899999999999998,392,2,392,bus_4024,392,4,1.2565091594234374,1.0137177972003975,1.1,0.9,-3059.0,-1328.0,1
8,132.0,722,2,722,bus_3080,bus,3,-0.4481852909603554,1.0178348411297058,1.1,0.9,-926.0,7042.0,1
8,132.0,722,2,722,bus_3080,722,3,-0.4481852909603554,1.0178348411297058,1.1,0.9,-926.0,7042.0,1
11,33.0,775,1,775,bus_3049,bus,3,-0.36066018082771256,1.0175908989265334,1.1,0.9,-51.0,3089.0,1
11,33.0,775,1,775,bus_3049,775,3,-0.36066018082771256,1.0175908989265334,1.1,0.9,-51.0,3089.0,1
2,11.0,1039,1,1039,bus_1516,bus,1,-0.13749962125964915,1.0870045903193224,1.1,0.9,467.0,-53.0,1
2,11.0,1039,1,1039,bus_1516,1039,1,-0.13749962125964915,1.0870045903193224,1.1,0.9,467.0,-53.0,1
6,66.0,1103,1,1103,bus_2252,bus,2,-0.48547527381827343,1.0449263406708102,1.1,0.9,416.0,-4320.0,1
6,66.0,1103,1,1103,bus_2252,1103,2,-0.48547527381827343,1.0449263406708102,1.1,0.9,416.0,-4320.0,1
14,11.0,624,1,624,bus_4463,bus,4,0.901639194059321,1.0207338779346404,1.1,0.9,-1720.0,-2989.0,1
14,11.0,624,1,624,bus_4463,624,4,0.901639194059321,1.0207338779346404,1.1,0.9,-1720.0,-2989.0,1
13,11.0,625,1,625,bus_4479,bus,4,0.9633686677124899,1.040219026433706,1.1,0.9,-1940.0,-1963.0,1
13,11.0,625,1,625,bus_4479,625,4,0.9633686677124899,1.040219026433706,1.1,0.9,-1940.0,-1963.0,1
2,330.0,50,1,50,bus_1117,bus,1,-0.2673609081614541,1.0458847725856544,1.1,0.9,764.0,27.0,1
2,330.0,50,1,50,bus_1117,50,1,-0.2673609081614541,1.0458847725856544,1.1,0.9,764.0,27.0,1
6,220.0,1247,1,1247,starbus_xf_2145_2243_2306_1,bus,2,-0.3125390654565408,1.0117572224393336,1.1,0.9,486.0,-2743.0,1
6,220.0,1247,1,1247,starbus_xf_2145_2243_2306_1,1247,2,-0.3125390654565408,1.0117572224393336,1.1,0.9,486.0,-2743.0,1
9,11.8,526,1,526,bus_3040,bus,3,-0.024239929495219113,1.0578380680194606,1.1,0.9,562.0,5064.0,1
9,11.8,526,1,526,bus_3040,526,3,-0.024239929495219113,1.0578380680194606,1.1,0.9,562.0,5064.0,1
12,33.0,1674,1,1674,bus_4350,bus,4,0.9324669783486149,1.0691088622200249,1.1,0.9,-2540.0,-632.0,1
12,33.0,1674,1,1674,bus_4350,1674,4,0.9324669783486149,1.0691088622200249,1.1,0.9,-2540.0,-632.0,1
7,66.0,1679,1,1679,bus_2232,bus,2,-0.5641397352502499,1.0382973146794097,1.1,0.9,929.0,-4072.0,1
7,66.0,1679,1,1679,bus_2232,1679,2,-0.5641397352502499,1.0382973146794097,1.1,0.9,929.0,-4072.0,1
8,66.0,162,1,162,bus_3064,bus,3,-0.30382966279396706,1.0440577232402923,1.1,0.9,-753.0,5859.0,1
8,66.0,162,1,162,bus_3064,162,3,-0.30382966279396706,1.0440577232402923,1.1,0.9,-753.0,5859.0,1
8,10.5,1639,1,1639,bus_3463,bus,3,-0.06656990358191123,0.9854364647727193,1.1,0.9,-428.0,7430.0,1
8,10.5,1639,1,1639,bus_3463,1639,3,-0.06656990358191123,0.9854364647727193,1.1,0.9,-428.0,7430.0,1
2,132.0,63,1,63,bus_1179,bus,1,-0.1317282013205184,1.0943207795242897,1.1,0.9,398.0,-61.0,1
2,132.0,63,1,63,bus_1179,63,1,-0.1317282013205184,1.0943207795242897,1.1,0.9,398.0,-61.0,1
14,11.0,1962,1,1962,bus_4430,bus,4,0.9977000066052927,0.9885717518534206,1.1,0.9,-1942.0,-3404.0,1
14,11.0,1962,1,1962,bus_4430,1962,4,0.9977000066052927,0.9885717518534206,1.1,0.9,-1942.0,-3404.0,1
2,132.0,92,1,92,bus_1264,bus,1,-0.3485420531808296,1.0493159082182184,1.1,0.9,470.0,465.0,1
2,132.0,92,1,92,bus_1264,92,1,-0.3485420531808296,1.0493159082182184,1.1,0.9,470.0,465.0,1
14,132.0,1757,1,1757,starbus_xf_4220_4394_4497_1,bus,4,0.2648732698416799,1.0573893457083343,1.1,0.9,-857.0,-2792.0,1
14,132.0,1757,1,1757,starbus_xf_4220_4394_4497_1,1757,4,0.2648732698416799,1.0573893457083343,1.1,0.9,-857.0,-2792.0,1
2,330.0,1299,1,1299,bus_1098,bus,1,-0.09999432656131109,1.0518072108466041,1.1,0.9,818.0,-295.0,1
2,330.0,1299,1,1299,bus_1098,1299,1,-0.09999432656131109,1.0518072108466041,1.1,0.9,818.0,-295.0,1
15,110.0,1775,1,1775,bus_5091,bus,5,-0.1134886785104553,1.0302924839755965,1.1,0.9,1795.0,-6295.0,1
15,110.0,1775,1,1775,bus_5091,1775,5,-0.1134886785104553,1.0302924839755965,1.1,0.9,1795.0,-6295.0,1
2,132.0,214,1,214,starbus_xf_1428_1501_1540_2,bus,1,-0.234466769811002,1.0487725143760835,1.1,0.9,83.0,-156.0,1
2,132.0,214,1,214,starbus_xf_1428_1501_1540_2,214,1,-0.234466769811002,1.0487725143760835,1.1,0.9,83.0,-156.0,1
3,132.0,1917,1,1917,bus_1281,bus,1,-0.3538853652978019,1.0509862160103354,1.1,0.9,882.0,-668.0,1
3,132.0,1917,1,1917,bus_1281,1917,1,-0.3538853652978019,1.0509862160103354,1.1,0.9,882.0,-668.0,1
9,132.0,573,1,573,bus_3060,bus,3,-0.11086162282300452,1.0653552519080292,1.1,0.9,511.0,5168.0,1
9,132.0,573,1,573,bus_3060,573,3,-0.11086162282300452,1.0653552519080292,1.1,0.9,511.0,5168.0,1
8,132.0,780,1,780,bus_3140,bus,3,-0.3351913365305376,1.0254212055615413,1.1,0.9,-656.0,6759.0,1
8,132.0,780,1,780,bus_3140,780,3,-0.3351913365305376,1.0254212055615413,1.1,0.9,-656.0,6759.0,1
13,9.5,949,1,949,bus_4044,bus,4,1.0578588289453734,0.9989252067458285,1.1,0.9,-2437.0,-1620.0,1
13,9.5,949,1,949,bus_4044,949,4,1.0578588289453734,0.9989252067458285,1.1,0.9,-2437.0,-1620.0,1
5,500.0,1387,1,1387,bus_2209,bus,2,-0.21738413926592012,1.0204188489748507,1.1,0.9,-82.0,-3150.0,1
5,500.0,1387,1,1387,bus_2209,1387,2,-0.21738413926592012,1.0204188489748507,1.1,0.9,-82.0,-3150.0,1
15,110.0,1071,1,1071,bus_5127,bus,5,-0.3191701840826492,1.0598109422245139,1.1,0.9,1508.0,-5350.0,1
15,110.0,1071,1,1071,bus_5127,1071,5,-0.3191701840826492,1.0598109422245139,1.1,0.9,1508.0,-5350.0,1
4,11.0,999,1,999,bus_2089,bus,2,0.20590625484133768,1.092728590092884,1.1,0.9,1182.0,-1830.0,1
4,11.0,999,1,999,bus_2089,999,2,0.20590625484133768,1.092728590092884,1.1,0.9,1182.0,-1830.0,1
4,330.0,671,1,671,starbus_xf_1118_1038_1039_1,bus,1,0.10509163746073089,0.9786833658611954,1.1,0.9,1374.0,-1619.0,1
4,330.0,671,1,671,starbus_xf_1118_1038_1039_1,671,1,0.10509163746073089,0.9786833658611954,1.1,0.9,1374.0,-1619.0,1
11,110.0,812,1,812,bus_3395,bus,3,-0.28681366591795887,1.0538556063310751,1.1,0.9,-469.0,3656.0,1
11,110.0,812,1,812,bus_3395,812,3,-0.28681366591795887,1.0538556063310751,1.1,0.9,-469.0,3656.0,1
6,330.0,2029,1,2029,connection V1,bus,2,0.0,1.0,1.1,0.9,NaN,NaN,1
6,330.0,2029,1,2029,connection V1,2029,2,0.0,1.0,1.1,0.9,NaN,NaN,1
14,7.6,1262,1,1262,bus_4483,bus,4,0.9812336520093279,0.9583158164429627,1.1,0.9,-2056.0,-3852.0,1
14,7.6,1262,1,1262,bus_4483,1262,4,0.9812336520093279,0.9583158164429627,1.1,0.9,-2056.0,-3852.0,1
4,132.0,719,1,719,bus_1238,bus,1,0.17299246243765617,1.0699856073119436,1.1,0.9,1931.0,-1833.0,1
4,132.0,719,1,719,bus_1238,719,1,0.17299246243765617,1.0699856073119436,1.1,0.9,1931.0,-1833.0,1
15,110.0,1409,1,1409,bus_5074,bus,5,-0.17911026654029166,1.0179666181837457,1.1,0.9,2172.0,-5727.0,1
15,110.0,1409,1,1409,bus_5074,1409,5,-0.17911026654029166,1.0179666181837457,1.1,0.9,2172.0,-5727.0,1
4,15.4,1892,2,1892,bus_1043,bus,1,0.20872544334504617,0.9600638179799952,1.1,0.9,1324.0,-1614.0,1
4,15.4,1892,2,1892,bus_1043,1892,1,0.20872544334504617,0.9600638179799952,1.1,0.9,1324.0,-1614.0,1
12,132.0,1569,1,1569,bus_4157,bus,4,0.9856042324651146,1.007553979352179,1.1,0.9,-3501.0,-1584.0,1
12,132.0,1569,1,1569,bus_4157,1569,4,0.9856042324651146,1.007553979352179,1.1,0.9,-3501.0,-1584.0,1
1,11.0,544,1,544,bus_1632,bus,1,-0.14262706350759785,1.0622511069389486,1.1,0.9,2114.0,2269.0,1
1,11.0,544,1,544,bus_1632,544,1,-0.14262706350759785,1.0622511069389486,1.1,0.9,2114.0,2269.0,1
6,66.0,275,1,275,bus_2210,bus,2,-0.4735283819392949,1.0522673135079084,1.1,0.9,430.0,-4263.0,1
6,66.0,275,1,275,bus_2210,275,2,-0.4735283819392949,1.0522673135079084,1.1,0.9,430.0,-4263.0,1
15,13.8,1707,2,1707,bus_5004,bus,5,0.11471798221641306,1.0309393654871146,1.1,0.9,1810.0,-5711.0,1
15,13.8,1707,2,1707,bus_5004,1707,5,0.11471798221641306,1.0309393654871146,1.1,0.9,1810.0,-5711.0,1
9,20.0,826,1,826,bus_3586,bus,3,0.014141088853714675,1.0414030159368908,1.1,0.9,-76.0,4901.0,1
9,20.0,826,1,826,bus_3586,826,3,0.014141088853714675,1.0414030159368908,1.1,0.9,-76.0,4901.0,1
15,22.0,1806,1,1806,bus_5220,bus,5,-0.23248409199511316,0.9969384774676301,1.1,0.9,1427.0,-5695.0,1
15,22.0,1806,1,1806,bus_5220,1806,5,-0.23248409199511316,0.9969384774676301,1.1,0.9,1427.0,-5695.0,1
6,220.0,1934,1,1934,bus_2120,bus,2,-0.10800405678141652,1.0732927597962678,1.1,0.9,735.0,-2765.0,1
6,220.0,1934,1,1934,bus_2120,1934,2,-0.10800405678141652,1.0732927597962678,1.1,0.9,735.0,-2765.0,1
13,11.0,940,1,940,bus_4461,bus,4,0.832815469615814,0.9814683939946915,1.1,0.9,-2012.0,-2461.0,1
13,11.0,940,1,940,bus_4461,940,4,0.832815469615814,0.9814683939946915,1.1,0.9,-2012.0,-2461.0,1
2,23.0,899,1,899,bus_1017,bus,1,0.19832406709757303,1.0214596344395033,1.1,0.9,1001.0,674.0,1
2,23.0,899,1,899,bus_1017,899,1,0.19832406709757303,1.0214596344395033,1.1,0.9,1001.0,674.0,1
11,11.0,516,1,516,bus_3133,bus,3,-0.3103744211537263,1.0178041465250862,1.1,0.9,-585.0,3311.0,1
11,11.0,516,1,516,bus_3133,516,3,-0.3103744211537263,1.0178041465250862,1.1,0.9,-585.0,3311.0,1
6,22.0,1536,1,1536,bus_2296,bus,2,-0.1863484823875487,1.012301918995372,1.1,0.9,71.0,-4088.0,1
6,22.0,1536,1,1536,bus_2296,1536,2,-0.1863484823875487,1.012301918995372,1.1,0.9,71.0,-4088.0,1
6,66.0,1664,1,1664,bus_2222,bus,2,-0.41336884764645115,1.0663464473474482,1.1,0.9,479.0,-4185.0,1
6,66.0,1664,1,1664,bus_2222,1664,2,-0.41336884764645115,1.0663464473474482,1.1,0.9,479.0,-4185.0,1
2,33.0,286,1,286,bus_1161,bus,1,-0.09517073904722216,0.9817159781616906,1.1,0.9,821.0,-196.0,1
2,33.0,286,1,286,bus_1161,286,1,-0.09517073904722216,0.9817159781616906,1.1,0.9,821.0,-196.0,1
9,132.0,1573,1,1573,bus_3102,bus,3,-0.22384009724907575,1.0587119745671059,1.1,0.9,-946.0,4295.0,1
9,132.0,1573,1,1573,bus_3102,1573,3,-0.22384009724907575,1.0587119745671059,1.1,0.9,-946.0,4295.0,1
5,500.0,2037,1,2037,connection V8,bus,2,0.0,1.0,1.1,0.9,NaN,NaN,1
5,500.0,2037,1,2037,connection V8,2037,2,0.0,1.0,1.1,0.9,NaN,NaN,1
4,132.0,1451,1,1451,bus_1136,bus,1,0.206001382612786,1.0924439660374925,1.1,0.9,2127.0,-1817.0,1
4,132.0,1451,1,1451,bus_1136,1451,1,0.206001382612786,1.0924439660374925,1.1,0.9,2127.0,-1817.0,1
3,33.0,1870,1,1870,bus_1577,bus,1,-0.4674998843028235,1.048415684359258,1.1,0.9,1032.0,-710.0,1
3,33.0,1870,1,1870,bus_1577,1870,1,-0.4674998843028235,1.048415684359258,1.1,0.9,1032.0,-710.0,1
13,33.0,459,1,459,bus_4336,bus,4,0.881813666224696,1.0039981484147407,1.1,0.9,-1859.0,-1516.0,1
13,33.0,459,1,459,bus_4336,459,4,0.881813666224696,1.0039981484147407,1.1,0.9,-1859.0,-1516.0,1
2,330.0,465,1,465,bus_1096,bus,1,-0.1579451597806535,1.0369741823125365,1.1,0.9,832.0,-468.0,1
2,330.0,465,1,465,bus_1096,465,1,-0.1579451597806535,1.0369741823125365,1.1,0.9,832.0,-468.0,1
6,12.0,652,2,652,bus_2090,bus,2,-0.11539321951472967,1.0513191827178134,1.1,0.9,154.0,-3005.0,1
6,12.0,652,2,652,bus_2090,652,2,-0.11539321951472967,1.0513191827178134,1.1,0.9,154.0,-3005.0,1
8,275.0,1012,2,1012,bus_3584,bus,3,-0.441972297324485,1.0441556472354336,1.1,0.9,-1003.0,6658.0,1
8,275.0,1012,2,1012,bus_3584,1012,3,-0.441972297324485,1.0441556472354336,1.1,0.9,-1003.0,6658.0,1
11,110.0,1128,1,1128,bus_3229,bus,3,-0.3200582001961344,1.0483283673645178,1.1,0.9,-135.0,3096.0,1
11,110.0,1128,1,1128,bus_3229,1128,3,-0.3200582001961344,1.0483283673645178,1.1,0.9,-135.0,3096.0,1
2,132.0,779,1,779,bus_1190,bus,1,-0.33837999421331977,1.0585463079025563,1.1,0.9,529.0,439.0,1
2,132.0,779,1,779,bus_1190,779,1,-0.33837999421331977,1.0585463079025563,1.1,0.9,529.0,439.0,1
11,11.0,308,1,308,bus_3372,bus,3,-0.43003768312392304,1.0074231948331296,1.1,0.9,-1109.0,3477.0,1
11,11.0,308,1,308,bus_3372,308,3,-0.43003768312392304,1.0074231948331296,1.1,0.9,-1109.0,3477.0,1
13,132.0,110,1,110,bus_4189,bus,4,0.956478713609618,1.0219332239031884,1.1,0.9,-2270.0,-1492.0,1
13,132.0,110,1,110,bus_4189,110,4,0.956478713609618,1.0219332239031884,1.1,0.9,-2270.0,-1492.0,1
4,132.0,1393,1,1393,bus_1206,bus,1,-0.05726013330064809,1.091969904926538,1.1,0.9,867.0,-1329.0,1
4,132.0,1393,1,1393,bus_1206,1393,1,-0.05726013330064809,1.091969904926538,1.1,0.9,867.0,-1329.0,1
5,330.0,1146,1,1146,bus_2191,bus,2,0.029714745652925142,1.040615526705547,1.1,0.9,1040.0,-1889.0,1
5,330.0,1146,1,1146,bus_2191,1146,2,0.029714745652925142,1.040615526705547,1.1,0.9,1040.0,-1889.0,1
11,110.0,1090,1,1090,bus_3325,bus,3,-0.33249346845919037,1.0494883364473486,1.1,0.9,-805.0,2188.0,1
11,110.0,1090,1,1090,bus_3325,1090,3,-0.33249346845919037,1.0494883364473486,1.1,0.9,-805.0,2188.0,1
3,132.0,1812,1,1812,bus_1388,bus,1,-0.34653698063164734,1.0513094153047187,1.1,0.9,1114.0,-526.0,1
3,132.0,1812,1,1812,bus_1388,1812,1,-0.34653698063164734,1.0513094153047187,1.1,0.9,1114.0,-526.0,1
11,33.0,606,1,606,bus_3339,bus,3,-0.41232474691449955,1.0084745037252716,1.1,0.9,110.0,2893.0,1
11,33.0,606,1,606,bus_3339,606,3,-0.41232474691449955,1.0084745037252716,1.1,0.9,110.0,2893.0,1
3,132.0,943,1,943,bus_1320,bus,1,-0.33977979082571025,1.0469402147230493,1.1,0.9,1005.0,-407.0,1
3,132.0,943,1,943,bus_1320,943,1,-0.33977979082571025,1.0469402147230493,1.1,0.9,1005.0,-407.0,1
5,66.0,1370,1,1370,bus_2239,bus,2,-0.19046303728017097,1.0258866555578627,1.1,0.9,55.0,-3527.0,1
5,66.0,1370,1,1370,bus_2239,1370,2,-0.19046303728017097,1.0258866555578627,1.1,0.9,55.0,-3527.0,1
6,24.0,1703,1,1703,bus_2073,bus,2,-0.1446945844142453,0.8999999909908056,1.1,0.9,577.0,-4314.0,1
6,24.0,1703,1,1703,bus_2073,1703,2,-0.1446945844142453,0.8999999909908056,1.1,0.9,577.0,-4314.0,1
6,66.0,231,1,231,bus_2096,bus,2,-0.15300653889846536,1.1204130049304288,1.2,0.8,144.0,-4164.0,1
6,66.0,231,1,231,bus_2096,231,2,-0.15300653889846536,1.1204130049304288,1.2,0.8,144.0,-4164.0,1
9,132.0,1744,1,1744,bus_3532,bus,3,-0.19628929817067803,1.071834136041112,1.1,0.9,-665.0,4217.0,1
9,132.0,1744,1,1744,bus_3532,1744,3,-0.19628929817067803,1.071834136041112,1.1,0.9,-665.0,4217.0,1
4,15.75,1034,2,1034,bus_1070,bus,1,-0.08816285790663839,1.055498684843134,1.1,0.9,848.0,-2033.0,1
4,15.75,1034,2,1034,bus_1070,1034,1,-0.08816285790663839,1.055498684843134,1.1,0.9,848.0,-2033.0,1
13,66.0,1065,1,1065,bus_4240,bus,4,0.9843869431635995,1.02314491412983,1.1,0.9,-2397.0,-2645.0,1
13,66.0,1065,1,1065,bus_4240,1065,4,0.9843869431635995,1.02314491412983,1.1,0.9,-2397.0,-2645.0,1
3,132.0,1565,1,1565,bus_1309,bus,1,-0.35378855887555377,1.0511167474495149,1.1,0.9,816.0,-697.0,1
3,132.0,1565,1,1565,bus_1309,1565,1,-0.35378855887555377,1.0511167474495149,1.1,0.9,816.0,-697.0,1
14,33.0,1641,1,1641,bus_4391,bus,4,0.27428996505084574,0.9839233226191519,1.1,0.9,-1119.0,-2113.0,1
14,33.0,1641,1,1641,bus_4391,1641,4,0.27428996505084574,0.9839233226191519,1.1,0.9,-1119.0,-2113.0,1
15,11.0,1021,2,1021,bus_5008,bus,5,-0.04746019730983239,1.0922407912794214,1.1,0.9,2067.0,-5579.0,1
15,11.0,1021,2,1021,bus_5008,1021,5,-0.04746019730983239,1.0922407912794214,1.1,0.9,2067.0,-5579.0,1
12,132.0,384,1,384,bus_4089,bus,4,1.0118191772435758,1.0220109380544784,1.1,0.9,-3041.0,-1585.0,1
12,132.0,384,1,384,bus_4089,384,4,1.0118191772435758,1.0220109380544784,1.1,0.9,-3041.0,-1585.0,1
4,330.0,1582,1,1582,starbus_xf_1148_1075_1076_2,bus,1,0.06364837926043761,0.9874435990761949,1.1,0.9,1465.0,-1491.0,1
4,330.0,1582,1,1582,starbus_xf_1148_1075_1076_2,1582,1,0.06364837926043761,0.9874435990761949,1.1,0.9,1465.0,-1491.0,1
12,0.6899999999999998,1141,2,1141,bus_4050,bus,4,0.9657073828132164,1.0999999905768505,1.1,0.9,-2747.0,-1032.0,1
12,0.6899999999999998,1141,2,1141,bus_4050,1141,4,0.9657073828132164,1.0999999905768505,1.1,0.9,-2747.0,-1032.0,1
9,132.0,1374,1,1374,bus_3174,bus,3,-0.26119157006971877,1.0556425205444706,1.1,0.9,-925.0,4091.0,1
9,132.0,1374,1,1374,bus_3174,1374,3,-0.26119157006971877,1.0556425205444706,1.1,0.9,-925.0,4091.0,1
9,15.75,1839,2,1839,bus_3420,bus,3,-0.0585206168605432,1.0737811951010638,1.1,0.9,-907.0,5020.0,1
9,15.75,1839,2,1839,bus_3420,1839,3,-0.0585206168605432,1.0737811951010638,1.1,0.9,-907.0,5020.0,1
13,9.5,173,1,173,bus_4043,bus,4,1.0578588289453734,0.9989252067458285,1.1,0.9,-2428.0,-1596.0,1
13,9.5,173,1,173,bus_4043,173,4,1.0578588289453734,0.9989252067458285,1.1,0.9,-2428.0,-1596.0,1
14,66.0,1418,1,1418,bus_4251,bus,4,1.0312946944578931,1.0014779113108678,1.1,0.9,-2185.0,-3693.0,1
14,66.0,1418,1,1418,bus_4251,1418,4,1.0312946944578931,1.0014779113108678,1.1,0.9,-2185.0,-3693.0,1
13,11.0,233,1,233,bus_4490,bus,4,0.9351822963288106,0.9955058679097312,1.1,0.9,-2624.0,-2161.0,1
13,11.0,233,1,233,bus_4490,233,4,0.9351822963288106,0.9955058679097312,1.1,0.9,-2624.0,-2161.0,1
15,11.0,798,2,798,bus_5012,bus,5,-0.08056700539783707,0.9991959826423078,1.1,0.9,2436.0,-5524.0,1
15,11.0,798,2,798,bus_5012,798,5,-0.08056700539783707,0.9991959826423078,1.1,0.9,2436.0,-5524.0,1
3,132.0,1993,1,1993,bus_1343,bus,1,-0.3466379121192042,1.0528590742043817,1.1,0.9,1480.0,-358.0,1
3,132.0,1993,1,1993,bus_1343,1993,1,-0.3466379121192042,1.0528590742043817,1.1,0.9,1480.0,-358.0,1
4,66.0,1206,1,1206,bus_1209,bus,1,-0.048137080944342006,1.0807399683146854,1.1,0.9,2478.0,-1579.0,1
4,66.0,1206,1,1206,bus_1209,1206,1,-0.048137080944342006,1.0807399683146854,1.1,0.9,2478.0,-1579.0,1
9,275.0,1563,1,1563,bus_3606,bus,3,-0.18074752089239934,1.0893490550900609,1.1,0.9,-492.0,4175.0,1
9,275.0,1563,1,1563,bus_3606,1563,3,-0.18074752089239934,1.0893490550900609,1.1,0.9,-492.0,4175.0,1
2,23.0,130,1,130,bus_1002,bus,1,-3.167305654940399e-30,1.0705818421241466,1.1,0.9,752.0,809.0,1
2,23.0,130,1,130,bus_1002,130,1,-3.167305654940399e-30,1.0705818421241466,1.1,0.9,752.0,809.0,1
15,44.0,1570,1,1570,bus_5179,bus,5,-0.16360234604799057,1.0271907516457168,1.1,0.9,1562.0,-5772.0,1
15,44.0,1570,1,1570,bus_5179,1570,5,-0.16360234604799057,1.0271907516457168,1.1,0.9,1562.0,-5772.0,1
11,110.0,1671,1,1671,bus_3623,bus,3,-0.31243602522921154,1.0467699237451642,1.1,0.9,-316.0,3268.0,1
11,110.0,1671,1,1671,bus_3623,1671,3,-0.31243602522921154,1.0467699237451642,1.1,0.9,-316.0,3268.0,1
11,110.0,579,1,579,bus_3405,bus,3,-0.3272450090309336,1.0524984582939232,1.1,0.9,-802.0,2259.0,1
11,110.0,579,1,579,bus_3405,579,3,-0.3272450090309336,1.0524984582939232,1.1,0.9,-802.0,2259.0,1
14,66.0,1943,1,1943,starbus_xf_4257_4379_4434_3,bus,4,1.0192374688933177,0.9890090314021385,1.1,0.9,-2074.0,-4020.0,1
14,66.0,1943,1,1943,starbus_xf_4257_4379_4434_3,1943,4,1.0192374688933177,0.9890090314021385,1.1,0.9,-2074.0,-4020.0,1
14,66.0,1225,1,1225,bus_4231,bus,4,0.993303854787057,1.0157419732417814,1.1,0.9,-2402.0,-3075.0,1
14,66.0,1225,1,1225,bus_4231,1225,4,0.993303854787057,1.0157419732417814,1.1,0.9,-2402.0,-3075.0,1
10,21.0,1616,2,1616,bus_3295,bus,3,0.05569807157851752,1.0999999986640001,1.1,0.9,1062.0,3886.0,1
10,21.0,1616,2,1616,bus_3295,1616,3,0.05569807157851752,1.0999999986640001,1.1,0.9,1062.0,3886.0,1
6,220.0,901,1,901,bus_2170,bus,2,-0.4531795016294489,1.0473604230498752,1.1,0.9,805.0,-3201.0,1
6,220.0,901,1,901,bus_2170,901,2,-0.4531795016294489,1.0473604230498752,1.1,0.9,805.0,-3201.0,1
1,300.0,2007,1,2007,bus_fxf_CNSW NNSW Option 1 (500/330 kV Hub 1 upgrades),bus,1,0.0,1.0,1.1,0.9,NaN,NaN,1
1,300.0,2007,1,2007,bus_fxf_CNSW NNSW Option 1 (500/330 kV Hub 1 upgrades),2007,1,0.0,1.0,1.1,0.9,NaN,NaN,1
12,33.0,720,1,720,bus_4127,bus,4,0.9398516475949521,1.0478336647653594,1.1,0.9,-2654.0,-894.0,1
12,33.0,720,1,720,bus_4127,720,4,0.9398516475949521,1.0478336647653594,1.1,0.9,-2654.0,-894.0,1
15,22.0,1073,1,1073,bus_5218,bus,5,-0.21187244838322553,1.0160062090659687,1.1,0.9,2092.0,-5726.0,1
15,22.0,1073,1,1073,bus_5218,1073,5,-0.21187244838322553,1.0160062090659687,1.1,0.9,2092.0,-5726.0,1
15,11.0,108,1,108,bus_5188,bus,5,-0.1797300280631595,1.040863150880727,1.1,0.9,2549.0,-5589.0,1
15,11.0,108,1,108,bus_5188,108,5,-0.1797300280631595,1.040863150880727,1.1,0.9,2549.0,-5589.0,1
12,0.48,1658,1,1658,bus_4009,bus,4,0.9324669781753363,1.0795992328705428,1.1,0.9,-2568.0,-542.0,1
12,0.48,1658,1,1658,bus_4009,1658,4,0.9324669781753363,1.0795992328705428,1.1,0.9,-2568.0,-542.0,1
6,66.0,100,1,100,bus_2290,bus,2,-0.5113281051426164,1.0211216474265565,1.1,0.9,810.0,-3479.0,1
6,66.0,100,1,100,bus_2290,100,2,-0.5113281051426164,1.0211216474265565,1.1,0.9,810.0,-3479.0,1
14,7.6,597,1,597,bus_4427,bus,4,1.0442839602492215,0.9862347108876687,1.1,0.9,-1900.0,-3493.0,1
14,7.6,597,1,597,bus_4427,597,4,1.0442839602492215,0.9862347108876687,1.1,0.9,-1900.0,-3493.0,1
12,22.0,1630,1,1630,bus_4376,bus,4,0.986490825701423,1.0951262815508012,1.1,0.9,-2945.0,-395.0,1
12,22.0,1630,1,1630,bus_4376,1630,4,0.986490825701423,1.0951262815508012,1.1,0.9,-2945.0,-395.0,1
14,132.0,1233,1,1233,starbus_xf_4218_4392_4496_1,bus,4,0.15020556018254957,1.0059602509718357,1.1,0.9,-887.0,-2567.0,1
14,132.0,1233,1,1233,starbus_xf_4218_4392_4496_1,1233,4,0.15020556018254957,1.0059602509718357,1.1,0.9,-887.0,-2567.0,1
4,15.4,46,2,46,bus_1040,bus,1,0.21069270468464413,0.9597810070261382,1.1,0.9,1374.0,-1592.0,1
4,15.4,46,2,46,bus_1040,46,1,0.21069270468464413,0.9597810070261382,1.1,0.9,1374.0,-1592.0,1
2,330.0,532,1,532,bus_1093,bus,1,-0.21074201642209472,1.0519109370979751,1.1,0.9,703.0,45.0,1
2,330.0,532,1,532,bus_1093,532,1,-0.21074201642209472,1.0519109370979751,1.1,0.9,703.0,45.0,1
8,66.0,444,1,444,bus_3376,bus,3,-0.35704877992592504,1.043815396334914,1.1,0.9,-464.0,7085.0,1
8,66.0,444,1,444,bus_3376,444,3,-0.35704877992592504,1.043815396334914,1.1,0.9,-464.0,7085.0,1
13,66.0,735,1,735,bus_4382,bus,4,0.9898072346211787,1.0258092414549274,1.1,0.9,-2428.0,-2099.0,1
13,66.0,735,1,735,bus_4382,735,4,0.9898072346211787,1.0258092414549274,1.1,0.9,-2428.0,-2099.0,1
14,66.0,151,1,151,starbus_xf_4254_4377_4432_1,bus,4,1.0225431868873174,0.9740642972260961,1.1,0.9,-2296.0,-3822.0,1
14,66.0,151,1,151,starbus_xf_4254_4377_4432_1,151,4,1.0225431868873174,0.9740642972260961,1.1,0.9,-2296.0,-3822.0,1
1,66.0,1953,1,1953,bus_1597,bus,1,-0.36054541280713154,1.0269001582733583,1.1,0.9,-1096.0,1993.0,1
1,66.0,1953,1,1953,bus_1597,1953,1,-0.36054541280713154,1.0269001582733583,1.1,0.9,-1096.0,1993.0,1
11,33.0,147,1,147,bus_3356,bus,3,-0.3852220234570713,1.0284787337026453,1.1,0.9,274.0,3209.0,1
11,33.0,147,1,147,bus_3356,147,3,-0.3852220234570713,1.0284787337026453,1.1,0.9,274.0,3209.0,1
4,132.0,1900,1,1900,bus_1297,bus,1,-0.20695122322522344,1.0445228182569324,1.1,0.9,837.0,-2208.0,1
4,132.0,1900,1,1900,bus_1297,1900,1,-0.20695122322522344,1.0445228182569324,1.1,0.9,837.0,-2208.0,1
15,22.0,1653,1,1653,bus_5191,bus,5,-0.26715461385390277,1.0538957044196242,1.1,0.9,2254.0,-5600.0,1
15,22.0,1653,1,1653,bus_5191,1653,5,-0.26715461385390277,1.0538957044196242,1.1,0.9,2254.0,-5600.0,1
8,66.0,736,1,736,bus_3224,bus,3,-0.384368350835002,1.0206054522504866,1.1,0.9,-821.0,7107.0,1
8,66.0,736,1,736,bus_3224,736,3,-0.384368350835002,1.0206054522504866,1.1,0.9,-821.0,7107.0,1
2,11.0,454,1,454,bus_1518,bus,1,-0.5094526071163701,0.991890398688905,1.1,0.9,400.0,-304.0,1
2,11.0,454,1,454,bus_1518,454,1,-0.5094526071163701,0.991890398688905,1.1,0.9,400.0,-304.0,1
8,132.0,342,1,342,bus_3223,bus,3,-0.38418503630489215,1.0230088103256307,1.1,0.9,-820.0,7005.0,1
8,132.0,342,1,342,bus_3223,342,3,-0.38418503630489215,1.0230088103256307,1.1,0.9,-820.0,7005.0,1
2,33.0,180,1,180,bus_1635,bus,1,-0.07394075609884311,1.0546995437000655,1.1,0.9,628.0,70.0,1
2,33.0,180,1,180,bus_1635,180,1,-0.07394075609884311,1.0546995437000655,1.1,0.9,628.0,70.0,1
9,132.0,135,1,135,bus_3000,bus,3,-0.19441404267018805,1.0406642897458762,1.1,0.9,328.0,5490.0,1
9,132.0,135,1,135,bus_3000,135,3,-0.19441404267018805,1.0406642897458762,1.1,0.9,328.0,5490.0,1
15,110.0,262,1,262,bus_5119,bus,5,-0.18661942015784996,1.017017398459917,1.1,0.9,1873.0,-5646.0,1
15,110.0,262,1,262,bus_5119,262,5,-0.18661942015784996,1.017017398459917,1.1,0.9,1873.0,-5646.0,1
10,275.0,48,1,48,bus_3615,bus,3,-0.025526222709618678,1.0805926920813815,1.1,0.9,1121.0,3932.0,1
10,275.0,48,1,48,bus_3615,48,3,-0.025526222709618678,1.0805926920813815,1.1,0.9,1121.0,3932.0,1
13,11.5,1228,2,1228,bus_4034,bus,4,0.9836521052337581,0.9726422710018641,1.1,0.9,-2703.0,-2725.0,1
13,11.5,1228,2,1228,bus_4034,1228,4,0.9836521052337581,0.9726422710018641,1.1,0.9,-2703.0,-2725.0,1
2,66.0,592,1,592,bus_1434,bus,1,-0.2506595321206545,1.0407373757031757,1.1,0.9,468.0,-410.0,1
2,66.0,592,1,592,bus_1434,592,1,-0.2506595321206545,1.0407373757031757,1.1,0.9,468.0,-410.0,1
2,500.0,408,1,408,starbus_xf_1099_1100_1533_9,bus,1,0.05643072422091679,1.010354747460946,1.1,0.9,920.0,619.0,1
2,500.0,408,1,408,starbus_xf_1099_1100_1533_9,408,1,0.05643072422091679,1.010354747460946,1.1,0.9,920.0,619.0,1
7,66.0,1331,1,1331,bus_2197,bus,2,-0.5645756980518023,1.02830406738766,1.1,0.9,888.0,-4181.0,1
7,66.0,1331,1,1331,bus_2197,1331,2,-0.5645756980518023,1.02830406738766,1.1,0.9,888.0,-4181.0,1
1,11.0,32,1,32,bus_1573,bus,1,-0.15105058556182424,1.0731588027274208,1.1,0.9,2193.0,2397.0,1
1,11.0,32,1,32,bus_1573,32,1,-0.15105058556182424,1.0731588027274208,1.1,0.9,2193.0,2397.0,1
7,66.0,405,1,405,bus_2279,bus,2,-0.5218490708851701,1.050798950782197,1.1,0.9,1031.0,-4245.0,1
7,66.0,405,1,405,bus_2279,405,2,-0.5218490708851701,1.050798950782197,1.1,0.9,1031.0,-4245.0,1
14,11.0,1495,1,1495,bus_4471,bus,4,0.9032767040527493,1.012866433684696,1.1,0.9,-1565.0,-3205.0,1
14,11.0,1495,1,1495,bus_4471,1495,4,0.9032767040527493,1.012866433684696,1.1,0.9,-1565.0,-3205.0,1
11,110.0,1035,1,1035,bus_3306,bus,3,-0.3409601834752023,1.0462949388761864,1.1,0.9,-1108.0,2122.0,1
11,110.0,1035,1,1035,bus_3306,1035,3,-0.3409601834752023,1.0462949388761864,1.1,0.9,-1108.0,2122.0,1
15,11.0,1661,1,1661,bus_5203,bus,5,-0.17409847020969385,1.043272863035651,1.1,0.9,1760.0,-6395.0,1
15,11.0,1661,1,1661,bus_5203,1661,5,-0.17409847020969385,1.043272863035651,1.1,0.9,1760.0,-6395.0,1
14,66.0,334,1,334,bus_4232,bus,4,0.9925254453187442,1.0148191830544473,1.1,0.9,-2474.0,-3181.0,1
14,66.0,334,1,334,bus_4232,334,4,0.9925254453187442,1.0148191830544473,1.1,0.9,-2474.0,-3181.0,1
13,275.0,1823,1,1823,starbus_xf_4104_4041_4042_2,bus,4,1.0578588283753159,0.9989252148529868,1.1,0.9,-2392.0,-1656.0,1
13,275.0,1823,1,1823,starbus_xf_4104_4041_4042_2,1823,4,1.0578588283753159,0.9989252148529868,1.1,0.9,-2392.0,-1656.0,1
14,66.0,2,1,2,bus_4271,bus,4,1.0033190916734087,1.0179792555580456,1.1,0.9,-2313.0,-3113.0,1
14,66.0,2,1,2,bus_4271,2,4,1.0033190916734087,1.0179792555580456,1.1,0.9,-2313.0,-3113.0,1
12,33.0,1779,1,1779,bus_4349,bus,4,0.9938208210029917,1.0204468282196857,1.1,0.9,-3038.0,-1544.0,1
12,33.0,1779,1,1779,bus_4349,1779,4,0.9938208210029917,1.0204468282196857,1.1,0.9,-3038.0,-1544.0,1
2,132.0,1181,1,1181,starbus_xf_1430_1502_1543_2,bus,1,-0.29119816337522314,1.0428636823029886,1.1,0.9,188.0,981.0,1
2,132.0,1181,1,1181,starbus_xf_1430_1502_1543_2,1181,1,-0.29119816337522314,1.0428636823029886,1.1,0.9,188.0,981.0,1
11,33.0,183,1,183,bus_3257,bus,3,-0.008612974524730276,0.9914776342790106,1.1,0.9,-1091.0,2968.0,1
11,33.0,183,1,183,bus_3257,183,3,-0.008612974524730276,0.9914776342790106,1.1,0.9,-1091.0,2968.0,1
9,110.0,1122,1,1122,bus_3018,bus,3,-0.32563687607497965,1.0481141589122671,1.1,0.9,-258.0,4083.0,1
9,110.0,1122,1,1122,bus_3018,1122,3,-0.32563687607497965,1.0481141589122671,1.1,0.9,-258.0,4083.0,1
13,11.0,1399,1,1399,bus_4421,bus,4,0.9718104305928539,1.1000000096348794,1.1,0.9,-2336.0,-2734.0,1
13,11.0,1399,1,1399,bus_4421,1399,4,0.9718104305928539,1.1000000096348794,1.1,0.9,-2336.0,-2734.0,1
15,11.0,752,2,752,bus_5028,bus,5,0.02895744718856516,0.9785648035561153,1.1,0.9,1235.0,-6210.0,1
15,11.0,752,2,752,bus_5028,752,5,0.02895744718856516,0.9785648035561153,1.1,0.9,1235.0,-6210.0,1
1,132.0,51,1,51,bus_1380,bus,1,-0.225695228386687,1.0647610767581202,1.1,0.9,808.0,1383.0,1
1,132.0,51,1,51,bus_1380,51,1,-0.225695228386687,1.0647610767581202,1.1,0.9,808.0,1383.0,1
8,275.0,849,2,849,bus_3561,bus,3,-0.31434289447924096,1.041462767069221,1.1,0.9,-750.0,6362.0,1
8,275.0,849,2,849,bus_3561,849,3,-0.31434289447924096,1.041462767069221,1.1,0.9,-750.0,6362.0,1
8,11.0,1957,1,1957,bus_3215,bus,3,-0.3893610448224911,0.986112187327449,1.1,0.9,-670.0,6962.0,1
8,11.0,1957,1,1957,bus_3215,1957,3,-0.3893610448224911,0.986112187327449,1.1,0.9,-670.0,6962.0,1
4,132.0,1515,1,1515,bus_1301,bus,1,-0.18279634624188276,1.0358142982439347,1.1,0.9,681.0,-960.0,1
4,132.0,1515,1,1515,bus_1301,1515,1,-0.18279634624188276,1.0358142982439347,1.1,0.9,681.0,-960.0,1
4,330.0,2035,1,2035,connection N11,bus,1,0.0,1.0,1.1,0.9,NaN,NaN,1
4,330.0,2035,1,2035,connection N11,2035,1,0.0,1.0,1.1,0.9,NaN,NaN,1
15,110.0,141,1,141,bus_5060,bus,5,-0.10294791397658118,1.0634906592100215,1.1,0.9,2496.0,-5591.0,1
15,110.0,141,1,141,bus_5060,141,5,-0.10294791397658118,1.0634906592100215,1.1,0.9,2496.0,-5591.0,1
14,11.0,1525,1,1525,bus_4441,bus,4,0.9768581846815964,0.9912697656240504,1.1,0.9,-2214.0,-4008.0,1
14,11.0,1525,1,1525,bus_4441,1525,4,0.9768581846815964,0.9912697656240504,1.1,0.9,-2214.0,-4008.0,1
6,22.0,1781,1,1781,bus_2298,bus,2,-0.36301112694147836,1.0189215399796674,1.1,0.9,380.0,-2978.0,1
6,22.0,1781,1,1781,bus_2298,1781,2,-0.36301112694147836,1.0189215399796674,1.1,0.9,380.0,-2978.0,1
11,275.0,340,2,340,bus_3589,bus,3,-0.22385478203744993,1.0658620169821567,1.1,0.9,-244.0,2835.0,1
11,275.0,340,2,340,bus_3589,340,3,-0.22385478203744993,1.0658620169821567,1.1,0.9,-244.0,2835.0,1
4,132.0,278,1,278,bus_1294,bus,1,-0.07238682560058517,1.0520671958281522,1.1,0.9,2122.0,-1315.0,1
4,132.0,278,1,278,bus_1294,278,1,-0.07238682560058517,1.0520671958281522,1.1,0.9,2122.0,-1315.0,1
11,11.0,1297,1,1297,bus_3381,bus,3,-0.38294840964585386,1.1000000106521224,1.1,0.9,90.0,2650.0,1
11,11.0,1297,1,1297,bus_3381,1297,3,-0.38294840964585386,1.1000000106521224,1.1,0.9,90.0,2650.0,1
11,33.0,1796,1,1796,bus_3075,bus,3,-0.12589619541718539,1.0231198153400969,1.1,0.9,-529.0,2801.0,1
11,33.0,1796,1,1796,bus_3075,1796,3,-0.12589619541718539,1.0231198153400969,1.1,0.9,-529.0,2801.0,1
9,15.75,1381,1,1381,bus_3438,bus,3,0.05835624335844587,0.9907885278760761,1.1,0.9,871.0,3639.0,1
9,15.75,1381,1,1381,bus_3438,1381,3,0.05835624335844587,0.9907885278760761,1.1,0.9,871.0,3639.0,1
1,66.0,1749,1,1749,bus_1579,bus,1,-0.1562365038635162,1.0482866986182127,1.1,0.9,2310.0,2653.0,1
1,66.0,1749,1,1749,bus_1579,1749,1,-0.1562365038635162,1.0482866986182127,1.1,0.9,2310.0,2653.0,1
4,132.0,1549,1,1549,bus_1237,bus,1,-0.07040417268156236,1.0537649618969513,1.1,0.9,2110.0,-1334.0,1
4,132.0,1549,1,1549,bus_1237,1549,1,-0.07040417268156236,1.0537649618969513,1.1,0.9,2110.0,-1334.0,1
2,66.0,1871,1,1871,bus_1549,bus,1,-0.14675522655012688,1.0659263037011508,1.1,0.9,332.0,-22.0,1
2,66.0,1871,1,1871,bus_1549,1871,1,-0.14675522655012688,1.0659263037011508,1.1,0.9,332.0,-22.0,1
9,20.0,1064,1,1064,bus_3585,bus,3,0.14191947581339298,1.0522344991113284,1.1,0.9,-22.0,4877.0,1
9,20.0,1064,1,1064,bus_3585,1064,3,0.14191947581339298,1.0522344991113284,1.1,0.9,-22.0,4877.0,1
5,22.0,747,1,747,bus_2081,bus,2,-0.06390098840935213,0.9539872186477829,1.1,0.9,-490.0,-3510.0,1
5,22.0,747,1,747,bus_2081,747,2,-0.06390098840935213,0.9539872186477829,1.1,0.9,-490.0,-3510.0,1
4,66.0,1248,1,1248,bus_1587,bus,1,-0.12251305276303887,1.0521536082578358,1.1,0.9,1681.0,-2347.0,1
4,66.0,1248,1,1248,bus_1587,1248,1,-0.12251305276303887,1.0521536082578358,1.1,0.9,1681.0,-2347.0,1
13,66.0,1346,1,1346,bus_4462,bus,4,0.8328154758567191,0.9937365567589419,1.1,0.9,-2055.0,-2496.0,1
13,66.0,1346,1,1346,bus_4462,1346,4,0.8328154758567191,0.9937365567589419,1.1,0.9,-2055.0,-2496.0,1
5,33.0,218,1,218,bus_2342,bus,2,0.09000280491812876,1.0220764972843823,1.1,0.9,-281.0,-3625.0,1
5,33.0,218,1,218,bus_2342,218,2,0.09000280491812876,1.0220764972843823,1.1,0.9,-281.0,-3625.0,1
15,110.0,612,1,612,bus_5109,bus,5,-0.12410141163941839,1.0197519918304219,1.1,0.9,1421.0,-6620.0,1
15,110.0,612,1,612,bus_5109,612,5,-0.12410141163941839,1.0197519918304219,1.1,0.9,1421.0,-6620.0,1
14,11.0,631,1,631,bus_4498,bus,4,0.342329095243217,1.0674487627970477,1.1,0.9,-914.0,-2821.0,1
14,11.0,631,1,631,bus_4498,631,4,0.342329095243217,1.0674487627970477,1.1,0.9,-914.0,-2821.0,1
13,275.0,877,1,877,bus_4147,bus,4,1.0293521403016879,1.0464528757661657,1.1,0.9,-1685.0,-2651.0,1
13,275.0,877,1,877,bus_4147,877,4,1.0293521403016879,1.0464528757661657,1.1,0.9,-1685.0,-2651.0,1
13,275.0,1742,1,1742,bus_4148,bus,4,1.0384172518913812,1.0550949611956724,1.1,0.9,-1876.0,-2795.0,1
13,275.0,1742,1,1742,bus_4148,1742,4,1.0384172518913812,1.0550949611956724,1.1,0.9,-1876.0,-2795.0,1
13,33.0,832,1,832,bus_4085,bus,4,1.1131825397586408,1.044506392574576,1.1,0.9,-2465.0,-1810.0,1
13,33.0,832,1,832,bus_4085,832,4,1.1131825397586408,1.044506392574576,1.1,0.9,-2465.0,-1810.0,1
11,110.0,836,1,836,starbus_xf_3413_3415_3414_1,bus,3,-0.379412473243292,1.0566187267415068,1.1,0.9,323.0,2958.0,1
11,110.0,836,1,836,starbus_xf_3413_3415_3414_1,836,3,-0.379412473243292,1.0566187267415068,1.1,0.9,323.0,2958.0,1
2,11.0,1372,1,1372,bus_1649,bus,1,-0.325607011197059,1.0266070566264576,1.1,0.9,537.0,1061.0,1
2,11.0,1372,1,1372,bus_1649,1372,1,-0.325607011197059,1.0266070566264576,1.1,0.9,537.0,1061.0,1
15,110.0,237,1,237,bus_5125,bus,5,-0.16576162649379608,1.0612965022160439,1.1,0.9,2408.0,-5594.0,1
15,110.0,237,1,237,bus_5125,237,5,-0.16576162649379608,1.0612965022160439,1.1,0.9,2408.0,-5594.0,1
8,132.0,713,1,713,bus_3164,bus,3,-0.3030224618769323,1.028593473775604,1.1,0.9,-747.0,5882.0,1
8,132.0,713,1,713,bus_3164,713,3,-0.3030224618769323,1.028593473775604,1.1,0.9,-747.0,5882.0,1
8,132.0,419,1,419,bus_3144,bus,3,-0.5125523319954223,1.010177834037,1.1,0.9,-1103.0,7237.0,1
8,132.0,419,1,419,bus_3144,419,3,-0.5125523319954223,1.010177834037,1.1,0.9,-1103.0,7237.0,1
1,132.0,1051,1,1051,bus_1257,bus,1,-0.22798062506222286,1.065104816321454,1.1,0.9,731.0,1347.0,1
1,132.0,1051,1,1051,bus_1257,1051,1,-0.22798062506222286,1.065104816321454,1.1,0.9,731.0,1347.0,1
5,20.0,1348,2,1348,bus_2063,bus,2,-0.26257469972969955,1.0491759884972092,1.1,0.9,-101.0,-3147.0,1
5,20.0,1348,2,1348,bus_2063,1348,2,-0.26257469972969955,1.0491759884972092,1.1,0.9,-101.0,-3147.0,1
11,11.0,1650,1,1650,bus_3644,bus,3,-0.3641094885354485,1.0129750140680975,1.1,0.9,-658.0,3275.0,1
11,11.0,1650,1,1650,bus_3644,1650,3,-0.3641094885354485,1.0129750140680975,1.1,0.9,-658.0,3275.0,1
7,66.0,1899,1,1899,bus_2262,bus,2,-0.37631662860395104,1.059727136520149,1.1,0.9,1307.0,-4462.0,1
7,66.0,1899,1,1899,bus_2262,1899,2,-0.37631662860395104,1.059727136520149,1.1,0.9,1307.0,-4462.0,1
7,11.0,1932,1,1932,bus_2352,bus,2,-0.3483980420955258,0.9679679727885976,1.1,0.9,947.0,-4029.0,1
7,11.0,1932,1,1932,bus_2352,1932,2,-0.3483980420955258,0.9679679727885976,1.1,0.9,947.0,-4029.0,1
14,11.5,718,1,718,bus_4076,bus,4,0.27633489465946565,0.9553779967940929,1.1,0.9,-943.0,-2787.0,1
14,11.5,718,1,718,bus_4076,718,4,0.27633489465946565,0.9553779967940929,1.1,0.9,-943.0,-2787.0,1
1,132.0,1336,2,1336,bus_1159,bus,1,-0.046704329407300134,1.0516012655878744,1.1,0.9,1823.0,2202.0,1
1,132.0,1336,2,1336,bus_1159,1336,1,-0.046704329407300134,1.0516012655878744,1.1,0.9,1823.0,2202.0,1
15,11.0,1937,2,1937,bus_5023,bus,5,0.0898474617493006,1.0191620091031839,1.1,0.9,2081.0,-6229.0,1
15,11.0,1937,2,1937,bus_5023,1937,5,0.0898474617493006,1.0191620091031839,1.1,0.9,2081.0,-6229.0,1
9,132.0,1965,1,1965,bus_3233,bus,3,-0.15090979680127123,1.073055764719022,1.1,0.9,-695.0,4623.0,1
9,132.0,1965,1,1965,bus_3233,1965,3,-0.15090979680127123,1.073055764719022,1.1,0.9,-695.0,4623.0,1
6,66.0,37,1,37,bus_2256,bus,2,-0.17203222214392186,1.0133005547664948,1.1,0.9,907.0,-2953.0,1
6,66.0,37,1,37,bus_2256,37,2,-0.17203222214392186,1.0133005547664948,1.1,0.9,907.0,-2953.0,1
9,320.0,2031,1,2031,connection Q6,bus,3,0.0,1.0,1.1,0.9,NaN,NaN,1
9,320.0,2031,1,2031,connection Q6,2031,3,0.0,1.0,1.1,0.9,NaN,NaN,1
3,132.0,1530,1,1530,bus_1166,bus,1,-0.15388649442783062,1.0096867938067169,1.1,0.9,1073.0,-728.0,1
3,132.0,1530,1,1530,bus_1166,1530,1,-0.15388649442783062,1.0096867938067169,1.1,0.9,1073.0,-728.0,1
4,66.0,1752,1,1752,bus_1633,bus,1,-0.1233318467761521,1.0295213548976019,1.1,0.9,1955.0,-1261.0,1
4,66.0,1752,1,1752,bus_1633,1752,1,-0.1233318467761521,1.0295213548976019,1.1,0.9,1955.0,-1261.0,1
2,500.0,1559,1,1559,bus_1156,bus,1,-0.0025726833157232237,1.078223484017491,1.1,0.9,682.0,204.0,1
2,500.0,1559,1,1559,bus_1156,1559,1,-0.0025726833157232237,1.078223484017491,1.1,0.9,682.0,204.0,1
8,132.0,685,1,685,bus_3432,bus,3,-0.037394395501141,1.0455877380942258,1.1,0.9,-721.0,5429.0,1
8,132.0,685,1,685,bus_3432,685,3,-0.037394395501141,1.0455877380942258,1.1,0.9,-721.0,5429.0,1
15,110.0,958,1,958,bus_5122,bus,5,-0.18826024900070848,1.0116493817519834,1.1,0.9,1307.0,-5712.0,1
15,110.0,958,1,958,bus_5122,958,5,-0.18826024900070848,1.0116493817519834,1.1,0.9,1307.0,-5712.0,1
2,11.0,755,1,755,bus_1543,bus,1,-0.29119816337522314,1.0428636823029886,1.1,0.9,198.0,980.0,1
2,11.0,755,1,755,bus_1543,755,1,-0.29119816337522314,1.0428636823029886,1.1,0.9,198.0,980.0,1
1,132.0,1235,1,1235,bus_1334,bus,1,-0.2003320651590597,1.0559928471673572,1.1,0.9,1976.0,2090.0,1
1,132.0,1235,1,1235,bus_1334,1235,1,-0.2003320651590597,1.0559928471673572,1.1,0.9,1976.0,2090.0,1
2,33.0,1202,1,1202,bus_1574,bus,1,-0.3540276078302405,1.0843818626742647,1.1,0.9,-422.0,428.0,1
2,33.0,1202,1,1202,bus_1574,1202,1,-0.3540276078302405,1.0843818626742647,1.1,0.9,-422.0,428.0,1
5,15.0,1249,1,1249,bus_2031,bus,2,0.029714745671309883,0.9924945772719457,1.1,0.9,758.0,-1965.0,1
5,15.0,1249,1,1249,bus_2031,1249,2,0.029714745671309883,0.9924945772719457,1.1,0.9,758.0,-1965.0,1
14,11.0,1368,1,1368,bus_4409,bus,4,0.9567127020146609,0.9987368695472454,1.1,0.9,-2543.0,-3249.0,1
14,11.0,1368,1,1368,bus_4409,1368,4,0.9567127020146609,0.9987368695472454,1.1,0.9,-2543.0,-3249.0,1
15,16.0,1712,1,1712,bus_5042,bus,5,-0.15292937841232426,0.9970090433725342,1.1,0.9,1688.0,-5675.0,1
15,16.0,1712,1,1712,bus_5042,1712,5,-0.15292937841232426,0.9970090433725342,1.1,0.9,1688.0,-5675.0,1
14,33.0,1982,1,1982,bus_4393,bus,4,0.16441747135417337,1.0237538202818708,1.1,0.9,-942.0,-2695.0,1
14,33.0,1982,1,1982,bus_4393,1982,4,0.16441747135417337,1.0237538202818708,1.1,0.9,-942.0,-2695.0,1
8,19.1,1174,1,1174,bus_3489,bus,3,-0.3173164943294993,0.9944273720849907,1.1,0.9,-752.0,6502.0,1
8,19.1,1174,1,1174,bus_3489,1174,3,-0.3173164943294993,0.9944273720849907,1.1,0.9,-752.0,6502.0,1
5,33.0,1497,1,1497,bus_2347,bus,2,-0.24997931967834294,0.9954329258483137,1.1,0.9,-389.0,-3223.0,1
5,33.0,1497,1,1497,bus_2347,1497,2,-0.24997931967834294,0.9954329258483137,1.1,0.9,-389.0,-3223.0,1
11,110.0,919,1,919,bus_3386,bus,3,-0.33468786994556377,1.04863136802294,1.1,0.9,-847.0,2481.0,1
11,110.0,919,1,919,bus_3386,919,3,-0.33468786994556377,1.04863136802294,1.1,0.9,-847.0,2481.0,1
4,12.5,1649,2,1649,bus_1080,bus,1,0.1992647187513402,1.012143007287113,1.1,0.9,1435.0,-1548.0,1
4,12.5,1649,2,1649,bus_1080,1649,1,0.1992647187513402,1.012143007287113,1.1,0.9,1435.0,-1548.0,1
11,33.0,1384,1,1384,bus_3341,bus,3,-0.40426067169663366,1.0374183265434331,1.1,0.9,-384.0,2464.0,1
11,33.0,1384,1,1384,bus_3341,1384,3,-0.40426067169663366,1.0374183265434331,1.1,0.9,-384.0,2464.0,1
6,220.0,600,1,600,bus_2125,bus,2,-0.29284412679544114,1.050101011763338,1.1,0.9,579.0,-2972.0,1
6,220.0,600,1,600,bus_2125,600,2,-0.29284412679544114,1.050101011763338,1.1,0.9,579.0,-2972.0,1
12,33.0,787,1,787,bus_4346,bus,4,0.9813605925428689,1.005068787220296,1.1,0.9,-3660.0,-1696.0,1
12,33.0,787,1,787,bus_4346,787,4,0.9813605925428689,1.005068787220296,1.1,0.9,-3660.0,-1696.0,1
11,110.0,1080,1,1080,bus_3338,bus,3,-0.33948755912561607,1.0502873154873043,1.1,0.9,66.0,2896.0,1
11,110.0,1080,1,1080,bus_3338,1080,3,-0.33948755912561607,1.0502873154873043,1.1,0.9,66.0,2896.0,1
3,132.0,672,1,672,bus_1221,bus,1,-0.34507022496036965,1.0537315637342075,1.1,0.9,1237.0,-445.0,1
3,132.0,672,1,672,bus_1221,672,1,-0.34507022496036965,1.0537315637342075,1.1,0.9,1237.0,-445.0,1
15,11.0,272,1,272,bus_5212,bus,5,-0.14040114340958684,1.0127284849508522,1.1,0.9,1393.0,-6670.0,1
15,11.0,272,1,272,bus_5212,272,5,-0.14040114340958684,1.0127284849508522,1.1,0.9,1393.0,-6670.0,1
1,33.0,1467,1,1467,bus_1522,bus,1,-0.4505764106250911,1.0897421072089215,1.1,0.9,-24.0,1461.0,1
1,33.0,1467,1,1467,bus_1522,1467,1,-0.4505764106250911,1.0897421072089215,1.1,0.9,-24.0,1461.0,1
9,132.0,1534,1,1534,bus_3168,bus,3,-0.23260145848921698,1.0510241783624164,1.1,0.9,-150.0,5604.0,1
9,132.0,1534,1,1534,bus_3168,1534,3,-0.23260145848921698,1.0510241783624164,1.1,0.9,-150.0,5604.0,1
15,22.0,1076,1,1076,bus_5228,bus,5,-0.04873242436916875,1.0999998308289525,1.1,0.9,2111.0,-5662.0,1
15,22.0,1076,1,1076,bus_5228,1076,5,-0.04873242436916875,1.0999998308289525,1.1,0.9,2111.0,-5662.0,1
13,275.0,1142,1,1142,bus_4106,bus,4,1.0849880325411756,1.0566120252468494,1.1,0.9,-2633.0,-1576.0,1
13,275.0,1142,1,1142,bus_4106,1142,4,1.0849880325411756,1.0566120252468494,1.1,0.9,-2633.0,-1576.0,1
6,500.0,1535,2,1535,bus_2206,bus,2,-0.3824977575895341,1.0686860213845146,1.1,0.9,880.0,-3494.0,1
6,500.0,1535,2,1535,bus_2206,1535,2,-0.3824977575895341,1.0686860213845146,1.1,0.9,880.0,-3494.0,1
3,23.0,1584,1,1584,bus_1019,bus,1,0.2176753158149764,1.0455932667542687,1.1,0.9,915.0,383.0,1
3,23.0,1584,1,1584,bus_1019,1584,1,0.2176753158149764,1.0455932667542687,1.1,0.9,915.0,383.0,1
15,18.0,1127,2,1127,bus_5031,bus,5,-1.1849616464974622e-10,0.9396174578544898,1.1,0.9,1430.0,-6240.0,1
15,18.0,1127,2,1127,bus_5031,1127,5,-1.1849616464974622e-10,0.9396174578544898,1.1,0.9,1430.0,-6240.0,1
13,66.0,7,1,7,bus_4295,bus,4,0.9633906291493094,1.0231839153075148,1.1,0.9,-1997.0,-2284.0,1
13,66.0,7,1,7,bus_4295,7,4,0.9633906291493094,1.0231839153075148,1.1,0.9,-1997.0,-2284.0,1
4,16.0,1635,2,1635,bus_1030,bus,1,0.00969700688777733,0.9954086788805281,1.1,0.9,1305.0,-872.0,1
4,16.0,1635,2,1635,bus_1030,1635,1,0.00969700688777733,0.9954086788805281,1.1,0.9,1305.0,-872.0,1
6,33.0,1821,2,1821,bus_2000,bus,2,0.338620532615458,1.043016022624461,1.1,0.9,66.0,-4685.0,1
6,33.0,1821,2,1821,bus_2000,1821,2,0.338620532615458,1.043016022624461,1.1,0.9,66.0,-4685.0,1
1,132.0,795,1,795,bus_1347,bus,1,-0.06699516559382872,1.0111386792028951,1.1,0.9,2504.0,2612.0,1
1,132.0,795,1,795,bus_1347,795,1,-0.06699516559382872,1.0111386792028951,1.1,0.9,2504.0,2612.0,1
8,132.0,194,1,194,bus_3241,bus,3,-0.24197741687788935,1.057991394548808,1.1,0.9,-326.0,5825.0,1
8,132.0,194,1,194,bus_3241,194,3,-0.24197741687788935,1.057991394548808,1.1,0.9,-326.0,5825.0,1
6,220.0,1168,1,1168,bus_2169,bus,2,-0.22395292857463298,1.0376979591526743,1.1,0.9,629.0,-2952.0,1
6,220.0,1168,1,1168,bus_2169,1168,2,-0.22395292857463298,1.0376979591526743,1.1,0.9,629.0,-2952.0,1
9,132.0,1844,1,1844,bus_3478,bus,3,-0.305280303173545,1.058357009780909,1.1,0.9,-571.0,4053.0,1
9,132.0,1844,1,1844,bus_3478,1844,3,-0.305280303173545,1.058357009780909,1.1,0.9,-571.0,4053.0,1
1,33.0,1727,1,1727,bus_1567,bus,1,-0.2776991209042312,1.050254903342934,1.1,0.9,1050.0,1444.0,1
1,33.0,1727,1,1727,bus_1567,1727,1,-0.2776991209042312,1.050254903342934,1.1,0.9,1050.0,1444.0,1
6,220.0,140,1,140,bus_2113,bus,2,-0.41048340102527736,1.0284695137151891,1.1,0.9,805.0,-3646.0,1
6,220.0,140,1,140,bus_2113,140,2,-0.41048340102527736,1.0284695137151891,1.1,0.9,805.0,-3646.0,1
2,11.0,854,1,854,bus_1006,bus,1,-0.012928325476661921,1.066907133909997,1.1,0.9,762.0,864.0,1
2,11.0,854,1,854,bus_1006,854,1,-0.012928325476661921,1.066907133909997,1.1,0.9,762.0,864.0,1
15,16.0,1256,2,1256,bus_5039,bus,5,-0.02683638117617177,1.0167061912661532,1.1,0.9,1710.0,-5711.0,1
15,16.0,1256,2,1256,bus_5039,1256,5,-0.02683638117617177,1.0167061912661532,1.1,0.9,1710.0,-5711.0,1
1,132.0,936,1,936,bus_1173,bus,1,-0.0692042013424446,1.0116582735439636,1.1,0.9,2300.0,2524.0,1
1,132.0,936,1,936,bus_1173,936,1,-0.0692042013424446,1.0116582735439636,1.1,0.9,2300.0,2524.0,1
7,66.0,212,1,212,bus_2241,bus,2,-0.5496438514687718,1.0663940175966231,1.1,0.9,1104.0,-4052.0,1
7,66.0,212,1,212,bus_2241,212,2,-0.5496438514687718,1.0663940175966231,1.1,0.9,1104.0,-4052.0,1
4,132.0,1312,1,1312,bus_1328,bus,1,-0.034229203093019626,0.951509141709567,1.1,0.9,1753.0,-2399.0,1
4,132.0,1312,1,1312,bus_1328,1312,1,-0.034229203093019626,0.951509141709567,1.1,0.9,1753.0,-2399.0,1
4,330.0,908,1,908,starbus_xf_1118_1040_1041_2,bus,1,0.1146392484518359,0.9761041521042079,1.1,0.9,1364.0,-1585.0,1
4,330.0,908,1,908,starbus_xf_1118_1040_1041_2,908,1,0.1146392484518359,0.9761041521042079,1.1,0.9,1364.0,-1585.0,1
12,0.48,1428,1,1428,bus_4014,bus,4,1.0752835562575214,1.0562163832109068,1.1,0.9,-3051.0,-1943.0,1
12,0.48,1428,1,1428,bus_4014,1428,4,1.0752835562575214,1.0562163832109068,1.1,0.9,-3051.0,-1943.0,1
10,66.0,369,1,369,bus_3126,bus,3,-0.11050317032977672,1.015143913119106,1.1,0.9,1602.0,4287.0,1
10,66.0,369,1,369,bus_3126,369,3,-0.11050317032977672,1.015143913119106,1.1,0.9,1602.0,4287.0,1
1,132.0,1756,1,1756,bus_1351,bus,1,-0.2533342867839173,1.0399210650760342,1.1,0.9,1714.0,1868.0,1
1,132.0,1756,1,1756,bus_1351,1756,1,-0.2533342867839173,1.0399210650760342,1.1,0.9,1714.0,1868.0,1
4,132.0,211,1,211,bus_1172,bus,1,-0.11718100369776445,1.0615383133719858,1.1,0.9,1175.0,-2112.0,1
4,132.0,211,1,211,bus_1172,211,1,-0.11718100369776445,1.0615383133719858,1.1,0.9,1175.0,-2112.0,1
7,66.0,1950,1,1950,bus_2272,bus,2,-0.5820785608328564,1.100000010882555,1.1,0.9,900.0,-4187.0,1
7,66.0,1950,1,1950,bus_2272,1950,2,-0.5820785608328564,1.100000010882555,1.1,0.9,900.0,-4187.0,1
3,132.0,1763,1,1763,bus_1461,bus,1,-0.3460668953338355,1.0533637049796216,1.1,0.9,1115.0,-484.0,1
3,132.0,1763,1,1763,bus_1461,1763,1,-0.3460668953338355,1.0533637049796216,1.1,0.9,1115.0,-484.0,1
9,11.0,678,1,678,bus_3012,bus,3,-0.27962233487021665,1.0389294453712068,1.1,0.9,-953.0,4074.0,1
9,11.0,678,1,678,bus_3012,678,3,-0.27962233487021665,1.0389294453712068,1.1,0.9,-953.0,4074.0,1
1,33.0,1508,1,1508,bus_1639,bus,1,-0.3107804852558613,1.1000000094242852,1.1,0.9,1516.0,1724.0,1
1,33.0,1508,1,1508,bus_1639,1508,1,-0.3107804852558613,1.1000000094242852,1.1,0.9,1516.0,1724.0,1
12,11.0,118,1,118,bus_4400,bus,4,1.0707694569165644,0.9681902290184919,1.1,0.9,-3762.0,-1734.0,1
12,11.0,118,1,118,bus_4400,118,4,1.0707694569165644,0.9681902290184919,1.1,0.9,-3762.0,-1734.0,1
5,220.0,283,1,283,bus_1222,bus,1,-0.021370994924286627,1.0794645535019138,1.1,0.9,559.0,-2881.0,1
5,220.0,283,1,283,bus_1222,283,1,-0.021370994924286627,1.0794645535019138,1.1,0.9,559.0,-2881.0,1
6,0.6899999999999998,513,1,513,bus_2076,bus,2,0.39582158246873284,1.1000000106275343,1.1,0.9,79.0,-4685.0,1
6,0.6899999999999998,513,1,513,bus_2076,513,2,0.39582158246873284,1.1000000106275343,1.1,0.9,79.0,-4685.0,1
11,110.0,1124,1,1124,starbus_xf_3362_3364_3363_1,bus,3,-0.3691069708691198,1.0473242250355943,1.1,0.9,564.0,3191.0,1
11,110.0,1124,1,1124,starbus_xf_3362_3364_3363_1,1124,3,-0.3691069708691198,1.0473242250355943,1.1,0.9,564.0,3191.0,1
2,330.0,1022,2,1022,bus_1145,bus,1,-0.006458631039706832,1.0812899502876405,1.1,0.9,1363.0,1597.0,1
2,330.0,1022,2,1022,bus_1145,1022,1,-0.006458631039706832,1.0812899502876405,1.1,0.9,1363.0,1597.0,1
5,220.0,1851,1,1851,bus_1217,bus,1,-0.039895777897525284,1.0921056695386748,1.1,0.9,433.0,-2941.0,1
5,220.0,1851,1,1851,bus_1217,1851,1,-0.039895777897525284,1.0921056695386748,1.1,0.9,433.0,-2941.0,1
2,132.0,813,1,813,bus_1244,bus,1,-0.3605634339996651,1.0506680240217805,1.1,0.9,482.0,-493.0,1
2,132.0,813,1,813,bus_1244,813,1,-0.3605634339996651,1.0506680240217805,1.1,0.9,482.0,-493.0,1
11,11.0,1912,1,1912,bus_3360,bus,3,-0.42839144089540016,1.0057621458045123,1.1,0.9,-1093.0,3546.0,1
11,11.0,1912,1,1912,bus_3360,1912,3,-0.42839144089540016,1.0057621458045123,1.1,0.9,-1093.0,3546.0,1
8,132.0,425,1,425,bus_3275,bus,3,-0.03502799600403192,1.0387327631041807,1.1,0.9,-666.0,5437.0,1
8,132.0,425,1,425,bus_3275,425,3,-0.03502799600403192,1.0387327631041807,1.1,0.9,-666.0,5437.0,1
8,132.0,1547,1,1547,bus_3002,bus,3,-0.30299812811186555,1.0285433277620346,1.1,0.9,-718.0,5893.0,1
8,132.0,1547,1,1547,bus_3002,1547,3,-0.30299812811186555,1.0285433277620346,1.1,0.9,-718.0,5893.0,1
6,220.0,900,1,900,bus_2160,bus,2,-0.3581924973040241,1.0394778047335511,1.1,0.9,325.0,-3872.0,1
6,220.0,900,1,900,bus_2160,900,2,-0.3581924973040241,1.0394778047335511,1.1,0.9,325.0,-3872.0,1
3,132.0,546,1,546,bus_1459,bus,1,-0.14668185764141642,0.9844887487467663,1.1,0.9,1135.0,-792.0,1
3,132.0,546,1,546,bus_1459,546,1,-0.14668185764141642,0.9844887487467663,1.1,0.9,1135.0,-792.0,1
11,110.0,1977,1,1977,bus_3357,bus,3,-0.3357729165154154,1.0473791179011127,1.1,0.9,226.0,3142.0,1
11,110.0,1977,1,1977,bus_3357,1977,3,-0.3357729165154154,1.0473791179011127,1.1,0.9,226.0,3142.0,1
14,66.0,686,1,686,bus_4277,bus,4,0.9826247069545274,1.0324247802149302,1.1,0.9,-1862.0,-2484.0,1
14,66.0,686,1,686,bus_4277,686,4,0.9826247069545274,1.0324247802149302,1.1,0.9,-1862.0,-2484.0,1
6,220.0,301,1,301,bus_2104,bus,2,-0.4112014699263982,1.0337475532007514,1.1,0.9,449.0,-4098.0,1
6,220.0,301,1,301,bus_2104,301,2,-0.4112014699263982,1.0337475532007514,1.1,0.9,449.0,-4098.0,1
14,33.0,1153,1,1153,bus_4103,bus,4,0.3904657429201176,1.0954298994640972,1.1,0.9,-967.0,-3102.0,1
14,33.0,1153,1,1153,bus_4103,1153,4,0.3904657429201176,1.0954298994640972,1.1,0.9,-967.0,-3102.0,1
4,0.55,784,1,784,bus_1053,bus,1,-0.002148596962020828,1.058011765726753,1.1,0.9,1057.0,-928.0,1
4,0.55,784,1,784,bus_1053,784,1,-0.002148596962020828,1.058011765726753,1.1,0.9,1057.0,-928.0,1
13,66.0,18,1,18,bus_4279,bus,4,0.9669450610710372,1.022934109039757,1.1,0.9,-2083.0,-2441.0,1
13,66.0,18,1,18,bus_4279,18,4,0.9669450610710372,1.022934109039757,1.1,0.9,-2083.0,-2441.0,1
1,132.0,796,1,796,bus_1285,bus,1,-0.07431404266482348,1.0124582562962703,1.1,0.9,2296.0,2442.0,1
1,132.0,796,1,796,bus_1285,796,1,-0.07431404266482348,1.0124582562962703,1.1,0.9,2296.0,2442.0,1
2,11.0,806,1,806,bus_1624,bus,1,-0.44781238339815427,1.0105483090571217,1.1,0.9,-566.0,379.0,1
2,11.0,806,1,806,bus_1624,806,1,-0.44781238339815427,1.0105483090571217,1.1,0.9,-566.0,379.0,1
12,132.0,517,1,517,starbus_xf_4166_4356_4492_4,bus,4,1.0217272252390357,0.9383964168498145,1.1,0.9,-3838.0,-1764.0,1
12,132.0,517,1,517,starbus_xf_4166_4356_4492_4,517,4,1.0217272252390357,0.9383964168498145,1.1,0.9,-3838.0,-1764.0,1
10,132.0,78,1,78,starbus_xf_3266_3154_3155_1,bus,3,-0.02169210303063329,1.049377444248649,1.1,0.9,1141.0,4150.0,1
10,132.0,78,1,78,starbus_xf_3266_3154_3155_1,78,3,-0.02169210303063329,1.049377444248649,1.1,0.9,1141.0,4150.0,1
9,20.0,1177,2,1177,bus_3430,bus,3,0.05191106475594986,1.0868732231572817,1.1,0.9,353.0,4530.0,1
9,20.0,1177,2,1177,bus_3430,1177,3,0.05191106475594986,1.0868732231572817,1.1,0.9,353.0,4530.0,1
13,132.0,382,1,382,bus_4184,bus,4,0.9183286514262721,1.0289053029336805,1.1,0.9,-2137.0,-1434.0,1
13,132.0,382,1,382,bus_4184,382,4,0.9183286514262721,1.0289053029336805,1.1,0.9,-2137.0,-1434.0,1
4,132.0,1861,1,1861,bus_1475,bus,1,-0.06674285461186588,1.0560510635867362,1.1,0.9,2136.0,-1462.0,1
4,132.0,1861,1,1861,bus_1475,1861,1,-0.06674285461186588,1.0560510635867362,1.1,0.9,2136.0,-1462.0,1
15,6.6,74,1,74,bus_5175,bus,5,-0.11853441689367909,1.0078056469827243,1.1,0.9,1942.0,-6389.0,1
15,6.6,74,1,74,bus_5175,74,5,-0.11853441689367909,1.0078056469827243,1.1,0.9,1942.0,-6389.0,1
15,16.0,1419,2,1419,bus_5037,bus,5,-0.004914471439896548,0.9579522873286748,1.1,0.9,1844.0,-5875.0,1
15,16.0,1419,2,1419,bus_5037,1419,5,-0.004914471439896548,0.9579522873286748,1.1,0.9,1844.0,-5875.0,1
11,275.0,1056,1,1056,bus_3490,bus,3,-0.06931740289935495,1.0636915724750553,1.1,0.9,78.0,3036.0,1
11,275.0,1056,1,1056,bus_3490,1056,3,-0.06931740289935495,1.0636915724750553,1.1,0.9,78.0,3036.0,1
2,330.0,1513,1,1513,bus_1100,bus,1,0.05227586015460014,1.0513100880147348,1.1,0.9,910.0,619.0,1
2,330.0,1513,1,1513,bus_1100,1513,1,0.05227586015460014,1.0513100880147348,1.1,0.9,910.0,619.0,1
15,22.0,1946,1,1946,bus_5207,bus,5,-0.13873575523694587,1.0226505115696247,1.1,0.9,2225.0,-6195.0,1
15,22.0,1946,1,1946,bus_5207,1946,5,-0.13873575523694587,1.0226505115696247,1.1,0.9,2225.0,-6195.0,1
13,132.0,33,1,33,bus_4210,bus,4,0.843764031304218,0.9756478861167076,1.1,0.9,-1444.0,-1776.0,1
13,132.0,33,1,33,bus_4210,33,4,0.843764031304218,0.9756478861167076,1.1,0.9,-1444.0,-1776.0,1
6,220.0,1539,1,1539,bus_2181,bus,2,-0.41047749144996215,1.0284092086505043,1.1,0.9,803.0,-3560.0,1
6,220.0,1539,1,1539,bus_2181,1539,2,-0.41047749144996215,1.0284092086505043,1.1,0.9,803.0,-3560.0,1
2,22.0,52,2,52,bus_1034,bus,1,0.1384340997697464,0.9752161167236397,1.1,0.9,1244.0,1161.0,1
2,22.0,52,2,52,bus_1034,52,1,0.1384340997697464,0.9752161167236397,1.1,0.9,1244.0,1161.0,1
13,275.0,2022,1,2022,connection S4,bus,4,0.0,1.0,1.1,0.9,NaN,NaN,1
13,275.0,2022,1,2022,connection S4,2022,4,0.0,1.0,1.1,0.9,NaN,NaN,1
3,330.0,1363,1,1363,bus_1112,bus,1,-0.239922803799608,1.0445303645537916,1.1,0.9,795.0,-151.0,1
3,330.0,1363,1,1363,bus_1112,1363,1,-0.239922803799608,1.0445303645537916,1.1,0.9,795.0,-151.0,1
13,11.0,1031,1,1031,bus_4419,bus,4,0.9439905329058542,0.9835151413326954,1.1,0.9,-2569.0,-2611.0,1
13,11.0,1031,1,1031,bus_4419,1031,4,0.9439905329058542,0.9835151413326954,1.1,0.9,-2569.0,-2611.0,1
14,11.0,121,1,121,bus_4486,bus,4,0.9272324803315326,1.0250000330089428,1.1,0.9,-1784.0,-2804.0,1
14,11.0,121,1,121,bus_4486,121,4,0.9272324803315326,1.0250000330089428,1.1,0.9,-1784.0,-2804.0,1
15,220.0,1690,1,1690,bus_5155,bus,5,-0.08928081389675672,1.0551151338680296,1.1,0.9,1614.0,-6003.0,1
15,220.0,1690,1,1690,bus_5155,1690,5,-0.08928081389675672,1.0551151338680296,1.1,0.9,1614.0,-6003.0,1
14,1.0,395,1,395,bus_4081,bus,4,0.3901684870043044,1.1000000091328181,1.1,0.9,-993.0,-3168.0,1
14,1.0,395,1,395,bus_4081,395,4,0.3901684870043044,1.1000000091328181,1.1,0.9,-993.0,-3168.0,1
13,11.0,1069,1,1069,bus_4001,bus,4,0.9311487067625971,1.0497533847119107,1.1,0.9,-2078.0,-2282.0,1
13,11.0,1069,1,1069,bus_4001,1069,4,0.9311487067625971,1.0497533847119107,1.1,0.9,-2078.0,-2282.0,1
2,132.0,1059,1,1059,bus_1191,bus,1,-0.33456940802064333,1.0575949293150706,1.1,0.9,313.0,384.0,1
2,132.0,1059,1,1059,bus_1191,1059,1,-0.33456940802064333,1.0575949293150706,1.1,0.9,313.0,384.0,1
7,10.5,509,2,509,bus_2085,bus,2,-0.4635034729186666,0.9399841161047807,1.1,0.9,1029.0,-3844.0,1
7,10.5,509,2,509,bus_2085,509,2,-0.4635034729186666,0.9399841161047807,1.1,0.9,1029.0,-3844.0,1
13,11.0,918,1,918,bus_4411,bus,4,0.9805911235866507,1.0744414699048392,1.1,0.9,-2096.0,-2617.0,1
13,11.0,918,1,918,bus_4411,918,4,0.9805911235866507,1.0744414699048392,1.1,0.9,-2096.0,-2617.0,1
8,132.0,1655,1,1655,bus_3225,bus,3,-0.5522808777625863,1.0014808852597294,1.1,0.9,-1513.0,6902.0,1
8,132.0,1655,1,1655,bus_3225,1655,3,-0.5522808777625863,1.0014808852597294,1.1,0.9,-1513.0,6902.0,1
5,500.0,1669,1,1669,bus_2204,bus,2,-0.2608320848962393,1.0481393124367973,1.1,0.9,-68.0,-3103.0,1
5,500.0,1669,1,1669,bus_2204,1669,2,-0.2608320848962393,1.0481393124367973,1.1,0.9,-68.0,-3103.0,1
6,13.8,961,2,961,bus_2003,bus,2,0.13238098508347237,1.0133271066327842,1.1,0.9,992.0,-3064.0,1
6,13.8,961,2,961,bus_2003,961,2,0.13238098508347237,1.0133271066327842,1.1,0.9,992.0,-3064.0,1
2,132.0,1924,1,1924,bus_1488,bus,1,-0.3572862174211219,1.0466952879105467,1.1,0.9,318.0,946.0,1
2,132.0,1924,1,1924,bus_1488,1924,1,-0.3572862174211219,1.0466952879105467,1.1,0.9,318.0,946.0,1
11,33.0,1383,1,1383,bus_3059,bus,3,-0.34019847039091133,0.996348261478786,1.1,0.9,-901.0,3455.0,1
11,33.0,1383,1,1383,bus_3059,1383,3,-0.34019847039091133,0.996348261478786,1.1,0.9,-901.0,3455.0,1
13,11.0,1625,1,1625,bus_4410,bus,4,0.9803079466923914,1.074832520721699,1.1,0.9,-2080.0,-2629.0,1
13,11.0,1625,1,1625,bus_4410,1625,4,0.9803079466923914,1.074832520721699,1.1,0.9,-2080.0,-2629.0,1
14,33.0,1498,1,1498,bus_4074,bus,4,0.3615287652477038,1.0602901467455363,1.1,0.9,-921.0,-2853.0,1
14,33.0,1498,1,1498,bus_4074,1498,4,0.3615287652477038,1.0602901467455363,1.1,0.9,-921.0,-2853.0,1
4,132.0,1835,1,1835,bus_1480,bus,1,-0.08816285729835258,1.0655397428790028,1.1,0.9,858.0,-1966.0,1
4,132.0,1835,1,1835,bus_1480,1835,1,-0.08816285729835258,1.0655397428790028,1.1,0.9,858.0,-1966.0,1
7,33.0,1155,2,1155,bus_2247,bus,2,0.11673539052042817,1.0528225860620188,1.1,0.9,1534.0,-4493.0,1
7,33.0,1155,2,1155,bus_2247,1155,2,0.11673539052042817,1.0528225860620188,1.1,0.9,1534.0,-4493.0,1
5,0.55,58,1,58,bus_1057,bus,1,-0.21566887323560438,1.0888071669421122,1.1,0.9,651.0,-2373.0,1
5,0.55,58,1,58,bus_1057,58,1,-0.21566887323560438,1.0888071669421122,1.1,0.9,651.0,-2373.0,1
11,33.0,1105,1,1105,bus_3271,bus,3,-0.39813976402726353,1.0376940714203078,1.1,0.9,-80.0,2683.0,1
11,33.0,1105,1,1105,bus_3271,1105,3,-0.39813976402726353,1.0376940714203078,1.1,0.9,-80.0,2683.0,1
8,11.0,166,1,166,bus_3456,bus,3,-0.4672332945951301,0.9305555683693598,1.1,0.9,-1438.0,6945.0,1
8,11.0,166,1,166,bus_3456,166,3,-0.4672332945951301,0.9305555683693598,1.1,0.9,-1438.0,6945.0,1
14,66.0,640,1,640,bus_4298,bus,4,0.9749087002343937,1.0449985222774347,1.1,0.9,-1489.0,-3282.0,1
14,66.0,640,1,640,bus_4298,640,4,0.9749087002343937,1.0449985222774347,1.1,0.9,-1489.0,-3282.0,1
3,132.0,1667,1,1667,bus_1215,bus,1,-0.335699027146074,1.0465973636721804,1.1,0.9,876.0,-435.0,1
3,132.0,1667,1,1667,bus_1215,1667,1,-0.335699027146074,1.0465973636721804,1.1,0.9,876.0,-435.0,1
1,132.0,1554,1,1554,bus_1402,bus,1,-0.01502046566794175,1.0755541911285893,1.1,0.9,1986.0,1943.0,1
1,132.0,1554,1,1554,bus_1402,1554,1,-0.01502046566794175,1.0755541911285893,1.1,0.9,1986.0,1943.0,1
13,275.0,280,1,280,bus_4117,bus,4,0.9953587318476333,1.0585945060804445,1.1,0.9,-2144.0,-1797.0,1
13,275.0,280,1,280,bus_4117,280,4,0.9953587318476333,1.0585945060804445,1.1,0.9,-2144.0,-1797.0,1
6,11.0,313,1,313,bus_2013,bus,2,-0.13144655979011519,0.9749812417894894,1.1,0.9,1038.0,-2962.0,1
6,11.0,313,1,313,bus_2013,313,2,-0.13144655979011519,0.9749812417894894,1.1,0.9,1038.0,-2962.0,1
12,11.0,1404,1,1404,bus_4407,bus,4,0.7657251964342383,1.0296908329953822,1.1,0.9,-3407.0,-1849.0,1
12,11.0,1404,1,1404,bus_4407,1404,4,0.7657251964342383,1.0296908329953822,1.1,0.9,-3407.0,-1849.0,1
6,66.0,645,1,645,bus_2237,bus,2,-0.4526825094609728,1.02797832703565,1.1,0.9,336.0,-3883.0,1
6,66.0,645,1,645,bus_2237,645,2,-0.4526825094609728,1.02797832703565,1.1,0.9,336.0,-3883.0,1
14,66.0,759,1,759,bus_4342,bus,4,0.9682459019047382,1.04364942196358,1.1,0.9,-1640.0,-2952.0,1
14,66.0,759,1,759,bus_4342,759,4,0.9682459019047382,1.04364942196358,1.1,0.9,-1640.0,-2952.0,1
12,275.0,1453,1,1453,bus_4111,bus,4,1.0103303745921741,1.0336357021220681,1.1,0.9,-3039.0,-1644.0,1
12,275.0,1453,1,1453,bus_4111,1453,4,1.0103303745921741,1.0336357021220681,1.1,0.9,-3039.0,-1644.0,1
2,33.0,937,1,937,bus_1655,bus,1,-0.3915520287411887,1.0124840778836801,1.1,0.9,-601.0,473.0,1
2,33.0,937,1,937,bus_1655,937,1,-0.3915520287411887,1.0124840778836801,1.1,0.9,-601.0,473.0,1
4,66.0,1676,1,1676,starbus_xf_1588_1327_1068_2,bus,1,-0.0711178249443202,1.0992084022857345,1.1,0.9,1220.0,-2379.0,1
4,66.0,1676,1,1676,starbus_xf_1588_1327_1068_2,1676,1,-0.0711178249443202,1.0992084022857345,1.1,0.9,1220.0,-2379.0,1
4,12.5,909,2,909,bus_1079,bus,1,0.1962710873275589,1.0107062417090495,1.1,0.9,1451.0,-1534.0,1
4,12.5,909,2,909,bus_1079,909,1,0.1962710873275589,1.0107062417090495,1.1,0.9,1451.0,-1534.0,1
4,330.0,1719,1,1719,bus_1118,bus,1,0.07562057907539745,1.0337184759326778,1.1,0.9,1300.0,-1557.0,1
4,330.0,1719,1,1719,bus_1118,1719,1,0.07562057907539745,1.0337184759326778,1.1,0.9,1300.0,-1557.0,1
11,110.0,1057,1,1057,bus_3177,bus,3,-0.3305680529366865,1.0506755327962163,1.1,0.9,-749.0,2385.0,1
11,110.0,1057,1,1057,bus_3177,1057,3,-0.3305680529366865,1.0506755327962163,1.1,0.9,-749.0,2385.0,1
4,66.0,1486,1,1486,bus_1620,bus,1,-0.12349440464791449,1.0927791055792127,1.1,0.9,836.0,-1563.0,1
4,66.0,1486,1,1486,bus_1620,1486,1,-0.12349440464791449,1.0927791055792127,1.1,0.9,836.0,-1563.0,1
8,132.0,99,2,99,bus_3529,bus,3,-0.3230822971023446,1.0260396190826122,1.1,0.9,-782.0,6854.0,1
8,132.0,99,2,99,bus_3529,99,3,-0.3230822971023446,1.0260396190826122,1.1,0.9,-782.0,6854.0,1
15,110.0,1204,1,1204,bus_5106,bus,5,-0.12207029134039833,1.021632706036772,1.1,0.9,1515.0,-6468.0,1
15,110.0,1204,1,1204,bus_5106,1204,5,-0.12207029134039833,1.021632706036772,1.1,0.9,1515.0,-6468.0,1
4,0.6899999999999998,1909,2,1909,bus_1024,bus,1,0.077230778058378,1.100000010929484,1.1,0.9,1660.0,-1046.0,1
4,0.6899999999999998,1909,2,1909,bus_1024,1909,1,0.077230778058378,1.100000010929484,1.1,0.9,1660.0,-1046.0,1
14,66.0,1964,1,1964,bus_4274,bus,4,0.9941902154430667,1.015440129862922,1.1,0.9,-2439.0,-3222.0,1
14,66.0,1964,1,1964,bus_4274,1964,4,0.9941902154430667,1.015440129862922,1.1,0.9,-2439.0,-3222.0,1
2,500.0,1632,1,1632,bus_1090,bus,1,-0.06371891181174963,1.031940942245731,1.1,0.9,714.0,507.0,1
2,500.0,1632,1,1632,bus_1090,1632,1,-0.06371891181174963,1.031940942245731,1.1,0.9,714.0,507.0,1
13,132.0,437,1,437,bus_4178,bus,4,0.8287984767363081,0.993587910813598,1.1,0.9,-2148.0,-1243.0,1
13,132.0,437,1,437,bus_4178,437,4,0.8287984767363081,0.993587910813598,1.1,0.9,-2148.0,-1243.0,1
13,275.0,1902,1,1902,bus_4113,bus,4,0.851857266270446,1.0259241451495906,1.1,0.9,-2983.0,-1700.0,1
13,275.0,1902,1,1902,bus_4113,1902,4,0.851857266270446,1.0259241451495906,1.1,0.9,-2983.0,-1700.0,1
2,132.0,285,1,285,bus_1432,bus,1,-0.20977587278003046,1.0541750306641333,1.1,0.9,403.0,-107.0,1
2,132.0,285,1,285,bus_1432,285,1,-0.20977587278003046,1.0541750306641333,1.1,0.9,403.0,-107.0,1
2,132.0,433,1,433,bus_1196,bus,1,-0.2211597162271893,1.0663407204536905,1.1,0.9,582.0,839.0,1
2,132.0,433,1,433,bus_1196,433,1,-0.2211597162271893,1.0663407204536905,1.1,0.9,582.0,839.0,1
2,132.0,955,1,955,bus_1445,bus,1,-0.3746238158890667,1.0473698616368678,1.1,0.9,808.0,963.0,1
2,132.0,955,1,955,bus_1445,955,1,-0.3746238158890667,1.0473698616368678,1.1,0.9,808.0,963.0,1
2,132.0,406,1,406,starbus_xf_1428_1501_1539_1,bus,1,-0.23666870570559925,1.0482826699121668,1.1,0.9,166.0,-160.0,1
2,132.0,406,1,406,starbus_xf_1428_1501_1539_1,406,1,-0.23666870570559925,1.0482826699121668,1.1,0.9,166.0,-160.0,1
1,132.0,1583,2,1583,bus_1299,bus,1,-0.054513964888486595,1.0182723644496308,1.1,0.9,2630.0,2721.0,1
1,132.0,1583,2,1583,bus_1299,1583,1,-0.054513964888486595,1.0182723644496308,1.1,0.9,2630.0,2721.0,1
4,132.0,647,1,647,bus_1449,bus,1,-0.09740523073557951,1.0446460304437917,1.1,0.9,1861.0,-1281.0,1
4,132.0,647,1,647,bus_1449,647,1,-0.09740523073557951,1.0446460304437917,1.1,0.9,1861.0,-1281.0,1
2,132.0,921,1,921,bus_1127,bus,1,-0.36148917410793807,1.0505367591707802,1.1,0.9,433.0,-576.0,1
2,132.0,921,1,921,bus_1127,921,1,-0.36148917410793807,1.0505367591707802,1.1,0.9,433.0,-576.0,1
7,220.0,1100,1,1100,bus_2187,bus,2,-0.27382739858321536,1.0887409736822922,1.1,0.9,1189.0,-3799.0,1
7,220.0,1100,1,1100,bus_2187,1100,2,-0.27382739858321536,1.0887409736822922,1.1,0.9,1189.0,-3799.0,1
9,275.0,1310,2,1310,bus_3547,bus,3,-0.19310236293677202,1.086475147908825,1.1,0.9,-406.0,4002.0,1
9,275.0,1310,2,1310,bus_3547,1310,3,-0.19310236293677202,1.086475147908825,1.1,0.9,-406.0,4002.0,1
1,66.0,84,1,84,bus_1658,bus,1,-0.09289011773667653,1.0480284494041512,1.1,0.9,2806.0,2717.0,1
1,66.0,84,1,84,bus_1658,84,1,-0.09289011773667653,1.0480284494041512,1.1,0.9,2806.0,2717.0,1
15,110.0,325,1,325,starbus_xf_5090_5200_5201_6,bus,5,-0.11566538369655495,1.053979664882791,1.1,0.9,1708.0,-6262.0,1
15,110.0,325,1,325,starbus_xf_5090_5200_5201_6,325,5,-0.11566538369655495,1.053979664882791,1.1,0.9,1708.0,-6262.0,1
15,11.0,104,2,104,bus_5020,bus,5,-0.03889779270374545,1.0435425696105163,1.1,0.9,2254.0,-6257.0,1
15,11.0,104,2,104,bus_5020,104,5,-0.03889779270374545,1.0435425696105163,1.1,0.9,2254.0,-6257.0,1
6,220.0,1411,1,1411,bus_2126,bus,2,-0.17697794328349217,1.0488218667616225,1.1,0.9,703.0,-2878.0,1
6,220.0,1411,1,1411,bus_2126,1411,2,-0.17697794328349217,1.0488218667616225,1.1,0.9,703.0,-2878.0,1
8,132.0,267,1,267,bus_3196,bus,3,-0.27894989647831625,1.0336534841609741,1.1,0.9,-567.0,5850.0,1
8,132.0,267,1,267,bus_3196,267,3,-0.27894989647831625,1.0336534841609741,1.1,0.9,-567.0,5850.0,1
9,110.0,185,1,185,bus_3312,bus,3,-0.31685982163001,1.0538088374929084,1.1,0.9,-377.0,4131.0,1
9,110.0,185,1,185,bus_3312,185,3,-0.31685982163001,1.0538088374929084,1.1,0.9,-377.0,4131.0,1
11,110.0,410,1,410,starbus_xf_3371_3372_3373_2,bus,3,-0.35690173959434135,1.0249459724068735,1.1,0.9,-1009.0,3506.0,1
11,110.0,410,1,410,starbus_xf_3371_3372_3373_2,410,3,-0.35690173959434135,1.0249459724068735,1.1,0.9,-1009.0,3506.0,1
15,22.0,1136,1,1136,bus_5213,bus,5,-0.1654919447065816,1.0485166620457698,1.1,0.9,1961.0,-6181.0,1
15,22.0,1136,1,1136,bus_5213,1136,5,-0.1654919447065816,1.0485166620457698,1.1,0.9,1961.0,-6181.0,1
2,132.0,1901,1,1901,bus_1321,bus,1,-0.3333619374425046,1.0363881380459672,1.1,0.9,-293.0,402.0,1
2,132.0,1901,1,1901,bus_1321,1901,1,-0.3333619374425046,1.0363881380459672,1.1,0.9,-293.0,402.0,1
15,110.0,1245,1,1245,bus_5054,bus,5,-0.10744668598409178,1.0597364714592294,1.1,0.9,1442.0,-5751.0,1
15,110.0,1245,1,1245,bus_5054,1245,5,-0.10744668598409178,1.0597364714592294,1.1,0.9,1442.0,-5751.0,1
4,132.0,626,1,626,bus_1497,bus,1,-0.13957674762054792,1.0833255589876285,1.1,0.9,889.0,-1977.0,1
4,132.0,626,1,626,bus_1497,626,1,-0.13957674762054792,1.0833255589876285,1.1,0.9,889.0,-1977.0,1
11,110.0,349,1,349,bus_3131,bus,3,-0.2749659909214733,1.0581688520918842,1.1,0.9,-505.0,3251.0,1
11,110.0,349,1,349,bus_3131,349,3,-0.2749659909214733,1.0581688520918842,1.1,0.9,-505.0,3251.0,1
1,132.0,191,1,191,bus_1397,bus,1,-0.2516276602516919,1.068617256129386,1.1,0.9,927.0,1615.0,1
1,132.0,191,1,191,bus_1397,191,1,-0.2516276602516919,1.068617256129386,1.1,0.9,927.0,1615.0,1
15,11.0,807,2,807,bus_5236,bus,5,0.062087534848744526,1.0000708382384802,1.1,0.9,1223.0,-6111.0,1
15,11.0,807,2,807,bus_5236,807,5,0.062087534848744526,1.0000708382384802,1.1,0.9,1223.0,-6111.0,1
10,132.0,1104,1,1104,bus_3287,bus,3,-0.11379629733590782,1.0684765934677112,1.1,0.9,1811.0,4487.0,1
10,132.0,1104,1,1104,bus_3287,1104,3,-0.11379629733590782,1.0684765934677112,1.1,0.9,1811.0,4487.0,1
12,0.6899999999999998,1175,1,1175,bus_4003,bus,4,1.0465385037185295,0.9000000103037709,1.1,0.9,-4058.0,-1874.0,1
12,0.6899999999999998,1175,1,1175,bus_4003,1175,4,1.0465385037185295,0.9000000103037709,1.1,0.9,-4058.0,-1874.0,1
5,33.0,304,1,304,bus_1318,bus,1,-0.21566888015709176,1.0343668854255956,1.1,0.9,671.0,-2297.0,1
5,33.0,304,1,304,bus_1318,304,1,-0.21566888015709176,1.0343668854255956,1.1,0.9,671.0,-2297.0,1
2,132.0,1276,1,1276,bus_1401,bus,1,-0.3135417955347496,1.0510819687919006,1.1,0.9,311.0,234.0,1
2,132.0,1276,1,1276,bus_1401,1276,1,-0.3135417955347496,1.0510819687919006,1.1,0.9,311.0,234.0,1
9,15.75,1983,1,1983,bus_3439,bus,3,0.05788057141948324,0.9908113512489721,1.1,0.9,877.0,3571.0,1
9,15.75,1983,1,1983,bus_3439,1983,3,0.05788057141948324,0.9908113512489721,1.1,0.9,877.0,3571.0,1
4,330.0,1979,1,1979,bus_1151,bus,1,-0.052717443704625576,1.061386964590933,1.1,0.9,1130.0,-1867.0,1
4,330.0,1979,1,1979,bus_1151,1979,1,-0.052717443704625576,1.061386964590933,1.1,0.9,1130.0,-1867.0,1
2,33.0,1760,1,1760,bus_1546,bus,1,0.04343733497457481,1.0764918125823997,1.1,0.9,1251.0,1182.0,1
2,33.0,1760,1,1760,bus_1546,1760,1,0.04343733497457481,1.0764918125823997,1.1,0.9,1251.0,1182.0,1
11,33.0,1222,1,1222,bus_3365,bus,3,-0.379487601507821,1.0094768825942981,1.1,0.9,-766.0,2451.0,1
11,33.0,1222,1,1222,bus_3365,1222,3,-0.379487601507821,1.0094768825942981,1.1,0.9,-766.0,2451.0,1
15,33.0,1723,1,1723,bus_5177,bus,5,-0.1674309106215729,1.0355363317031145,1.1,0.9,1781.0,-6261.0,1
15,33.0,1723,1,1723,bus_5177,1723,5,-0.1674309106215729,1.0355363317031145,1.1,0.9,1781.0,-6261.0,1
9,132.0,1843,1,1843,bus_3039,bus,3,-0.02423993296577893,1.0760767459313103,1.1,0.9,543.0,4965.0,1
9,132.0,1843,1,1843,bus_3039,1843,3,-0.02423993296577893,1.0760767459313103,1.1,0.9,543.0,4965.0,1
9,66.0,1998,1,1998,bus_3500,bus,3,-0.01212377227948167,1.0599832124773159,1.1,0.9,361.0,3745.0,1
9,66.0,1998,1,1998,bus_3500,1998,3,-0.01212377227948167,1.0599832124773159,1.1,0.9,361.0,3745.0,1
4,132.0,1905,1,1905,bus_1288,bus,1,-0.07402189806346848,1.0516896969241094,1.1,0.9,2161.0,-1359.0,1
4,132.0,1905,1,1905,bus_1288,1905,1,-0.07402189806346848,1.0516896969241094,1.1,0.9,2161.0,-1359.0,1
2,11.0,1533,1,1533,bus_1547,bus,1,-0.32318690372344117,1.0146491452400865,1.1,0.9,668.0,1050.0,1
2,11.0,1533,1,1533,bus_1547,1533,1,-0.32318690372344117,1.0146491452400865,1.1,0.9,668.0,1050.0,1
5,500.0,2014,1,2014,bus_fxf_WNV MEL Option 1 VNI West,bus,2,0.0,1.0,1.1,0.9,NaN,NaN,1
5,500.0,2014,1,2014,bus_fxf_WNV MEL Option 1 VNI West,2014,2,0.0,1.0,1.1,0.9,NaN,NaN,1
15,110.0,580,1,580,bus_5118,bus,5,-0.13911724179575854,1.032130050107164,1.1,0.9,1912.0,-5788.0,1
15,110.0,580,1,580,bus_5118,580,5,-0.13911724179575854,1.032130050107164,1.1,0.9,1912.0,-5788.0,1
14,11.0,420,1,420,bus_4488,bus,4,0.939718739278039,1.0317283948910698,1.1,0.9,-1636.0,-3032.0,1
14,11.0,420,1,420,bus_4488,420,4,0.939718739278039,1.0317283948910698,1.1,0.9,-1636.0,-3032.0,1
8,132.0,727,1,727,bus_3159,bus,3,-0.2878372094231087,1.0454778813069614,1.1,0.9,-155.0,6010.0,1
8,132.0,727,1,727,bus_3159,727,3,-0.2878372094231087,1.0454778813069614,1.1,0.9,-155.0,6010.0,1
15,22.0,1920,1,1920,bus_5214,bus,5,-0.12629765125043332,1.0192157557982253,1.1,0.9,1922.0,-6320.0,1
15,22.0,1920,1,1920,bus_5214,1920,5,-0.12629765125043332,1.0192157557982253,1.1,0.9,1922.0,-6320.0,1
2,33.0,1798,1,1798,bus_1552,bus,1,-0.1711833215956021,1.0684932905103361,1.1,0.9,765.0,561.0,1
2,33.0,1798,1,1798,bus_1552,1798,1,-0.1711833215956021,1.0684932905103361,1.1,0.9,765.0,561.0,1
13,275.0,856,1,856,bus_4002,bus,4,1.026466387898091,1.0674945188646823,1.1,0.9,-2616.0,-1803.0,1
13,275.0,856,1,856,bus_4002,856,4,1.026466387898091,1.0674945188646823,1.1,0.9,-2616.0,-1803.0,1
11,33.0,1951,1,1951,bus_3474,bus,3,-0.3430158325111653,1.0352721299068113,1.1,0.9,-809.0,2283.0,1
11,33.0,1951,1,1951,bus_3474,1951,3,-0.3430158325111653,1.0352721299068113,1.1,0.9,-809.0,2283.0,1
2,11.0,1333,1,1333,bus_1534,bus,1,-0.47108175474380853,1.0133786666079894,1.1,0.9,504.0,-544.0,1
2,11.0,1333,1,1333,bus_1534,1333,1,-0.47108175474380853,1.0133786666079894,1.1,0.9,504.0,-544.0,1
13,275.0,809,1,809,bus_4125,bus,4,1.0234101201995776,1.0535568265683382,1.1,0.9,-2074.0,-2389.0,1
13,275.0,809,1,809,bus_4125,809,4,1.0234101201995776,1.0535568265683382,1.1,0.9,-2074.0,-2389.0,1
6,66.0,838,1,838,bus_2284,bus,2,-0.5500985318523622,1.03831939788805,1.1,0.9,935.0,-3619.0,1
6,66.0,838,1,838,bus_2284,838,2,-0.5500985318523622,1.03831939788805,1.1,0.9,935.0,-3619.0,1
1,66.0,977,1,977,bus_1638,bus,1,-0.31037432710355056,1.091312329872269,1.1,0.9,1531.0,1700.0,1
1,66.0,977,1,977,bus_1638,977,1,-0.31037432710355056,1.091312329872269,1.1,0.9,1531.0,1700.0,1
5,33.0,16,1,16,bus_2349,bus,2,-0.25109280597054734,0.9951710382183326,1.1,0.9,-382.0,-3237.0,1
5,33.0,16,1,16,bus_2349,16,2,-0.25109280597054734,0.9951710382183326,1.1,0.9,-382.0,-3237.0,1
12,66.0,1094,1,1094,bus_4097,bus,4,1.0686998214278993,0.9969356959542462,1.1,0.9,-3742.0,-1731.0,1
12,66.0,1094,1,1094,bus_4097,1094,4,1.0686998214278993,0.9969356959542462,1.1,0.9,-3742.0,-1731.0,1
9,33.0,1095,1,1095,bus_3020,bus,3,-0.3761426540316873,1.0737526629638376,1.1,0.9,-276.0,4267.0,1
9,33.0,1095,1,1095,bus_3020,1095,3,-0.3761426540316873,1.0737526629638376,1.1,0.9,-276.0,4267.0,1
2,33.0,1496,1,1496,bus_1551,bus,1,-0.17118332156426916,1.068493292128574,1.1,0.9,753.0,586.0,1
2,33.0,1496,1,1496,bus_1551,1496,1,-0.17118332156426916,1.068493292128574,1.1,0.9,753.0,586.0,1
5,11.0,40,1,40,bus_2350,bus,2,-0.047327684074326165,1.0865270324523177,1.1,0.9,216.0,-2608.0,1
5,11.0,40,1,40,bus_2350,40,2,-0.047327684074326165,1.0865270324523177,1.1,0.9,216.0,-2608.0,1
13,275.0,1171,1,1171,bus_4094,bus,4,1.0117435992398853,1.0535789757876575,1.1,0.9,-2143.0,-2100.0,1
13,275.0,1171,1,1171,bus_4094,1171,4,1.0117435992398853,1.0535789757876575,1.1,0.9,-2143.0,-2100.0,1
5,220.0,1280,1,1280,bus_2077,bus,2,-0.2538261926077382,1.0090128600449058,1.1,0.9,-409.0,-3284.0,1
5,220.0,1280,1,1280,bus_2077,1280,2,-0.2538261926077382,1.0090128600449058,1.1,0.9,-409.0,-3284.0,1
9,11.8,1557,1,1557,bus_3042,bus,3,-0.02423992966664343,1.0578380644117993,1.1,0.9,576.0,5045.0,1
9,11.8,1557,1,1557,bus_3042,1557,3,-0.02423992966664343,1.0578380644117993,1.1,0.9,576.0,5045.0,1
6,24.0,1693,1,1693,bus_2043,bus,2,-0.19225826777790372,1.063414869648058,1.1,0.9,1782.0,-4281.0,1
6,24.0,1693,1,1693,bus_2043,1693,2,-0.19225826777790372,1.063414869648058,1.1,0.9,1782.0,-4281.0,1
3,132.0,1066,1,1066,bus_1300,bus,1,-0.15429123118210036,1.010781731222912,1.1,0.9,1103.0,-805.0,1
3,132.0,1066,1,1066,bus_1300,1066,1,-0.15429123118210036,1.010781731222912,1.1,0.9,1103.0,-805.0,1
2,132.0,1802,1,1802,bus_1241,bus,1,-0.23647593336990677,1.0604494131458382,1.1,0.9,450.0,985.0,1
2,132.0,1802,1,1802,bus_1241,1802,1,-0.23647593336990677,1.0604494131458382,1.1,0.9,450.0,985.0,1
2,132.0,1954,1,1954,bus_1130,bus,1,-0.3598228336002057,1.051612000714551,1.1,0.9,734.0,-379.0,1
2,132.0,1954,1,1954,bus_1130,1954,1,-0.3598228336002057,1.051612000714551,1.1,0.9,734.0,-379.0,1
6,66.0,128,1,128,bus_2236,bus,2,-0.4137977576279976,1.0270394971207684,1.1,0.9,324.0,-3947.0,1
6,66.0,128,1,128,bus_2236,128,2,-0.4137977576279976,1.0270394971207684,1.1,0.9,324.0,-3947.0,1
5,275.0,810,1,810,bus_2196,bus,2,-0.14907870465999304,1.0216229320947314,1.1,0.9,-491.0,-2732.0,1
5,275.0,810,1,810,bus_2196,810,2,-0.14907870465999304,1.0216229320947314,1.1,0.9,-491.0,-2732.0,1
2,330.0,1125,2,1125,bus_1138,bus,1,-0.2691346021583173,1.0518022219104106,1.1,0.9,597.0,315.0,1
2,330.0,1125,2,1125,bus_1138,1125,1,-0.2691346021583173,1.0518022219104106,1.1,0.9,597.0,315.0,1
15,22.0,1194,1,1194,bus_5186,bus,5,-0.124161504297685,1.0740947820683253,1.1,0.9,2531.0,-5633.0,1
15,22.0,1194,1,1194,bus_5186,1194,5,-0.124161504297685,1.0740947820683253,1.1,0.9,2531.0,-5633.0,1
1,66.0,1746,1,1746,bus_1512,bus,1,-0.05779854597790994,1.0645305397678297,1.1,0.9,2085.0,2129.0,1
1,66.0,1746,1,1746,bus_1512,1746,1,-0.05779854597790994,1.0645305397678297,1.1,0.9,2085.0,2129.0,1
6,33.0,571,2,571,bus_2007,bus,2,-0.1497818459783579,1.0808783358508067,1.1,0.9,169.0,-4378.0,1
6,33.0,571,2,571,bus_2007,571,2,-0.1497818459783579,1.0808783358508067,1.1,0.9,169.0,-4378.0,1
11,11.0,1828,1,1828,bus_3179,bus,3,-0.4526180640095952,1.0184393846552173,1.1,0.9,-836.0,2364.0,1
11,11.0,1828,1,1828,bus_3179,1828,3,-0.4526180640095952,1.0184393846552173,1.1,0.9,-836.0,2364.0,1
5,11.0,138,1,138,bus_2333,bus,2,-0.16792219597986566,1.0185332688567523,1.1,0.9,800.0,-2378.0,1
5,11.0,138,1,138,bus_2333,138,2,-0.16792219597986566,1.0185332688567523,1.1,0.9,800.0,-2378.0,1
2,132.0,1538,1,1538,bus_1230,bus,1,-0.31169222040620087,1.0499478933231794,1.1,0.9,247.0,195.0,1
2,132.0,1538,1,1538,bus_1230,1538,1,-0.31169222040620087,1.0499478933231794,1.1,0.9,247.0,195.0,1
4,66.0,1020,1,1020,bus_1583,bus,1,-0.2032930971451802,1.0455605506920924,1.1,0.9,822.0,-2180.0,1
4,66.0,1020,1,1020,bus_1583,1020,1,-0.2032930971451802,1.0455605506920924,1.1,0.9,822.0,-2180.0,1
15,110.0,1813,1,1813,bus_5103,bus,5,-0.11631195532986936,1.0278241149202663,1.1,0.9,1596.0,-6353.0,1
15,110.0,1813,1,1813,bus_5103,1813,5,-0.11631195532986936,1.0278241149202663,1.1,0.9,1596.0,-6353.0,1
12,132.0,670,1,670,bus_4160,bus,4,1.0710217853035924,1.004748376242553,1.1,0.9,-3689.0,-1737.0,1
12,132.0,670,1,670,bus_4160,670,4,1.0710217853035924,1.004748376242553,1.1,0.9,-3689.0,-1737.0,1
15,110.0,1475,1,1475,starbus_xf_5088_5175_5241_4,bus,5,-0.10539230922901256,1.0178373256494164,1.1,0.9,1949.0,-6349.0,1
15,110.0,1475,1,1475,starbus_xf_5088_5175_5241_4,1475,5,-0.10539230922901256,1.0178373256494164,1.1,0.9,1949.0,-6349.0,1
4,11.0,915,1,915,bus_1033,bus,1,-0.03113319466000114,0.9778907212387592,1.1,0.9,960.0,-1530.0,1
4,11.0,915,1,915,bus_1033,915,1,-0.03113319466000114,0.9778907212387592,1.1,0.9,960.0,-1530.0,1
9,15.75,1298,1,1298,bus_3525,bus,3,0.20092903185517352,1.0264349474699719,1.1,0.9,848.0,3653.0,1
9,15.75,1298,1,1298,bus_3525,1298,3,0.20092903185517352,1.0264349474699719,1.1,0.9,848.0,3653.0,1
4,11.0,1114,1,1114,bus_1505,bus,1,-0.14105941499737995,1.086434804344482,1.1,0.9,574.0,-1161.0,1
4,11.0,1114,1,1114,bus_1505,1114,1,-0.14105941499737995,1.086434804344482,1.1,0.9,574.0,-1161.0,1
6,66.0,371,1,371,bus_2294,bus,2,-0.4769801249079057,1.0502837438226202,1.1,0.9,426.0,-4322.0,1
6,66.0,371,1,371,bus_2294,371,2,-0.4769801249079057,1.0502837438226202,1.1,0.9,426.0,-4322.0,1
2,330.0,2030,1,2030,connection N1,bus,1,0.0,1.0,1.1,0.9,NaN,NaN,1
2,330.0,2030,1,2030,connection N1,2030,1,0.0,1.0,1.1,0.9,NaN,NaN,1
2,132.0,41,1,41,bus_1260,bus,1,-0.3608115806498309,1.0500737235519289,1.1,0.9,359.0,712.0,1
2,132.0,41,1,41,bus_1260,41,1,-0.3608115806498309,1.0500737235519289,1.1,0.9,359.0,712.0,1
14,66.0,1695,1,1695,bus_4245,bus,4,1.0202183594298877,0.9996497402151269,1.1,0.9,-1913.0,-3805.0,1
14,66.0,1695,1,1695,bus_4245,1695,4,1.0202183594298877,0.9996497402151269,1.1,0.9,-1913.0,-3805.0,1
13,11.0,65,1,65,bus_4451,bus,4,0.9084547378368856,0.9938397403878303,1.1,0.9,-2149.0,-2453.0,1
13,11.0,65,1,65,bus_4451,65,4,0.9084547378368856,0.9938397403878303,1.1,0.9,-2149.0,-2453.0,1
14,15.75,475,1,475,bus_4054,bus,4,1.0374349906409175,1.0611151102442558,1.1,0.9,-1964.0,-2673.0,1
14,15.75,475,1,475,bus_4054,475,4,1.0374349906409175,1.0611151102442558,1.1,0.9,-1964.0,-2673.0,1
13,10.5,1236,1,1236,bus_4046,bus,4,1.0578588284124684,0.9989252108001028,1.1,0.9,-2458.0,-1623.0,1
13,10.5,1236,1,1236,bus_4046,1236,4,1.0578588284124684,0.9989252108001028,1.1,0.9,-2458.0,-1623.0,1
2,66.0,593,1,593,bus_1550,bus,1,-0.14669117444673851,1.0659701129033894,1.1,0.9,322.0,-48.0,1
2,66.0,593,1,593,bus_1550,593,1,-0.14669117444673851,1.0659701129033894,1.1,0.9,322.0,-48.0,1
5,33.0,447,1,447,bus_2343,bus,2,0.0950307034272265,1.0217695948651504,1.1,0.9,-249.0,-3683.0,1
5,33.0,447,1,447,bus_2343,447,2,0.0950307034272265,1.0217695948651504,1.1,0.9,-249.0,-3683.0,1
13,33.0,362,1,362,bus_4399,bus,4,0.9843789594521698,1.0205111697958542,1.1,0.9,-2620.0,-2183.0,1
13,33.0,362,1,362,bus_4399,362,4,0.9843789594521698,1.0205111697958542,1.1,0.9,-2620.0,-2183.0,1
2,132.0,705,1,705,bus_1468,bus,1,-0.33052850368379105,1.0351637926171948,1.1,0.9,118.0,641.0,1
2,132.0,705,1,705,bus_1468,705,1,-0.33052850368379105,1.0351637926171948,1.1,0.9,118.0,641.0,1
9,132.0,619,1,619,bus_3218,bus,3,-0.02556152309451223,1.0808724987364893,1.1,0.9,625.0,5009.0,1
9,132.0,619,1,619,bus_3218,619,3,-0.02556152309451223,1.0808724987364893,1.1,0.9,625.0,5009.0,1
10,132.0,505,1,505,bus_3536,bus,3,-0.10059709829192066,1.0726470782443558,1.1,0.9,1525.0,4232.0,1
10,132.0,505,1,505,bus_3536,505,3,-0.10059709829192066,1.0726470782443558,1.1,0.9,1525.0,4232.0,1
6,66.0,1284,1,1284,bus_2235,bus,2,-0.2893603923467968,0.9969173267714591,1.1,0.9,821.0,-2923.0,1
6,66.0,1284,1,1284,bus_2235,1284,2,-0.2893603923467968,0.9969173267714591,1.1,0.9,821.0,-2923.0,1
9,132.0,326,1,326,bus_3010,bus,3,-0.24859414887949116,1.0543770831916222,1.1,0.9,-845.0,4055.0,1
9,132.0,326,1,326,bus_3010,326,3,-0.24859414887949116,1.0543770831916222,1.1,0.9,-845.0,4055.0,1
4,132.0,543,1,543,bus_1395,bus,1,-0.1844006293298655,1.0437897320488903,1.1,0.9,951.0,-2174.0,1
4,132.0,543,1,543,bus_1395,543,1,-0.1844006293298655,1.0437897320488903,1.1,0.9,951.0,-2174.0,1
9,132.0,591,2,591,bus_3280,bus,3,-0.06951324920797174,1.0620938818126142,1.1,0.9,1131.0,4333.0,1
9,132.0,591,2,591,bus_3280,591,3,-0.06951324920797174,1.0620938818126142,1.1,0.9,1131.0,4333.0,1
1,132.0,1062,1,1062,bus_1423,bus,1,-0.08740886836166363,1.0625991312091854,1.1,0.9,1832.0,1817.0,1
1,132.0,1062,1,1062,bus_1423,1062,1,-0.08740886836166363,1.0625991312091854,1.1,0.9,1832.0,1817.0,1
5,220.0,2042,1,2042,bus_ec_t2,bus,1,0.0,1.0,1.1,0.9,NaN,NaN,1
5,220.0,2042,1,2042,bus_ec_t2,2042,1,0.0,1.0,1.1,0.9,NaN,NaN,1
5,17.0,1792,1,1792,bus_2018,bus,2,0.029714745751537798,0.9924945752841418,1.1,0.9,786.0,-1878.0,1
5,17.0,1792,1,1792,bus_2018,1792,2,0.029714745751537798,0.9924945752841418,1.1,0.9,786.0,-1878.0,1
9,10.5,467,1,467,bus_3138,bus,3,-0.12109128928684862,1.0259055633432086,1.1,0.9,1028.0,4209.0,1
9,10.5,467,1,467,bus_3138,467,3,-0.12109128928684862,1.0259055633432086,1.1,0.9,1028.0,4209.0,1
8,132.0,714,2,714,bus_3108,bus,3,-0.2821613527940783,1.0361375210541963,1.1,0.9,-193.0,5928.0,1
8,132.0,714,2,714,bus_3108,714,3,-0.2821613527940783,1.0361375210541963,1.1,0.9,-193.0,5928.0,1
15,11.0,1244,2,1244,bus_5036,bus,5,-0.18690187506578348,1.0059654578740327,1.1,0.9,1559.0,-5693.0,1
15,11.0,1244,2,1244,bus_5036,1244,5,-0.18690187506578348,1.0059654578740327,1.1,0.9,1559.0,-5693.0,1
8,132.0,1308,1,1308,bus_3148,bus,3,-0.3844231932387012,0.992897128878803,1.1,0.9,-823.0,6690.0,1
8,132.0,1308,1,1308,bus_3148,1308,3,-0.3844231932387012,0.992897128878803,1.1,0.9,-823.0,6690.0,1
4,132.0,1527,1,1527,bus_1306,bus,1,-0.07040354321874472,1.0537293676854083,1.1,0.9,2113.0,-1416.0,1
4,132.0,1527,1,1527,bus_1306,1527,1,-0.07040354321874472,1.0537293676854083,1.1,0.9,2113.0,-1416.0,1
7,10.5,289,2,289,bus_2038,bus,2,-0.16827651774993155,1.0263931245550966,1.1,0.9,1263.0,-4302.0,1
7,10.5,289,2,289,bus_2038,289,2,-0.16827651774993155,1.0263931245550966,1.1,0.9,1263.0,-4302.0,1
13,66.0,250,1,250,bus_4338,bus,4,0.9764090413402703,1.0641055110695983,1.1,0.9,-1897.0,-2008.0,1
13,66.0,250,1,250,bus_4338,250,4,0.9764090413402703,1.0641055110695983,1.1,0.9,-1897.0,-2008.0,1
13,11.5,926,1,926,bus_4037,bus,4,0.9836521077222289,0.9726898931040081,1.1,0.9,-2715.0,-2741.0,1
13,11.5,926,1,926,bus_4037,926,4,0.9836521077222289,0.9726898931040081,1.1,0.9,-2715.0,-2741.0,1
15,110.0,1928,1,1928,bus_5126,bus,5,-0.12224467108033082,1.0519049756800418,1.1,0.9,1218.0,-5827.0,1
15,110.0,1928,1,1928,bus_5126,1928,5,-0.12224467108033082,1.0519049756800418,1.1,0.9,1218.0,-5827.0,1
12,132.0,1991,1,1991,bus_4162,bus,4,1.0444142010189568,0.9486355828991629,1.1,0.9,-3933.0,-1814.0,1
12,132.0,1991,1,1991,bus_4162,1991,4,1.0444142010189568,0.9486355828991629,1.1,0.9,-3933.0,-1814.0,1
15,110.0,1464,1,1464,bus_5132,bus,5,-0.12542161580966202,1.0283625047500078,1.1,0.9,1877.0,-6174.0,1
15,110.0,1464,1,1464,bus_5132,1464,5,-0.12542161580966202,1.0283625047500078,1.1,0.9,1877.0,-6174.0,1
7,220.0,359,1,359,bus_2188,bus,2,-0.4724545072588414,1.059184840860841,1.1,0.9,1076.0,-4331.0,1
7,220.0,359,1,359,bus_2188,359,2,-0.4724545072588414,1.059184840860841,1.1,0.9,1076.0,-4331.0,1
6,66.0,1159,1,1159,bus_2234,bus,2,-0.26109509629946753,1.0311392640156765,1.1,0.9,766.0,-2913.0,1
6,66.0,1159,1,1159,bus_2234,1159,2,-0.26109509629946753,1.0311392640156765,1.1,0.9,766.0,-2913.0,1
3,132.0,59,1,59,bus_1330,bus,1,-0.34731393596515653,1.0513631746354433,1.1,0.9,1322.0,-444.0,1
3,132.0,59,1,59,bus_1330,59,1,-0.34731393596515653,1.0513631746354433,1.1,0.9,1322.0,-444.0,1
13,11.5,184,1,184,bus_4027,bus,4,0.98253743562289,1.0583900781105433,1.1,0.9,-2243.0,-2743.0,1
13,11.5,184,1,184,bus_4027,184,4,0.98253743562289,1.0583900781105433,1.1,0.9,-2243.0,-2743.0,1
5,0.65,1048,1,1048,bus_2075,bus,2,0.12141718487435398,1.0536715246467276,1.1,0.9,-33.0,-3732.0,1
5,0.65,1048,1,1048,bus_2075,1048,2,0.12141718487435398,1.0536715246467276,1.1,0.9,-33.0,-3732.0,1
15,33.0,415,1,415,bus_5096,bus,5,-0.12345184994977336,1.1000000105160872,1.1,0.9,1456.0,-6456.0,1
15,33.0,415,1,415,bus_5096,415,5,-0.12345184994977336,1.1000000105160872,1.1,0.9,1456.0,-6456.0,1
14,132.0,1134,1,1134,bus_4217,bus,4,0.2978692109296265,0.9944903180058045,1.1,0.9,-1094.0,-2136.0,1
14,132.0,1134,1,1134,bus_4217,1134,4,0.2978692109296265,0.9944903180058045,1.1,0.9,-1094.0,-2136.0,1
11,110.0,1558,1,1558,starbus_xf_3226_3227_3228_2,bus,3,-0.3211897815007635,1.0213599152433315,1.1,0.9,-602.0,3466.0,1
11,110.0,1558,1,1558,starbus_xf_3226_3227_3228_2,1558,3,-0.3211897815007635,1.0213599152433315,1.1,0.9,-602.0,3466.0,1
1,132.0,1077,2,1077,bus_1358,bus,1,-0.05497661093584689,1.0266477481809668,1.1,0.9,2877.0,2867.0,1
1,132.0,1077,2,1077,bus_1358,1077,1,-0.05497661093584689,1.0266477481809668,1.1,0.9,2877.0,2867.0,1
2,330.0,1855,1,1855,bus_1140,bus,1,-0.25880976868315786,1.04751461269572,1.1,0.9,828.0,-241.0,1
2,330.0,1855,1,1855,bus_1140,1855,1,-0.25880976868315786,1.04751461269572,1.1,0.9,828.0,-241.0,1
11,11.0,293,1,293,bus_3367,bus,3,-0.5659016988267653,0.9932179711428967,1.1,0.9,-814.0,2549.0,1
11,11.0,293,1,293,bus_3367,293,3,-0.5659016988267653,0.9932179711428967,1.1,0.9,-814.0,2549.0,1
12,33.0,1394,1,1394,bus_4369,bus,4,1.1831792599613575,1.012816720795193,1.1,0.9,-2988.0,-1353.0,1
12,33.0,1394,1,1394,bus_4369,1394,4,1.1831792599613575,1.012816720795193,1.1,0.9,-2988.0,-1353.0,1
13,275.0,421,1,421,starbus_xf_4104_4039_4040_1,bus,4,1.0578588284278863,0.9989252074066408,1.1,0.9,-2392.0,-1656.0,1
13,275.0,421,1,421,starbus_xf_4104_4039_4040_1,421,4,1.0578588284278863,0.9989252074066408,1.1,0.9,-2392.0,-1656.0,1
11,110.0,1243,1,1243,bus_3411,bus,3,-0.3298407167220202,1.0514236852243597,1.1,0.9,173.0,2944.0,1
11,110.0,1243,1,1243,bus_3411,1243,3,-0.3298407167220202,1.0514236852243597,1.1,0.9,173.0,2944.0,1
1,66.0,1634,1,1634,bus_1580,bus,1,-0.09208944506685861,1.0487312761406185,1.1,0.9,2801.0,2749.0,1
1,66.0,1634,1,1634,bus_1580,1634,1,-0.09208944506685861,1.0487312761406185,1.1,0.9,2801.0,2749.0,1
11,110.0,1963,1,1963,bus_3134,bus,3,-0.3432878092165599,1.041722625923559,1.1,0.9,-506.0,2471.0,1
11,110.0,1963,1,1963,bus_3134,1963,3,-0.3432878092165599,1.041722625923559,1.1,0.9,-506.0,2471.0,1
14,11.0,1309,1,1309,bus_4475,bus,4,0.94224191085132,1.0251641310683934,1.1,0.9,-1738.0,-2895.0,1
14,11.0,1309,1,1309,bus_4475,1309,4,0.94224191085132,1.0251641310683934,1.1,0.9,-1738.0,-2895.0,1
7,22.0,514,1,514,bus_2311,bus,2,-0.40849689245237036,1.0479536216957834,1.1,0.9,1421.0,-4724.0,1
7,22.0,514,1,514,bus_2311,514,2,-0.40849689245237036,1.0479536216957834,1.1,0.9,1421.0,-4724.0,1
2,132.0,1970,1,1970,bus_1345,bus,1,-0.15708308102926433,1.072890627041469,1.1,0.9,708.0,82.0,1
2,132.0,1970,1,1970,bus_1345,1970,1,-0.15708308102926433,1.072890627041469,1.1,0.9,708.0,82.0,1
11,33.0,350,1,350,bus_3206,bus,3,-0.34896079972868715,1.0241602949192083,1.1,0.9,-533.0,3534.0,1
11,33.0,350,1,350,bus_3206,350,3,-0.34896079972868715,1.0241602949192083,1.1,0.9,-533.0,3534.0,1
11,11.0,676,1,676,bus_3410,bus,3,-0.42318831941385343,1.0127758660117587,1.1,0.9,-767.0,3530.0,1
11,11.0,676,1,676,bus_3410,676,3,-0.42318831941385343,1.0127758660117587,1.1,0.9,-767.0,3530.0,1
10,132.0,683,1,683,bus_3282,bus,3,-0.1077535586935086,1.070866352940668,1.1,0.9,1572.0,4315.0,1
10,132.0,683,1,683,bus_3282,683,3,-0.1077535586935086,1.070866352940668,1.1,0.9,1572.0,4315.0,1
11,110.0,1316,1,1316,bus_3203,bus,3,-0.2970508546099401,1.051363422175372,1.1,0.9,-495.0,3510.0,1
11,110.0,1316,1,1316,bus_3203,1316,3,-0.2970508546099401,1.051363422175372,1.1,0.9,-495.0,3510.0,1
14,66.0,252,1,252,bus_4302,bus,4,0.9687354535784864,1.044306892838,1.1,0.9,-1637.0,-3056.0,1
14,66.0,252,1,252,bus_4302,252,4,0.9687354535784864,1.044306892838,1.1,0.9,-1637.0,-3056.0,1
13,11.0,881,1,881,bus_4478,bus,4,0.9388318769181359,1.0561430431733987,1.1,0.9,-1922.0,-2096.0,1
13,11.0,881,1,881,bus_4478,881,4,0.9388318769181359,1.0561430431733987,1.1,0.9,-1922.0,-2096.0,1
2,11.0,660,1,660,bus_1636,bus,1,-0.3457267119756071,1.0127708151981691,1.1,0.9,1.0,805.0,1
2,11.0,660,1,660,bus_1636,660,1,-0.3457267119756071,1.0127708151981691,1.1,0.9,1.0,805.0,1
15,110.0,1604,1,1604,bus_5069,bus,5,-0.12200875003428018,1.0512389507489872,1.1,0.9,1295.0,-5796.0,1
15,110.0,1604,1,1604,bus_5069,1604,5,-0.12200875003428018,1.0512389507489872,1.1,0.9,1295.0,-5796.0,1
2,132.0,1555,1,1555,bus_1265,bus,1,-0.37091281118726616,1.047428127222827,1.1,0.9,785.0,983.0,1
2,132.0,1555,1,1555,bus_1265,1555,1,-0.37091281118726616,1.047428127222827,1.1,0.9,785.0,983.0,1
5,22.0,462,1,462,bus_1007,bus,1,-0.035448248592116316,1.0825244685658986,1.1,0.9,260.0,-3033.0,1
5,22.0,462,1,462,bus_1007,462,1,-0.035448248592116316,1.0825244685658986,1.1,0.9,260.0,-3033.0,1
2,0.55,777,1,777,bus_1001,bus,1,-0.23499855527229996,1.0867653349993385,1.1,0.9,-268.0,-685.0,1
2,0.55,777,1,777,bus_1001,777,1,-0.23499855527229996,1.0867653349993385,1.1,0.9,-268.0,-685.0,1
3,132.0,1431,1,1431,bus_1346,bus,1,-0.2782743044369765,1.0346409919817283,1.1,0.9,1167.0,325.0,1
3,132.0,1431,1,1431,bus_1346,1431,1,-0.2782743044369765,1.0346409919817283,1.1,0.9,1167.0,325.0,1
9,132.0,1295,1,1295,bus_3274,bus,3,-0.14019024715022288,1.0548124760062194,1.1,0.9,432.0,5301.0,1
9,132.0,1295,1,1295,bus_3274,1295,3,-0.14019024715022288,1.0548124760062194,1.1,0.9,432.0,5301.0,1
11,110.0,935,1,935,bus_3123,bus,3,-0.3315990081514967,1.0493976185367506,1.1,0.9,-772.0,2398.0,1
11,110.0,935,1,935,bus_3123,935,3,-0.3315990081514967,1.0493976185367506,1.1,0.9,-772.0,2398.0,1
11,11.0,1514,1,1514,bus_3389,bus,3,-0.4277943372315098,1.0085942632763654,1.1,0.9,-951.0,2464.0,1
11,11.0,1514,1,1514,bus_3389,1514,3,-0.4277943372315098,1.0085942632763654,1.1,0.9,-951.0,2464.0,1
11,11.0,1303,1,1303,bus_3373,bus,3,-0.46680070425592984,1.023368589680807,1.1,0.9,-1106.0,3457.0,1
11,11.0,1303,1,1303,bus_3373,1303,3,-0.46680070425592984,1.023368589680807,1.1,0.9,-1106.0,3457.0,1
14,66.0,127,1,127,bus_4326,bus,4,1.04250725421976,1.0121578222105163,1.1,0.9,-2067.0,-3191.0,1
14,66.0,127,1,127,bus_4326,127,4,1.04250725421976,1.0121578222105163,1.1,0.9,-2067.0,-3191.0,1
12,33.0,1718,1,1718,bus_4361,bus,4,0.9942475963039921,1.0493466847133341,1.1,0.9,-3182.0,-1502.0,1
12,33.0,1718,1,1718,bus_4361,1718,4,0.9942475963039921,1.0493466847133341,1.1,0.9,-3182.0,-1502.0,1
8,66.0,1007,1,1007,bus_3112,bus,3,-0.3058646919396572,1.0230589344513599,1.1,0.9,-455.0,5932.0,1
8,66.0,1007,1,1007,bus_3112,1007,3,-0.3058646919396572,1.0230589344513599,1.1,0.9,-455.0,5932.0,1
6,21.0,1827,1,1827,bus_2045,bus,2,-0.3397303592152784,1.0511322100634495,1.1,0.9,1771.0,-4290.0,1
6,21.0,1827,1,1827,bus_2045,1827,2,-0.3397303592152784,1.0511322100634495,1.1,0.9,1771.0,-4290.0,1
9,6.6,944,1,944,bus_3427,bus,3,-0.017591012789892422,1.0371987813993233,1.1,0.9,445.0,3789.0,1
9,6.6,944,1,944,bus_3427,944,3,-0.017591012789892422,1.0371987813993233,1.1,0.9,445.0,3789.0,1
1,33.0,884,1,884,bus_1524,bus,1,-0.4505949089602606,1.0897749251269715,1.1,0.9,-46.0,1448.0,1
1,33.0,884,1,884,bus_1524,884,1,-0.4505949089602606,1.0897749251269715,1.1,0.9,-46.0,1448.0,1
5,0.6899999999999998,633,1,633,bus_2057,bus,2,0.16870787368695195,1.0385946672558335,1.1,0.9,-256.0,-3780.0,1
5,0.6899999999999998,633,1,633,bus_2057,633,2,0.16870787368695195,1.0385946672558335,1.1,0.9,-256.0,-3780.0,1
13,11.0,823,1,823,bus_4420,bus,4,0.9419476491942516,1.0007485259423792,1.1,0.9,-2382.0,-2515.0,1
13,11.0,823,1,823,bus_4420,823,4,0.9419476491942516,1.0007485259423792,1.1,0.9,-2382.0,-2515.0,1
14,275.0,177,1,177,bus_4101,bus,4,0.055312641191736886,0.9886532544441814,1.1,0.9,-707.0,-2550.0,1
14,275.0,177,1,177,bus_4101,177,4,0.055312641191736886,0.9886532544441814,1.1,0.9,-707.0,-2550.0,1
8,66.0,254,1,254,bus_3005,bus,3,-0.4436951692917139,1.0556492370173847,1.1,0.9,-975.0,6850.0,1
8,66.0,254,1,254,bus_3005,254,3,-0.4436951692917139,1.0556492370173847,1.1,0.9,-975.0,6850.0,1
9,66.0,887,1,887,bus_3035,bus,3,-0.23971378121175727,1.0604970162095158,1.1,0.9,-809.0,4480.0,1
9,66.0,887,1,887,bus_3035,887,3,-0.23971378121175727,1.0604970162095158,1.1,0.9,-809.0,4480.0,1
11,11.0,1237,1,1237,bus_3336,bus,3,-0.552755127540161,1.007167432895685,1.1,0.9,544.0,3051.0,1
11,11.0,1237,1,1237,bus_3336,1237,3,-0.552755127540161,1.007167432895685,1.1,0.9,544.0,3051.0,1
4,12.5,1266,1,1266,bus_1073,bus,1,0.06683017978615818,0.986141993020981,1.1,0.9,1426.0,-1494.0,1
4,12.5,1266,1,1266,bus_1073,1266,1,0.06683017978615818,0.986141993020981,1.1,0.9,1426.0,-1494.0,1
14,7.6,1251,1,1251,bus_4432,bus,4,1.0219293350097283,0.9739456924418505,1.1,0.9,-2306.0,-3822.0,1
14,7.6,1251,1,1251,bus_4432,1251,4,1.0219293350097283,0.9739456924418505,1.1,0.9,-2306.0,-3822.0,1
15,110.0,1888,1,1888,bus_5057,bus,5,-0.18038672785091928,1.0557370836595463,1.1,0.9,2217.0,-5541.0,1
15,110.0,1888,1,1888,bus_5057,1888,5,-0.18038672785091928,1.0557370836595463,1.1,0.9,2217.0,-5541.0,1
4,330.0,790,1,790,starbus_xf_2191_2031_2022_5,bus,2,0.029714745671309883,0.9924945772719457,1.1,0.9,779.0,-1980.0,1
4,330.0,790,1,790,starbus_xf_2191_2031_2022_5,790,2,0.029714745671309883,0.9924945772719457,1.1,0.9,779.0,-1980.0,1
13,66.0,693,1,693,bus_4322,bus,4,0.9751432953758175,1.0583316389085877,1.1,0.9,-1850.0,-2218.0,1
13,66.0,693,1,693,bus_4322,693,4,0.9751432953758175,1.0583316389085877,1.1,0.9,-1850.0,-2218.0,1
1,66.0,242,1,242,bus_1595,bus,1,-0.10543092503265653,1.032639388032671,1.1,0.9,2865.0,2748.0,1
1,66.0,242,1,242,bus_1595,242,1,-0.10543092503265653,1.032639388032671,1.1,0.9,2865.0,2748.0,1
5,66.0,746,1,746,bus_2266,bus,2,-0.006166360829369292,1.0393487072276604,1.1,0.9,42.0,-3609.0,1
5,66.0,746,1,746,bus_2266,746,2,-0.006166360829369292,1.0393487072276604,1.1,0.9,42.0,-3609.0,1
12,11.0,996,1,996,bus_4403,bus,4,0.7385792263340076,1.0124499049339921,1.1,0.9,-3248.0,-1756.0,1
12,11.0,996,1,996,bus_4403,996,4,0.7385792263340076,1.0124499049339921,1.1,0.9,-3248.0,-1756.0,1
8,132.0,396,1,396,starbus_xf_3486_3561_3487_1,bus,3,-0.33344131872361227,0.9959589682928488,1.1,0.9,-701.0,6608.0,1
8,132.0,396,1,396,starbus_xf_3486_3561_3487_1,396,3,-0.33344131872361227,0.9959589682928488,1.1,0.9,-701.0,6608.0,1
13,33.0,834,1,834,bus_4371,bus,4,0.9366790121896125,1.0122352239489674,1.1,0.9,-2321.0,-1420.0,1
13,33.0,834,1,834,bus_4371,834,4,0.9366790121896125,1.0122352239489674,1.1,0.9,-2321.0,-1420.0,1
14,11.5,260,1,260,bus_4077,bus,4,0.27633489658853927,0.9433151337178339,1.1,0.9,-926.0,-2803.0,1
14,11.5,260,1,260,bus_4077,260,4,0.27633489658853927,0.9433151337178339,1.1,0.9,-926.0,-2803.0,1
8,132.0,495,1,495,bus_3106,bus,3,-0.050318599664842714,1.0496841974887638,1.1,0.9,-521.0,5352.0,1
8,132.0,495,1,495,bus_3106,495,3,-0.050318599664842714,1.0496841974887638,1.1,0.9,-521.0,5352.0,1
6,220.0,680,1,680,bus_2176,bus,2,-0.34825902546632137,1.0215965530292193,1.1,0.9,204.0,-3789.0,1
6,220.0,680,1,680,bus_2176,680,2,-0.34825902546632137,1.0215965530292193,1.1,0.9,204.0,-3789.0,1
8,11.0,1355,1,1355,bus_3462,bus,3,-0.14982097031987276,1.0032653845923576,1.1,0.9,-734.0,7046.0,1
8,11.0,1355,1,1355,bus_3462,1355,3,-0.14982097031987276,1.0032653845923576,1.1,0.9,-734.0,7046.0,1
2,15.0,1459,1,1459,bus_1049,bus,1,-0.17175380345514166,1.03661906625492,1.1,0.9,727.0,601.0,1
2,15.0,1459,1,1459,bus_1049,1459,1,-0.17175380345514166,1.03661906625492,1.1,0.9,727.0,601.0,1
8,275.0,740,1,740,bus_3597,bus,3,-0.4803430805258662,1.0394961218212528,1.1,0.9,-1064.0,6890.0,1
8,275.0,740,1,740,bus_3597,740,3,-0.4803430805258662,1.0394961218212528,1.1,0.9,-1064.0,6890.0,1
13,66.0,35,1,35,bus_4329,bus,4,0.9311970921881929,0.995733011787451,1.1,0.9,-1670.0,-2053.0,1
13,66.0,35,1,35,bus_4329,35,4,0.9311970921881929,0.995733011787451,1.1,0.9,-1670.0,-2053.0,1
2,330.0,1364,1,1364,bus_1107,bus,1,-0.2701470086091579,1.0505277023759618,1.1,0.9,48.0,0.0,1
2,330.0,1364,1,1364,bus_1107,1364,1,-0.2701470086091579,1.0505277023759618,1.1,0.9,48.0,0.0,1
2,500.0,2033,1,2033,connection N4,bus,1,0.0,1.0,1.1,0.9,NaN,NaN,1
2,500.0,2033,1,2033,connection N4,2033,1,0.0,1.0,1.1,0.9,NaN,NaN,1
5,33.0,1005,1,1005,bus_2346,bus,2,-0.2502141326496319,0.9953864443885309,1.1,0.9,-392.0,-3198.0,1
5,33.0,1005,1,1005,bus_2346,1005,2,-0.2502141326496319,0.9953864443885309,1.1,0.9,-392.0,-3198.0,1
8,66.0,131,1,131,bus_3642,bus,3,-0.3545759045885246,1.0431167975025817,1.1,0.9,-490.0,6975.0,1
8,66.0,131,1,131,bus_3642,131,3,-0.3545759045885246,1.0431167975025817,1.1,0.9,-490.0,6975.0,1
11,110.0,1211,1,1211,bus_3214,bus,3,-0.007646122054452157,1.0288189856803815,1.1,0.9,-637.0,2866.0,1
11,110.0,1211,1,1211,bus_3214,1211,3,-0.007646122054452157,1.0288189856803815,1.1,0.9,-637.0,2866.0,1
3,132.0,365,1,365,bus_1529,bus,1,-0.3463975352703034,1.050446067498993,1.1,0.9,1191.0,-613.0,1
3,132.0,365,1,365,bus_1529,365,1,-0.3463975352703034,1.050446067498993,1.1,0.9,1191.0,-613.0,1
14,0.6899999999999998,691,1,691,bus_4080,bus,4,0.45218329377288874,1.0726602370386111,1.1,0.9,-969.0,-3162.0,1
14,0.6899999999999998,691,1,691,bus_4080,691,4,0.45218329377288874,1.0726602370386111,1.1,0.9,-969.0,-3162.0,1
14,11.0,1657,1,1657,bus_4466,bus,4,0.9676905542194989,1.0654838590683953,1.1,0.9,-1915.0,-2749.0,1
14,11.0,1657,1,1657,bus_4466,1657,4,0.9676905542194989,1.0654838590683953,1.1,0.9,-1915.0,-2749.0,1
15,11.0,494,1,494,bus_5231,bus,5,0.06575938403276756,1.0022767328980835,1.1,0.9,1548.0,-6038.0,1
15,11.0,494,1,494,bus_5231,494,5,0.06575938403276756,1.0022767328980835,1.1,0.9,1548.0,-6038.0,1
8,132.0,556,1,556,bus_3111,bus,3,-0.26565147665868355,1.0358414912627192,1.1,0.9,-438.0,5832.0,1
8,132.0,556,1,556,bus_3111,556,3,-0.26565147665868355,1.0358414912627192,1.1,0.9,-438.0,5832.0,1
12,11.0,1485,1,1485,bus_4492,bus,4,1.0217272252390357,0.9383964168498145,1.1,0.9,-3918.0,-1747.0,1
12,11.0,1485,1,1485,bus_4492,1485,4,1.0217272252390357,0.9383964168498145,1.1,0.9,-3918.0,-1747.0,1
15,220.0,1832,1,1832,bus_5147,bus,5,-0.17156679447967066,1.0770504062583346,1.1,0.9,1879.0,-5510.0,1
15,220.0,1832,1,1832,bus_5147,1832,5,-0.17156679447967066,1.0770504062583346,1.1,0.9,1879.0,-5510.0,1
7,21.0,896,1,896,bus_2042,bus,2,-0.3298566771978924,1.059376455042905,1.1,0.9,1790.0,-4332.0,1
7,21.0,896,1,896,bus_2042,896,2,-0.3298566771978924,1.059376455042905,1.1,0.9,1790.0,-4332.0,1
7,220.0,1449,1,1449,bus_2118,bus,2,-0.46402072214922263,1.0303869215760735,1.1,0.9,984.0,-3729.0,1
7,220.0,1449,1,1449,bus_2118,1449,2,-0.46402072214922263,1.0303869215760735,1.1,0.9,984.0,-3729.0,1
3,132.0,768,1,768,bus_1269,bus,1,-0.3474715464508724,1.0520431580125975,1.1,0.9,1296.0,-332.0,1
3,132.0,768,1,768,bus_1269,768,1,-0.3474715464508724,1.0520431580125975,1.1,0.9,1296.0,-332.0,1
9,132.0,1148,1,1148,bus_3284,bus,3,-0.08808497118980887,1.0524814814848642,1.1,0.9,-858.0,5009.0,1
9,132.0,1148,1,1148,bus_3284,1148,3,-0.08808497118980887,1.0524814814848642,1.1,0.9,-858.0,5009.0,1
11,275.0,139,2,139,bus_3543,bus,3,-0.21755697394688514,1.0722774687604777,1.1,0.9,-185.0,3675.0,1
11,275.0,139,2,139,bus_3543,139,3,-0.21755697394688514,1.0722774687604777,1.1,0.9,-185.0,3675.0,1
12,0.6899999999999998,1561,1,1561,bus_4012,bus,4,1.1024991435662017,1.0738613458139787,1.1,0.9,-3043.0,-1993.0,1
12,0.6899999999999998,1561,1,1561,bus_4012,1561,4,1.1024991435662017,1.0738613458139787,1.1,0.9,-3043.0,-1993.0,1
12,11.0,1682,1,1682,bus_4405,bus,4,0.7700702294105484,1.0293003469625435,1.1,0.9,-3395.0,-1862.0,1
12,11.0,1682,1,1682,bus_4405,1682,4,0.7700702294105484,1.0293003469625435,1.1,0.9,-3395.0,-1862.0,1
14,33.0,1724,1,1724,bus_4377,bus,4,1.0215061472375706,0.9730808033269939,1.1,0.9,-2307.0,-3803.0,1
14,33.0,1724,1,1724,bus_4377,1724,4,1.0215061472375706,0.9730808033269939,1.1,0.9,-2307.0,-3803.0,1
2,132.0,1768,1,1768,bus_1224,bus,1,-0.31073137190486444,1.0491895923002144,1.1,0.9,515.0,156.0,1
2,132.0,1768,1,1768,bus_1224,1768,1,-0.31073137190486444,1.0491895923002144,1.1,0.9,515.0,156.0,1
9,132.0,1362,1,1362,starbus_xf_3492_3565_3495_1,bus,3,-0.17883635388585975,1.0858065119706755,1.1,0.9,91.0,5506.0,1
9,132.0,1362,1,1362,starbus_xf_3492_3565_3495_1,1362,3,-0.17883635388585975,1.0858065119706755,1.1,0.9,91.0,5506.0,1
2,33.0,1589,1,1589,bus_1544,bus,1,0.03025923089237701,1.1244877595322023,1.2,0.8,1393.0,1164.0,1
2,33.0,1589,1,1589,bus_1544,1589,1,0.03025923089237701,1.1244877595322023,1.2,0.8,1393.0,1164.0,1
6,15.75,827,2,827,bus_2041,bus,2,-0.16913343647330134,1.0162794237009087,1.1,0.9,460.0,-4211.0,1
6,15.75,827,2,827,bus_2041,827,2,-0.16913343647330134,1.0162794237009087,1.1,0.9,460.0,-4211.0,1
2,132.0,1568,1,1568,bus_1182,bus,1,-0.005347379626382377,1.0732977647457633,1.1,0.9,1536.0,1414.0,1
2,132.0,1568,1,1568,bus_1182,1568,1,-0.005347379626382377,1.0732977647457633,1.1,0.9,1536.0,1414.0,1
15,11.0,413,1,413,bus_5199,bus,5,-0.1479853246193425,1.0178338986605968,1.1,0.9,1931.0,-6078.0,1
15,11.0,413,1,413,bus_5199,413,5,-0.1479853246193425,1.0178338986605968,1.1,0.9,1931.0,-6078.0,1
14,11.0,1264,1,1264,bus_4455,bus,4,0.9152687812251721,1.0020168830862644,1.1,0.9,-1789.0,-2936.0,1
14,11.0,1264,1,1264,bus_4455,1264,4,0.9152687812251721,1.0020168830862644,1.1,0.9,-1789.0,-2936.0,1
2,132.0,1412,1,1412,bus_1243,bus,1,-0.3564994404360187,1.0513581762861812,1.1,0.9,658.0,-372.0,1
2,132.0,1412,1,1412,bus_1243,1412,1,-0.3564994404360187,1.0513581762861812,1.1,0.9,658.0,-372.0,1
9,15.75,482,1,482,bus_3440,bus,3,0.059650018488744544,0.9945460459261974,1.1,0.9,838.0,3632.0,1
9,15.75,482,1,482,bus_3440,482,3,0.059650018488744544,0.9945460459261974,1.1,0.9,838.0,3632.0,1
8,132.0,549,1,549,starbus_xf_3483_3558_3485_2,bus,3,-0.22996669914056989,1.0856581676774977,1.1,0.9,-312.0,5732.0,1
8,132.0,549,1,549,starbus_xf_3483_3558_3485_2,549,3,-0.22996669914056989,1.0856581676774977,1.1,0.9,-312.0,5732.0,1
11,110.0,1722,1,1722,starbus_xf_3371_3372_3373_1,bus,3,-0.3535406176440144,1.0250323860532913,1.1,0.9,-1096.0,3457.0,1
11,110.0,1722,1,1722,starbus_xf_3371_3372_3373_1,1722,3,-0.3535406176440144,1.0250323860532913,1.1,0.9,-1096.0,3457.0,1
4,66.0,27,1,27,bus_2293,bus,2,-0.14277589570925006,1.0270381226653544,1.1,0.9,779.0,-2299.0,1
4,66.0,27,1,27,bus_2293,27,2,-0.14277589570925006,1.0270381226653544,1.1,0.9,779.0,-2299.0,1
2,330.0,882,2,882,bus_1124,bus,1,-0.1711833232853899,1.0370670692573811,1.1,0.9,697.0,535.0,1
2,330.0,882,2,882,bus_1124,882,1,-0.1711833232853899,1.0370670692573811,1.1,0.9,697.0,535.0,1
1,132.0,1447,1,1447,bus_1593,bus,1,-0.06520822313142344,1.0260608380920184,1.1,0.9,2977.0,2908.0,1
1,132.0,1447,1,1447,bus_1593,1447,1,-0.06520822313142344,1.0260608380920184,1.1,0.9,2977.0,2908.0,1
13,11.0,1750,1,1750,bus_4494,bus,4,0.43636805745270846,0.9047517410448648,1.1,0.9,-2185.0,-816.0,1
13,11.0,1750,1,1750,bus_4494,1750,4,0.43636805745270846,0.9047517410448648,1.1,0.9,-2185.0,-816.0,1
4,132.0,503,1,503,bus_1361,bus,1,-0.07377449258968098,1.0561578019231492,1.1,0.9,2186.0,-1475.0,1
4,132.0,503,1,503,bus_1361,503,1,-0.07377449258968098,1.0561578019231492,1.1,0.9,2186.0,-1475.0,1
9,11.8,1820,1,1820,bus_3043,bus,3,-0.02423992980145559,1.0578380634889795,1.1,0.9,594.0,5061.0,1
9,11.8,1820,1,1820,bus_3043,1820,3,-0.02423992980145559,1.0578380634889795,1.1,0.9,594.0,5061.0,1
15,110.0,975,1,975,bus_5077,bus,5,-0.039237807092336666,1.0513241726512617,1.1,0.9,2215.0,-6262.0,1
15,110.0,975,1,975,bus_5077,975,5,-0.039237807092336666,1.0513241726512617,1.1,0.9,2215.0,-6262.0,1
13,11.0,869,1,869,bus_4458,bus,4,0.9095434750212633,1.011604036007899,1.1,0.9,-2045.0,-2244.0,1
13,11.0,869,1,869,bus_4458,869,4,0.9095434750212633,1.011604036007899,1.1,0.9,-2045.0,-2244.0,1
14,16.0,1033,1,1033,bus_4065,bus,4,1.2606823874361304,1.040282114355128,1.1,0.9,-1769.0,-2584.0,1
14,16.0,1033,1,1033,bus_4065,1033,4,1.2606823874361304,1.040282114355128,1.1,0.9,-1769.0,-2584.0,1
8,132.0,1242,1,1242,bus_3161,bus,3,-0.294014035081664,1.0337704400227699,1.1,0.9,-446.0,5782.0,1
8,132.0,1242,1,1242,bus_3161,1242,3,-0.294014035081664,1.0337704400227699,1.1,0.9,-446.0,5782.0,1
10,275.0,1307,1,1307,bus_3607,bus,3,0.025085707204655285,1.0839592967634086,1.1,0.9,880.0,3765.0,1
10,275.0,1307,1,1307,bus_3607,1307,3,0.025085707204655285,1.0839592967634086,1.1,0.9,880.0,3765.0,1
6,66.0,422,1,422,bus_2251,bus,2,-0.12712947268472116,1.046782295747608,1.1,0.9,923.0,-2947.0,1
6,66.0,422,1,422,bus_2251,422,2,-0.12712947268472116,1.046782295747608,1.1,0.9,923.0,-2947.0,1
9,110.0,709,1,709,bus_3025,bus,3,-0.04708391093983218,1.013813161364315,1.1,0.9,662.0,3854.0,1
9,110.0,709,1,709,bus_3025,709,3,-0.04708391093983218,1.013813161364315,1.1,0.9,662.0,3854.0,1
3,330.0,648,1,648,bus_1110,bus,1,-0.2789176960380519,1.0499167082060359,1.1,0.9,1136.0,-413.0,1
3,330.0,648,1,648,bus_1110,648,1,-0.2789176960380519,1.0499167082060359,1.1,0.9,1136.0,-413.0,1
4,132.0,805,1,805,bus_1225,bus,1,0.05224162271527472,1.084868938718883,1.1,0.9,2666.0,-1661.0,1
4,132.0,805,1,805,bus_1225,805,1,0.05224162271527472,1.084868938718883,1.1,0.9,2666.0,-1661.0,1
5,165.0,1293,2,1293,bus_2082,bus,2,0.08281698644501072,1.0529683191552615,1.1,0.9,70.0,-2518.0,1
5,165.0,1293,2,1293,bus_2082,1293,2,0.08281698644501072,1.0529683191552615,1.1,0.9,70.0,-2518.0,1
11,110.0,1677,1,1677,bus_3467,bus,3,-0.2535598679844813,1.0439849213209118,1.1,0.9,-630.0,3182.0,1
11,110.0,1677,1,1677,bus_3467,1677,3,-0.2535598679844813,1.0439849213209118,1.1,0.9,-630.0,3182.0,1
9,110.0,1715,1,1715,bus_3382,bus,3,-0.33327732212872846,1.0534193274714014,1.1,0.9,-41.0,4204.0,1
9,110.0,1715,1,1715,bus_3382,1715,3,-0.33327732212872846,1.0534193274714014,1.1,0.9,-41.0,4204.0,1
13,66.0,1601,1,1601,bus_4234,bus,4,0.9878329546561998,1.0266354351616391,1.1,0.9,-2370.0,-2224.0,1
13,66.0,1601,1,1601,bus_4234,1601,4,0.9878329546561998,1.0266354351616391,1.1,0.9,-2370.0,-2224.0,1
6,66.0,120,1,120,bus_2233,bus,2,-0.4888687951368676,1.0191054224459484,1.1,0.9,609.0,-4180.0,1
6,66.0,120,1,120,bus_2233,120,2,-0.4888687951368676,1.0191054224459484,1.1,0.9,609.0,-4180.0,1
15,110.0,1463,1,1463,bus_5090,bus,5,-0.10990753844575163,1.0312378460363154,1.1,0.9,1698.0,-6262.0,1
15,110.0,1463,1,1463,bus_5090,1463,5,-0.10990753844575163,1.0312378460363154,1.1,0.9,1698.0,-6262.0,1
12,0.6899999999999998,1636,1,1636,bus_4011,bus,4,1.1083050465429427,1.0719708923690319,1.1,0.9,-3080.0,-1869.0,1
12,0.6899999999999998,1636,1,1636,bus_4011,1636,4,1.1083050465429427,1.0719708923690319,1.1,0.9,-3080.0,-1869.0,1
6,132.0,1688,1,1688,bus_2100,bus,2,-0.21299073880389338,1.069044189027994,1.1,0.9,177.0,-4137.0,1
6,132.0,1688,1,1688,bus_2100,1688,2,-0.21299073880389338,1.069044189027994,1.1,0.9,177.0,-4137.0,1
13,33.0,1407,1,1407,bus_4048,bus,4,1.090392902449551,1.0441677341999633,1.1,0.9,-2481.0,-1600.0,1
13,33.0,1407,1,1407,bus_4048,1407,4,1.090392902449551,1.0441677341999633,1.1,0.9,-2481.0,-1600.0,1
14,1.0,1887,2,1887,bus_4082,bus,4,0.517779194405096,1.1000000095029234,1.1,0.9,-947.0,-3276.0,1
14,1.0,1887,2,1887,bus_4082,1887,4,0.517779194405096,1.1000000095029234,1.1,0.9,-947.0,-3276.0,1
8,132.0,87,1,87,starbus_xf_3486_3561_3488_2,bus,3,-0.31604629217066027,0.9944320172649589,1.1,0.9,-719.0,6494.0,1
8,132.0,87,1,87,starbus_xf_3486_3561_3488_2,87,3,-0.31604629217066027,0.9944320172649589,1.1,0.9,-719.0,6494.0,1
8,132.0,1439,1,1439,bus_3088,bus,3,-0.5174261322662729,1.0078148818397268,1.1,0.9,-1232.0,7269.0,1
8,132.0,1439,1,1439,bus_3088,1439,3,-0.5174261322662729,1.0078148818397268,1.1,0.9,-1232.0,7269.0,1
3,21.0,255,2,255,bus_1058,bus,1,0.10811865867325812,0.8999999919740669,1.1,0.9,1202.0,-890.0,1
3,21.0,255,2,255,bus_1058,255,1,0.10811865867325812,0.8999999919740669,1.1,0.9,1202.0,-890.0,1
15,110.0,1652,1,1652,bus_5073,bus,5,-0.1770709305525068,1.0187226346006408,1.1,0.9,2249.0,-5728.0,1
15,110.0,1652,1,1652,bus_5073,1652,5,-0.1770709305525068,1.0187226346006408,1.1,0.9,2249.0,-5728.0,1
15,22.0,178,1,178,bus_5189,bus,5,-0.19871275641803612,1.0665571941256895,1.1,0.9,2559.0,-5548.0,1
15,22.0,178,1,178,bus_5189,178,5,-0.19871275641803612,1.0665571941256895,1.1,0.9,2559.0,-5548.0,1
6,66.0,1279,1,1279,bus_2351,bus,2,0.1012787345169444,1.0771298909172782,1.1,0.9,110.0,-4266.0,1
6,66.0,1279,1,1279,bus_2351,1279,2,0.1012787345169444,1.0771298909172782,1.1,0.9,110.0,-4266.0,1
15,11.0,89,1,89,bus_5235,bus,5,0.05610031398974717,1.001014745914048,1.1,0.9,1237.0,-6122.0,1
15,11.0,89,1,89,bus_5235,89,5,0.05610031398974717,1.001014745914048,1.1,0.9,1237.0,-6122.0,1
5,15.0,496,1,496,bus_2023,bus,2,0.03361786929792451,0.9940816057363192,1.1,0.9,784.0,-1957.0,1
5,15.0,496,1,496,bus_2023,496,2,0.03361786929792451,0.9940816057363192,1.1,0.9,784.0,-1957.0,1
7,22.0,1375,1,1375,bus_2103,bus,2,-0.5265271094043422,1.0329194646784343,1.1,0.9,871.0,-4184.0,1
7,22.0,1375,1,1375,bus_2103,1375,2,-0.5265271094043422,1.0329194646784343,1.1,0.9,871.0,-4184.0,1
9,110.0,1933,1,1933,bus_3314,bus,3,-0.310279227572938,1.058326068356342,1.1,0.9,-352.0,4136.0,1
9,110.0,1933,1,1933,bus_3314,1933,3,-0.310279227572938,1.058326068356342,1.1,0.9,-352.0,4136.0,1
14,66.0,195,1,195,bus_4311,bus,4,0.9681981010615484,1.0427859589508046,1.1,0.9,-1657.0,-2805.0,1
14,66.0,195,1,195,bus_4311,195,4,0.9681981010615484,1.0427859589508046,1.1,0.9,-1657.0,-2805.0,1
6,500.0,1112,1,1112,bus_2198,bus,2,-0.38293723757371784,1.0698047901467078,1.1,0.9,960.0,-3638.0,1
6,500.0,1112,1,1112,bus_2198,1112,2,-0.38293723757371784,1.0698047901467078,1.1,0.9,960.0,-3638.0,1
2,132.0,1102,1,1102,bus_1261,bus,1,-0.35736385280926297,1.0486014155249561,1.1,0.9,323.0,829.0,1
2,132.0,1102,1,1102,bus_1261,1102,1,-0.35736385280926297,1.0486014155249561,1.1,0.9,323.0,829.0,1
13,11.0,1984,1,1984,bus_4417,bus,4,0.9210495451395182,0.9870553293671948,1.1,0.9,-2522.0,-2247.0,1
13,11.0,1984,1,1984,bus_4417,1984,4,0.9210495451395182,0.9870553293671948,1.1,0.9,-2522.0,-2247.0,1
2,132.0,923,1,923,bus_1403,bus,1,-0.3082270207408814,1.0498289736824362,1.1,0.9,287.0,140.0,1
2,132.0,923,1,923,bus_1403,923,1,-0.3082270207408814,1.0498289736824362,1.1,0.9,287.0,140.0,1
4,12.5,442,1,442,bus_1078,bus,1,0.18369238813713604,1.014047956616439,1.1,0.9,1459.0,-1470.0,1
4,12.5,442,1,442,bus_1078,442,1,0.18369238813713604,1.014047956616439,1.1,0.9,1459.0,-1470.0,1
6,220.0,1079,2,1079,bus_2039,bus,2,-0.24103981738751343,1.1000000086864836,1.1,0.9,305.0,-2904.0,1
6,220.0,1079,2,1079,bus_2039,1079,2,-0.24103981738751343,1.1000000086864836,1.1,0.9,305.0,-2904.0,1
11,110.0,562,1,562,bus_3299,bus,3,-0.3292357150818124,1.0515757155603318,1.1,0.9,-709.0,2547.0,1
11,110.0,562,1,562,bus_3299,562,3,-0.3292357150818124,1.0515757155603318,1.1,0.9,-709.0,2547.0,1
8,22.0,924,1,924,bus_3085,bus,3,-0.5248755285620348,0.9985110811990311,1.1,0.9,-960.0,7399.0,1
8,22.0,924,1,924,bus_3085,924,3,-0.5248755285620348,0.9985110811990311,1.1,0.9,-960.0,7399.0,1
2,11.0,1329,1,1329,bus_1647,bus,1,-0.4207943980077583,1.0196792964690313,1.1,0.9,-170.0,484.0,1
2,11.0,1329,1,1329,bus_1647,1329,1,-0.4207943980077583,1.0196792964690313,1.1,0.9,-170.0,484.0,1
11,11.0,202,1,202,bus_3335,bus,3,-0.546480331678523,1.0098142645382675,1.1,0.9,552.0,3029.0,1
11,11.0,202,1,202,bus_3335,202,3,-0.546480331678523,1.0098142645382675,1.1,0.9,552.0,3029.0,1
8,132.0,1221,1,1221,bus_3198,bus,3,-0.3541858992913781,1.0282611586272967,1.1,0.9,-444.0,6649.0,1
8,132.0,1221,1,1221,bus_3198,1221,3,-0.3541858992913781,1.0282611586272967,1.1,0.9,-444.0,6649.0,1
9,132.0,1574,1,1574,bus_3272,bus,3,-0.19393005955832174,1.039187537273906,1.1,0.9,366.0,5468.0,1
9,132.0,1574,1,1574,bus_3272,1574,3,-0.19393005955832174,1.039187537273906,1.1,0.9,366.0,5468.0,1
5,220.0,654,1,654,bus_2106,bus,2,-0.21552359040263752,1.0658374554325856,1.1,0.9,146.0,-3131.0,1
5,220.0,654,1,654,bus_2106,654,2,-0.21552359040263752,1.0658374554325856,1.1,0.9,146.0,-3131.0,1
12,33.0,1196,1,1196,bus_4373,bus,4,0.9657073735979463,1.0476190499404094,1.1,0.9,-2685.0,-1080.0,1
12,33.0,1196,1,1196,bus_4373,1196,4,0.9657073735979463,1.0476190499404094,1.1,0.9,-2685.0,-1080.0,1
15,220.0,146,1,146,bus_5159,bus,5,-0.08052053218018608,1.0516535725927663,1.1,0.9,1414.0,-6127.0,1
15,220.0,146,1,146,bus_5159,146,5,-0.08052053218018608,1.0516535725927663,1.1,0.9,1414.0,-6127.0,1
11,110.0,953,1,953,bus_3222,bus,3,-0.2916332428323532,1.0551235237180616,1.1,0.9,-445.0,3336.0,1
11,110.0,953,1,953,bus_3222,953,3,-0.2916332428323532,1.0551235237180616,1.1,0.9,-445.0,3336.0,1
2,11.0,256,1,256,bus_1539,bus,1,-0.23666870570559925,1.0482826699121668,1.1,0.9,71.0,-177.0,1
2,11.0,256,1,256,bus_1539,256,1,-0.23666870570559925,1.0482826699121668,1.1,0.9,71.0,-177.0,1
14,11.0,1044,1,1044,bus_4431,bus,4,1.0417578262430758,1.00979378680069,1.1,0.9,-1978.0,-3523.0,1
14,11.0,1044,1,1044,bus_4431,1044,4,1.0417578262430758,1.00979378680069,1.1,0.9,-1978.0,-3523.0,1
6,220.0,1396,1,1396,bus_2127,bus,2,-0.26109509587353796,1.0189112999284553,1.1,0.9,786.0,-2975.0,1
6,220.0,1396,1,1396,bus_2127,1396,2,-0.26109509587353796,1.0189112999284553,1.1,0.9,786.0,-2975.0,1
15,110.0,291,1,291,bus_5111,bus,5,-0.12813618518545103,1.0268503696913331,1.1,0.9,1923.0,-6149.0,1
15,110.0,291,1,291,bus_5111,291,5,-0.12813618518545103,1.0268503696913331,1.1,0.9,1923.0,-6149.0,1
11,110.0,80,1,80,bus_3340,bus,3,-0.35285150197389575,1.0345568331003645,1.1,0.9,-343.0,2502.0,1
11,110.0,80,1,80,bus_3340,80,3,-0.35285150197389575,1.0345568331003645,1.1,0.9,-343.0,2502.0,1
12,132.0,360,1,360,bus_4169,bus,4,0.8002769944463811,1.009070305278422,1.1,0.9,-3172.0,-1760.0,1
12,132.0,360,1,360,bus_4169,360,4,0.8002769944463811,1.009070305278422,1.1,0.9,-3172.0,-1760.0,1
7,66.0,1629,1,1629,bus_2278,bus,2,-0.5379532010737931,1.0388296171524911,1.1,0.9,1051.0,-3940.0,1
7,66.0,1629,1,1629,bus_2278,1629,2,-0.5379532010737931,1.0388296171524911,1.1,0.9,1051.0,-3940.0,1
9,110.0,1379,1,1379,bus_3354,bus,3,-0.30432850034768194,1.059217262896589,1.1,0.9,-64.0,4081.0,1
9,110.0,1379,1,1379,bus_3354,1379,3,-0.30432850034768194,1.059217262896589,1.1,0.9,-64.0,4081.0,1
15,110.0,418,1,418,bus_5072,bus,5,-0.3244461791471252,1.0567422256828354,1.1,0.9,1619.0,-5329.0,1
15,110.0,418,1,418,bus_5072,418,5,-0.3244461791471252,1.0567422256828354,1.1,0.9,1619.0,-5329.0,1
14,11.0,1180,1,1180,bus_4482,bus,4,1.0486241127363474,0.988611228697981,1.1,0.9,-2016.0,-3389.0,1
14,11.0,1180,1,1180,bus_4482,1180,4,1.0486241127363474,0.988611228697981,1.1,0.9,-2016.0,-3389.0,1
2,33.0,1343,1,1343,bus_1532,bus,1,0.054337193949911274,1.0537768776416483,1.1,0.9,899.0,491.0,1
2,33.0,1343,1,1343,bus_1532,1343,1,0.054337193949911274,1.0537768776416483,1.1,0.9,899.0,491.0,1
9,132.0,1466,1,1466,bus_3072,bus,3,-0.28714171229460567,1.0642865747738721,1.1,0.9,-650.0,4053.0,1
9,132.0,1466,1,1466,bus_3072,1466,3,-0.28714171229460567,1.0642865747738721,1.1,0.9,-650.0,4053.0,1
2,23.0,431,1,431,bus_1045,bus,1,-0.07959093089168644,1.0405649348954487,1.1,0.9,505.0,30.0,1
2,23.0,431,1,431,bus_1045,431,1,-0.07959093089168644,1.0405649348954487,1.1,0.9,505.0,30.0,1
6,500.0,1590,1,1590,bus_2201,bus,2,-0.36156800621816426,1.0579283898863827,1.1,0.9,574.0,-3521.0,1
6,500.0,1590,1,1590,bus_2201,1590,2,-0.36156800621816426,1.0579283898863827,1.1,0.9,574.0,-3521.0,1
9,11.0,1940,1,1940,bus_3038,bus,3,-0.14785284761951725,1.0280150534083676,1.1,0.9,-1216.0,4891.0,1
9,11.0,1940,1,1940,bus_3038,1940,3,-0.14785284761951725,1.0280150534083676,1.1,0.9,-1216.0,4891.0,1
15,22.0,520,1,520,bus_5219,bus,5,0.022503107200335656,1.0658874461374188,1.1,0.9,2765.0,-5720.0,1
15,22.0,520,1,520,bus_5219,520,5,0.022503107200335656,1.0658874461374188,1.1,0.9,2765.0,-5720.0,1
13,275.0,1611,1,1611,starbus_xf_4109_4357_4358_1,bus,4,1.034801060838919,1.0423351373891172,1.1,0.9,-2826.0,-1815.0,1
13,275.0,1611,1,1611,starbus_xf_4109_4357_4358_1,1611,4,1.034801060838919,1.0423351373891172,1.1,0.9,-2826.0,-1815.0,1
13,66.0,1846,1,1846,bus_4344,bus,4,0.9843789501461043,1.02051127097489,1.1,0.9,-2551.0,-2153.0,1
13,66.0,1846,1,1846,bus_4344,1846,4,0.9843789501461043,1.02051127097489,1.1,0.9,-2551.0,-2153.0,1
2,500.0,1160,1,1160,starbus_xf_1097_1098_1162_1,bus,1,-0.09321728558857546,1.0091525107498516,1.1,0.9,849.0,-193.0,1
2,500.0,1160,1,1160,starbus_xf_1097_1098_1162_1,1160,1,-0.09321728558857546,1.0091525107498516,1.1,0.9,849.0,-193.0,1
10,15.0,969,1,969,bus_3434,bus,3,0.17545371729879372,1.0474321414081182,1.1,0.9,1119.0,3536.0,1
10,15.0,969,1,969,bus_3434,969,3,0.17545371729879372,1.0474321414081182,1.1,0.9,1119.0,3536.0,1
15,110.0,1666,1,1666,bus_5098,bus,5,-0.12591634908046107,1.0282763107925275,1.1,0.9,1862.0,-6237.0,1
15,110.0,1666,1,1666,bus_5098,1666,5,-0.12591634908046107,1.0282763107925275,1.1,0.9,1862.0,-6237.0,1
3,33.0,1989,1,1989,bus_1575,bus,1,-0.3883891666300858,1.0446171200010699,1.1,0.9,1044.0,-449.0,1
3,33.0,1989,1,1989,bus_1575,1989,1,-0.3883891666300858,1.0446171200010699,1.1,0.9,1044.0,-449.0,1
11,275.0,1147,1,1147,bus_3595,bus,3,-0.22385299857682175,1.0644798369063324,1.1,0.9,-202.0,3207.0,1
11,275.0,1147,1,1147,bus_3595,1147,3,-0.22385299857682175,1.0644798369063324,1.1,0.9,-202.0,3207.0,1
4,132.0,1263,1,1263,bus_1177,bus,1,-0.12229685258103734,1.045409488214635,1.1,0.9,723.0,-891.0,1
4,132.0,1263,1,1263,bus_1177,1263,1,-0.12229685258103734,1.045409488214635,1.1,0.9,723.0,-891.0,1
8,15.0,1930,1,1930,bus_3461,bus,3,-0.35168803631262213,1.012125657777282,1.1,0.9,-238.0,6931.0,1
8,15.0,1930,1,1930,bus_3461,1930,3,-0.35168803631262213,1.012125657777282,1.1,0.9,-238.0,6931.0,1
2,66.0,327,1,327,bus_1626,bus,1,-0.25061714831299564,1.0406686676843404,1.1,0.9,355.0,-490.0,1
2,66.0,327,1,327,bus_1626,327,1,-0.25061714831299564,1.0406686676843404,1.1,0.9,355.0,-490.0,1
2,132.0,1504,1,1504,bus_1338,bus,1,-0.3376503382165787,1.0443125997813845,1.1,0.9,787.0,-513.0,1
2,132.0,1504,1,1504,bus_1338,1504,1,-0.3376503382165787,1.0443125997813845,1.1,0.9,787.0,-513.0,1
11,10.5,1314,1,1314,bus_3465,bus,3,-0.007650705130000859,0.9719860039332558,1.1,0.9,-1052.0,2808.0,1
11,10.5,1314,1,1314,bus_3465,1314,3,-0.007650705130000859,0.9719860039332558,1.1,0.9,-1052.0,2808.0,1
6,220.0,1678,1,1678,bus_2161,bus,2,-0.3581980931036112,1.0395120520107106,1.1,0.9,348.0,-3879.0,1
6,220.0,1678,1,1678,bus_2161,1678,2,-0.3581980931036112,1.0395120520107106,1.1,0.9,348.0,-3879.0,1
14,15.75,284,1,284,bus_4066,bus,4,1.2946993524841621,0.9170617867386088,1.1,0.9,-2002.0,-3402.0,1
14,15.75,284,1,284,bus_4066,284,4,1.2946993524841621,0.9170617867386088,1.1,0.9,-2002.0,-3402.0,1
12,0.48,818,1,818,bus_4017,bus,4,1.0799797403112603,1.0541071957697887,1.1,0.9,-3070.0,-1848.0,1
12,0.48,818,1,818,bus_4017,818,4,1.0799797403112603,1.0541071957697887,1.1,0.9,-3070.0,-1848.0,1
13,66.0,1743,1,1743,bus_4289,bus,4,0.9844516667809339,1.0187898440763319,1.1,0.9,-2187.0,-2766.0,1
13,66.0,1743,1,1743,bus_4289,1743,4,0.9844516667809339,1.0187898440763319,1.1,0.9,-2187.0,-2766.0,1
7,66.0,1868,1,1868,bus_2245,bus,2,0.05348094476530406,1.100000009759768,1.1,0.9,1479.0,-4485.0,1
7,66.0,1868,1,1868,bus_2245,1868,2,0.05348094476530406,1.100000009759768,1.1,0.9,1479.0,-4485.0,1
14,33.0,1143,1,1143,bus_4152,bus,4,0.43718649107225555,1.1000000105599579,1.1,0.9,-912.0,-3273.0,1
14,33.0,1143,1,1143,bus_4152,1143,4,0.43718649107225555,1.1000000105599579,1.1,0.9,-912.0,-3273.0,1
15,110.0,1232,1,1232,bus_5097,bus,5,-0.12592097638047686,1.0283312542285763,1.1,0.9,2155.0,-6119.0,1
15,110.0,1232,1,1232,bus_5097,1232,5,-0.12592097638047686,1.0283312542285763,1.1,0.9,2155.0,-6119.0,1
8,22.0,1388,1,1388,bus_3183,bus,3,-0.5584759636607934,1.0066306477935971,1.1,0.9,-1051.0,7483.0,1
8,22.0,1388,1,1388,bus_3183,1388,3,-0.5584759636607934,1.0066306477935971,1.1,0.9,-1051.0,7483.0,1
9,110.0,1506,1,1506,bus_3311,bus,3,-0.3007208654312588,1.0599800178192336,1.1,0.9,-168.0,4073.0,1
9,110.0,1506,1,1506,bus_3311,1506,3,-0.3007208654312588,1.0599800178192336,1.1,0.9,-168.0,4073.0,1
6,22.0,575,1,575,bus_2297,bus,2,-0.20249636314953676,1.0374639327960498,1.1,0.9,59.0,-4071.0,1
6,22.0,575,1,575,bus_2297,575,2,-0.20249636314953676,1.0374639327960498,1.1,0.9,59.0,-4071.0,1
2,132.0,942,1,942,bus_1287,bus,1,-0.21783804071292537,1.0504023939633407,1.1,0.9,641.0,962.0,1
2,132.0,942,1,942,bus_1287,942,1,-0.21783804071292537,1.0504023939633407,1.1,0.9,641.0,962.0,1
5,22.0,675,1,675,bus_2315,bus,2,-0.047327696025178535,1.086527316064996,1.1,0.9,227.0,-2547.0,1
5,22.0,675,1,675,bus_2315,675,2,-0.047327696025178535,1.086527316064996,1.1,0.9,227.0,-2547.0,1
15,11.0,904,1,904,bus_5204,bus,5,-0.14502002811518852,1.0288922150662603,1.1,0.9,2218.0,-6149.0,1
15,11.0,904,1,904,bus_5204,904,5,-0.14502002811518852,1.0288922150662603,1.1,0.9,2218.0,-6149.0,1
4,15.4,1386,1,1386,bus_1039,bus,1,0.1863921871100299,0.9635482027723276,1.1,0.9,1345.0,-1629.0,1
4,15.4,1386,1,1386,bus_1039,1386,1,0.1863921871100299,0.9635482027723276,1.1,0.9,1345.0,-1629.0,1
10,132.0,1369,1,1369,bus_3300,bus,3,-0.11625861146462271,1.0703003313912975,1.1,0.9,1842.0,4456.0,1
10,132.0,1369,1,1369,bus_3300,1369,3,-0.11625861146462271,1.0703003313912975,1.1,0.9,1842.0,4456.0,1
12,132.0,15,1,15,starbus_xf_4160_4097_4401_1,bus,4,1.0694001100538109,0.9961527504591549,1.1,0.9,-3732.0,-1731.0,1
12,132.0,15,1,15,starbus_xf_4160_4097_4401_1,15,4,1.0694001100538109,0.9961527504591549,1.1,0.9,-3732.0,-1731.0,1
13,0.6899999999999998,1184,1,1184,bus_4019,bus,4,1.5778921689993748,1.0079316601399624,1.1,0.9,-2914.0,-2084.0,1
13,0.6899999999999998,1184,1,1184,bus_4019,1184,4,1.5778921689993748,1.0079316601399624,1.1,0.9,-2914.0,-2084.0,1
2,330.0,500,1,500,bus_1152,bus,1,-0.09172756932722813,1.0505892997593202,1.1,0.9,679.0,-116.0,1
2,330.0,500,1,500,bus_1152,500,1,-0.09172756932722813,1.0505892997593202,1.1,0.9,679.0,-116.0,1
13,11.0,785,1,785,bus_4452,bus,4,0.9031201636975165,0.9972735039005133,1.1,0.9,-2117.0,-2487.0,1
13,11.0,785,1,785,bus_4452,785,4,0.9031201636975165,0.9972735039005133,1.1,0.9,-2117.0,-2487.0,1
6,66.0,1001,1,1001,bus_2220,bus,2,-0.3735836254983918,1.031150233112996,1.1,0.9,393.0,-2982.0,1
6,66.0,1001,1,1001,bus_2220,1001,2,-0.3735836254983918,1.031150233112996,1.1,0.9,393.0,-2982.0,1
14,132.0,251,1,251,bus_4221,bus,4,0.3098621048777407,1.0755469937532347,1.1,0.9,-921.0,-2976.0,1
14,132.0,251,1,251,bus_4221,251,4,0.3098621048777407,1.0755469937532347,1.1,0.9,-921.0,-2976.0,1
12,132.0,1770,1,1770,bus_4174,bus,4,0.9822013397097696,1.0421660518071552,1.1,0.9,-2561.0,-1437.0,1
12,132.0,1770,1,1770,bus_4174,1770,4,0.9822013397097696,1.0421660518071552,1.1,0.9,-2561.0,-1437.0,1
15,110.0,1578,1,1578,starbus_xf_5094_5202_5203_2,bus,5,-0.15864256227077606,1.047232319357497,1.1,0.9,1770.0,-6395.0,1
15,110.0,1578,1,1578,starbus_xf_5094_5202_5203_2,1578,5,-0.15864256227077606,1.047232319357497,1.1,0.9,1770.0,-6395.0,1
2,132.0,170,1,170,bus_1189,bus,1,-0.32658829402484385,1.0491512002520478,1.1,0.9,732.0,-450.0,1
2,132.0,170,1,170,bus_1189,170,1,-0.32658829402484385,1.0491512002520478,1.1,0.9,732.0,-450.0,1
1,66.0,248,1,248,bus_1623,bus,1,-0.11819542409149657,1.1000000032806603,1.1,0.9,1924.0,1854.0,1
1,66.0,248,1,248,bus_1623,248,1,-0.11819542409149657,1.1000000032806603,1.1,0.9,1924.0,1854.0,1
5,17.0,68,1,68,bus_2020,bus,2,0.02951394064350419,0.9990258493550974,1.1,0.9,762.0,-1940.0,1
5,17.0,68,1,68,bus_2020,68,2,0.02951394064350419,0.9990258493550974,1.1,0.9,762.0,-1940.0,1
6,10.5,529,1,529,bus_2323,bus,2,-0.25728097954933404,1.0999998764304073,1.1,0.9,954.0,-3371.0,1
6,10.5,529,1,529,bus_2323,529,2,-0.25728097954933404,1.0999998764304073,1.1,0.9,954.0,-3371.0,1
13,0.6899999999999998,656,1,656,bus_4047,bus,4,1.1081963547558413,1.10000000104742,1.1,0.9,-2544.0,-1578.0,1
13,0.6899999999999998,656,1,656,bus_4047,656,4,1.1081963547558413,1.10000000104742,1.1,0.9,-2544.0,-1578.0,1
8,132.0,850,1,850,bus_3160,bus,3,-0.23997248264631194,1.0545887406010024,1.1,0.9,-282.0,5815.0,1
8,132.0,850,1,850,bus_3160,850,3,-0.23997248264631194,1.0545887406010024,1.1,0.9,-282.0,5815.0,1
6,220.0,890,1,890,bus_2177,bus,2,-0.2577878238021362,1.057617712468361,1.1,0.9,193.0,-3223.0,1
6,220.0,890,1,890,bus_2177,890,2,-0.2577878238021362,1.057617712468361,1.1,0.9,193.0,-3223.0,1
12,33.0,1795,1,1795,bus_4345,bus,4,0.9850416564551217,1.03304994553088,1.1,0.9,-3575.0,-1572.0,1
12,33.0,1795,1,1795,bus_4345,1795,4,0.9850416564551217,1.03304994553088,1.1,0.9,-3575.0,-1572.0,1
14,15.75,76,2,76,bus_4053,bus,4,1.1436202662366215,1.0515586652605757,1.1,0.9,-1976.0,-2688.0,1
14,15.75,76,2,76,bus_4053,76,4,1.1436202662366215,1.0515586652605757,1.1,0.9,-1976.0,-2688.0,1
9,275.0,186,1,186,bus_3640,bus,3,0.0018472922242327217,1.081361734213575,1.1,0.9,-70.0,4803.0,1
9,275.0,186,1,186,bus_3640,186,3,0.0018472922242327217,1.081361734213575,1.1,0.9,-70.0,4803.0,1
9,66.0,1373,1,1373,bus_3055,bus,3,-0.1316572262100374,1.0879681671275265,1.1,0.9,681.0,5298.0,1
9,66.0,1373,1,1373,bus_3055,1373,3,-0.1316572262100374,1.0879681671275265,1.1,0.9,681.0,5298.0,1
8,132.0,1172,1,1172,bus_3628,bus,3,-0.46423099728099937,1.005594955779003,1.1,0.9,-1363.0,6796.0,1
8,132.0,1172,1,1172,bus_3628,1172,3,-0.46423099728099937,1.005594955779003,1.1,0.9,-1363.0,6796.0,1
13,275.0,393,1,393,bus_4143,bus,4,1.0190060654478543,1.0509295267899381,1.1,0.9,-2306.0,-1996.0,1
13,275.0,393,1,393,bus_4143,393,4,1.0190060654478543,1.0509295267899381,1.1,0.9,-2306.0,-1996.0,1
15,110.0,103,1,103,bus_5087,bus,5,-0.09464118329114479,1.0289527047520208,1.1,0.9,1939.0,-6349.0,1
15,110.0,103,1,103,bus_5087,103,5,-0.09464118329114479,1.0289527047520208,1.1,0.9,1939.0,-6349.0,1
4,330.0,355,1,355,starbus_xf_1106_1167_1537_4,bus,1,-0.09567838168795907,1.083924832986157,1.1,0.9,925.0,-2259.0,1
4,330.0,355,1,355,starbus_xf_1106_1167_1537_4,355,1,-0.09567838168795907,1.083924832986157,1.1,0.9,925.0,-2259.0,1
11,33.0,982,1,982,bus_3193,bus,3,-0.3039051618304394,1.0008148075487113,1.1,0.9,-546.0,3295.0,1
11,33.0,982,1,982,bus_3193,982,3,-0.3039051618304394,1.0008148075487113,1.1,0.9,-546.0,3295.0,1
1,11.0,716,1,716,bus_1618,bus,1,-0.0494581622796114,1.056047983585802,1.1,0.9,2796.0,2885.0,1
1,11.0,716,1,716,bus_1618,716,1,-0.0494581622796114,1.056047983585802,1.1,0.9,2796.0,2885.0,1
8,132.0,1587,1,1587,bus_3211,bus,3,-0.2925364994832125,1.025755173126864,1.1,0.9,-728.0,6939.0,1
8,132.0,1587,1,1587,bus_3211,1587,3,-0.2925364994832125,1.025755173126864,1.1,0.9,-728.0,6939.0,1
3,132.0,870,1,870,bus_1219,bus,1,-0.33354583489913836,1.0496689075354961,1.1,0.9,1322.0,-618.0,1
3,132.0,870,1,870,bus_1219,870,1,-0.33354583489913836,1.0496689075354961,1.1,0.9,1322.0,-618.0,1
7,11.0,155,1,155,bus_2065,bus,2,-0.3824904305150007,1.0450653206465002,1.1,0.9,1372.0,-4478.0,1
7,11.0,155,1,155,bus_2065,155,2,-0.3824904305150007,1.0450653206465002,1.1,0.9,1372.0,-4478.0,1
14,66.0,53,1,53,bus_4306,bus,4,0.9712397701181096,1.0439237890336623,1.1,0.9,-1608.0,-3338.0,1
14,66.0,53,1,53,bus_4306,53,4,0.9712397701181096,1.0439237890336623,1.1,0.9,-1608.0,-3338.0,1
2,11.0,650,1,650,bus_1558,bus,1,-0.4449463847757653,1.0013963180793093,1.1,0.9,76.0,981.0,1
2,11.0,650,1,650,bus_1558,650,1,-0.4449463847757653,1.0013963180793093,1.1,0.9,76.0,981.0,1
9,66.0,963,1,963,bus_3118,bus,3,-0.21275062035879277,1.0625149659182382,1.1,0.9,66.0,5577.0,1
9,66.0,963,1,963,bus_3118,963,3,-0.21275062035879277,1.0625149659182382,1.1,0.9,66.0,5577.0,1
5,15.0,1560,1,1560,bus_2022,bus,2,0.029714745671309883,0.9924945772719457,1.1,0.9,769.0,-1980.0,1
5,15.0,1560,1,1560,bus_2022,1560,2,0.029714745671309883,0.9924945772719457,1.1,0.9,769.0,-1980.0,1
8,66.0,1163,1,1163,bus_3260,bus,3,-0.3688181154711835,0.9959949479685175,1.1,0.9,-600.0,6461.0,1
8,66.0,1163,1,1163,bus_3260,1163,3,-0.3688181154711835,0.9959949479685175,1.1,0.9,-600.0,6461.0,1
15,13.8,566,2,566,bus_5005,bus,5,0.1118890133203961,1.0304590903472943,1.1,0.9,1757.0,-5707.0,1
15,13.8,566,2,566,bus_5005,566,5,0.1118890133203961,1.0304590903472943,1.1,0.9,1757.0,-5707.0,1
9,275.0,1492,1,1492,bus_3598,bus,3,-0.05698373778819454,1.0725893344167143,1.1,0.9,-214.0,4483.0,1
9,275.0,1492,1,1492,bus_3598,1492,3,-0.05698373778819454,1.0725893344167143,1.1,0.9,-214.0,4483.0,1
1,132.0,111,1,111,bus_1283,bus,1,-0.223820379514656,1.0681931088675378,1.1,0.9,872.0,1361.0,1
1,132.0,111,1,111,bus_1283,111,1,-0.223820379514656,1.0681931088675378,1.1,0.9,872.0,1361.0,1
11,110.0,721,1,721,bus_3048,bus,3,-0.3238866979276004,1.0509966548871377,1.1,0.9,-53.0,3019.0,1
11,110.0,721,1,721,bus_3048,721,3,-0.3238866979276004,1.0509966548871377,1.1,0.9,-53.0,3019.0,1
2,132.0,1738,1,1738,bus_1178,bus,1,-0.303756665935689,1.048723837273413,1.1,0.9,524.0,-60.0,1
2,132.0,1738,1,1738,bus_1178,1738,1,-0.303756665935689,1.048723837273413,1.1,0.9,524.0,-60.0,1
6,22.0,1469,1,1469,bus_2328,bus,2,-0.45498489664755604,1.0421012235228386,1.1,0.9,689.0,-4097.0,1
6,22.0,1469,1,1469,bus_2328,1469,2,-0.45498489664755604,1.0421012235228386,1.1,0.9,689.0,-4097.0,1
4,0.6899999999999998,1254,2,1254,bus_1014,bus,1,0.04575270916686019,1.012188261550398,1.1,0.9,346.0,-1233.0,1
4,0.6899999999999998,1254,2,1254,bus_1014,1254,1,0.04575270916686019,1.012188261550398,1.1,0.9,346.0,-1233.0,1
7,22.0,1529,1,1529,bus_2336,bus,2,-0.39585487603582326,0.9842859914859093,1.1,0.9,936.0,-4019.0,1
7,22.0,1529,1,1529,bus_2336,1529,2,-0.39585487603582326,0.9842859914859093,1.1,0.9,936.0,-4019.0,1
11,110.0,1358,1,1358,starbus_xf_3231_3644_3645_1,bus,3,-0.2914251524499437,1.0375417401565579,1.1,0.9,-648.0,3275.0,1
11,110.0,1358,1,1358,starbus_xf_3231_3644_3645_1,1358,3,-0.2914251524499437,1.0375417401565579,1.1,0.9,-648.0,3275.0,1
2,132.0,1499,1,1499,bus_1284,bus,1,-0.37077502925141165,1.0474740539474259,1.1,0.9,295.0,758.0,1
2,132.0,1499,1,1499,bus_1284,1499,1,-0.37077502925141165,1.0474740539474259,1.1,0.9,295.0,758.0,1
14,11.0,1443,1,1443,bus_4497,bus,4,0.2648732698416799,1.0573893457083343,1.1,0.9,-867.0,-2792.0,1
14,11.0,1443,1,1443,bus_4497,1443,4,0.2648732698416799,1.0573893457083343,1.1,0.9,-867.0,-2792.0,1
8,132.0,93,1,93,bus_3094,bus,3,-0.5402970853932636,1.0006709572074781,1.1,0.9,-1395.0,6824.0,1
8,132.0,93,1,93,bus_3094,93,3,-0.5402970853932636,1.0006709572074781,1.1,0.9,-1395.0,6824.0,1
15,6.6,1854,1,1854,bus_5241,bus,5,-0.1527652776329509,1.0271967271636382,1.1,0.9,1962.0,-6405.0,1
15,6.6,1854,1,1854,bus_5241,1854,5,-0.1527652776329509,1.0271967271636382,1.1,0.9,1962.0,-6405.0,1
14,11.0,10,1,10,bus_4446,bus,4,0.9584921614424768,1.0172075788408763,1.1,0.9,-2382.0,-3109.0,1
14,11.0,10,1,10,bus_4446,10,4,0.9584921614424768,1.0172075788408763,1.1,0.9,-2382.0,-3109.0,1
13,11.0,1908,1,1908,bus_4416,bus,4,0.9592808788118133,0.988674284919407,1.1,0.9,-2434.0,-2245.0,1
13,11.0,1908,1,1908,bus_4416,1908,4,0.9592808788118133,0.988674284919407,1.1,0.9,-2434.0,-2245.0,1
8,132.0,1771,1,1771,bus_3077,bus,3,-0.3352582608114184,1.024455763859147,1.1,0.9,-574.0,6928.0,1
8,132.0,1771,1,1771,bus_3077,1771,3,-0.3352582608114184,1.024455763859147,1.1,0.9,-574.0,6928.0,1
1,33.0,1351,1,1351,bus_1589,bus,1,-0.21929896048931047,1.0812559339677894,1.1,0.9,2052.0,2095.0,1
1,33.0,1351,1,1351,bus_1589,1351,1,-0.21929896048931047,1.0812559339677894,1.1,0.9,2052.0,2095.0,1
9,20.0,305,1,305,bus_3425,bus,3,0.14542358101252637,1.07021276112892,1.1,0.9,229.0,3717.0,1
9,20.0,305,1,305,bus_3425,305,3,0.14542358101252637,1.07021276112892,1.1,0.9,229.0,3717.0,1
3,132.0,770,1,770,bus_1604,bus,1,-0.34569868888006217,1.051065259809064,1.1,0.9,1498.0,-532.0,1
3,132.0,770,1,770,bus_1604,770,1,-0.34569868888006217,1.051065259809064,1.1,0.9,1498.0,-532.0,1
7,20.0,1130,1,1130,bus_2047,bus,2,-0.3407000565081066,1.0239454099268392,1.1,0.9,1791.0,-4306.0,1
7,20.0,1130,1,1130,bus_2047,1130,2,-0.3407000565081066,1.0239454099268392,1.1,0.9,1791.0,-4306.0,1
9,20.5,1580,1,1580,bus_3444,bus,3,0.1934439304666947,1.0316913403963113,1.1,0.9,193.0,3700.0,1
9,20.5,1580,1,1580,bus_3444,1580,3,0.1934439304666947,1.0316913403963113,1.1,0.9,193.0,3700.0,1
5,11.0,1520,1,1520,bus_2334,bus,2,-0.1678126587040918,1.0184814007896574,1.1,0.9,791.0,-2400.0,1
5,11.0,1520,1,1520,bus_2334,1520,2,-0.1678126587040918,1.0184814007896574,1.1,0.9,791.0,-2400.0,1
15,110.0,701,1,701,bus_5114,bus,5,-0.12603057958236819,1.031161841620135,1.1,0.9,1875.0,-5837.0,1
15,110.0,701,1,701,bus_5114,701,5,-0.12603057958236819,1.031161841620135,1.1,0.9,1875.0,-5837.0,1
11,33.0,321,1,321,bus_3472,bus,3,-0.36119641304505395,1.0172713917449772,1.1,0.9,11.0,2977.0,1
11,33.0,321,1,321,bus_3472,321,3,-0.36119641304505395,1.0172713917449772,1.1,0.9,11.0,2977.0,1
8,11.0,1353,1,1353,bus_3449,bus,3,-0.5225348395963224,1.0046480759664567,1.1,0.9,-1219.0,7565.0,1
8,11.0,1353,1,1353,bus_3449,1353,3,-0.5225348395963224,1.0046480759664567,1.1,0.9,-1219.0,7565.0,1
9,132.0,1440,1,1440,bus_3028,bus,3,-0.2871961237628797,1.0641454153918224,1.1,0.9,-733.0,4114.0,1
9,132.0,1440,1,1440,bus_3028,1440,3,-0.2871961237628797,1.0641454153918224,1.1,0.9,-733.0,4114.0,1
5,0.6899999999999998,1395,1,1395,bus_2058,bus,2,0.09397083863751539,1.034094657607213,1.1,0.9,-267.0,-3784.0,1
5,0.6899999999999998,1395,1,1395,bus_2058,1395,2,0.09397083863751539,1.034094657607213,1.1,0.9,-267.0,-3784.0,1
15,22.0,1185,1,1185,bus_5206,bus,5,-0.1391920037734627,1.022565375333608,1.1,0.9,2246.0,-6186.0,1
15,22.0,1185,1,1185,bus_5206,1185,5,-0.1391920037734627,1.022565375333608,1.1,0.9,2246.0,-6186.0,1
13,165.0,1919,1,1919,bus_2355,bus,2,0.4061276590461376,0.9242757979141755,1.1,0.9,-1506.0,-942.0,1
13,165.0,1919,1,1919,bus_2355,1919,2,0.4061276590461376,0.9242757979141755,1.1,0.9,-1506.0,-942.0,1
15,11.0,62,2,62,bus_5021,bus,5,-0.03889779275512035,1.0433409686196238,1.1,0.9,2200.0,-6283.0,1
15,11.0,62,2,62,bus_5021,62,5,-0.03889779275512035,1.0433409686196238,1.1,0.9,2200.0,-6283.0,1
3,132.0,665,1,665,bus_1169,bus,1,-0.34474168067526656,1.0509756737161298,1.1,0.9,1269.0,-521.0,1
3,132.0,665,1,665,bus_1169,665,1,-0.34474168067526656,1.0509756737161298,1.1,0.9,1269.0,-521.0,1
14,66.0,1241,1,1241,bus_4253,bus,4,1.0416489671191809,1.0038343036669086,1.1,0.9,-1941.0,-3307.0,1
14,66.0,1241,1,1241,bus_4253,1241,4,1.0416489671191809,1.0038343036669086,1.1,0.9,-1941.0,-3307.0,1
2,11.0,446,1,446,bus_1084,bus,1,-0.2223034966909975,1.0416474310929977,1.1,0.9,-696.0,490.0,1
2,11.0,446,1,446,bus_1084,446,1,-0.2223034966909975,1.0416474310929977,1.1,0.9,-696.0,490.0,1
13,132.0,857,1,857,bus_4206,bus,4,0.9070490963692684,1.0092456165308783,1.1,0.9,-1840.0,-1583.0,1
13,132.0,857,1,857,bus_4206,857,4,0.9070490963692684,1.0092456165308783,1.1,0.9,-1840.0,-1583.0,1
7,20.0,1994,2,1994,bus_2094,bus,2,-0.28497472802154455,0.9866147858912555,1.1,0.9,965.0,-4006.0,1
7,20.0,1994,2,1994,bus_2094,1994,2,-0.28497472802154455,0.9866147858912555,1.1,0.9,965.0,-4006.0,1
12,132.0,1633,1,1633,bus_4167,bus,4,0.9919542458196449,1.0526102065465093,1.1,0.9,-3222.0,-1469.0,1
12,132.0,1633,1,1633,bus_4167,1633,4,0.9919542458196449,1.0526102065465093,1.1,0.9,-3222.0,-1469.0,1
6,15.5,1347,1,1347,bus_2014,bus,2,0.10054604175364582,1.0102832904916599,1.1,0.9,922.0,-3110.0,1
6,15.5,1347,1,1347,bus_2014,1347,2,0.10054604175364582,1.0102832904916599,1.1,0.9,922.0,-3110.0,1
13,11.0,1518,1,1518,bus_4413,bus,4,0.9803277960689896,1.0744404084584398,1.1,0.9,-2093.0,-2592.0,1
13,11.0,1518,1,1518,bus_4413,1518,4,0.9803277960689896,1.0744404084584398,1.1,0.9,-2093.0,-2592.0,1
5,22.0,390,1,390,bus_2314,bus,2,-0.30383879254200485,1.0007698695604335,1.1,0.9,-424.0,-3362.0,1
5,22.0,390,1,390,bus_2314,390,2,-0.30383879254200485,1.0007698695604335,1.1,0.9,-424.0,-3362.0,1
11,110.0,1144,1,1144,bus_3385,bus,3,-0.34319283369703096,1.0380728973350946,1.1,0.9,4.0,2609.0,1
11,110.0,1144,1,1144,bus_3385,1144,3,-0.34319283369703096,1.0380728973350946,1.1,0.9,4.0,2609.0,1
2,132.0,632,1,632,bus_1467,bus,1,-0.3064737765711926,1.0489002548275752,1.1,0.9,430.0,146.0,1
2,132.0,632,1,632,bus_1467,632,1,-0.3064737765711926,1.0489002548275752,1.1,0.9,430.0,146.0,1
15,110.0,833,1,833,bus_5065,bus,5,-0.19080392870792817,1.0488907452953955,1.1,0.9,2301.0,-5533.0,1
15,110.0,833,1,833,bus_5065,833,5,-0.19080392870792817,1.0488907452953955,1.1,0.9,2301.0,-5533.0,1
13,66.0,1473,1,1473,starbus_xf_4031_4030_4029_1,bus,4,0.982537437339702,1.0503277370302675,1.1,0.9,-2214.0,-2738.0,1
13,66.0,1473,1,1473,starbus_xf_4031_4030_4029_1,1473,4,0.982537437339702,1.0503277370302675,1.1,0.9,-2214.0,-2738.0,1
9,10.5,86,1,86,bus_3139,bus,3,-0.12109129888384165,1.025905603812447,1.1,0.9,1052.0,4200.0,1
9,10.5,86,1,86,bus_3139,86,3,-0.12109129888384165,1.025905603812447,1.1,0.9,1052.0,4200.0,1
9,275.0,523,2,523,bus_3549,bus,3,-0.12796642116243676,1.100000010156541,1.1,0.9,-415.0,4345.0,1
9,275.0,523,2,523,bus_3549,523,3,-0.12796642116243676,1.100000010156541,1.1,0.9,-415.0,4345.0,1
6,220.0,1591,1,1591,bus_2111,bus,2,-0.4137380524245212,1.025184495356206,1.1,0.9,540.0,-4107.0,1
6,220.0,1591,1,1591,bus_2111,1591,2,-0.4137380524245212,1.025184495356206,1.1,0.9,540.0,-4107.0,1
4,330.0,1890,1,1890,bus_1125,bus,1,-0.060686277748981596,1.0504738640700926,1.1,0.9,978.0,-738.0,1
4,330.0,1890,1,1890,bus_1125,1890,1,-0.060686277748981596,1.0504738640700926,1.1,0.9,978.0,-738.0,1
14,1.0,152,1,152,bus_4083,bus,4,0.4371781915363631,1.1000000073307445,1.1,0.9,-908.0,-3252.0,1
14,1.0,152,1,152,bus_4083,152,4,0.4371781915363631,1.1000000073307445,1.1,0.9,-908.0,-3252.0,1
9,19.5,910,2,910,bus_3442,bus,3,0.20602721839310945,1.0631065455551285,1.1,0.9,325.0,4565.0,1
9,19.5,910,2,910,bus_3442,910,3,0.20602721839310945,1.0631065455551285,1.1,0.9,325.0,4565.0,1
6,10.5,1921,1,1921,bus_2325,bus,2,-0.19844402156706506,1.0999999542544856,1.1,0.9,967.0,-3314.0,1
6,10.5,1921,1,1921,bus_2325,1921,2,-0.19844402156706506,1.0999999542544856,1.1,0.9,967.0,-3314.0,1
1,500.0,2009,1,2009,bus_fxf_CNSW NNSW Option 2 (Hub5 switching + Bayswater),bus,1,0.0,1.0,1.1,0.9,NaN,NaN,1
1,500.0,2009,1,2009,bus_fxf_CNSW NNSW Option 2 (Hub5 switching + Bayswater),2009,1,0.0,1.0,1.1,0.9,NaN,NaN,1
4,66.0,399,1,399,bus_1507,bus,1,-0.24266996028110832,1.0398592271142382,1.1,0.9,814.0,-2288.0,1
4,66.0,399,1,399,bus_1507,399,1,-0.24266996028110832,1.0398592271142382,1.1,0.9,814.0,-2288.0,1
6,500.0,245,1,245,bus_2199,bus,2,-0.3330326234488831,1.0730997952876256,1.1,0.9,1007.0,-3430.0,1
6,500.0,245,1,245,bus_2199,245,2,-0.3330326234488831,1.0730997952876256,1.1,0.9,1007.0,-3430.0,1
14,11.5,469,1,469,bus_4075,bus,4,0.276334896665774,1.0353458795360362,1.1,0.9,-932.0,-2764.0,1
14,11.5,469,1,469,bus_4075,469,4,0.276334896665774,1.0353458795360362,1.1,0.9,-932.0,-2764.0,1
11,13.8,521,1,521,bus_3428,bus,3,-0.17499869684981903,1.0320223617245128,1.1,0.9,-112.0,3661.0,1
11,13.8,521,1,521,bus_3428,521,3,-0.17499869684981903,1.0320223617245128,1.1,0.9,-112.0,3661.0,1
4,11.0,487,1,487,bus_1499,bus,1,-0.46419769864050703,1.042571125045101,1.1,0.9,664.0,-701.0,1
4,11.0,487,1,487,bus_1499,487,1,-0.46419769864050703,1.042571125045101,1.1,0.9,664.0,-701.0,1
9,132.0,268,1,268,starbus_xf_3492_3565_3494_2,bus,3,-0.1760108667529633,1.085786641687092,1.1,0.9,-50.0,5289.0,1
9,132.0,268,1,268,starbus_xf_3492_3565_3494_2,268,3,-0.1760108667529633,1.085786641687092,1.1,0.9,-50.0,5289.0,1
9,66.0,658,1,658,bus_3053,bus,3,-0.04045457219400257,1.0821388704230634,1.1,0.9,733.0,5132.0,1
9,66.0,658,1,658,bus_3053,658,3,-0.04045457219400257,1.0821388704230634,1.1,0.9,733.0,5132.0,1
15,220.0,702,1,702,bus_5169,bus,5,-0.15290180236697345,1.06407088421318,1.1,0.9,1851.0,-5654.0,1
15,220.0,702,1,702,bus_5169,702,5,-0.15290180236697345,1.06407088421318,1.1,0.9,1851.0,-5654.0,1
4,132.0,970,1,970,bus_1274,bus,1,-0.0410959804115646,1.0874911502715803,1.1,0.9,925.0,-1481.0,1
4,132.0,970,1,970,bus_1274,970,1,-0.0410959804115646,1.0874911502715803,1.1,0.9,925.0,-1481.0,1
8,19.1,1618,1,1618,bus_3488,bus,3,-0.31604629217066027,0.9944320172649589,1.1,0.9,-729.0,6494.0,1
8,19.1,1618,1,1618,bus_3488,1618,3,-0.31604629217066027,0.9944320172649589,1.1,0.9,-729.0,6494.0,1
12,132.0,577,1,577,bus_4223,bus,4,0.9939545028771918,1.0169805438048474,1.1,0.9,-3363.0,-1658.0,1
12,132.0,577,1,577,bus_4223,577,4,0.9939545028771918,1.0169805438048474,1.1,0.9,-3363.0,-1658.0,1
2,132.0,776,1,776,bus_1341,bus,1,-0.35781117353783387,1.0472194238396284,1.1,0.9,294.0,913.0,1
2,132.0,776,1,776,bus_1341,776,1,-0.35781117353783387,1.0472194238396284,1.1,0.9,294.0,913.0,1
8,66.0,829,1,829,bus_3267,bus,3,-0.29336252918946637,1.0643538802823609,1.1,0.9,-472.0,7187.0,1
8,66.0,829,1,829,bus_3267,829,3,-0.29336252918946637,1.0643538802823609,1.1,0.9,-472.0,7187.0,1
11,110.0,1091,1,1091,starbus_xf_3358_3360_3361_1,bus,3,-0.3467134749859578,1.0144180981636859,1.1,0.9,-1083.0,3546.0,1
11,110.0,1091,1,1091,starbus_xf_3358_3360_3361_1,1091,3,-0.3467134749859578,1.0144180981636859,1.1,0.9,-1083.0,3546.0,1
15,110.0,1426,2,1426,bus_5067,bus,5,-0.1854852442365448,1.0518626454526303,1.1,0.9,2250.0,-5558.0,1
15,110.0,1426,2,1426,bus_5067,1426,5,-0.1854852442365448,1.0518626454526303,1.1,0.9,2250.0,-5558.0,1
9,275.0,1047,1,1047,bus_3554,bus,3,-0.06330026683997911,1.0682078505336667,1.1,0.9,-369.0,4570.0,1
9,275.0,1047,1,1047,bus_3554,1047,3,-0.06330026683997911,1.0682078505336667,1.1,0.9,-369.0,4570.0,1
11,11.0,379,1,379,bus_3136,bus,3,-0.5189423765409037,1.0072613555769958,1.1,0.9,-568.0,2461.0,1
11,11.0,379,1,379,bus_3136,379,3,-0.5189423765409037,1.0072613555769958,1.1,0.9,-568.0,2461.0,1
2,132.0,187,1,187,bus_1354,bus,1,-0.33381251870954814,1.0361546029517357,1.1,0.9,-379.0,380.0,1
2,132.0,187,1,187,bus_1354,187,1,-0.33381251870954814,1.0361546029517357,1.1,0.9,-379.0,380.0,1
13,66.0,1437,1,1437,bus_4235,bus,4,0.9842356396143824,1.0233575440946587,1.1,0.9,-2456.0,-2217.0,1
13,66.0,1437,1,1437,bus_4235,1437,4,0.9842356396143824,1.0233575440946587,1.1,0.9,-2456.0,-2217.0,1
8,132.0,1010,1,1010,bus_3189,bus,3,-0.4192916495594614,1.0206649884414536,1.1,0.9,-869.0,7106.0,1
8,132.0,1010,1,1010,bus_3189,1010,3,-0.4192916495594614,1.0206649884414536,1.1,0.9,-869.0,7106.0,1
13,275.0,261,1,261,bus_4114,bus,4,1.1469414624149383,1.0327436676843895,1.1,0.9,-2627.0,-1902.0,1
13,275.0,261,1,261,bus_4114,261,4,1.1469414624149383,1.0327436676843895,1.1,0.9,-2627.0,-1902.0,1
13,11.5,938,1,938,bus_4035,bus,4,0.9836521052631936,0.9724991711676034,1.1,0.9,-2721.0,-2716.0,1
13,11.5,938,1,938,bus_4035,938,4,0.9836521052631936,0.9724991711676034,1.1,0.9,-2721.0,-2716.0,1
4,0.6899999999999998,1544,2,1544,bus_1025,bus,1,0.054478526429513036,1.081447571485006,1.1,0.9,1612.0,-1106.0,1
4,0.6899999999999998,1544,2,1544,bus_1025,1544,1,0.054478526429513036,1.081447571485006,1.1,0.9,1612.0,-1106.0,1
6,500.0,2036,1,2036,connection V7,bus,2,0.0,1.0,1.1,0.9,NaN,NaN,1
6,500.0,2036,1,2036,connection V7,2036,2,0.0,1.0,1.1,0.9,NaN,NaN,1
6,11.5,486,2,486,bus_2061,bus,2,0.15510498832452035,1.0127038052808508,1.1,0.9,1082.0,-3101.0,1
6,11.5,486,2,486,bus_2061,486,2,0.15510498832452035,1.0127038052808508,1.1,0.9,1082.0,-3101.0,1
2,11.0,1218,1,1218,bus_1085,bus,1,-0.3985368124794074,1.0114487070601825,1.1,0.9,-711.0,452.0,1
2,11.0,1218,1,1218,bus_1085,1218,1,-0.3985368124794074,1.0114487070601825,1.1,0.9,-711.0,452.0,1
11,275.0,107,1,107,bus_3572,bus,3,-0.25335743724379906,1.0624150637579919,1.1,0.9,-102.0,2881.0,1
11,275.0,107,1,107,bus_3572,107,3,-0.25335743724379906,1.0624150637579919,1.1,0.9,-102.0,2881.0,1
15,22.0,102,1,102,bus_5187,bus,5,-0.21289746840947027,1.0367219582281293,1.1,0.9,2432.0,-5585.0,1
15,22.0,102,1,102,bus_5187,102,5,-0.21289746840947027,1.0367219582281293,1.1,0.9,2432.0,-5585.0,1
7,66.0,69,2,69,bus_2277,bus,2,-0.5501549079452858,1.0649595403645902,1.1,0.9,1059.0,-3919.0,1
7,66.0,69,2,69,bus_2277,69,2,-0.5501549079452858,1.0649595403645902,1.1,0.9,1059.0,-3919.0,1
1,132.0,282,1,282,bus_1364,bus,1,-0.2520656324481088,1.0688791150283514,1.1,0.9,985.0,1738.0,1
1,132.0,282,1,282,bus_1364,282,1,-0.2520656324481088,1.0688791150283514,1.1,0.9,985.0,1738.0,1
9,500.0,2020,1,2020,connection Q9,bus,3,0.0,1.0,1.1,0.9,NaN,NaN,1
9,500.0,2020,1,2020,connection Q9,2020,3,0.0,1.0,1.1,0.9,NaN,NaN,1
4,132.0,1278,1,1278,bus_1108,bus,1,0.015550008852556987,1.0829219090428799,1.1,0.9,2426.0,-1595.0,1
4,132.0,1278,1,1278,bus_1108,1278,1,0.015550008852556987,1.0829219090428799,1.1,0.9,2426.0,-1595.0,1
2,132.0,874,1,874,bus_1377,bus,1,-0.2188293652239042,1.048420930743431,1.1,0.9,-466.0,-304.0,1
2,132.0,874,1,874,bus_1377,874,1,-0.2188293652239042,1.048420930743431,1.1,0.9,-466.0,-304.0,1
11,110.0,1769,1,1769,bus_3205,bus,3,-0.2963870903178795,1.0517165692573855,1.1,0.9,-512.0,3485.0,1
11,110.0,1769,1,1769,bus_3205,1769,3,-0.2963870903178795,1.0517165692573855,1.1,0.9,-512.0,3485.0,1
6,220.0,634,1,634,bus_2107,bus,2,-0.05931959505358338,1.07761803927027,1.1,0.9,955.0,-3011.0,1
6,220.0,634,1,634,bus_2107,634,2,-0.05931959505358338,1.07761803927027,1.1,0.9,955.0,-3011.0,1
1,66.0,1041,1,1041,bus_1554,bus,1,0.0993183087116612,1.0461816068905287,1.1,0.9,2279.0,1953.0,1
1,66.0,1041,1,1041,bus_1554,1041,1,0.0993183087116612,1.0461816068905287,1.1,0.9,2279.0,1953.0,1
15,110.0,1156,1,1156,bus_5089,bus,5,-0.11739824660544532,1.029350912392254,1.1,0.9,1946.0,-6037.0,1
15,110.0,1156,1,1156,bus_5089,1156,5,-0.11739824660544532,1.029350912392254,1.1,0.9,1946.0,-6037.0,1
13,13.2,741,1,741,bus_4039,bus,4,1.0578588284278863,0.9989252074066408,1.1,0.9,-2452.0,-1688.0,1
13,13.2,741,1,741,bus_4039,741,4,1.0578588284278863,0.9989252074066408,1.1,0.9,-2452.0,-1688.0,1
11,11.0,13,1,13,bus_3400,bus,3,-0.3988572378652586,1.0617715360098734,1.1,0.9,-1328.0,2098.0,1
11,11.0,13,1,13,bus_3400,13,3,-0.3988572378652586,1.0617715360098734,1.1,0.9,-1328.0,2098.0,1
12,33.0,895,1,895,bus_4366,bus,4,0.9450389690341467,1.0424916491817617,1.1,0.9,-2772.0,-1272.0,1
12,33.0,895,1,895,bus_4366,895,4,0.9450389690341467,1.0424916491817617,1.1,0.9,-2772.0,-1272.0,1
2,330.0,1332,2,1332,bus_1091,bus,1,-0.11966941656059205,1.036109134968962,1.1,0.9,759.0,719.0,1
2,330.0,1332,2,1332,bus_1091,1332,1,-0.11966941656059205,1.036109134968962,1.1,0.9,759.0,719.0,1
5,0.6899999999999998,1415,1,1415,bus_2059,bus,2,0.26917878071562923,1.0525098275702234,1.1,0.9,-275.0,-3768.0,1
5,0.6899999999999998,1415,1,1415,bus_2059,1415,2,0.26917878071562923,1.0525098275702234,1.1,0.9,-275.0,-3768.0,1
6,66.0,1053,2,1053,bus_2291,bus,2,-0.517605537531158,1.0123601657932064,1.1,0.9,669.0,-4017.0,1
6,66.0,1053,2,1053,bus_2291,1053,2,-0.517605537531158,1.0123601657932064,1.1,0.9,669.0,-4017.0,1
13,11.0,1045,1,1045,bus_4481,bus,4,0.9790558125223305,1.0527514542395937,1.1,0.9,-1853.0,-2061.0,1
13,11.0,1045,1,1045,bus_4481,1045,4,0.9790558125223305,1.0527514542395937,1.1,0.9,-1853.0,-2061.0,1
5,17.0,1319,1,1319,bus_2021,bus,2,0.028898928602415757,1.0278832053532299,1.1,0.9,771.0,-1954.0,1
5,17.0,1319,1,1319,bus_2021,1319,2,0.028898928602415757,1.0278832053532299,1.1,0.9,771.0,-1954.0,1
15,110.0,38,1,38,bus_5105,bus,5,-0.2140164459673586,0.9716159287125512,1.1,0.9,1421.0,-6579.0,1
15,110.0,38,1,38,bus_5105,38,5,-0.2140164459673586,0.9716159287125512,1.1,0.9,1421.0,-6579.0,1
8,132.0,845,1,845,bus_3096,bus,3,-0.3509104358037359,1.029971922484526,1.1,0.9,-513.0,6597.0,1
8,132.0,845,1,845,bus_3096,845,3,-0.3509104358037359,1.029971922484526,1.1,0.9,-513.0,6597.0,1
2,132.0,1165,1,1165,bus_1430,bus,1,-0.27397379575737707,1.0475880925641656,1.1,0.9,243.0,911.0,1
2,132.0,1165,1,1165,bus_1430,1165,1,-0.27397379575737707,1.0475880925641656,1.1,0.9,243.0,911.0,1
13,132.0,1606,1,1606,bus_4179,bus,4,0.7513460722263302,0.9679386752230494,1.1,0.9,-2161.0,-1186.0,1
13,132.0,1606,1,1606,bus_4179,1606,4,0.7513460722263302,0.9679386752230494,1.1,0.9,-2161.0,-1186.0,1
4,132.0,957,1,957,bus_1292,bus,1,-0.12791331430723776,1.0967596555910133,1.1,0.9,863.0,-2165.0,1
4,132.0,957,1,957,bus_1292,957,1,-0.12791331430723776,1.0967596555910133,1.1,0.9,863.0,-2165.0,1
6,15.75,1454,1,1454,bus_2040,bus,2,-0.17408045069843847,1.0163056182309378,1.1,0.9,440.0,-4194.0,1
6,15.75,1454,1,1454,bus_2040,1454,2,-0.17408045069843847,1.0163056182309378,1.1,0.9,440.0,-4194.0,1
9,132.0,188,1,188,bus_3167,bus,3,-0.2293002210125996,1.0458174687720876,1.1,0.9,-173.0,5521.0,1
9,132.0,188,1,188,bus_3167,188,3,-0.2293002210125996,1.0458174687720876,1.1,0.9,-173.0,5521.0,1
9,132.0,199,1,199,bus_3150,bus,3,-0.1623269994413086,1.0634501920138026,1.1,0.9,510.0,5394.0,1
9,132.0,199,1,199,bus_3150,199,3,-0.1623269994413086,1.0634501920138026,1.1,0.9,510.0,5394.0,1
6,33.0,1980,1,1980,bus_2005,bus,2,-0.1646578135579721,1.0670216321461563,1.1,0.9,172.0,-4271.0,1
6,33.0,1980,1,1980,bus_2005,1980,2,-0.1646578135579721,1.0670216321461563,1.1,0.9,172.0,-4271.0,1
11,330.0,697,1,697,bus_3563,bus,3,-0.05149180608214774,1.062333074463939,1.1,0.9,408.0,2939.0,1
11,330.0,697,1,697,bus_3563,697,3,-0.05149180608214774,1.062333074463939,1.1,0.9,408.0,2939.0,1
11,110.0,763,1,763,starbus_xf_3302_3304_3303_2,bus,3,-0.37033655332349025,1.0235316634420446,1.1,0.9,657.0,3136.0,1
11,110.0,763,1,763,starbus_xf_3302_3304_3303_2,763,3,-0.37033655332349025,1.0235316634420446,1.1,0.9,657.0,3136.0,1
15,110.0,66,1,66,bus_5062,bus,5,-0.16645925580534726,1.0610931970107178,1.1,0.9,2489.0,-5561.0,1
15,110.0,66,1,66,bus_5062,66,5,-0.16645925580534726,1.0610931970107178,1.1,0.9,2489.0,-5561.0,1
2,132.0,1999,1,1999,bus_1313,bus,1,-0.29380187028408417,1.0393844214578887,1.1,0.9,173.0,819.0,1
2,132.0,1999,1,1999,bus_1313,1999,1,-0.29380187028408417,1.0393844214578887,1.1,0.9,173.0,819.0,1
1,500.0,2032,1,2032,connection N2,bus,1,0.0,1.0,1.1,0.9,NaN,NaN,1
1,500.0,2032,1,2032,connection N2,2032,1,0.0,1.0,1.1,0.9,NaN,NaN,1
15,11.0,468,1,468,bus_5022,bus,5,0.09068045072827811,1.019583025085207,1.1,0.9,2099.0,-6237.0,1
15,11.0,468,1,468,bus_5022,468,5,0.09068045072827811,1.019583025085207,1.1,0.9,2099.0,-6237.0,1
6,66.0,1250,1,1250,bus_2269,bus,2,0.21806584592456493,1.0734714258336564,1.1,0.9,94.0,-4418.0,1
6,66.0,1250,1,1250,bus_2269,1250,2,0.21806584592456493,1.0734714258336564,1.1,0.9,94.0,-4418.0,1
6,11.5,1692,1,1692,bus_2060,bus,2,0.16655249266901545,1.0117779537192901,1.1,0.9,1089.0,-3056.0,1
6,11.5,1692,1,1692,bus_2060,1692,2,0.16655249266901545,1.0117779537192901,1.1,0.9,1089.0,-3056.0,1
11,275.0,2018,1,2018,connection Q7,bus,3,0.0,1.0,1.1,0.9,NaN,NaN,1
11,275.0,2018,1,2018,connection Q7,2018,3,0.0,1.0,1.1,0.9,NaN,NaN,1
15,22.0,477,1,477,bus_5217,bus,5,-0.20956546931766487,1.0409812122103743,1.1,0.9,1213.0,-5730.0,1
15,22.0,477,1,477,bus_5217,477,5,-0.20956546931766487,1.0409812122103743,1.1,0.9,1213.0,-5730.0,1
11,110.0,548,1,548,bus_3344,bus,3,-0.3291212630169192,1.0504636461538157,1.1,0.9,217.0,3067.0,1
11,110.0,548,1,548,bus_3344,548,3,-0.3291212630169192,1.0504636461538157,1.1,0.9,217.0,3067.0,1
13,33.0,1576,1,1576,bus_4384,bus,4,1.026449460322582,1.0676307710309239,1.1,0.9,-2774.0,-1830.0,1
13,33.0,1576,1,1576,bus_4384,1576,4,1.026449460322582,1.0676307710309239,1.1,0.9,-2774.0,-1830.0,1
8,132.0,1680,1,1680,bus_3277,bus,3,-0.294177117202906,1.0306528338111272,1.1,0.9,-535.0,5731.0,1
8,132.0,1680,1,1680,bus_3277,1680,3,-0.294177117202906,1.0306528338111272,1.1,0.9,-535.0,5731.0,1
8,132.0,388,1,388,bus_3247,bus,3,-0.31415488448835355,1.0331520786232147,1.1,0.9,-908.0,6145.0,1
8,132.0,388,1,388,bus_3247,388,3,-0.31415488448835355,1.0331520786232147,1.1,0.9,-908.0,6145.0,1
14,132.0,729,1,729,bus_4224,bus,4,0.20585299864213222,1.0197223494977028,1.1,0.9,-973.0,-2291.0,1
14,132.0,729,1,729,bus_4224,729,4,0.20585299864213222,1.0197223494977028,1.1,0.9,-973.0,-2291.0,1
13,0.6899999999999998,762,2,762,bus_4020,bus,4,1.3419289044071916,0.9926114173201269,1.1,0.9,-2827.0,-1995.0,1
13,0.6899999999999998,762,2,762,bus_4020,762,4,1.3419289044071916,0.9926114173201269,1.1,0.9,-2827.0,-1995.0,1
13,275.0,402,1,402,bus_4112,bus,4,1.037256255109364,1.052981098518803,1.1,0.9,-2004.0,-2596.0,1
13,275.0,402,1,402,bus_4112,402,4,1.037256255109364,1.052981098518803,1.1,0.9,-2004.0,-2596.0,1
15,11.0,236,1,236,bus_5201,bus,5,-0.13141992112379586,1.0455358731883102,1.1,0.9,1650.0,-6309.0,1
15,11.0,236,1,236,bus_5201,236,5,-0.13141992112379586,1.0455358731883102,1.1,0.9,1650.0,-6309.0,1
2,132.0,764,1,764,bus_1463,bus,1,-0.20339221302098018,1.0541648276891316,1.1,0.9,703.0,849.0,1
2,132.0,764,1,764,bus_1463,764,1,-0.20339221302098018,1.0541648276891316,1.1,0.9,703.0,849.0,1
6,220.0,564,1,564,starbus_xf_2145_2243_2306_2,bus,2,-0.3098233964183487,1.0100392319043237,1.1,0.9,343.0,-3026.0,1
6,220.0,564,1,564,starbus_xf_2145_2243_2306_2,564,2,-0.3098233964183487,1.0100392319043237,1.1,0.9,343.0,-3026.0,1
13,33.0,698,1,698,bus_4032,bus,4,0.9282313204007977,1.0043609293657894,1.1,0.9,-2369.0,-1377.0,1
13,33.0,698,1,698,bus_4032,698,4,0.9282313204007977,1.0043609293657894,1.1,0.9,-2369.0,-1377.0,1
4,0.6899999999999998,1376,1,1376,bus_1012,bus,1,0.02009664235731853,1.0090605223935885,1.1,0.9,327.0,-1203.0,1
4,0.6899999999999998,1376,1,1376,bus_1012,1376,1,0.02009664235731853,1.0090605223935885,1.1,0.9,327.0,-1203.0,1
2,132.0,1408,1,1408,bus_1396,bus,1,-0.02425101749319196,1.0612120989690004,1.1,0.9,1641.0,1447.0,1
2,132.0,1408,1,1408,bus_1396,1408,1,-0.02425101749319196,1.0612120989690004,1.1,0.9,1641.0,1447.0,1
12,0.4,1866,1,1866,bus_4004,bus,4,1.2158529585335405,0.997062002051399,1.1,0.9,-3878.0,-1892.0,1
12,0.4,1866,1,1866,bus_4004,1866,4,1.2158529585335405,0.997062002051399,1.1,0.9,-3878.0,-1892.0,1
15,11.0,814,1,814,bus_5208,bus,5,-0.13467767161301294,1.0299351115297941,1.1,0.9,1443.0,-6447.0,1
15,11.0,814,1,814,bus_5208,814,5,-0.13467767161301294,1.0299351115297941,1.1,0.9,1443.0,-6447.0,1
8,33.0,1831,1,1831,bus_3200,bus,3,-0.3933225974572453,0.9714752118037906,1.1,0.9,-409.0,6699.0,1
8,33.0,1831,1,1831,bus_3200,1831,3,-0.3933225974572453,0.9714752118037906,1.1,0.9,-409.0,6699.0,1
11,11.0,578,1,578,bus_3135,bus,3,-0.5098262076252468,1.0227278491322425,1.1,0.9,-559.0,2437.0,1
11,11.0,578,1,578,bus_3135,578,3,-0.5098262076252468,1.0227278491322425,1.1,0.9,-559.0,2437.0,1
8,132.0,451,1,451,bus_3083,bus,3,-0.49427568955284057,1.0078515075305803,1.1,0.9,-967.0,7293.0,1
8,132.0,451,1,451,bus_3083,451,3,-0.49427568955284057,1.0078515075305803,1.1,0.9,-967.0,7293.0,1
15,110.0,866,1,866,starbus_xf_5087_5175_5176_3,bus,5,-0.0995059577797423,1.0160299535451467,1.1,0.9,1952.0,-6389.0,1
15,110.0,866,1,866,starbus_xf_5087_5175_5176_3,866,5,-0.0995059577797423,1.0160299535451467,1.1,0.9,1952.0,-6389.0,1
3,132.0,1483,1,1483,bus_1350,bus,1,-0.34567505600414683,1.0503509092011698,1.1,0.9,1684.0,-523.0,1
3,132.0,1483,1,1483,bus_1350,1483,1,-0.34567505600414683,1.0503509092011698,1.1,0.9,1684.0,-523.0,1
2,11.5,115,1,115,bus_1088,bus,1,0.026757069226576207,1.1000000101727059,1.1,0.9,1869.0,1222.0,1
2,11.5,115,1,115,bus_1088,115,1,0.026757069226576207,1.1000000101727059,1.1,0.9,1869.0,1222.0,1
10,11.0,1647,1,1647,bus_3155,bus,3,0.1970834552465557,1.0864226256167748,1.1,0.9,1118.0,4166.0,1
10,11.0,1647,1,1647,bus_3155,1647,3,0.1970834552465557,1.0864226256167748,1.1,0.9,1118.0,4166.0,1
11,110.0,1519,1,1519,bus_3231,bus,3,-0.2652331932645291,1.0485654423297088,1.1,0.9,-564.0,3231.0,1
11,110.0,1519,1,1519,bus_3231,1519,3,-0.2652331932645291,1.0485654423297088,1.1,0.9,-564.0,3231.0,1
9,132.0,1548,1,1548,bus_3157,bus,3,-0.08795095143410815,1.0521951662031475,1.1,0.9,-892.0,4828.0,1
9,132.0,1548,1,1548,bus_3157,1548,3,-0.08795095143410815,1.0521951662031475,1.1,0.9,-892.0,4828.0,1
14,11.0,351,1,351,bus_4436,bus,4,0.9843898780342629,0.9832106488531803,1.1,0.9,-2029.0,-4085.0,1
14,11.0,351,1,351,bus_4436,351,4,0.9843898780342629,0.9832106488531803,1.1,0.9,-2029.0,-4085.0,1
4,132.0,960,1,960,bus_1414,bus,1,-0.09771628078299344,1.0707676762122318,1.1,0.9,867.0,-1501.0,1
4,132.0,960,1,960,bus_1414,960,1,-0.09771628078299344,1.0707676762122318,1.1,0.9,867.0,-1501.0,1
10,66.0,339,1,339,bus_3127,bus,3,-0.10059709746675956,1.0829021277251283,1.1,0.9,1594.0,4307.0,1
10,66.0,339,1,339,bus_3127,339,3,-0.10059709746675956,1.0829021277251283,1.1,0.9,1594.0,4307.0,1
7,22.0,1097,1,1097,bus_2310,bus,2,-0.37138878590532026,1.0291680739401403,1.1,0.9,1429.0,-4466.0,1
7,22.0,1097,1,1097,bus_2310,1097,2,-0.37138878590532026,1.0291680739401403,1.1,0.9,1429.0,-4466.0,1
2,33.0,674,1,674,bus_1585,bus,1,-0.33894340812606266,1.01922329114646,1.1,0.9,107.0,881.0,1
2,33.0,674,1,674,bus_1585,674,1,-0.33894340812606266,1.01922329114646,1.1,0.9,107.0,881.0,1
11,33.0,1479,1,1479,bus_3466,bus,3,0.16140205787611858,1.0372677140315896,1.1,0.9,-1062.0,2879.0,1
11,33.0,1479,1,1479,bus_3466,1479,3,0.16140205787611858,1.0372677140315896,1.1,0.9,-1062.0,2879.0,1
2,132.0,609,1,609,bus_1186,bus,1,-0.3225125859884355,1.0428691268985268,1.1,0.9,567.0,-53.0,1
2,132.0,609,1,609,bus_1186,609,1,-0.3225125859884355,1.0428691268985268,1.1,0.9,567.0,-53.0,1
15,11.0,1850,1,1850,bus_5233,bus,5,0.07145827571793897,1.00060510636923,1.1,0.9,1569.0,-6046.0,1
15,11.0,1850,1,1850,bus_5233,1850,5,0.07145827571793897,1.00060510636923,1.1,0.9,1569.0,-6046.0,1
11,110.0,1072,1,1072,starbus_xf_3302_3304_3303_1,bus,3,-0.3656058656394708,1.0250538915720047,1.1,0.9,657.0,3136.0,1
11,110.0,1072,1,1072,starbus_xf_3302_3304_3303_1,1072,3,-0.3656058656394708,1.0250538915720047,1.1,0.9,657.0,3136.0,1
11,11.0,1801,1,1801,bus_3388,bus,3,-0.4187082660894118,1.0246703529514312,1.1,0.9,-951.0,2507.0,1
11,11.0,1801,1,1801,bus_3388,1801,3,-0.4187082660894118,1.0246703529514312,1.1,0.9,-951.0,2507.0,1
15,110.0,1015,1,1015,bus_5070,bus,5,-0.3189297041618565,1.0597874705048207,1.1,0.9,1578.0,-5332.0,1
15,110.0,1015,1,1015,bus_5070,1015,5,-0.3189297041618565,1.0597874705048207,1.1,0.9,1578.0,-5332.0,1
4,12.0,1487,1,1487,bus_1062,bus,1,-0.008975540898212214,1.0949822551412194,1.1,0.9,707.0,-1482.0,1
4,12.0,1487,1,1487,bus_1062,1487,1,-0.008975540898212214,1.0949822551412194,1.1,0.9,707.0,-1482.0,1
15,1.0,370,1,370,bus_5226,bus,5,-0.136027065526417,1.0484998039337718,1.1,0.9,1754.0,-6264.0,1
15,1.0,370,1,370,bus_5226,370,5,-0.136027065526417,1.0484998039337718,1.1,0.9,1754.0,-6264.0,1
8,132.0,206,1,206,bus_3128,bus,3,-0.217339624026611,1.0731316532482018,1.1,0.9,-775.0,6726.0,1
8,132.0,206,1,206,bus_3128,206,3,-0.217339624026611,1.0731316532482018,1.1,0.9,-775.0,6726.0,1
12,1.0,595,1,595,bus_4423,bus,4,0.9811941117441259,1.0972048144748674,1.1,0.9,-2868.0,-465.0,1
12,1.0,595,1,595,bus_4423,595,4,0.9811941117441259,1.0972048144748674,1.1,0.9,-2868.0,-465.0,1
3,132.0,279,1,279,bus_1483,bus,1,-0.2679888834220316,1.0379405782146482,1.1,0.9,927.0,178.0,1
3,132.0,279,1,279,bus_1483,279,1,-0.2679888834220316,1.0379405782146482,1.1,0.9,927.0,178.0,1
2,33.0,1224,1,1224,bus_1531,bus,1,0.026173224820908468,1.1189890323780725,1.2,0.8,1701.0,1233.0,1
2,33.0,1224,1,1224,bus_1531,1224,1,0.026173224820908468,1.1189890323780725,1.2,0.8,1701.0,1233.0,1
13,0.6899999999999998,1597,2,1597,bus_4084,bus,4,1.14089772802263,1.1000000044419953,1.1,0.9,-2532.0,-1823.0,1
13,0.6899999999999998,1597,2,1597,bus_4084,1597,4,1.14089772802263,1.1000000044419953,1.1,0.9,-2532.0,-1823.0,1
8,132.0,801,1,801,bus_3078,bus,3,-0.3352623431599222,1.024523763684921,1.1,0.9,-584.0,6940.0,1
8,132.0,801,1,801,bus_3078,801,3,-0.3352623431599222,1.024523763684921,1.1,0.9,-584.0,6940.0,1
2,66.0,1133,1,1133,bus_1568,bus,1,-0.23999744851333368,1.0827462115916742,1.1,0.9,3.0,-187.0,1
2,66.0,1133,1,1133,bus_1568,1133,1,-0.23999744851333368,1.0827462115916742,1.1,0.9,3.0,-187.0,1
1,330.0,581,2,581,bus_1011,bus,1,-0.023814864991277357,1.0976752615608005,1.1,0.9,1091.0,2184.0,1
1,330.0,581,2,581,bus_1011,581,1,-0.023814864991277357,1.0976752615608005,1.1,0.9,1091.0,2184.0,1
6,220.0,1420,1,1420,bus_2178,bus,2,-0.46651207273344913,1.037808599627651,1.1,0.9,900.0,-3575.0,1
6,220.0,1420,1,1420,bus_2178,1420,2,-0.46651207273344913,1.037808599627651,1.1,0.9,900.0,-3575.0,1
4,22.0,754,1,754,bus_1048,bus,1,-0.018610779029007943,1.0518837737379076,1.1,0.9,733.0,-1490.0,1
4,22.0,754,1,754,bus_1048,754,1,-0.018610779029007943,1.0518837737379076,1.1,0.9,733.0,-1490.0,1
2,132.0,259,1,259,bus_1446,bus,1,-0.3709236844123319,1.047477303925787,1.1,0.9,870.0,910.0,1
2,132.0,259,1,259,bus_1446,259,1,-0.3709236844123319,1.047477303925787,1.1,0.9,870.0,910.0,1
2,11.0,129,1,129,bus_1556,bus,1,-0.4742465489853964,1.0225321199007331,1.1,0.9,507.0,-416.0,1
2,11.0,129,1,129,bus_1556,129,1,-0.4742465489853964,1.0225321199007331,1.1,0.9,507.0,-416.0,1
6,21.0,1668,2,1668,bus_2044,bus,2,-0.34072544958095236,1.0516379747356515,1.1,0.9,1776.0,-4257.0,1
6,21.0,1668,2,1668,bus_2044,1668,2,-0.34072544958095236,1.0516379747356515,1.1,0.9,1776.0,-4257.0,1
2,132.0,1809,1,1809,bus_1305,bus,1,-0.33869201367965046,1.0451935381448778,1.1,0.9,853.0,-451.0,1
2,132.0,1809,1,1809,bus_1305,1809,1,-0.33869201367965046,1.0451935381448778,1.1,0.9,853.0,-451.0,1
6,66.0,1728,1,1728,bus_2257,bus,2,-0.2372236842444684,0.9762170623155074,1.1,0.9,869.0,-2937.0,1
6,66.0,1728,1,1728,bus_2257,1728,2,-0.2372236842444684,0.9762170623155074,1.1,0.9,869.0,-2937.0,1
5,22.0,684,1,684,bus_2080,bus,2,-0.07952278203678204,0.9544900062505973,1.1,0.9,-476.0,-3517.0,1
5,22.0,684,1,684,bus_2080,684,2,-0.07952278203678204,0.9544900062505973,1.1,0.9,-476.0,-3517.0,1
15,33.0,430,1,430,bus_5237,bus,5,-0.14524976218832056,1.0056914665382886,1.1,0.9,1763.0,-6343.0,1
15,33.0,430,1,430,bus_5237,430,5,-0.14524976218832056,1.0056914665382886,1.1,0.9,1763.0,-6343.0,1
11,33.0,1512,1,1512,bus_3016,bus,3,-0.127939600634207,1.1000000102287633,1.1,0.9,-431.0,2995.0,1
11,33.0,1512,1,1512,bus_3016,1512,3,-0.127939600634207,1.1000000102287633,1.1,0.9,-431.0,2995.0,1
1,132.0,1857,1,1857,bus_1336,bus,1,-0.2268434481690703,1.0668586451901172,1.1,0.9,901.0,1394.0,1
1,132.0,1857,1,1857,bus_1336,1857,1,-0.2268434481690703,1.0668586451901172,1.1,0.9,901.0,1394.0,1
8,22.0,853,1,853,bus_3145,bus,3,-0.5702060145654388,0.8890719524105792,1.2,0.8,-1116.0,7306.0,1
8,22.0,853,1,853,bus_3145,853,3,-0.5702060145654388,0.8890719524105792,1.2,0.8,-1116.0,7306.0,1
2,500.0,207,1,207,starbus_xf_1092_1093_1525_1,bus,1,-0.20565533583280374,1.00445983109828,1.1,0.9,713.0,45.0,1
2,500.0,207,1,207,starbus_xf_1092_1093_1525_1,207,1,-0.20565533583280374,1.00445983109828,1.1,0.9,713.0,45.0,1
12,33.0,1131,1,1131,bus_4025,bus,4,1.0729271506365075,1.0990508791584408,1.1,0.9,-2959.0,-1413.0,1
12,33.0,1131,1,1131,bus_4025,1131,4,1.0729271506365075,1.0990508791584408,1.1,0.9,-2959.0,-1413.0,1
6,500.0,47,1,47,bus_2207,bus,2,-0.3607619935671586,1.0628131502887084,1.1,0.9,729.0,-3348.0,1
6,500.0,47,1,47,bus_2207,47,2,-0.3607619935671586,1.0628131502887084,1.1,0.9,729.0,-3348.0,1
5,22.0,917,1,917,bus_1054,bus,1,-0.0006487010060560994,1.078906575502426,1.1,0.9,320.0,-3090.0,1
5,22.0,917,1,917,bus_1054,917,1,-0.0006487010060560994,1.078906575502426,1.1,0.9,320.0,-3090.0,1
6,66.0,1323,1,1323,bus_2221,bus,2,-0.48014108841183734,1.047832513684495,1.1,0.9,411.0,-4225.0,1
6,66.0,1323,1,1323,bus_2221,1323,2,-0.48014108841183734,1.047832513684495,1.1,0.9,411.0,-4225.0,1
12,11.0,216,1,216,bus_4401,bus,4,1.0706059215731911,0.9698756769384488,1.1,0.9,-3745.0,-1757.0,1
12,11.0,216,1,216,bus_4401,216,4,1.0706059215731911,0.9698756769384488,1.1,0.9,-3745.0,-1757.0,1
4,132.0,1058,1,1058,bus_1061,bus,1,-0.01643488376615046,1.0655296844739026,1.1,0.9,970.0,-1623.0,1
4,132.0,1058,1,1058,bus_1061,1058,1,-0.01643488376615046,1.0655296844739026,1.1,0.9,970.0,-1623.0,1
13,66.0,511,1,511,bus_4319,bus,4,0.9757673385505338,1.0582325137790083,1.1,0.9,-1827.0,-2251.0,1
13,66.0,511,1,511,bus_4319,511,4,0.9757673385505338,1.0582325137790083,1.1,0.9,-1827.0,-2251.0,1
11,275.0,1261,1,1261,bus_3605,bus,3,-0.20865533284368243,1.0682313528420821,1.1,0.9,-257.0,3287.0,1
11,275.0,1261,1,1261,bus_3605,1261,3,-0.20865533284368243,1.0682313528420821,1.1,0.9,-257.0,3287.0,1
6,220.0,1883,2,1883,bus_2164,bus,2,-0.4635104870103187,1.0276071920938945,1.1,0.9,937.0,-3740.0,1
6,220.0,1883,2,1883,bus_2164,1883,2,-0.4635104870103187,1.0276071920938945,1.1,0.9,937.0,-3740.0,1
7,220.0,238,1,238,bus_2186,bus,2,-0.3478088156812471,1.0121140264317945,1.1,0.9,933.0,-3922.0,1
7,220.0,238,1,238,bus_2186,238,2,-0.3478088156812471,1.0121140264317945,1.1,0.9,933.0,-3922.0,1
8,132.0,209,1,209,bus_3486,bus,3,-0.33413375600362155,1.028054984393151,1.1,0.9,-711.0,6608.0,1
8,132.0,209,1,209,bus_3486,209,3,-0.33413375600362155,1.028054984393151,1.1,0.9,-711.0,6608.0,1
6,10.5,959,2,959,bus_2324,bus,2,-0.21626114925283085,1.0999999353730405,1.1,0.9,970.0,-3337.0,1
6,10.5,959,2,959,bus_2324,959,2,-0.21626114925283085,1.0999999353730405,1.1,0.9,970.0,-3337.0,1
13,132.0,1283,2,1283,starbus_xf_4187_4230_4495_2,bus,4,0.43861459764359356,0.905315364637092,1.1,0.9,-2122.0,-986.0,1
13,132.0,1283,2,1283,starbus_xf_4187_4230_4495_2,1283,4,0.43861459764359356,0.905315364637092,1.1,0.9,-2122.0,-986.0,1
8,66.0,1482,1,1482,bus_3147,bus,3,-0.3605440975489456,1.0444408204922224,1.1,0.9,-328.0,6943.0,1
8,66.0,1482,1,1482,bus_3147,1482,3,-0.3605440975489456,1.0444408204922224,1.1,0.9,-328.0,6943.0,1
13,66.0,1787,1,1787,bus_4238,bus,4,0.9927309664793972,1.0287121183508314,1.1,0.9,-2202.0,-2504.0,1
13,66.0,1787,1,1787,bus_4238,1787,4,0.9927309664793972,1.0287121183508314,1.1,0.9,-2202.0,-2504.0,1
2,500.0,941,1,941,starbus_xf_1092_1093_1526_2,bus,1,-0.18886898732254281,1.0022232801545918,1.1,0.9,713.0,257.0,1
2,500.0,941,1,941,starbus_xf_1092_1093_1526_2,941,1,-0.18886898732254281,1.0022232801545918,1.1,0.9,713.0,257.0,1
6,11.5,1410,2,1410,bus_2091,bus,2,0.15868154527126288,1.0122097552041596,1.1,0.9,928.0,-3032.0,1
6,11.5,1410,2,1410,bus_2091,1410,2,0.15868154527126288,1.0122097552041596,1.1,0.9,928.0,-3032.0,1
2,132.0,1441,1,1441,bus_1378,bus,1,-0.22008927307200604,1.0479232900729052,1.1,0.9,-457.0,-330.0,1
2,132.0,1441,1,1441,bus_1378,1441,1,-0.22008927307200604,1.0479232900729052,1.1,0.9,-457.0,-330.0,1
2,132.0,979,1,979,bus_1198,bus,1,-0.32292546157903324,1.054397907941647,1.1,0.9,528.0,664.0,1
2,132.0,979,1,979,bus_1198,979,1,-0.32292546157903324,1.054397907941647,1.1,0.9,528.0,664.0,1
8,132.0,1291,1,1291,bus_3518,bus,3,-0.3031748976012003,1.0417387838644785,1.1,0.9,-655.0,6151.0,1
8,132.0,1291,1,1291,bus_3518,1291,3,-0.3031748976012003,1.0417387838644785,1.1,0.9,-655.0,6151.0,1
8,66.0,222,1,222,bus_3176,bus,3,-0.0839298873838825,1.0527350743420716,1.1,0.9,-594.0,5419.0,1
8,66.0,222,1,222,bus_3176,222,3,-0.0839298873838825,1.0527350743420716,1.1,0.9,-594.0,5419.0,1
3,132.0,1129,1,1129,bus_1373,bus,1,-0.3454849401276775,1.0531420820519946,1.1,0.9,1380.0,-431.0,1
3,132.0,1129,1,1129,bus_1373,1129,1,-0.3454849401276775,1.0531420820519946,1.1,0.9,1380.0,-431.0,1
4,330.0,343,1,343,bus_1103,bus,1,-0.02349809903081908,1.0406343683645485,1.1,0.9,1446.0,-1310.0,1
4,330.0,343,1,343,bus_1103,343,1,-0.02349809903081908,1.0406343683645485,1.1,0.9,1446.0,-1310.0,1
12,132.0,1240,1,1240,bus_4126,bus,4,0.9457938470959635,1.0507462818685074,1.1,0.9,-2594.0,-940.0,1
12,132.0,1240,1,1240,bus_4126,1240,4,0.9457938470959635,1.0507462818685074,1.1,0.9,-2594.0,-940.0,1
12,0.6899999999999998,1524,2,1524,bus_4051,bus,4,0.9943442488037907,1.0999999952537975,1.1,0.9,-3008.0,-349.0,1
12,0.6899999999999998,1524,2,1524,bus_4051,1524,4,0.9943442488037907,1.0999999952537975,1.1,0.9,-3008.0,-349.0,1
9,15.75,608,1,608,bus_3421,bus,3,0.12084428707006951,1.0511172063961134,1.1,0.9,-550.0,4874.0,1
9,15.75,608,1,608,bus_3421,608,3,0.12084428707006951,1.0511172063961134,1.1,0.9,-550.0,4874.0,1
11,19.0,60,1,60,bus_3655,bus,3,0.11737874348670668,0.9785178430309003,1.1,0.9,911.0,2945.0,1
11,19.0,60,1,60,bus_3655,60,3,0.11737874348670668,0.9785178430309003,1.1,0.9,911.0,2945.0,1
9,19.0,158,1,158,bus_3494,bus,3,-0.1760108667529633,1.091501308222287,1.1,0.9,4.0,5364.0,1
9,19.0,158,1,158,bus_3494,158,3,-0.1760108667529633,1.091501308222287,1.1,0.9,4.0,5364.0,1
2,132.0,766,1,766,bus_1187,bus,1,-0.33054102368234434,1.035242037829874,1.1,0.9,37.0,680.0,1
2,132.0,766,1,766,bus_1187,766,1,-0.33054102368234434,1.035242037829874,1.1,0.9,37.0,680.0,1
8,66.0,1201,1,1201,bus_3095,bus,3,-0.5682390663731046,1.0711219032627546,1.1,0.9,-1476.0,6884.0,1
8,66.0,1201,1,1201,bus_3095,1201,3,-0.5682390663731046,1.0711219032627546,1.1,0.9,-1476.0,6884.0,1
7,220.0,229,1,229,bus_2136,bus,2,-0.3723325586636918,1.0165520878347776,1.1,0.9,900.0,-4034.0,1
7,220.0,229,1,229,bus_2136,229,2,-0.3723325586636918,1.0165520878347776,1.1,0.9,900.0,-4034.0,1
2,500.0,661,1,661,starbus_xf_1090_1091_1523_9,bus,1,-0.10734641853537592,0.9892780195299725,1.1,0.9,769.0,719.0,1
2,500.0,661,1,661,starbus_xf_1090_1091_1523_9,661,1,-0.10734641853537592,0.9892780195299725,1.1,0.9,769.0,719.0,1
14,11.0,587,1,587,bus_4073,bus,4,0.20585300041149956,0.9825061590410884,1.1,0.9,-1003.0,-2330.0,1
14,11.0,587,1,587,bus_4073,587,4,0.20585300041149956,0.9825061590410884,1.1,0.9,-1003.0,-2330.0,1
10,15.0,1571,1,1571,bus_3436,bus,3,0.03970939700449383,1.0355149720904206,1.1,0.9,1108.0,3514.0,1
10,15.0,1571,1,1571,bus_3436,1571,3,0.03970939700449383,1.0355149720904206,1.1,0.9,1108.0,3514.0,1
11,110.0,11,1,11,bus_3213,bus,3,0.01335277232210524,1.0245658064948024,1.1,0.9,-992.0,2904.0,1
11,110.0,11,1,11,bus_3213,11,3,0.01335277232210524,1.0245658064948024,1.1,0.9,-992.0,2904.0,1
2,132.0,540,1,540,bus_1458,bus,1,-0.3017791203416584,1.037554727391866,1.1,0.9,82.0,758.0,1
2,132.0,540,1,540,bus_1458,540,1,-0.3017791203416584,1.037554727391866,1.1,0.9,82.0,758.0,1
1,66.0,978,1,978,bus_1357,bus,1,-0.3625592497759778,1.0260516276141154,1.1,0.9,-1074.0,1989.0,1
1,66.0,978,1,978,bus_1357,978,1,-0.3625592497759778,1.0260516276141154,1.1,0.9,-1074.0,1989.0,1
15,110.0,483,1,483,bus_5066,bus,5,-0.1879983255354187,1.0512691005456676,1.1,0.9,2286.0,-5546.0,1
15,110.0,483,1,483,bus_5066,483,5,-0.1879983255354187,1.0512691005456676,1.1,0.9,2286.0,-5546.0,1
9,20.0,1701,1,1701,bus_3424,bus,3,0.14247942163611318,1.069757457059253,1.1,0.9,289.0,3633.0,1
9,20.0,1701,1,1701,bus_3424,1701,3,0.14247942163611318,1.069757457059253,1.1,0.9,289.0,3633.0,1
7,10.5,1944,2,1944,bus_2033,bus,2,-0.15179406781853438,0.9875052133280765,1.1,0.9,1313.0,-4240.0,1
7,10.5,1944,2,1944,bus_2033,1944,2,-0.15179406781853438,0.9875052133280765,1.1,0.9,1313.0,-4240.0,1
1,66.0,277,1,277,bus_1596,bus,1,-0.10750312121242107,1.026530744717026,1.1,0.9,2982.0,2814.0,1
1,66.0,277,1,277,bus_1596,277,1,-0.10750312121242107,1.026530744717026,1.1,0.9,2982.0,2814.0,1
1,132.0,1895,1,1895,bus_1447,bus,1,-0.1426270696088529,1.075529417323442,1.1,0.9,2034.0,2210.0,1
1,132.0,1895,1,1895,bus_1447,1895,1,-0.1426270696088529,1.075529417323442,1.1,0.9,2034.0,2210.0,1
7,11.0,398,1,398,bus_2067,bus,2,-0.3000297824420486,1.0840868173042306,1.1,0.9,1245.0,-3952.0,1
7,11.0,398,1,398,bus_2067,398,2,-0.3000297824420486,1.0840868173042306,1.1,0.9,1245.0,-3952.0,1
12,132.0,1302,1,1302,bus_4156,bus,4,0.9912064685051387,1.0150036664155435,1.1,0.9,-3361.0,-1633.0,1
12,132.0,1302,1,1302,bus_4156,1302,4,0.9912064685051387,1.0150036664155435,1.1,0.9,-3361.0,-1633.0,1
15,11.0,1819,1,1819,bus_5200,bus,5,-0.13279912205695973,1.0443820330757352,1.1,0.9,1634.0,-6302.0,1
15,11.0,1819,1,1819,bus_5200,1819,5,-0.13279912205695973,1.0443820330757352,1.1,0.9,1634.0,-6302.0,1
12,132.0,331,1,331,starbus_xf_4160_4097_4400_2,bus,4,1.0694624662951846,0.9958607104358492,1.1,0.9,-3732.0,-1731.0,1
12,132.0,331,1,331,starbus_xf_4160_4097_4400_2,331,4,1.0694624662951846,0.9958607104358492,1.1,0.9,-3732.0,-1731.0,1
15,14.5,1472,2,1472,bus_5017,bus,5,-0.15272009081702181,1.0566315408318154,1.1,0.9,1653.0,-5363.0,1
15,14.5,1472,2,1472,bus_5017,1472,5,-0.15272009081702181,1.0566315408318154,1.1,0.9,1653.0,-5363.0,1
9,20.0,1289,1,1289,bus_3587,bus,3,0.01548152207256198,1.0400142109683075,1.1,0.9,-57.0,4889.0,1
9,20.0,1289,1,1289,bus_3587,1289,3,0.01548152207256198,1.0400142109683075,1.1,0.9,-57.0,4889.0,1
4,33.0,627,2,627,bus_1536,bus,1,-0.09564132483289253,1.0837924673433945,1.1,0.9,902.0,-2246.0,1
4,33.0,627,2,627,bus_1536,627,1,-0.09564132483289253,1.0837924673433945,1.1,0.9,902.0,-2246.0,1
14,11.0,851,1,851,bus_4487,bus,4,0.9859553385425732,0.9830711760019548,1.1,0.9,-2070.0,-4112.0,1
14,11.0,851,1,851,bus_4487,851,4,0.9859553385425732,0.9830711760019548,1.1,0.9,-2070.0,-4112.0,1
2,15.0,769,1,769,bus_1050,bus,1,-0.17183198551325368,1.036604106344159,1.1,0.9,788.0,582.0,1
2,15.0,769,1,769,bus_1050,769,1,-0.17183198551325368,1.036604106344159,1.1,0.9,788.0,582.0,1
5,500.0,1623,1,1623,starbus_xf_2200_2196_2305_2,bus,2,-0.15409228351883517,1.0231766941565994,1.1,0.9,-267.0,-2958.0,1
5,500.0,1623,1,1623,starbus_xf_2200_2196_2305_2,1623,2,-0.15409228351883517,1.0231766941565994,1.1,0.9,-267.0,-2958.0,1
8,132.0,1716,1,1716,bus_3626,bus,3,-0.32295254417779357,0.9729757217770073,1.1,0.9,-935.0,6262.0,1
8,132.0,1716,1,1716,bus_3626,1716,3,-0.32295254417779357,0.9729757217770073,1.1,0.9,-935.0,6262.0,1
11,33.0,1003,1,1003,bus_3355,bus,3,-0.403557956486127,1.0331074855296984,1.1,0.9,247.0,3222.0,1
11,33.0,1003,1,1003,bus_3355,1003,3,-0.403557956486127,1.0331074855296984,1.1,0.9,247.0,3222.0,1
14,275.0,95,1,95,bus_4138,bus,4,0.4616275162100701,0.9307584558905165,1.1,0.9,-955.0,-2336.0,1
14,275.0,95,1,95,bus_4138,95,4,0.4616275162100701,0.9307584558905165,1.1,0.9,-955.0,-2336.0,1
14,66.0,1614,1,1614,bus_4301,bus,4,0.9674054000151019,1.0468837032853135,1.1,0.9,-1695.0,-2902.0,1
14,66.0,1614,1,1614,bus_4301,1614,4,0.9674054000151019,1.0468837032853135,1.1,0.9,-1695.0,-2902.0,1
6,11.0,1349,1,1349,bus_2339,bus,2,-0.3282811326428885,0.9971379463425528,1.1,0.9,334.0,-3043.0,1
6,11.0,1349,1,1349,bus_2339,1349,2,-0.3282811326428885,0.9971379463425528,1.1,0.9,334.0,-3043.0,1
15,110.0,1366,1,1366,bus_5116,bus,5,-0.07753256426510376,1.0429853172893198,1.1,0.9,1993.0,-5956.0,1
15,110.0,1366,1,1366,bus_5116,1366,5,-0.07753256426510376,1.0429853172893198,1.1,0.9,1993.0,-5956.0,1
2,132.0,1971,1,1971,bus_1205,bus,1,-0.15197677827898076,1.071966265280852,1.1,0.9,141.0,-289.0,1
2,132.0,1971,1,1971,bus_1205,1971,1,-0.15197677827898076,1.071966265280852,1.1,0.9,141.0,-289.0,1
8,33.0,294,1,294,bus_3003,bus,3,-0.3111385769473238,1.0369200169288113,1.1,0.9,-973.0,6366.0,1
8,33.0,294,1,294,bus_3003,294,3,-0.3111385769473238,1.0369200169288113,1.1,0.9,-973.0,6366.0,1
2,66.0,1152,1,1152,bus_1560,bus,1,-0.1623987948825538,1.0538016036734532,1.1,0.9,473.0,-20.0,1
2,66.0,1152,1,1152,bus_1560,1152,1,-0.1623987948825538,1.0538016036734532,1.1,0.9,473.0,-20.0,1
13,275.0,2024,1,2024,connection S8,bus,4,0.0,1.0,1.1,0.9,NaN,NaN,1
13,275.0,2024,1,2024,connection S8,2024,4,0.0,1.0,1.1,0.9,NaN,NaN,1
6,10.5,1213,2,1213,bus_2322,bus,2,-0.3991269878879459,1.091606505763164,1.1,0.9,961.0,-3351.0,1
6,10.5,1213,2,1213,bus_2322,1213,2,-0.3991269878879459,1.091606505763164,1.1,0.9,961.0,-3351.0,1
8,132.0,965,1,965,bus_3332,bus,3,-0.5565083506297367,0.9988842370763368,1.1,0.9,-1594.0,6974.0,1
8,132.0,965,1,965,bus_3332,965,3,-0.5565083506297367,0.9988842370763368,1.1,0.9,-1594.0,6974.0,1
11,11.0,153,1,153,bus_3228,bus,3,-0.38784380294818577,1.008284873853183,1.1,0.9,-612.0,3466.0,1
11,11.0,153,1,153,bus_3228,153,3,-0.38784380294818577,1.008284873853183,1.1,0.9,-612.0,3466.0,1
6,66.0,1269,1,1269,bus_2214,bus,2,-0.37815123540444595,1.0183794901831493,1.1,0.9,241.0,-3841.0,1
6,66.0,1269,1,1269,bus_2214,1269,2,-0.37815123540444595,1.0183794901831493,1.1,0.9,241.0,-3841.0,1
8,66.0,1471,1,1471,bus_3305,bus,3,-0.3581538935130056,1.0395126275315743,1.1,0.9,-508.0,7062.0,1
8,66.0,1471,1,1471,bus_3305,1471,3,-0.3581538935130056,1.0395126275315743,1.1,0.9,-508.0,7062.0,1
12,0.6899999999999998,464,1,464,bus_4022,bus,4,1.2629826862417133,1.0097669518646508,1.1,0.9,-3032.0,-1224.0,1
12,0.6899999999999998,464,1,464,bus_4022,464,4,1.2629826862417133,1.0097669518646508,1.1,0.9,-3032.0,-1224.0,1
13,275.0,1683,1,1683,starbus_xf_4104_4043_4044_3,bus,4,1.0578588289453734,0.9989252067458285,1.1,0.9,-2392.0,-1656.0,1
13,275.0,1683,1,1683,starbus_xf_4104_4043_4044_3,1683,4,1.0578588289453734,0.9989252067458285,1.1,0.9,-2392.0,-1656.0,1
13,11.0,1859,1,1859,bus_4415,bus,4,0.9824688245848542,1.074536948640213,1.1,0.9,-2064.0,-2666.0,1
13,11.0,1859,1,1859,bus_4415,1859,4,0.9824688245848542,1.074536948640213,1.1,0.9,-2064.0,-2666.0,1
11,33.0,299,1,299,bus_3007,bus,3,-0.02262544148075608,1.0227452794609087,1.1,0.9,-909.0,2892.0,1
11,33.0,299,1,299,bus_3007,299,3,-0.02262544148075608,1.0227452794609087,1.1,0.9,-909.0,2892.0,1
11,110.0,557,1,557,bus_3226,bus,3,-0.29370597039449214,1.0533543736780457,1.1,0.9,-530.0,3422.0,1
11,110.0,557,1,557,bus_3226,557,3,-0.29370597039449214,1.0533543736780457,1.1,0.9,-530.0,3422.0,1
2,132.0,967,1,967,bus_1332,bus,1,-0.15185974088798707,1.0752808983721969,1.1,0.9,639.0,19.0,1
2,132.0,967,1,967,bus_1332,967,1,-0.15185974088798707,1.0752808983721969,1.1,0.9,639.0,19.0,1
2,330.0,159,1,159,bus_1123,bus,1,-0.07959093097321956,1.0519134038254356,1.1,0.9,554.0,-7.0,1
2,330.0,159,1,159,bus_1123,159,1,-0.07959093097321956,1.0519134038254356,1.1,0.9,554.0,-7.0,1
7,10.5,1948,2,1948,bus_2086,bus,2,-0.46187540605065996,0.9431734024156477,1.1,0.9,861.0,-4054.0,1
7,10.5,1948,2,1948,bus_2086,1948,2,-0.46187540605065996,0.9431734024156477,1.1,0.9,861.0,-4054.0,1
5,132.0,844,1,844,bus_2151,bus,2,-0.03439880446321097,0.9791562505000905,1.1,0.9,-210.0,-3519.0,1
5,132.0,844,1,844,bus_2151,844,2,-0.03439880446321097,0.9791562505000905,1.1,0.9,-210.0,-3519.0,1
3,132.0,1101,1,1101,bus_1184,bus,1,-0.27812328350062254,1.0342019329350338,1.1,0.9,966.0,371.0,1
3,132.0,1101,1,1101,bus_1184,1101,1,-0.27812328350062254,1.0342019329350338,1.1,0.9,966.0,371.0,1
8,33.0,536,1,536,bus_3294,bus,3,-0.35012952609054016,0.9433155657404575,1.1,0.9,-625.0,6585.0,1
8,33.0,536,1,536,bus_3294,536,3,-0.35012952609054016,0.9433155657404575,1.1,0.9,-625.0,6585.0,1
10,15.0,1150,1,1150,bus_3435,bus,3,0.18623038562472685,1.0492441327810778,1.1,0.9,1099.0,3571.0,1
10,15.0,1150,1,1150,bus_3435,1150,3,0.18623038562472685,1.0492441327810778,1.1,0.9,1099.0,3571.0,1
15,11.0,842,2,842,bus_5030,bus,5,0.0625431407571313,0.9837743386498414,1.1,0.9,2111.0,-6355.0,1
15,11.0,842,2,842,bus_5030,842,5,0.0625431407571313,0.9837743386498414,1.1,0.9,2111.0,-6355.0,1
14,132.0,931,1,931,bus_4220,bus,4,0.2763348932062008,1.0612296006684871,1.1,0.9,-898.0,-2745.0,1
14,132.0,931,1,931,bus_4220,931,4,0.2763348932062008,1.0612296006684871,1.1,0.9,-898.0,-2745.0,1
9,33.0,1834,1,1834,bus_3394,bus,3,-0.3368407853895933,1.0367089997273538,1.1,0.9,-161.0,4211.0,1
9,33.0,1834,1,1834,bus_3394,1834,3,-0.3368407853895933,1.0367089997273538,1.1,0.9,-161.0,4211.0,1
2,33.0,223,1,223,bus_1656,bus,1,-0.40089969753441584,1.008604060629085,1.1,0.9,-607.0,496.0,1
2,33.0,223,1,223,bus_1656,223,1,-0.40089969753441584,1.008604060629085,1.1,0.9,-607.0,496.0,1
9,33.0,817,1,817,bus_3370,bus,3,-0.36238057332086965,1.0418595475161812,1.1,0.9,-8.0,4387.0,1
9,33.0,817,1,817,bus_3370,817,3,-0.36238057332086965,1.0418595475161812,1.1,0.9,-8.0,4387.0,1
11,19.0,1219,1,1219,bus_3656,bus,3,0.11429167201232711,0.9793992727446651,1.1,0.9,922.0,2892.0,1
11,19.0,1219,1,1219,bus_3656,1219,3,0.11429167201232711,0.9793992727446651,1.1,0.9,922.0,2892.0,1
6,66.0,531,1,531,bus_2248,bus,2,-0.5357016981023351,1.015436421835596,1.1,0.9,482.0,-3920.0,1
6,66.0,531,1,531,bus_2248,531,2,-0.5357016981023351,1.015436421835596,1.1,0.9,482.0,-3920.0,1
2,132.0,1488,1,1488,bus_1236,bus,1,-0.3131262039206195,1.049703806904925,1.1,0.9,645.0,137.0,1
2,132.0,1488,1,1488,bus_1236,1488,1,-0.3131262039206195,1.049703806904925,1.1,0.9,645.0,137.0,1
8,11.0,1087,1,1087,bus_3455,bus,3,-0.4652679346739019,0.9307960546381093,1.1,0.9,-1433.0,6862.0,1
8,11.0,1087,1,1087,bus_3455,1087,3,-0.4652679346739019,0.9307960546381093,1.1,0.9,-1433.0,6862.0,1
12,132.0,26,1,26,bus_4168,bus,4,0.9919924829132608,1.0519500807160378,1.1,0.9,-3294.0,-1435.0,1
12,132.0,26,1,26,bus_4168,26,4,0.9919924829132608,1.0519500807160378,1.1,0.9,-3294.0,-1435.0,1
1,330.0,952,1,952,bus_1104,bus,1,-0.06958969429149522,1.0936954708257465,1.1,0.9,1748.0,2235.0,1
1,330.0,952,1,952,bus_1104,952,1,-0.06958969429149522,1.0936954708257465,1.1,0.9,1748.0,2235.0,1
10,11.0,1996,1,1996,bus_3156,bus,3,-0.043560980051380496,1.0083570203626548,1.1,0.9,1071.0,4159.0,1
10,11.0,1996,1,1996,bus_3156,1996,3,-0.043560980051380496,1.0083570203626548,1.1,0.9,1071.0,4159.0,1
13,275.0,989,1,989,bus_4144,bus,4,1.0264494598109077,1.0676307955596303,1.1,0.9,-2706.0,-1816.0,1
13,275.0,989,1,989,bus_4144,989,4,1.0264494598109077,1.0676307955596303,1.1,0.9,-2706.0,-1816.0,1
2,330.0,1139,1,1139,bus_1146,bus,1,-0.15960580598924423,1.0214714201449313,1.1,0.9,1058.0,1182.0,1
2,330.0,1139,1,1139,bus_1146,1139,1,-0.15960580598924423,1.0214714201449313,1.1,0.9,1058.0,1182.0,1
8,22.0,230,1,230,bus_3090,bus,3,-0.565900751440347,1.0774467080320618,1.1,0.9,-1297.0,7360.0,1
8,22.0,230,1,230,bus_3090,230,3,-0.565900751440347,1.0774467080320618,1.1,0.9,-1297.0,7360.0,1
15,33.0,1191,1,1191,bus_5134,bus,5,-0.14855237588078343,1.0264098564050848,1.1,0.9,2076.0,-6144.0,1
15,33.0,1191,1,1191,bus_5134,1191,5,-0.14855237588078343,1.0264098564050848,1.1,0.9,2076.0,-6144.0,1
11,33.0,1725,1,1725,bus_3403,bus,3,-0.3711461638376941,1.01176511254292,1.1,0.9,483.0,3237.0,1
11,33.0,1725,1,1725,bus_3403,1725,3,-0.3711461638376941,1.01176511254292,1.1,0.9,483.0,3237.0,1
12,132.0,394,1,394,bus_4196,bus,4,0.9497068447464618,1.053223375588173,1.1,0.9,-2527.0,-1019.0,1
12,132.0,394,1,394,bus_4196,394,4,0.9497068447464618,1.053223375588173,1.1,0.9,-2527.0,-1019.0,1
15,11.0,258,1,258,bus_5019,bus,5,-0.03894411458898418,1.0471422236198789,1.1,0.9,2328.0,-6369.0,1
15,11.0,258,1,258,bus_5019,258,5,-0.03894411458898418,1.0471422236198789,1.1,0.9,2328.0,-6369.0,1
6,22.0,328,1,328,bus_2299,bus,2,-0.35555898205213765,1.0166384154037218,1.1,0.9,401.0,-2962.0,1
6,22.0,328,1,328,bus_2299,328,2,-0.35555898205213765,1.0166384154037218,1.1,0.9,401.0,-2962.0,1
9,33.0,1029,1,1029,bus_3320,bus,3,-0.3541955675787259,1.041311846928674,1.1,0.9,-114.0,4125.0,1
9,33.0,1029,1,1029,bus_3320,1029,3,-0.3541955675787259,1.041311846928674,1.1,0.9,-114.0,4125.0,1
4,132.0,149,1,149,bus_1310,bus,1,-0.21637290058969916,1.0504664360178961,1.1,0.9,431.0,-841.0,1
4,132.0,149,1,149,bus_1310,149,1,-0.21637290058969916,1.0504664360178961,1.1,0.9,431.0,-841.0,1
12,11.0,666,1,666,bus_4006,bus,4,1.0208084964503406,0.9256558614527681,1.1,0.9,-4015.0,-1769.0,1
12,11.0,666,1,666,bus_4006,666,4,1.0208084964503406,0.9256558614527681,1.1,0.9,-4015.0,-1769.0,1
3,33.0,773,1,773,bus_1032,bus,1,-0.41881545885089083,1.060222308053549,1.1,0.9,1292.0,-309.0,1
3,33.0,773,1,773,bus_1032,773,1,-0.41881545885089083,1.060222308053549,1.1,0.9,1292.0,-309.0,1
1,66.0,1645,1,1645,bus_1601,bus,1,-0.09468398758012145,1.0461370792571691,1.1,0.9,2833.0,2717.0,1
1,66.0,1645,1,1645,bus_1601,1645,1,-0.09468398758012145,1.0461370792571691,1.1,0.9,2833.0,2717.0,1
3,132.0,1620,1,1620,bus_1472,bus,1,-0.11400536176873052,0.9837674328328664,1.1,0.9,1145.0,-823.0,1
3,132.0,1620,1,1620,bus_1472,1620,1,-0.11400536176873052,0.9837674328328664,1.1,0.9,1145.0,-823.0,1
6,220.0,1579,1,1579,bus_2189,bus,2,-0.4054479604562484,1.0331340120551904,1.1,0.9,399.0,-3860.0,1
6,220.0,1579,1,1579,bus_2189,1579,2,-0.4054479604562484,1.0331340120551904,1.1,0.9,399.0,-3860.0,1
13,11.0,122,1,122,bus_4414,bus,4,0.9818246822942696,1.073833046449698,1.1,0.9,-2087.0,-2646.0,1
13,11.0,122,1,122,bus_4414,122,4,0.9818246822942696,1.073833046449698,1.1,0.9,-2087.0,-2646.0,1
4,132.0,302,1,302,bus_1208,bus,1,-0.01917404961694093,1.077585753701982,1.1,0.9,2398.0,-1573.0,1
4,132.0,302,1,302,bus_1208,302,1,-0.01917404961694093,1.077585753701982,1.1,0.9,2398.0,-1573.0,1
2,330.0,1926,1,1926,bus_1157,bus,1,-0.025627212593229264,1.070604761202805,1.1,0.9,518.0,61.0,1
2,330.0,1926,1,1926,bus_1157,1926,1,-0.025627212593229264,1.070604761202805,1.1,0.9,518.0,61.0,1
13,275.0,175,1,175,bus_4142,bus,4,0.9729034482291757,1.051048177980219,1.1,0.9,-1751.0,-2289.0,1
13,275.0,175,1,175,bus_4142,175,4,0.9729034482291757,1.051048177980219,1.1,0.9,-1751.0,-2289.0,1
15,11.0,1772,1,1772,bus_5172,bus,5,-0.18826317079004162,1.0654733461595356,1.1,0.9,2302.0,-5586.0,1
15,11.0,1772,1,1772,bus_5172,1772,5,-0.18826317079004162,1.0654733461595356,1.1,0.9,2302.0,-5586.0,1
6,220.0,1413,1,1413,bus_2128,bus,2,-0.35809998044972546,1.0389217956445833,1.1,0.9,415.0,-3387.0,1
6,220.0,1413,1,1413,bus_2128,1413,2,-0.35809998044972546,1.0389217956445833,1.1,0.9,415.0,-3387.0,1
8,132.0,1328,1,1328,bus_3162,bus,3,-0.30205682012324986,1.0362328357685295,1.1,0.9,-460.0,5877.0,1
8,132.0,1328,1,1328,bus_3162,1328,3,-0.30205682012324986,1.0362328357685295,1.1,0.9,-460.0,5877.0,1
11,110.0,143,1,143,bus_3519,bus,3,-0.2799859192439419,1.0612453115322213,1.1,0.9,-385.0,3246.0,1
11,110.0,143,1,143,bus_3519,143,3,-0.2799859192439419,1.0612453115322213,1.1,0.9,-385.0,3246.0,1
15,11.0,1086,1,1086,bus_5234,bus,5,-0.08814669019429079,0.9902001740472847,1.1,0.9,1377.0,-6079.0,1
15,11.0,1086,1,1086,bus_5234,1086,5,-0.08814669019429079,0.9902001740472847,1.1,0.9,1377.0,-6079.0,1
11,11.0,1252,1,1252,bus_3409,bus,3,-0.4356637931424246,1.0204799087425325,1.1,0.9,-780.0,3508.0,1
11,11.0,1252,1,1252,bus_3409,1252,3,-0.4356637931424246,1.0204799087425325,1.1,0.9,-780.0,3508.0,1
6,22.0,1740,1,1740,bus_2009,bus,2,-0.4449512319412281,0.99629217115058,1.1,0.9,263.0,-4291.0,1
6,22.0,1740,1,1740,bus_2009,1740,2,-0.4449512319412281,0.99629217115058,1.1,0.9,263.0,-4291.0,1
2,22.0,501,2,501,bus_1037,bus,1,0.24170314300426898,0.986487415464672,1.1,0.9,1227.0,1192.0,1
2,22.0,501,2,501,bus_1037,501,1,0.24170314300426898,0.986487415464672,1.1,0.9,1227.0,1192.0,1
4,33.0,1995,1,1995,bus_1615,bus,1,-0.039168905426420604,1.0382744277411655,1.1,0.9,2611.0,-1775.0,1
4,33.0,1995,1,1995,bus_1615,1995,1,-0.039168905426420604,1.0382744277411655,1.1,0.9,2611.0,-1775.0,1
9,275.0,1762,1,1762,bus_3550,bus,3,-0.02776920427130424,1.070907043422534,1.1,0.9,-418.0,4796.0,1
9,275.0,1762,1,1762,bus_3550,1762,3,-0.02776920427130424,1.070907043422534,1.1,0.9,-418.0,4796.0,1
13,275.0,825,1,825,bus_4136,bus,4,0.9962906006906317,1.0525637046926821,1.1,0.9,-2015.0,-2389.0,1
13,275.0,825,1,825,bus_4136,825,4,0.9962906006906317,1.0525637046926821,1.1,0.9,-2015.0,-2389.0,1
13,66.0,1190,1,1190,bus_4321,bus,4,0.9747143365935771,1.0650803808057347,1.1,0.9,-1880.0,-2134.0,1
13,66.0,1190,1,1190,bus_4321,1190,4,0.9747143365935771,1.0650803808057347,1.1,0.9,-1880.0,-2134.0,1
14,132.0,1421,1,1421,bus_4216,bus,4,0.15768068673491076,1.0141065870933212,1.1,0.9,-864.0,-2495.0,1
14,132.0,1421,1,1421,bus_4216,1421,4,0.15768068673491076,1.0141065870933212,1.1,0.9,-864.0,-2495.0,1
4,12.5,318,1,318,bus_1076,bus,1,0.06364837926043761,0.9874435990761949,1.1,0.9,1462.0,-1510.0,1
4,12.5,318,1,318,bus_1076,318,1,0.06364837926043761,0.9874435990761949,1.1,0.9,1462.0,-1510.0,1
2,23.0,292,1,292,bus_1004,bus,1,0.11834689385563403,0.967066169575893,1.1,0.9,687.0,561.0,1
2,23.0,292,1,292,bus_1004,292,1,0.11834689385563403,0.967066169575893,1.1,0.9,687.0,561.0,1
14,66.0,20,1,20,bus_4265,bus,4,1.014753436167427,1.0029647594963729,1.1,0.9,-2167.0,-3907.0,1
14,66.0,20,1,20,bus_4265,20,4,1.014753436167427,1.0029647594963729,1.1,0.9,-2167.0,-3907.0,1
11,11.0,1848,1,1848,bus_3380,bus,3,-0.3819040233039233,1.0913591143290131,1.1,0.9,111.0,2652.0,1
11,11.0,1848,1,1848,bus_3380,1848,3,-0.3819040233039233,1.0913591143290131,1.1,0.9,111.0,2652.0,1
11,33.0,1193,1,1193,bus_3130,bus,3,-0.2542318967932768,1.0526746879660382,1.1,0.9,-806.0,3114.0,1
11,33.0,1193,1,1193,bus_3130,1193,3,-0.2542318967932768,1.0526746879660382,1.1,0.9,-806.0,3114.0,1
6,33.0,708,2,708,bus_2008,bus,2,-0.1411401083014581,1.0823512114496723,1.1,0.9,148.0,-4380.0,1
6,33.0,708,2,708,bus_2008,708,2,-0.1411401083014581,1.0823512114496723,1.1,0.9,148.0,-4380.0,1
13,132.0,533,1,533,bus_4176,bus,4,0.9228184229833147,1.0345281745832684,1.1,0.9,-2223.0,-1226.0,1
13,132.0,533,1,533,bus_4176,533,4,0.9228184229833147,1.0345281745832684,1.1,0.9,-2223.0,-1226.0,1
4,330.0,837,1,837,starbus_xf_2191_2025_2026_2,bus,2,0.02971474571967659,0.9924945767922303,1.1,0.9,1050.0,-1889.0,1
4,330.0,837,1,837,starbus_xf_2191_2025_2026_2,837,2,0.02971474571967659,0.9924945767922303,1.1,0.9,1050.0,-1889.0,1
4,330.0,749,2,749,bus_1113,bus,1,-0.09624253321273611,1.052149956551776,1.1,0.9,1263.0,-2064.0,1
4,330.0,749,2,749,bus_1113,749,1,-0.09624253321273611,1.052149956551776,1.1,0.9,1263.0,-2064.0,1
6,66.0,1098,1,1098,bus_2249,bus,2,-0.5051769695387883,1.0365096221813683,1.1,0.9,472.0,-3932.0,1
6,66.0,1098,1,1098,bus_2249,1098,2,-0.5051769695387883,1.0365096221813683,1.1,0.9,472.0,-3932.0,1
14,66.0,1705,1,1705,bus_4313,bus,4,0.9678954930998184,1.0415135626971668,1.1,0.9,-1550.0,-3113.0,1
14,66.0,1705,1,1705,bus_4313,1705,4,0.9678954930998184,1.0415135626971668,1.1,0.9,-1550.0,-3113.0,1
15,22.0,1733,1,1733,bus_5192,bus,5,-0.3430324608725242,1.0288420662411002,1.1,0.9,1522.0,-5364.0,1
15,22.0,1733,1,1733,bus_5192,1733,5,-0.3430324608725242,1.0288420662411002,1.1,0.9,1522.0,-5364.0,1
5,33.0,1480,1,1480,bus_2348,bus,2,-0.33468369981564017,1.0010686169863043,1.1,0.9,-437.0,-3349.0,1
5,33.0,1480,1,1480,bus_2348,1480,2,-0.33468369981564017,1.0010686169863043,1.1,0.9,-437.0,-3349.0,1
7,66.0,622,1,622,bus_2254,bus,2,-0.06971789026985975,1.076254230940898,1.1,0.9,1442.0,-4399.0,1
7,66.0,622,1,622,bus_2254,622,2,-0.06971789026985975,1.076254230940898,1.1,0.9,1442.0,-4399.0,1
2,33.0,1711,1,1711,bus_1652,bus,1,-0.33837011880914186,1.0541300391738233,1.1,0.9,16.0,475.0,1
2,33.0,1711,1,1711,bus_1652,1711,1,-0.33837011880914186,1.0541300391738233,1.1,0.9,16.0,475.0,1
5,220.0,1788,1,1788,bus_2129,bus,2,-0.17367800907450845,1.0799437918915316,1.1,0.9,15.0,-2671.0,1
5,220.0,1788,1,1788,bus_2129,1788,2,-0.17367800907450845,1.0799437918915316,1.1,0.9,15.0,-2671.0,1
13,66.0,123,1,123,starbus_xf_4031_4028_4027_2,bus,4,0.9825374371923044,1.0508044061813138,1.1,0.9,-2231.0,-2722.0,1
13,66.0,123,1,123,starbus_xf_4031_4028_4027_2,123,4,0.9825374371923044,1.0508044061813138,1.1,0.9,-2231.0,-2722.0,1
15,220.0,616,1,616,bus_5163,bus,5,-0.12103392512597509,1.065127215758608,1.1,0.9,1846.0,-5970.0,1
15,220.0,616,1,616,bus_5163,616,5,-0.12103392512597509,1.065127215758608,1.1,0.9,1846.0,-5970.0,1
4,132.0,1867,1,1867,bus_1314,bus,1,-0.1484473133640753,1.031001158462075,1.1,0.9,711.0,-970.0,1
4,132.0,1867,1,1867,bus_1314,1867,1,-0.1484473133640753,1.031001158462075,1.1,0.9,711.0,-970.0,1
12,0.6899999999999998,1849,1,1849,bus_4013,bus,4,1.0833958350397537,1.0890401438303257,1.1,0.9,-3078.0,-1895.0,1
12,0.6899999999999998,1849,1,1849,bus_4013,1849,4,1.0833958350397537,1.0890401438303257,1.1,0.9,-3078.0,-1895.0,1
8,66.0,300,1,300,bus_3107,bus,3,-0.07550001066172593,1.0584627392208437,1.1,0.9,-549.0,5444.0,1
8,66.0,300,1,300,bus_3107,300,3,-0.07550001066172593,1.0584627392208437,1.1,0.9,-549.0,5444.0,1
12,132.0,1000,1,1000,bus_4183,bus,4,0.98697856720662,1.038400619418652,1.1,0.9,-2652.0,-1307.0,1
12,132.0,1000,1,1000,bus_4183,1000,4,0.98697856720662,1.038400619418652,1.1,0.9,-2652.0,-1307.0,1
9,6.6,1024,1,1024,bus_3033,bus,3,-0.0932026304442662,1.0590205495691767,1.1,0.9,-1000.0,5135.0,1
9,6.6,1024,1,1024,bus_3033,1024,3,-0.0932026304442662,1.0590205495691767,1.1,0.9,-1000.0,5135.0,1
14,132.0,1018,1,1018,bus_4213,bus,4,0.7752382379487064,0.9574572494066086,1.1,0.9,-1378.0,-1956.0,1
14,132.0,1018,1,1018,bus_4213,1018,4,0.7752382379487064,0.9574572494066086,1.1,0.9,-1378.0,-1956.0,1
14,11.0,1794,1,1794,bus_4450,bus,4,0.9271848029152857,1.0082487778134486,1.1,0.9,-2358.0,-3007.0,1
14,11.0,1794,1,1794,bus_4450,1794,4,0.9271848029152857,1.0082487778134486,1.1,0.9,-2358.0,-3007.0,1
13,132.0,1875,1,1875,bus_4211,bus,4,0.8515084822106441,0.9782700329085028,1.1,0.9,-1506.0,-1837.0,1
13,132.0,1875,1,1875,bus_4211,1875,4,0.8515084822106441,0.9782700329085028,1.1,0.9,-1506.0,-1837.0,1
9,15.75,1216,2,1216,bus_3419,bus,3,-0.05676083991800423,1.0856332501388022,1.1,0.9,-944.0,4973.0,1
9,15.75,1216,2,1216,bus_3419,1216,3,-0.05676083991800423,1.0856332501388022,1.1,0.9,-944.0,4973.0,1
12,132.0,1992,1,1992,bus_4190,bus,4,0.9344533557829211,1.0489276820522317,1.1,0.9,-2378.0,-1162.0,1
12,132.0,1992,1,1992,bus_4190,1992,4,0.9344533557829211,1.0489276820522317,1.1,0.9,-2378.0,-1162.0,1
1,66.0,601,1,601,bus_1622,bus,1,-0.16617619524038066,1.0423980954277092,1.1,0.9,2287.0,2279.0,1
1,66.0,601,1,601,bus_1622,601,1,-0.16617619524038066,1.0423980954277092,1.1,0.9,2287.0,2279.0,1
12,11.0,1687,1,1687,bus_4491,bus,4,1.0223061992500286,0.9387673649966151,1.1,0.9,-3913.0,-1767.0,1
12,11.0,1687,1,1687,bus_4491,1687,4,1.0223061992500286,0.9387673649966151,1.1,0.9,-3913.0,-1767.0,1
11,110.0,1896,1,1896,starbus_xf_3231_3644_3645_2,bus,3,-0.29804710714602456,1.0346916410675122,1.1,0.9,-648.0,3275.0,1
11,110.0,1896,1,1896,starbus_xf_3231_3644_3645_2,1896,3,-0.29804710714602456,1.0346916410675122,1.1,0.9,-648.0,3275.0,1
15,110.0,1217,1,1217,bus_5137,bus,5,-0.140461503528466,1.0266691096579124,1.1,0.9,2525.0,-5846.0,1
15,110.0,1217,1,1217,bus_5137,1217,5,-0.140461503528466,1.0266691096579124,1.1,0.9,2525.0,-5846.0,1
8,132.0,1751,1,1751,bus_3069,bus,3,-0.28365953729909416,1.0352198592191362,1.1,0.9,-225.0,6053.0,1
8,132.0,1751,1,1751,bus_3069,1751,3,-0.28365953729909416,1.0352198592191362,1.1,0.9,-225.0,6053.0,1
15,22.0,1494,1,1494,bus_5193,bus,5,-0.18752386067492732,1.0154201110156513,1.1,0.9,2190.0,-5771.0,1
15,22.0,1494,1,1494,bus_5193,1494,5,-0.18752386067492732,1.0154201110156513,1.1,0.9,2190.0,-5771.0,1
13,10.5,1170,1,1170,bus_4045,bus,4,1.0578588284124684,0.9989252108001028,1.1,0.9,-2451.0,-1601.0,1
13,10.5,1170,1,1170,bus_4045,1170,4,1.0578588284124684,0.9989252108001028,1.1,0.9,-2451.0,-1601.0,1
7,10.5,1913,2,1913,bus_2037,bus,2,-0.16798357705746653,1.0263949906929715,1.1,0.9,1274.0,-4304.0,1
7,10.5,1913,2,1913,bus_2037,1913,2,-0.16798357705746653,1.0263949906929715,1.1,0.9,1274.0,-4304.0,1
3,132.0,423,1,423,bus_1372,bus,1,-0.34589693943301975,1.0533103455416462,1.1,0.9,1378.0,-394.0,1
3,132.0,423,1,423,bus_1372,423,1,-0.34589693943301975,1.0533103455416462,1.1,0.9,1378.0,-394.0,1
15,13.8,1511,1,1511,bus_5047,bus,5,-0.12429765151383292,0.9921825455435739,1.1,0.9,2637.0,-5960.0,1
15,13.8,1511,1,1511,bus_5047,1511,5,-0.12429765151383292,0.9921825455435739,1.1,0.9,2637.0,-5960.0,1
8,132.0,1741,1,1741,bus_3172,bus,3,-0.3111385796070227,1.036920087833526,1.1,0.9,-834.0,6180.0,1
8,132.0,1741,1,1741,bus_3172,1741,3,-0.3111385796070227,1.036920087833526,1.1,0.9,-834.0,6180.0,1
15,6.6,317,1,317,bus_5034,bus,5,-0.14473939680386697,1.009992652425121,1.1,0.9,1729.0,-5929.0,1
15,6.6,317,1,317,bus_5034,317,5,-0.14473939680386697,1.009992652425121,1.1,0.9,1729.0,-5929.0,1
11,33.0,1274,1,1274,bus_3396,bus,3,-0.36180027171219103,1.0026976771950669,1.1,0.9,-530.0,3726.0,1
11,33.0,1274,1,1274,bus_3396,1274,3,-0.36180027171219103,1.0026976771950669,1.1,0.9,-530.0,3726.0,1
13,275.0,863,1,863,bus_4110,bus,4,1.1040580638590491,1.0390632654540972,1.1,0.9,-2493.0,-1830.0,1
13,275.0,863,1,863,bus_4110,863,4,1.1040580638590491,1.0390632654540972,1.1,0.9,-2493.0,-1830.0,1
11,110.0,1462,1,1462,starbus_xf_3177_3179_3178_1,bus,3,-0.36739880588603707,1.0394601752376036,1.1,0.9,-739.0,2385.0,1
11,110.0,1462,1,1462,starbus_xf_3177_3179_3178_1,1462,3,-0.36739880588603707,1.0394601752376036,1.1,0.9,-739.0,2385.0,1
15,11.0,316,1,316,bus_5026,bus,5,0.08938036676153918,1.0193710067447181,1.1,0.9,2117.0,-6224.0,1
15,11.0,316,1,316,bus_5026,316,5,0.08938036676153918,1.0193710067447181,1.1,0.9,2117.0,-6224.0,1
4,15.75,463,2,463,bus_1069,bus,1,-0.088162857873609,1.0561971685438305,1.1,0.9,794.0,-2014.0,1
4,15.75,463,2,463,bus_1069,463,1,-0.088162857873609,1.0561971685438305,1.1,0.9,794.0,-2014.0,1
2,132.0,617,1,617,bus_1246,bus,1,-0.3595026209900812,1.0506324777000964,1.1,0.9,459.0,-475.0,1
2,132.0,617,1,617,bus_1246,617,1,-0.3595026209900812,1.0506324777000964,1.1,0.9,459.0,-475.0,1
9,19.0,1294,1,1294,bus_3495,bus,3,-0.17883635388585975,1.0915212830863104,1.1,0.9,-11.0,5376.0,1
9,19.0,1294,1,1294,bus_3495,1294,3,-0.17883635388585975,1.0915212830863104,1.1,0.9,-11.0,5376.0,1
9,132.0,1458,2,1458,bus_3149,bus,3,-0.18122216070716413,1.044943804529576,1.1,0.9,81.0,5506.0,1
9,132.0,1458,2,1458,bus_3149,1458,3,-0.18122216070716413,1.044943804529576,1.1,0.9,81.0,5506.0,1
11,110.0,263,1,263,bus_3307,bus,3,-0.34095173948086926,1.046219420076015,1.1,0.9,-1099.0,2101.0,1
11,110.0,263,1,263,bus_3307,263,3,-0.34095173948086926,1.046219420076015,1.1,0.9,-1099.0,2101.0,1
9,11.0,1603,1,1603,bus_3013,bus,3,-0.2941831159423512,1.0357977325129881,1.1,0.9,-906.0,4123.0,1
9,11.0,1603,1,1603,bus_3013,1603,3,-0.2941831159423512,1.0357977325129881,1.1,0.9,-906.0,4123.0,1
13,275.0,2021,1,2021,connection S2,bus,4,0.0,1.0,1.1,0.9,NaN,NaN,1
13,275.0,2021,1,2021,connection S2,2021,4,0.0,1.0,1.1,0.9,NaN,NaN,1
1,132.0,295,1,295,bus_1203,bus,1,-0.22896164310655648,1.0619195413433278,1.1,0.9,786.0,1440.0,1
1,132.0,295,1,295,bus_1203,295,1,-0.22896164310655648,1.0619195413433278,1.1,0.9,786.0,1440.0,1
1,11.0,1038,1,1038,bus_1631,bus,1,-0.18275644038002697,1.0448288202753182,1.1,0.9,2122.0,2243.0,1
1,11.0,1038,1,1038,bus_1631,1038,1,-0.18275644038002697,1.0448288202753182,1.1,0.9,2122.0,2243.0,1
1,132.0,181,1,181,bus_1256,bus,1,-0.08996723684232219,1.053121919264955,1.1,0.9,1914.0,1815.0,1
1,132.0,181,1,181,bus_1256,181,1,-0.08996723684232219,1.053121919264955,1.1,0.9,1914.0,1815.0,1
15,110.0,386,1,386,starbus_xf_5093_5202_5203_1,bus,5,-0.15820575759520336,1.0473505359390354,1.1,0.9,1805.0,-6295.0,1
15,110.0,386,1,386,starbus_xf_5093_5202_5203_1,386,5,-0.15820575759520336,1.0473505359390354,1.1,0.9,1805.0,-6295.0,1
9,11.8,368,1,368,bus_3041,bus,3,-0.024239929572867205,1.057838056628721,1.1,0.9,602.0,5025.0,1
9,11.8,368,1,368,bus_3041,368,3,-0.024239929572867205,1.057838056628721,1.1,0.9,602.0,5025.0,1
1,132.0,802,1,802,starbus_xf_1273_1572_1573_2,bus,1,-0.13630146139420266,1.0763879871153443,1.1,0.9,2130.0,2328.0,1
1,132.0,802,1,802,starbus_xf_1273_1572_1573_2,802,1,-0.13630146139420266,1.0763879871153443,1.1,0.9,2130.0,2328.0,1
9,132.0,913,1,913,bus_3540,bus,3,-0.11037384958492917,1.073319206756403,1.1,0.9,1932.0,2887.0,1
9,132.0,913,1,913,bus_3540,913,3,-0.11037384958492917,1.073319206756403,1.1,0.9,1932.0,2887.0,1
13,66.0,1016,1,1016,bus_4343,bus,4,0.9810269674543147,1.0172405712639765,1.1,0.9,-2613.0,-2221.0,1
13,66.0,1016,1,1016,bus_4343,1016,4,0.9810269674543147,1.0172405712639765,1.1,0.9,-2613.0,-2221.0,1
15,13.8,1987,2,1987,bus_5010,bus,5,-0.17307554315056836,1.0128611173128585,1.1,0.9,1846.0,-5556.0,1
15,13.8,1987,2,1987,bus_5010,1987,5,-0.17307554315056836,1.0128611173128585,1.1,0.9,1846.0,-5556.0,1
8,66.0,85,1,85,bus_3066,bus,3,-0.29413627585589275,1.059034403338995,1.1,0.9,-390.0,5735.0,1
8,66.0,85,1,85,bus_3066,85,3,-0.29413627585589275,1.059034403338995,1.1,0.9,-390.0,5735.0,1
14,11.0,1782,1,1782,bus_4429,bus,4,0.9837348796786265,0.9851555017625567,1.1,0.9,-1987.0,-3446.0,1
14,11.0,1782,1,1782,bus_4429,1782,4,0.9837348796786265,0.9851555017625567,1.1,0.9,-1987.0,-3446.0,1
11,11.0,568,1,568,bus_3366,bus,3,-0.3292331763189677,1.0910498863934468,1.1,0.9,-882.0,2533.0,1
11,11.0,568,1,568,bus_3366,568,3,-0.3292331763189677,1.0910498863934468,1.1,0.9,-882.0,2533.0,1
4,16.0,30,2,30,bus_1022,bus,1,0.025816727211954524,0.99275293014502,1.1,0.9,1461.0,-880.0,1
4,16.0,30,2,30,bus_1022,30,1,0.025816727211954524,0.99275293014502,1.1,0.9,1461.0,-880.0,1
2,132.0,309,1,309,bus_1374,bus,1,-0.3550556622084452,1.0511641521809494,1.1,0.9,467.0,-265.0,1
2,132.0,309,1,309,bus_1374,309,1,-0.3550556622084452,1.0511641521809494,1.1,0.9,467.0,-265.0,1
5,330.0,1644,1,1644,bus_2192,bus,2,-0.3593466838129467,1.0498437058197712,1.1,0.9,847.0,-2705.0,1
5,330.0,1644,1,1644,bus_2192,1644,2,-0.3593466838129467,1.0498437058197712,1.1,0.9,847.0,-2705.0,1
5,20.0,569,2,569,bus_2064,bus,2,-0.2625269322214746,1.047442014405709,1.1,0.9,-91.0,-3176.0,1
5,20.0,569,2,569,bus_2064,569,2,-0.2625269322214746,1.047442014405709,1.1,0.9,-91.0,-3176.0,1
3,66.0,1422,1,1422,bus_1590,bus,1,-0.2988273002711188,1.027417981082381,1.1,0.9,1022.0,203.0,1
3,66.0,1422,1,1422,bus_1590,1422,1,-0.2988273002711188,1.027417981082381,1.1,0.9,1022.0,203.0,1
15,110.0,1438,1,1438,bus_5049,bus,5,-0.09481401258955269,1.066865059817544,1.1,0.9,1542.0,-5731.0,1
15,110.0,1438,1,1438,bus_5049,1438,5,-0.09481401258955269,1.066865059817544,1.1,0.9,1542.0,-5731.0,1
9,66.0,1060,1,1060,bus_3062,bus,3,-0.21690734707688497,1.0661973304480545,1.1,0.9,349.0,5482.0,1
9,66.0,1060,1,1060,bus_3062,1060,3,-0.21690734707688497,1.0661973304480545,1.1,0.9,349.0,5482.0,1
9,500.0,2002,1,2002,bus_txf_275 kV double-circuit shunt reactors,bus,3,0.0,1.0,1.1,0.9,NaN,NaN,1
9,500.0,2002,1,2002,bus_txf_275 kV double-circuit shunt reactors,2002,3,0.0,1.0,1.1,0.9,NaN,NaN,1
2,132.0,1391,1,1391,bus_1195,bus,1,-0.25753543345579133,1.0566565111851736,1.1,0.9,349.0,757.0,1
2,132.0,1391,1,1391,bus_1195,1391,1,-0.25753543345579133,1.0566565111851736,1.1,0.9,349.0,757.0,1
2,23.0,1845,1,1845,bus_1003,bus,1,-0.0261051592729974,1.0633699740172584,1.1,0.9,769.0,804.0,1
2,23.0,1845,1,1845,bus_1003,1845,1,-0.0261051592729974,1.0633699740172584,1.1,0.9,769.0,804.0,1
13,66.0,642,1,642,bus_4031,bus,4,0.982537437853312,1.100000009999487,1.1,0.9,-2169.0,-2688.0,1
13,66.0,642,1,642,bus_4031,642,4,0.982537437853312,1.100000009999487,1.1,0.9,-2169.0,-2688.0,1
11,110.0,828,1,828,bus_3253,bus,3,-0.007650094373237049,1.0288467387349183,1.1,0.9,-900.0,2824.0,1
11,110.0,828,1,828,bus_3253,828,3,-0.007650094373237049,1.0288467387349183,1.1,0.9,-900.0,2824.0,1
5,0.6899999999999998,589,2,589,bus_2055,bus,2,0.1584532389258912,1.0464348056816273,1.1,0.9,-314.0,-3692.0,1
5,0.6899999999999998,589,2,589,bus_2055,589,2,0.1584532389258912,1.0464348056816273,1.1,0.9,-314.0,-3692.0,1
11,330.0,930,1,930,bus_3652,bus,3,0.033676408172052925,1.0618566570681693,1.1,0.9,728.0,2866.0,1
11,330.0,930,1,930,bus_3652,930,3,0.033676408172052925,1.0618566570681693,1.1,0.9,728.0,2866.0,1
15,220.0,1137,1,1137,bus_5149,bus,5,-0.1714518391601471,1.0764297233015838,1.1,0.9,1955.0,-5495.0,1
15,220.0,1137,1,1137,bus_5149,1137,5,-0.1714518391601471,1.0764297233015838,1.1,0.9,1955.0,-5495.0,1
5,22.0,1286,1,1286,bus_1055,bus,1,-0.0021091661678343406,1.0796362195301719,1.1,0.9,261.0,-3078.0,1
5,22.0,1286,1,1286,bus_1055,1286,1,-0.0021091661678343406,1.0796362195301719,1.1,0.9,261.0,-3078.0,1
15,22.0,75,1,75,bus_5221,bus,5,-0.18943589950368417,1.0221913776607936,1.1,0.9,1931.0,-5961.0,1
15,22.0,75,1,75,bus_5221,75,5,-0.18943589950368417,1.0221913776607936,1.1,0.9,1931.0,-5961.0,1
6,33.0,1617,1,1617,bus_2228,bus,2,-0.14765151561787093,1.045941340317663,1.1,0.9,16.0,-3858.0,1
6,33.0,1617,1,1617,bus_2228,1617,2,-0.14765151561787093,1.045941340317663,1.1,0.9,16.0,-3858.0,1
11,132.0,1936,1,1936,bus_3651,bus,3,0.01835687898938841,1.0645421748216641,1.1,0.9,1221.0,2854.0,1
11,132.0,1936,1,1936,bus_3651,1936,3,0.01835687898938841,1.0645421748216641,1.1,0.9,1221.0,2854.0,1
7,66.0,1270,1,1270,bus_2255,bus,2,-0.35818359199444055,1.0508522017709232,1.1,0.9,1320.0,-4352.0,1
7,66.0,1270,1,1270,bus_2255,1270,2,-0.35818359199444055,1.0508522017709232,1.1,0.9,1320.0,-4352.0,1
15,220.0,669,1,669,bus_5142,bus,5,-0.07265296472185245,1.0946713623708404,1.1,0.9,1813.0,-5622.0,1
15,220.0,669,1,669,bus_5142,669,5,-0.07265296472185245,1.0946713623708404,1.1,0.9,1813.0,-5622.0,1
9,33.0,1207,1,1207,bus_3239,bus,3,-0.35342908755310365,1.013894424445455,1.1,0.9,54.0,4346.0,1
9,33.0,1207,1,1207,bus_3239,1207,3,-0.35342908755310365,1.013894424445455,1.1,0.9,54.0,4346.0,1
8,132.0,460,1,460,bus_3201,bus,3,-0.2701556150962964,1.038769651591121,1.1,0.9,-259.0,5917.0,1
8,132.0,460,1,460,bus_3201,460,3,-0.2701556150962964,1.038769651591121,1.1,0.9,-259.0,5917.0,1
11,11.0,1642,1,1642,bus_3414,bus,3,-0.4891731547072617,1.0129403995409858,1.1,0.9,375.0,2966.0,1
11,11.0,1642,1,1642,bus_3414,1642,3,-0.4891731547072617,1.0129403995409858,1.1,0.9,375.0,2966.0,1
1,132.0,1626,1,1626,bus_1302,bus,1,-0.22798720016492388,1.065136001688868,1.1,0.9,565.0,1391.0,1
1,132.0,1626,1,1626,bus_1302,1626,1,-0.22798720016492388,1.065136001688868,1.1,0.9,565.0,1391.0,1
8,500.0,2000,1,2000,bus_txf_500 kV NQCQ backbone double-circuit,bus,3,0.0,1.0,1.1,0.9,NaN,NaN,1
8,500.0,2000,1,2000,bus_txf_500 kV NQCQ backbone double-circuit,2000,3,0.0,1.0,1.1,0.9,NaN,NaN,1
11,110.0,1595,1,1595,bus_3506,bus,3,-0.2908606935749788,1.0522179596085128,1.1,0.9,-555.0,3399.0,1
11,110.0,1595,1,1595,bus_3506,1595,3,-0.2908606935749788,1.0522179596085128,1.1,0.9,-555.0,3399.0,1
2,23.0,537,1,537,bus_1082,bus,1,-0.1610717148803305,1.0259188893214204,1.1,0.9,809.0,725.0,1
2,23.0,537,1,537,bus_1082,537,1,-0.1610717148803305,1.0259188893214204,1.1,0.9,809.0,725.0,1
13,66.0,1500,1,1500,bus_4280,bus,4,0.9657976935919848,1.0231031378186348,1.1,0.9,-2056.0,-2473.0,1
13,66.0,1500,1,1500,bus_4280,1500,4,0.9657976935919848,1.0231031378186348,1.1,0.9,-2056.0,-2473.0,1
8,132.0,1550,1,1550,bus_3209,bus,3,-0.3516833991874854,1.0288032531113516,1.1,0.9,-381.0,6734.0,1
8,132.0,1550,1,1550,bus_3209,1550,3,-0.3516833991874854,1.0288032531113516,1.1,0.9,-381.0,6734.0,1
9,66.0,858,1,858,bus_3186,bus,3,0.004374781222719692,1.0722184668594286,1.1,0.9,-1053.0,4615.0,1
9,66.0,858,1,858,bus_3186,858,3,0.004374781222719692,1.0722184668594286,1.1,0.9,-1053.0,4615.0,1
6,11.0,1268,2,1268,bus_2012,bus,2,-0.13601755552481704,1.033403555838729,1.1,0.9,1039.0,-2934.0,1
6,11.0,1268,2,1268,bus_2012,1268,2,-0.13601755552481704,1.033403555838729,1.1,0.9,1039.0,-2934.0,1
12,33.0,208,1,208,bus_4358,bus,4,1.0799797403225466,1.0534510951667073,1.1,0.9,-2996.0,-1862.0,1
12,33.0,208,1,208,bus_4358,208,4,1.0799797403225466,1.0534510951667073,1.1,0.9,-2996.0,-1862.0,1
15,11.0,688,1,688,bus_5222,bus,5,-0.12509837270928373,1.0709525808787619,1.1,0.9,1346.0,-6661.0,1
15,11.0,688,1,688,bus_5222,688,5,-0.12509837270928373,1.0709525808787619,1.1,0.9,1346.0,-6661.0,1
8,33.0,840,1,840,bus_3407,bus,3,-0.32375246196445356,1.0296864553255385,1.1,0.9,-1030.0,6296.0,1
8,33.0,840,1,840,bus_3407,840,3,-0.32375246196445356,1.0296864553255385,1.1,0.9,-1030.0,6296.0,1
4,330.0,855,1,855,starbus_xf_1118_1042_1043_3,bus,1,0.11225868073058182,0.9767764897890632,1.1,0.9,1317.0,-1628.0,1
4,330.0,855,1,855,starbus_xf_1118_1042_1043_3,855,1,0.11225868073058182,0.9767764897890632,1.1,0.9,1317.0,-1628.0,1
2,33.0,1596,1,1596,bus_1634,bus,1,-0.07890111916819356,1.0522509665649347,1.1,0.9,639.0,56.0,1
2,33.0,1596,1,1596,bus_1634,1596,1,-0.07890111916819356,1.0522509665649347,1.1,0.9,639.0,56.0,1
13,66.0,1651,1,1651,bus_4324,bus,4,0.98332001489765,1.0594649485954484,1.1,0.9,-1830.0,-2105.0,1
13,66.0,1651,1,1651,bus_4324,1651,4,0.98332001489765,1.0594649485954484,1.1,0.9,-1830.0,-2105.0,1
8,275.0,1790,2,1790,bus_3591,bus,3,-0.26105501213304355,1.0597116825256347,1.1,0.9,-570.0,5934.0,1
8,275.0,1790,2,1790,bus_3591,1790,3,-0.26105501213304355,1.0597116825256347,1.1,0.9,-570.0,5934.0,1
2,33.0,224,1,224,bus_1436,bus,1,-0.189892099400213,1.017548694159116,1.1,0.9,-674.0,-304.0,1
2,33.0,224,1,224,bus_1436,224,1,-0.189892099400213,1.017548694159116,1.1,0.9,-674.0,-304.0,1
11,11.0,1873,1,1873,bus_3415,bus,3,-0.4844088287588585,1.0266102420253624,1.1,0.9,373.0,2990.0,1
11,11.0,1873,1,1873,bus_3415,1873,3,-0.4844088287588585,1.0266102420253624,1.1,0.9,373.0,2990.0,1
11,110.0,1961,1,1961,bus_3056,bus,3,-0.11623264070174388,1.035337764804086,1.1,0.9,-496.0,2948.0,1
11,110.0,1961,1,1961,bus_3056,1961,3,-0.11623264070174388,1.035337764804086,1.1,0.9,-496.0,2948.0,1
4,132.0,711,1,711,bus_1315,bus,1,-0.03834330617483258,1.1000000106957544,1.1,0.9,695.0,-1458.0,1
4,132.0,711,1,711,bus_1315,711,1,-0.03834330617483258,1.1000000106957544,1.1,0.9,695.0,-1458.0,1
1,33.0,1442,1,1442,bus_1607,bus,1,-0.057691479196472696,0.9789011743757856,1.1,0.9,2576.0,2235.0,1
1,33.0,1442,1,1442,bus_1607,1442,1,-0.057691479196472696,0.9789011743757856,1.1,0.9,2576.0,2235.0,1
9,110.0,797,1,797,bus_3319,bus,3,-0.2971285461118336,1.0621934003248379,1.1,0.9,-111.0,4070.0,1
9,110.0,797,1,797,bus_3319,797,3,-0.2971285461118336,1.0621934003248379,1.1,0.9,-111.0,4070.0,1
6,66.0,867,1,867,bus_2218,bus,2,-0.4768849226419727,1.0502231217719962,1.1,0.9,407.0,-4312.0,1
6,66.0,867,1,867,bus_2218,867,2,-0.4768849226419727,1.0502231217719962,1.1,0.9,407.0,-4312.0,1
1,66.0,1257,1,1257,bus_1510,bus,1,-0.10341177180036089,1.0332898678839144,1.1,0.9,1869.0,1745.0,1
1,66.0,1257,1,1257,bus_1510,1257,1,-0.10341177180036089,1.0332898678839144,1.1,0.9,1869.0,1745.0,1
11,110.0,1258,1,1258,bus_3014,bus,3,-0.09326022403678176,1.0333791157221364,1.1,0.9,-391.0,2956.0,1
11,110.0,1258,1,1258,bus_3014,1258,3,-0.09326022403678176,1.0333791157221364,1.1,0.9,-391.0,2956.0,1
15,22.0,1911,1,1911,bus_5190,bus,5,-0.24286978811798593,1.0540383250007628,1.1,0.9,2331.0,-5566.0,1
15,22.0,1911,1,1911,bus_5190,1911,5,-0.24286978811798593,1.0540383250007628,1.1,0.9,2331.0,-5566.0,1
5,500.0,2016,1,2016,bus_txf_Western Victoria Grid Reinforcement,bus,2,0.0,1.0,1.1,0.9,NaN,NaN,1
5,500.0,2016,1,2016,bus_txf_Western Victoria Grid Reinforcement,2016,2,0.0,1.0,1.1,0.9,NaN,NaN,1
9,20.0,1858,1,1858,bus_3423,bus,3,0.14436320148591072,1.0694323900877698,1.1,0.9,257.0,3682.0,1
9,20.0,1858,1,1858,bus_3423,1858,3,0.14436320148591072,1.0694323900877698,1.1,0.9,257.0,3682.0,1
11,110.0,1903,1,1903,bus_3534,bus,3,-0.2658797807217347,1.0548350460811975,1.1,0.9,-438.0,3182.0,1
11,110.0,1903,1,1903,bus_3534,1903,3,-0.2658797807217347,1.0548350460811975,1.1,0.9,-438.0,3182.0,1
6,66.0,1337,1,1337,bus_2275,bus,2,-0.3017504108858251,1.0318695283479835,1.1,0.9,637.0,-3026.0,1
6,66.0,1337,1,1337,bus_2275,1337,2,-0.3017504108858251,1.0318695283479835,1.1,0.9,637.0,-3026.0,1
13,66.0,1575,1,1575,bus_4123,bus,4,1.0006019692503627,1.016343278966448,1.1,0.9,-2190.0,-2878.0,1
13,66.0,1575,1,1575,bus_4123,1575,4,1.0006019692503627,1.016343278966448,1.1,0.9,-2190.0,-2878.0,1
11,110.0,738,1,738,starbus_xf_3413_3415_3414_2,bus,3,-0.38475836779545747,1.0547457801739775,1.1,0.9,385.0,2966.0,1
11,110.0,738,1,738,starbus_xf_3413_3415_3414_2,738,3,-0.38475836779545747,1.0547457801739775,1.1,0.9,385.0,2966.0,1
9,132.0,879,1,879,bus_3535,bus,3,0.020523798898577215,1.0607534695939902,1.1,0.9,984.0,3585.0,1
9,132.0,879,1,879,bus_3535,879,3,0.020523798898577215,1.0607534695939902,1.1,0.9,984.0,3585.0,1
1,66.0,1099,1,1099,bus_1648,bus,1,-0.15589908763268479,1.0477679901682777,1.1,0.9,2236.0,2578.0,1
1,66.0,1099,1,1099,bus_1648,1099,1,-0.15589908763268479,1.0477679901682777,1.1,0.9,2236.0,2578.0,1
4,132.0,699,1,699,bus_1293,bus,1,-0.026124031709639076,1.0748945987065717,1.1,0.9,2279.0,-1561.0,1
4,132.0,699,1,699,bus_1293,699,1,-0.026124031709639076,1.0748945987065717,1.1,0.9,2279.0,-1561.0,1
8,132.0,1829,1,1829,bus_3114,bus,3,-0.33450791211479214,1.017590850360506,1.1,0.9,-873.0,6081.0,1
8,132.0,1829,1,1829,bus_3114,1829,3,-0.33450791211479214,1.017590850360506,1.1,0.9,-873.0,6081.0,1
8,275.0,687,1,687,bus_3596,bus,3,-0.47816400997656516,1.0393188458993816,1.1,0.9,-1053.0,6892.0,1
8,275.0,687,1,687,bus_3596,687,3,-0.47816400997656516,1.0393188458993816,1.1,0.9,-1053.0,6892.0,1
9,132.0,225,1,225,bus_3101,bus,3,-0.240324005445742,1.0483993117560564,1.1,0.9,-938.0,4311.0,1
9,132.0,225,1,225,bus_3101,225,3,-0.240324005445742,1.0483993117560564,1.1,0.9,-938.0,4311.0,1
9,132.0,830,1,830,bus_3220,bus,3,-0.09760367377745888,1.0510622444888362,1.1,0.9,-1291.0,4951.0,1
9,132.0,830,1,830,bus_3220,830,3,-0.09760367377745888,1.0510622444888362,1.1,0.9,-1291.0,4951.0,1
2,132.0,1860,1,1860,bus_1253,bus,1,-0.33458383942689623,1.0576635028763088,1.1,0.9,244.0,419.0,1
2,132.0,1860,1,1860,bus_1253,1860,1,-0.33458383942689623,1.0576635028763088,1.1,0.9,244.0,419.0,1
14,11.0,1586,1,1586,bus_4460,bus,4,0.8757662119443571,0.9848909693451816,1.1,0.9,-1886.0,-2512.0,1
14,11.0,1586,1,1586,bus_4460,1586,4,0.8757662119443571,0.9848909693451816,1.1,0.9,-1886.0,-2512.0,1
7,220.0,1732,2,1732,bus_2158,bus,2,-0.47148617238108415,1.0229192945641228,1.1,0.9,988.0,-3853.0,1
7,220.0,1732,2,1732,bus_2158,1732,2,-0.47148617238108415,1.0229192945641228,1.1,0.9,988.0,-3853.0,1
9,275.0,1840,2,1840,bus_3158,bus,3,0.059650018122266876,1.0804328938335461,1.1,0.9,807.0,3563.0,1
9,275.0,1840,2,1840,bus_3158,1840,3,0.059650018122266876,1.0804328938335461,1.1,0.9,807.0,3563.0,1
7,11.0,1036,1,1036,bus_2066,bus,2,-0.3941313589959201,1.0513830473161494,1.1,0.9,1381.0,-4708.0,1
7,11.0,1036,1,1036,bus_2066,1036,2,-0.3941313589959201,1.0513830473161494,1.1,0.9,1381.0,-4708.0,1
1,132.0,1192,1,1192,bus_1202,bus,1,-0.252107252921373,1.0693455799449092,1.1,0.9,1080.0,1914.0,1
1,132.0,1192,1,1192,bus_1202,1192,1,-0.252107252921373,1.0693455799449092,1.1,0.9,1080.0,1914.0,1
14,66.0,161,1,161,bus_4249,bus,4,1.0386857773931322,1.0025688293140305,1.1,0.9,-2040.0,-3485.0,1
14,66.0,161,1,161,bus_4249,161,4,1.0386857773931322,1.0025688293140305,1.1,0.9,-2040.0,-3485.0,1
8,66.0,1401,1,1401,bus_3270,bus,3,-0.35708951095350144,1.0405884841495994,1.1,0.9,-545.0,6993.0,1
8,66.0,1401,1,1401,bus_3270,1401,3,-0.35708951095350144,1.0405884841495994,1.1,0.9,-545.0,6993.0,1
14,7.6,1526,1,1526,bus_4434,bus,4,1.0192504430535774,0.9890138415337242,1.1,0.9,-2098.0,-4013.0,1
14,7.6,1526,1,1526,bus_4434,1526,4,1.0192504430535774,0.9890138415337242,1.1,0.9,-2098.0,-4013.0,1
5,330.0,692,1,692,bus_2190,bus,2,-0.10446675056256104,1.041585196335417,1.1,0.9,961.0,-2406.0,1
5,330.0,692,1,692,bus_2190,692,2,-0.10446675056256104,1.041585196335417,1.1,0.9,961.0,-2406.0,1
2,330.0,712,1,712,bus_1115,bus,1,0.048288859549572134,1.0494051462123728,1.1,0.9,1161.0,1128.0,1
2,330.0,712,1,712,bus_1115,712,1,0.048288859549572134,1.0494051462123728,1.1,0.9,1161.0,1128.0,1
11,275.0,1327,1,1327,bus_3545,bus,3,-0.2546502267785985,1.0639368339734927,1.1,0.9,-100.0,3049.0,1
11,275.0,1327,1,1327,bus_3545,1327,3,-0.2546502267785985,1.0639368339734927,1.1,0.9,-100.0,3049.0,1
11,110.0,1430,1,1430,starbus_xf_3359_3360_3361_2,bus,3,-0.3493709395284632,1.0137479120453343,1.1,0.9,-1009.0,3506.0,1
11,110.0,1430,1,1430,starbus_xf_3359_3360_3361_2,1430,3,-0.3493709395284632,1.0137479120453343,1.1,0.9,-1009.0,3506.0,1
1,132.0,1925,1,1925,bus_1360,bus,1,-0.08178852698996733,1.0268658615549338,1.1,0.9,3055.0,2923.0,1
1,132.0,1925,1,1925,bus_1360,1925,1,-0.08178852698996733,1.0268658615549338,1.1,0.9,3055.0,2923.0,1
2,33.0,1833,1,1833,bus_1523,bus,1,-0.10734641853537592,1.03424520223588,1.1,0.9,736.0,625.0,1
2,33.0,1833,1,1833,bus_1523,1833,1,-0.10734641853537592,1.03424520223588,1.1,0.9,736.0,625.0,1
9,132.0,142,1,142,bus_3187,bus,3,-0.21029057992410385,1.060833198101229,1.1,0.9,-847.0,4373.0,1
9,132.0,142,1,142,bus_3187,142,3,-0.21029057992410385,1.060833198101229,1.1,0.9,-847.0,4373.0,1
2,132.0,1465,1,1465,bus_1223,bus,1,-0.21199083554976328,1.0511449384797837,1.1,0.9,-253.0,-282.0,1
2,132.0,1465,1,1465,bus_1223,1465,1,-0.21199083554976328,1.0511449384797837,1.1,0.9,-253.0,-282.0,1
5,15.0,637,2,637,bus_2024,bus,2,0.1292858346627142,1.0358146673213429,1.1,0.9,779.0,-1936.0,1
5,15.0,637,2,637,bus_2024,637,2,0.1292858346627142,1.0358146673213429,1.1,0.9,779.0,-1936.0,1
11,275.0,995,2,995,bus_3560,bus,3,-0.17499869710401758,1.0747105742132266,1.1,0.9,-87.0,3475.0,1
11,275.0,995,2,995,bus_3560,995,3,-0.17499869710401758,1.0747105742132266,1.1,0.9,-87.0,3475.0,1
1,330.0,968,2,968,bus_1109,bus,1,0.004049622081316998,1.0944012618284944,1.1,0.9,963.0,2437.0,1
1,330.0,968,2,968,bus_1109,968,1,0.004049622081316998,1.0944012618284944,1.1,0.9,963.0,2437.0,1
5,22.0,1359,1,1359,bus_2304,bus,2,-0.15750289975936405,1.0244014877436112,1.1,0.9,-388.0,-2854.0,1
5,22.0,1359,1,1359,bus_2304,1359,2,-0.15750289975936405,1.0244014877436112,1.1,0.9,-388.0,-2854.0,1
15,22.0,1599,1,1599,bus_5185,bus,5,-0.10265900124851325,1.0566852475768969,1.1,0.9,2608.0,-5646.0,1
15,22.0,1599,1,1599,bus_5185,1599,5,-0.10265900124851325,1.0566852475768969,1.1,0.9,2608.0,-5646.0,1
15,110.0,432,1,432,bus_5059,bus,5,-0.07137832225962654,1.0707207414411477,1.1,0.9,2561.0,-5608.0,1
15,110.0,432,1,432,bus_5059,432,5,-0.07137832225962654,1.0707207414411477,1.1,0.9,2561.0,-5608.0,1
4,330.0,1972,1,1972,starbus_xf_1148_1073_1074_1,bus,1,0.06683017978615818,0.986141993020981,1.1,0.9,1436.0,-1494.0,1
4,330.0,1972,1,1972,starbus_xf_1148_1073_1074_1,1972,1,0.06683017978615818,0.986141993020981,1.1,0.9,1436.0,-1494.0,1
3,23.0,113,1,113,bus_1020,bus,1,0.2214018688331439,1.0463560018111002,1.1,0.9,911.0,407.0,1
3,23.0,113,1,113,bus_1020,113,1,0.2214018688331439,1.0463560018111002,1.1,0.9,911.0,407.0,1
4,12.5,492,1,492,bus_1077,bus,1,0.06931618130963282,1.0331962162321786,1.1,0.9,1438.0,-1461.0,1
4,12.5,492,1,492,bus_1077,492,1,0.06931618130963282,1.0331962162321786,1.1,0.9,1438.0,-1461.0,1
5,33.0,445,1,445,bus_2267,bus,2,0.05713108276915896,1.0630054509549345,1.1,0.9,-2.0,-3673.0,1
5,33.0,445,1,445,bus_2267,445,2,0.05713108276915896,1.0630054509549345,1.1,0.9,-2.0,-3673.0,1
8,132.0,322,1,322,bus_3001,bus,3,-0.2784463465267816,1.0322317139019397,1.1,0.9,-418.0,5722.0,1
8,132.0,322,1,322,bus_3001,322,3,-0.2784463465267816,1.0322317139019397,1.1,0.9,-418.0,5722.0,1
2,330.0,269,2,269,bus_1111,bus,1,-0.267384011197891,1.0511203219140135,1.1,0.9,228.0,214.0,1
2,330.0,269,2,269,bus_1111,269,1,-0.267384011197891,1.0511203219140135,1.1,0.9,228.0,214.0,1
9,33.0,1988,1,1988,bus_3011,bus,3,-0.2810907340898768,1.0099361116414798,1.1,0.9,-896.0,4072.0,1
9,33.0,1988,1,1988,bus_3011,1988,3,-0.2810907340898768,1.0099361116414798,1.1,0.9,-896.0,4072.0,1
5,220.0,1380,1,1380,starbus_xf_2077_2205_2349_3,bus,2,-0.25109280597054734,0.9951710382183326,1.1,0.9,-347.0,-3142.0,1
5,220.0,1380,1,1380,starbus_xf_2077_2205_2349_3,1380,2,-0.25109280597054734,0.9951710382183326,1.1,0.9,-347.0,-3142.0,1
11,110.0,588,1,588,bus_3635,bus,3,-0.35305324659927967,1.0329672757990476,1.1,0.9,-187.0,2591.0,1
11,110.0,588,1,588,bus_3635,588,3,-0.35305324659927967,1.0329672757990476,1.1,0.9,-187.0,2591.0,1
2,23.0,555,1,555,bus_1044,bus,1,0.07520503436512395,1.0040436128258885,1.1,0.9,551.0,47.0,1
2,23.0,555,1,555,bus_1044,555,1,0.07520503436512395,1.0040436128258885,1.1,0.9,551.0,47.0,1
2,132.0,892,1,892,bus_1433,bus,1,-0.2273215206548246,1.04788369729395,1.1,0.9,263.0,-555.0,1
2,132.0,892,1,892,bus_1433,892,1,-0.2273215206548246,1.04788369729395,1.1,0.9,263.0,-555.0,1
15,110.0,1281,1,1281,bus_5086,bus,5,-0.03944275476454993,1.051525458785351,1.1,0.9,2261.0,-6328.0,1
15,110.0,1281,1,1281,bus_5086,1281,5,-0.03944275476454993,1.051525458785351,1.1,0.9,2261.0,-6328.0,1
3,132.0,1111,1,1111,bus_1404,bus,1,-0.2781440724070406,1.034263363501135,1.1,0.9,1160.0,345.0,1
3,132.0,1111,1,1111,bus_1404,1111,1,-0.2781440724070406,1.034263363501135,1.1,0.9,1160.0,345.0,1
12,132.0,794,1,794,bus_4166,bus,4,1.0416928123469902,0.954027067520788,1.1,0.9,-3848.0,-1764.0,1
12,132.0,794,1,794,bus_4166,794,4,1.0416928123469902,0.954027067520788,1.1,0.9,-3848.0,-1764.0,1
13,10.5,663,1,663,bus_4042,bus,4,1.0578588283753159,0.9989252148529868,1.1,0.9,-2470.0,-1647.0,1
13,10.5,663,1,663,bus_4042,663,4,1.0578588283753159,0.9989252148529868,1.1,0.9,-2470.0,-1647.0,1
9,15.75,1315,1,1315,bus_3418,bus,3,0.02855399079015263,1.0415403870095645,1.1,0.9,-411.0,4889.0,1
9,15.75,1315,1,1315,bus_3418,1315,3,0.02855399079015263,1.0415403870095645,1.1,0.9,-411.0,4889.0,1
9,110.0,1326,1,1326,bus_3369,bus,3,-0.33435776134288353,1.0531862644872494,1.1,0.9,-12.0,4317.0,1
9,110.0,1326,1,1326,bus_3369,1326,3,-0.33435776134288353,1.0531862644872494,1.1,0.9,-12.0,4317.0,1
8,11.0,873,1,873,bus_3452,bus,3,-0.3522177086327765,1.0374132690372215,1.1,0.9,-379.0,6634.0,1
8,11.0,873,1,873,bus_3452,873,3,-0.3522177086327765,1.0374132690372215,1.1,0.9,-379.0,6634.0,1
9,20.0,628,1,628,bus_3426,bus,3,0.1477214438554325,1.0572809241666647,1.1,0.9,156.0,3718.0,1
9,20.0,628,1,628,bus_3426,628,3,0.1477214438554325,1.0572809241666647,1.1,0.9,156.0,3718.0,1
14,11.0,171,1,171,bus_4472,bus,4,0.9331449546207711,1.022381209982492,1.1,0.9,-1519.0,-3336.0,1
14,11.0,171,1,171,bus_4472,171,4,0.9331449546207711,1.022381209982492,1.1,0.9,-1519.0,-3336.0,1
15,110.0,646,1,646,bus_5050,bus,5,-0.09625036557151075,1.0644790909754962,1.1,0.9,1565.0,-5745.0,1
15,110.0,646,1,646,bus_5050,646,5,-0.09625036557151075,1.0644790909754962,1.1,0.9,1565.0,-5745.0,1
9,132.0,653,1,653,bus_3232,bus,3,-0.21787913024412298,1.0419122614737608,1.1,0.9,383.0,5514.0,1
9,132.0,653,1,653,bus_3232,653,3,-0.21787913024412298,1.0419122614737608,1.1,0.9,383.0,5514.0,1
8,132.0,345,1,345,bus_3194,bus,3,-0.3178912915020374,1.0171431181809367,1.1,0.9,-1002.0,6107.0,1
8,132.0,345,1,345,bus_3194,345,3,-0.3178912915020374,1.0171431181809367,1.1,0.9,-1002.0,6107.0,1
1,132.0,1154,1,1154,bus_1026,bus,1,-0.10196276694343231,1.0737695234199485,1.1,0.9,1948.0,2390.0,1
1,132.0,1154,1,1154,bus_1026,1154,1,-0.10196276694343231,1.0737695234199485,1.1,0.9,1948.0,2390.0,1
14,11.0,1764,1,1764,bus_4470,bus,4,0.9502295872376451,1.0086341824629939,1.1,0.9,-1578.0,-3039.0,1
14,11.0,1764,1,1764,bus_4470,1764,4,0.9502295872376451,1.0086341824629939,1.1,0.9,-1578.0,-3039.0,1
14,11.5,1904,1,1904,bus_4067,bus,4,1.25280508191277,0.9319229066579665,1.1,0.9,-1983.0,-3394.0,1
14,11.5,1904,1,1904,bus_4067,1904,4,1.25280508191277,0.9319229066579665,1.1,0.9,-1983.0,-3394.0,1
9,132.0,1505,1,1505,bus_3498,bus,3,-0.00563186210621269,1.0435269792169,1.1,0.9,404.0,3624.0,1
9,132.0,1505,1,1505,bus_3498,1505,3,-0.00563186210621269,1.0435269792169,1.1,0.9,404.0,3624.0,1
15,16.0,319,1,319,bus_5038,bus,5,-0.1391272419519143,0.9874834231127834,1.1,0.9,1882.0,-5891.0,1
15,16.0,319,1,319,bus_5038,319,5,-0.1391272419519143,0.9874834231127834,1.1,0.9,1882.0,-5891.0,1
15,11.5,478,1,478,bus_5015,bus,5,-0.31892970120049075,1.013709654443238,1.1,0.9,1365.0,-5371.0,1
15,11.5,478,1,478,bus_5015,478,5,-0.31892970120049075,1.013709654443238,1.1,0.9,1365.0,-5371.0,1
11,275.0,502,1,502,bus_3570,bus,3,-0.26100074259654454,1.0631334766979443,1.1,0.9,35.0,3045.0,1
11,275.0,502,1,502,bus_3570,502,3,-0.26100074259654454,1.0631334766979443,1.1,0.9,35.0,3045.0,1
8,132.0,748,1,748,bus_3089,bus,3,-0.5189813115455717,1.0071935857456387,1.1,0.9,-1150.0,7315.0,1
8,132.0,748,1,748,bus_3089,748,3,-0.5189813115455717,1.0071935857456387,1.1,0.9,-1150.0,7315.0,1
14,11.0,312,2,312,bus_4072,bus,4,0.20373133172406377,1.039449962970876,1.1,0.9,-993.0,-2257.0,1
14,11.0,312,2,312,bus_4072,312,4,0.20373133172406377,1.039449962970876,1.1,0.9,-993.0,-2257.0,1
4,330.0,758,1,758,bus_1158,bus,1,-0.035388699194157124,1.047238776246006,1.1,0.9,1136.0,-1159.0,1
4,330.0,758,1,758,bus_1158,758,1,-0.035388699194157124,1.047238776246006,1.1,0.9,1136.0,-1159.0,1
13,275.0,1551,1,1551,bus_4107,bus,4,1.0174742349122765,1.0403632930073323,1.1,0.9,-2794.0,-1647.0,1
13,275.0,1551,1,1551,bus_4107,1551,4,1.0174742349122765,1.0403632930073323,1.1,0.9,-2794.0,-1647.0,1
8,132.0,567,1,567,starbus_xf_3516_3584_3517_1,bus,3,-0.46200512996743737,1.043552227268378,1.1,0.9,-1226.0,6747.0,1
8,132.0,567,1,567,starbus_xf_3516_3584_3517_1,567,3,-0.46200512996743737,1.043552227268378,1.1,0.9,-1226.0,6747.0,1
13,33.0,1055,1,1055,bus_4380,bus,4,0.9561077357353198,1.023416014707176,1.1,0.9,-2074.0,-2338.0,1
13,33.0,1055,1,1055,bus_4380,1055,4,0.9561077357353198,1.023416014707176,1.1,0.9,-2074.0,-2338.0,1
13,132.0,621,1,621,bus_4207,bus,4,0.8811440058161899,0.9933016359664677,1.1,0.9,-1727.0,-1560.0,1
13,132.0,621,1,621,bus_4207,621,4,0.8811440058161899,0.9933016359664677,1.1,0.9,-1727.0,-1560.0,1
5,22.0,67,1,67,bus_1561,bus,1,-0.06309459768954241,1.035991866464995,1.1,0.9,686.0,-2685.0,1
5,22.0,67,1,67,bus_1561,67,1,-0.06309459768954241,1.035991866464995,1.1,0.9,686.0,-2685.0,1
4,132.0,831,1,831,starbus_xf_1296_1504_1505_2,bus,1,-0.14105941499737995,1.086434804344482,1.1,0.9,603.0,-1175.0,1
4,132.0,831,1,831,starbus_xf_1296_1504_1505_2,831,1,-0.14105941499737995,1.086434804344482,1.1,0.9,603.0,-1175.0,1
4,66.0,344,1,344,bus_1482,bus,1,-0.10382412493787474,1.0495925418034815,1.1,0.9,860.0,-1643.0,1
4,66.0,344,1,344,bus_1482,344,1,-0.10382412493787474,1.0495925418034815,1.1,0.9,860.0,-1643.0,1
4,33.0,1414,1,1414,bus_1576,bus,1,-0.3988898141780324,1.0494376321241956,1.1,0.9,861.0,-757.0,1
4,33.0,1414,1,1414,bus_1576,1414,1,-0.3988898141780324,1.0494376321241956,1.1,0.9,861.0,-757.0,1
11,21.0,1638,1,1638,bus_3445,bus,3,-0.21850980158075814,1.0221868009277904,1.1,0.9,-277.0,2968.0,1
11,21.0,1638,1,1638,bus_3445,1638,3,-0.21850980158075814,1.0221868009277904,1.1,0.9,-277.0,2968.0,1
6,0.6899999999999998,1739,1,1739,bus_2002,bus,2,-0.14923854493509897,1.0429335522671483,1.1,0.9,51.0,-4179.0,1
6,0.6899999999999998,1739,1,1739,bus_2002,1739,2,-0.14923854493509897,1.0429335522671483,1.1,0.9,51.0,-4179.0,1
6,220.0,535,1,535,bus_2105,bus,2,-0.3216407682288247,1.0446811005842624,1.1,0.9,364.0,-3128.0,1
6,220.0,535,1,535,bus_2105,535,2,-0.3216407682288247,1.0446811005842624,1.1,0.9,364.0,-3128.0,1
10,132.0,1456,1,1456,bus_3539,bus,3,-0.10304840317373158,1.0753615090014146,1.1,0.9,1829.0,4401.0,1
10,132.0,1456,1,1456,bus_3539,1456,3,-0.10304840317373158,1.0753615090014146,1.1,0.9,1829.0,4401.0,1
1,132.0,1523,1,1523,bus_1473,bus,1,-0.2758900283254285,1.0399493675716578,1.1,0.9,1459.0,1657.0,1
1,132.0,1523,1,1523,bus_1473,1523,1,-0.2758900283254285,1.0399493675716578,1.1,0.9,1459.0,1657.0,1
15,110.0,452,1,452,bus_5136,bus,5,-0.12365818448755962,1.0200327842979684,1.1,0.9,1451.0,-6556.0,1
15,110.0,452,1,452,bus_5136,452,5,-0.12365818448755962,1.0200327842979684,1.1,0.9,1451.0,-6556.0,1
2,17.5,639,1,639,bus_1047,bus,1,-0.17118332306714276,1.0017986471343925,1.1,0.9,792.0,555.0,1
2,17.5,639,1,639,bus_1047,639,1,-0.17118332306714276,1.0017986471343925,1.1,0.9,792.0,555.0,1
2,132.0,109,1,109,bus_1409,bus,1,-0.32023162747777956,1.036549858393296,1.1,0.9,-38.0,-133.0,1
2,132.0,109,1,109,bus_1409,109,1,-0.32023162747777956,1.036549858393296,1.1,0.9,-38.0,-133.0,1
11,11.0,320,1,320,bus_3328,bus,3,-0.44969368898170065,1.0032366433000615,1.1,0.9,-888.0,2149.0,1
11,11.0,320,1,320,bus_3328,320,3,-0.44969368898170065,1.0032366433000615,1.1,0.9,-888.0,2149.0,1
2,22.0,1119,2,1119,bus_1036,bus,1,0.14713804834114708,0.9741242237559469,1.1,0.9,1257.0,1143.0,1
2,22.0,1119,2,1119,bus_1036,1119,1,0.14713804834114708,0.9741242237559469,1.1,0.9,1257.0,1143.0,1
10,132.0,217,1,217,bus_3288,bus,3,-0.11509829119632632,1.0693105933875027,1.1,0.9,1830.0,4476.0,1
10,132.0,217,1,217,bus_3288,217,3,-0.11509829119632632,1.0693105933875027,1.1,0.9,1830.0,4476.0,1
11,11.0,1187,1,1187,bus_3398,bus,3,-0.42081218223393263,1.0072678023240105,1.1,0.9,-1321.0,2053.0,1
11,11.0,1187,1,1187,bus_3398,1187,3,-0.42081218223393263,1.0072678023240105,1.1,0.9,-1321.0,2053.0,1
14,15.0,1789,1,1789,bus_4057,bus,4,1.0425040610494496,0.9998354674169005,1.1,0.9,-2100.0,-3196.0,1
14,15.0,1789,1,1789,bus_4057,1789,4,1.0425040610494496,0.9998354674169005,1.1,0.9,-2100.0,-3196.0,1
8,132.0,1063,1,1063,bus_3152,bus,3,-0.043206531376915755,1.0547698686532176,1.1,0.9,-685.0,5417.0,1
8,132.0,1063,1,1063,bus_3152,1063,3,-0.043206531376915755,1.0547698686532176,1.1,0.9,-685.0,5417.0,1
13,66.0,821,1,821,bus_4325,bus,4,0.9806425556610221,1.0621884431144903,1.1,0.9,-1886.0,-1930.0,1
13,66.0,821,1,821,bus_4325,821,4,0.9806425556610221,1.0621884431144903,1.1,0.9,-1886.0,-1930.0,1
13,275.0,2023,1,2023,connection S7,bus,4,0.0,1.0,1.1,0.9,NaN,NaN,1
13,275.0,2023,1,2023,connection S7,2023,4,0.0,1.0,1.1,0.9,NaN,NaN,1
14,66.0,1698,1,1698,bus_4225,bus,4,1.02109162523063,1.0006974775956257,1.1,0.9,-1983.0,-3864.0,1
14,66.0,1698,1,1698,bus_4225,1698,4,1.02109162523063,1.0006974775956257,1.1,0.9,-1983.0,-3864.0,1
2,132.0,1341,1,1341,bus_1478,bus,1,-0.3544728069213809,1.0508617417520452,1.1,0.9,597.0,-481.0,1
2,132.0,1341,1,1341,bus_1478,1341,1,-0.3544728069213809,1.0508617417520452,1.1,0.9,597.0,-481.0,1
1,66.0,1726,1,1726,bus_1600,bus,1,-0.3648411697278478,1.0233133674423531,1.1,0.9,-1106.0,2014.0,1
1,66.0,1726,1,1726,bus_1600,1726,1,-0.3648411697278478,1.0233133674423531,1.1,0.9,-1106.0,2014.0,1
4,12.5,1960,1,1960,bus_1075,bus,1,0.17848589672760026,0.9668983033978301,1.1,0.9,1455.0,-1491.0,1
4,12.5,1960,1,1960,bus_1075,1960,1,0.17848589672760026,0.9668983033978301,1.1,0.9,1455.0,-1491.0,1
5,500.0,1891,1,1891,bus_2203,bus,2,-0.3331696804991536,1.0551643037053646,1.1,0.9,149.0,-3261.0,1
5,500.0,1891,1,1891,bus_2203,1891,2,-0.3331696804991536,1.0551643037053646,1.1,0.9,149.0,-3261.0,1
4,11.5,933,2,933,bus_1060,bus,1,0.3300151470327603,1.099999996591006,1.1,0.9,2211.0,-1861.0,1
4,11.5,933,2,933,bus_1060,933,1,0.3300151470327603,1.099999996591006,1.1,0.9,2211.0,-1861.0,1
15,220.0,2040,1,2040,connection T5,bus,5,0.0,1.0,1.1,0.9,NaN,NaN,1
15,220.0,2040,1,2040,connection T5,2040,5,0.0,1.0,1.1,0.9,NaN,NaN,1
4,330.0,760,1,760,bus_1154,bus,1,-0.03700088617678546,1.0367633553061375,1.1,0.9,1751.0,-1387.0,1
4,330.0,760,1,760,bus_1154,760,1,-0.03700088617678546,1.0367633553061375,1.1,0.9,1751.0,-1387.0,1
8,6.6,1478,1,1478,bus_3433,bus,3,-0.040139793635798934,1.0423253191191002,1.1,0.9,-787.0,5502.0,1
8,6.6,1478,1,1478,bus_3433,1478,3,-0.040139793635798934,1.0423253191191002,1.1,0.9,-787.0,5502.0,1
13,66.0,1300,1,1300,bus_4296,bus,4,0.9646846837754942,1.024117188985438,1.1,0.9,-1884.0,-2362.0,1
13,66.0,1300,1,1300,bus_4296,1300,4,0.9646846837754942,1.024117188985438,1.1,0.9,-1884.0,-2362.0,1
1,33.0,1621,1,1621,bus_1629,bus,1,-0.26935865686229876,1.0761008882860046,1.1,0.9,1875.0,1982.0,1
1,33.0,1621,1,1621,bus_1629,1621,1,-0.26935865686229876,1.0761008882860046,1.1,0.9,1875.0,1982.0,1
13,275.0,789,1,789,starbus_xf_4104_4045_4046_4,bus,4,1.0578588284124684,0.9989252108001028,1.1,0.9,-2448.0,-1623.0,1
13,275.0,789,1,789,starbus_xf_4104_4045_4046_4,789,4,1.0578588284124684,0.9989252108001028,1.1,0.9,-2448.0,-1623.0,1
14,66.0,1600,1,1600,bus_4252,bus,4,1.0428925776106088,1.0067629386824593,1.1,0.9,-1965.0,-3341.0,1
14,66.0,1600,1,1600,bus_4252,1600,4,1.0428925776106088,1.0067629386824593,1.1,0.9,-1965.0,-3341.0,1
5,22.0,820,1,820,bus_2079,bus,2,-0.0604812637658978,0.9539021785133033,1.1,0.9,-465.0,-3534.0,1
5,22.0,820,1,820,bus_2079,820,2,-0.0604812637658978,0.9539021785133033,1.1,0.9,-465.0,-3534.0,1
11,110.0,1640,1,1640,bus_3074,bus,3,-0.08365654226359978,1.0455508413444714,1.1,0.9,-451.0,2806.0,1
11,110.0,1640,1,1640,bus_3074,1640,3,-0.08365654226359978,1.0455508413444714,1.1,0.9,-451.0,2806.0,1
15,220.0,1517,1,1517,bus_5168,bus,5,-0.11772116955777844,1.0607537713963928,1.1,0.9,1771.0,-5848.0,1
15,220.0,1517,1,1517,bus_5168,1517,5,-0.11772116955777844,1.0607537713963928,1.1,0.9,1771.0,-5848.0,1
6,20.0,1853,1,1853,bus_2046,bus,2,-0.34056767467931043,1.024208327168653,1.1,0.9,1779.0,-4315.0,1
6,20.0,1853,1,1853,bus_2046,1853,2,-0.34056767467931043,1.024208327168653,1.1,0.9,1779.0,-4315.0,1
3,132.0,765,1,765,bus_1349,bus,1,-0.34558099796569647,1.0515013271446878,1.1,0.9,1492.0,-482.0,1
3,132.0,765,1,765,bus_1349,765,1,-0.34558099796569647,1.0515013271446878,1.1,0.9,1492.0,-482.0,1
7,66.0,1689,1,1689,bus_2244,bus,2,0.020027619807020232,1.100000009590809,1.1,0.9,1502.0,-4440.0,1
7,66.0,1689,1,1689,bus_2244,1689,2,0.020027619807020232,1.100000009590809,1.1,0.9,1502.0,-4440.0,1
15,13.8,1385,2,1385,bus_5006,bus,5,0.11942398909619167,1.0454662206866665,1.1,0.9,1874.0,-5702.0,1
15,13.8,1385,2,1385,bus_5006,1385,5,0.11942398909619167,1.0454662206866665,1.1,0.9,1874.0,-5702.0,1
8,132.0,1484,1,1484,bus_3258,bus,3,-0.2834881556662901,1.0380537153498852,1.1,0.9,-131.0,5997.0,1
8,132.0,1484,1,1484,bus_3258,1484,3,-0.2834881556662901,1.0380537153498852,1.1,0.9,-131.0,5997.0,1
15,110.0,1209,1,1209,bus_5055,bus,5,-0.09784915365061406,1.062810168315004,1.1,0.9,1384.0,-5883.0,1
15,110.0,1209,1,1209,bus_5055,1209,5,-0.09784915365061406,1.062810168315004,1.1,0.9,1384.0,-5883.0,1
2,15.0,662,1,662,bus_1052,bus,1,-0.1717268518860997,1.0366967119876718,1.1,0.9,771.0,602.0,1
2,15.0,662,1,662,bus_1052,662,1,-0.1717268518860997,1.0366967119876718,1.1,0.9,771.0,602.0,1
2,132.0,1564,1,1564,bus_1128,bus,1,-0.36042232810809177,1.0504383885764212,1.1,0.9,396.0,-547.0,1
2,132.0,1564,1,1564,bus_1128,1564,1,-0.36042232810809177,1.0504383885764212,1.1,0.9,396.0,-547.0,1
9,66.0,659,2,659,bus_3121,bus,3,-0.17251196217286807,1.0402800076194323,1.1,0.9,-14.0,5595.0,1
9,66.0,659,2,659,bus_3121,659,3,-0.17251196217286807,1.0402800076194323,1.1,0.9,-14.0,5595.0,1
1,66.0,1956,1,1956,starbus_xf_1617_1027_1619_2,bus,1,-0.03777300767101933,1.0285494702092532,1.1,0.9,2839.0,2850.0,1
1,66.0,1956,1,1956,starbus_xf_1617_1027_1619_2,1956,1,-0.03777300767101933,1.0285494702092532,1.1,0.9,2839.0,2850.0,1
14,275.0,358,1,358,bus_4149,bus,4,0.7890335322755946,0.9787890762553162,1.1,0.9,-1481.0,-2118.0,1
14,275.0,358,1,358,bus_4149,358,4,0.7890335322755946,0.9787890762553162,1.1,0.9,-1481.0,-2118.0,1
15,22.0,1061,1,1061,bus_5240,bus,5,-0.16282871674642652,1.0206458836274368,1.1,0.9,1925.0,-5907.0,1
15,22.0,1061,1,1061,bus_5240,1061,5,-0.16282871674642652,1.0206458836274368,1.1,0.9,1925.0,-5907.0,1
6,220.0,783,1,783,bus_2114,bus,2,-0.4531853296572611,1.047427244427049,1.1,0.9,860.0,-3472.0,1
6,220.0,783,1,783,bus_2114,783,2,-0.4531853296572611,1.047427244427049,1.1,0.9,860.0,-3472.0,1
4,330.0,541,2,541,starbus_xf_2191_2029_2030_4,bus,2,0.036474388273561545,0.9949908600102572,1.1,0.9,790.0,-1912.0,1
4,330.0,541,2,541,starbus_xf_2191_2029_2030_4,541,2,0.036474388273561545,0.9949908600102572,1.1,0.9,790.0,-1912.0,1
15,16.0,862,2,862,bus_5041,bus,5,-0.025656170193376886,1.0167840871672609,1.1,0.9,1749.0,-5712.0,1
15,16.0,862,2,862,bus_5041,862,5,-0.025656170193376886,1.0167840871672609,1.1,0.9,1749.0,-5712.0,1
13,66.0,1643,1,1643,bus_4230,bus,4,0.43397642047167,0.903709606821805,1.1,0.9,-2163.0,-830.0,1
13,66.0,1643,1,1643,bus_4230,1643,4,0.43397642047167,0.903709606821805,1.1,0.9,-2163.0,-830.0,1
4,12.5,1365,2,1365,bus_1074,bus,1,0.1615966122042589,0.965371245779661,1.1,0.9,1419.0,-1517.0,1
4,12.5,1365,2,1365,bus_1074,1365,1,0.1615966122042589,0.965371245779661,1.1,0.9,1419.0,-1517.0,1
12,132.0,234,1,234,bus_4195,bus,4,0.9664104460772573,1.0534248912821331,1.1,0.9,-2613.0,-1157.0,1
12,132.0,234,1,234,bus_4195,234,4,0.9664104460772573,1.0534248912821331,1.1,0.9,-2613.0,-1157.0,1
14,66.0,1673,1,1673,bus_4258,bus,4,1.0159302473044904,1.0023286418696917,1.1,0.9,-2137.0,-3869.0,1
14,66.0,1673,1,1673,bus_4258,1673,4,1.0159302473044904,1.0023286418696917,1.1,0.9,-2137.0,-3869.0,1
8,132.0,1878,2,1878,bus_3483,bus,3,-0.23377542200481055,1.0459063985078811,1.1,0.9,-322.0,5732.0,1
8,132.0,1878,2,1878,bus_3483,1878,3,-0.23377542200481055,1.0459063985078811,1.1,0.9,-322.0,5732.0,1
1,132.0,205,1,205,bus_1164,bus,1,-0.12130479874319865,1.0788083881422366,1.1,0.9,1958.0,2291.0,1
1,132.0,205,1,205,bus_1164,205,1,-0.12130479874319865,1.0788083881422366,1.1,0.9,1958.0,2291.0,1
15,11.0,1304,1,1304,bus_5198,bus,5,-0.15989168138384957,1.0101255966062201,1.1,0.9,1906.0,-6069.0,1
15,11.0,1304,1,1304,bus_5198,1304,5,-0.15989168138384957,1.0101255966062201,1.1,0.9,1906.0,-6069.0,1
6,220.0,1747,1,1747,bus_2122,bus,2,-0.2625138787145463,1.0332599932298012,1.1,0.9,829.0,-3277.0,1
6,220.0,1747,1,1747,bus_2122,1747,2,-0.2625138787145463,1.0332599932298012,1.1,0.9,829.0,-3277.0,1
7,66.0,298,2,298,bus_2068,bus,2,-0.3508542849019797,1.0670430807013804,1.1,0.9,1328.0,-4651.0,1
7,66.0,298,2,298,bus_2068,298,2,-0.3508542849019797,1.0670430807013804,1.1,0.9,1328.0,-4651.0,1
5,0.65,816,1,816,bus_2074,bus,2,0.1259124288195819,1.0137912743521353,1.1,0.9,-14.0,-3759.0,1
5,0.65,816,1,816,bus_2074,816,2,0.1259124288195819,1.0137912743521353,1.1,0.9,-14.0,-3759.0,1
6,66.0,927,1,927,bus_2283,bus,2,-0.3671257436045779,1.0198173039566152,1.1,0.9,132.0,-4155.0,1
6,66.0,927,1,927,bus_2283,927,2,-0.3671257436045779,1.0198173039566152,1.1,0.9,132.0,-4155.0,1
2,66.0,164,1,164,bus_1509,bus,1,-0.3248897810024858,1.0313459681781223,1.1,0.9,93.0,860.0,1
2,66.0,164,1,164,bus_1509,164,1,-0.3248897810024858,1.0313459681781223,1.1,0.9,93.0,860.0,1
15,33.0,1378,1,1378,bus_5133,bus,5,-0.14862518069862726,1.0262362673510828,1.1,0.9,1850.0,-6217.0,1
15,33.0,1378,1,1378,bus_5133,1378,5,-0.14862518069862726,1.0262362673510828,1.1,0.9,1850.0,-6217.0,1
4,16.0,380,1,380,bus_1029,bus,1,-0.09936051918309631,1.0311464908998802,1.1,0.9,1319.0,-847.0,1
4,16.0,380,1,380,bus_1029,380,1,-0.09936051918309631,1.0311464908998802,1.1,0.9,1319.0,-847.0,1
6,66.0,1203,1,1203,bus_2289,bus,2,-0.5406634697130913,1.0341213791747277,1.1,0.9,809.0,-3443.0,1
6,66.0,1203,1,1203,bus_2289,1203,2,-0.5406634697130913,1.0341213791747277,1.1,0.9,809.0,-3443.0,1
13,33.0,126,1,126,bus_4363,bus,4,1.2787727904125596,0.9906050681564106,1.1,0.9,-2757.0,-1977.0,1
13,33.0,126,1,126,bus_4363,126,4,1.2787727904125596,0.9906050681564106,1.1,0.9,-2757.0,-1977.0,1
14,132.0,226,1,226,bus_4215,bus,4,0.4949805948195266,0.947835938571247,1.1,0.9,-1229.0,-2017.0,1
14,132.0,226,1,226,bus_4215,226,4,0.4949805948195266,0.947835938571247,1.1,0.9,-1229.0,-2017.0,1
8,132.0,1230,1,1230,bus_3165,bus,3,-0.2977558034463631,1.0385282086956815,1.1,0.9,-549.0,5738.0,1
8,132.0,1230,1,1230,bus_3165,1230,3,-0.2977558034463631,1.0385282086956815,1.1,0.9,-549.0,5738.0,1
6,11.0,553,1,553,bus_2340,bus,2,-0.3282811322736795,0.9971379531306602,1.1,0.9,356.0,-3049.0,1
6,11.0,553,1,553,bus_2340,553,2,-0.3282811322736795,0.9971379531306602,1.1,0.9,356.0,-3049.0,1
8,66.0,951,1,951,bus_3071,bus,3,-0.33781623202244937,1.0206981401348854,1.1,0.9,-1007.0,6335.0,1
8,66.0,951,1,951,bus_3071,951,3,-0.33781623202244937,1.0206981401348854,1.1,0.9,-1007.0,6335.0,1
12,33.0,985,1,985,bus_4372,bus,4,1.0659150429240651,1.0430152106099846,1.1,0.9,-2924.0,-1824.0,1
12,33.0,985,1,985,bus_4372,985,4,1.0659150429240651,1.0430152106099846,1.1,0.9,-2924.0,-1824.0,1
2,500.0,2008,1,2008,bus_txf_CNSW NNSW Option 1 (500/330 kV Hub 1 upgrades)_1,bus,1,0.0,1.0,1.1,0.9,NaN,NaN,1
2,500.0,2008,1,2008,bus_txf_CNSW NNSW Option 1 (500/330 kV Hub 1 upgrades)_1,2008,1,0.0,1.0,1.1,0.9,NaN,NaN,1
11,11.0,1030,1,1030,bus_3132,bus,3,-0.32075404980476246,1.0290530387977055,1.1,0.9,-595.0,3285.0,1
11,11.0,1030,1,1030,bus_3132,1030,3,-0.32075404980476246,1.0290530387977055,1.1,0.9,-595.0,3285.0,1
3,66.0,644,1,644,bus_1538,bus,1,-0.2900164946337579,0.9796829104432029,1.1,0.9,880.0,-123.0,1
3,66.0,644,1,644,bus_1538,644,1,-0.2900164946337579,0.9796829104432029,1.1,0.9,880.0,-123.0,1
13,66.0,1776,1,1776,bus_4071,bus,4,0.9880086975304688,1.061405120998456,1.1,0.9,-1851.0,-1994.0,1
13,66.0,1776,1,1776,bus_4071,1776,4,0.9880086975304688,1.061405120998456,1.1,0.9,-1851.0,-1994.0,1
3,11.0,689,1,689,bus_1555,bus,1,-0.40318048170756887,1.023446616721662,1.1,0.9,1451.0,-458.0,1
3,11.0,689,1,689,bus_1555,689,1,-0.40318048170756887,1.023446616721662,1.1,0.9,1451.0,-458.0,1
8,66.0,1161,1,1161,bus_3046,bus,3,-0.08538300608492601,1.1000000100971563,1.1,0.9,-488.0,5391.0,1
8,66.0,1161,1,1161,bus_3046,1161,3,-0.08538300608492601,1.1000000100971563,1.1,0.9,-488.0,5391.0,1
13,132.0,1096,1,1096,bus_4212,bus,4,0.8814672283022017,0.9901377264870332,1.1,0.9,-1560.0,-1923.0,1
13,132.0,1096,1,1096,bus_4212,1096,4,0.8814672283022017,0.9901377264870332,1.1,0.9,-1560.0,-1923.0,1
2,330.0,1173,1,1173,bus_1126,bus,1,0.033815200933263935,1.0493236826675787,1.1,0.9,1335.0,1359.0,1
2,330.0,1173,1,1173,bus_1126,1173,1,0.033815200933263935,1.0493236826675787,1.1,0.9,1335.0,1359.0,1
11,10.5,1182,1,1182,bus_3464,bus,3,0.1568705381434683,0.9679155532035068,1.1,0.9,-1101.0,2924.0,1
11,10.5,1182,1,1182,bus_3464,1182,3,0.1568705381434683,0.9679155532035068,1.1,0.9,-1101.0,2924.0,1
14,11.0,1521,1,1521,bus_4439,bus,4,0.9889224944638554,1.0013380821340374,1.1,0.9,-2177.0,-3163.0,1
14,11.0,1521,1,1521,bus_4439,1521,4,0.9889224944638554,1.0013380821340374,1.1,0.9,-2177.0,-3163.0,1
8,132.0,512,1,512,starbus_xf_3629_3454_3456_2,bus,3,-0.4653742385181844,0.9263843094491417,1.1,0.9,-1363.0,6871.0,1
8,132.0,512,1,512,starbus_xf_3629_3454_3456_2,512,3,-0.4653742385181844,0.9263843094491417,1.1,0.9,-1363.0,6871.0,1
14,33.0,1371,1,1371,bus_4153,bus,4,0.39030049933340255,1.1000000106408856,1.1,0.9,-1009.0,-3162.0,1
14,33.0,1371,1,1371,bus_4153,1371,4,0.39030049933340255,1.1000000106408856,1.1,0.9,-1009.0,-3162.0,1
15,11.0,471,1,471,bus_5238,bus,5,-0.18029590183328636,1.077269683539932,1.1,0.9,1715.0,-6284.0,1
15,11.0,471,1,471,bus_5238,471,5,-0.18029590183328636,1.077269683539932,1.1,0.9,1715.0,-6284.0,1
6,66.0,493,1,493,bus_2225,bus,2,-0.47987052179724826,0.9829272382639249,1.1,0.9,341.0,-4144.0,1
6,66.0,493,1,493,bus_2225,493,2,-0.47987052179724826,0.9829272382639249,1.1,0.9,341.0,-4144.0,1
6,22.0,1390,1,1390,bus_2326,bus,2,-0.4478941967476579,1.037066920308325,1.1,0.9,672.0,-4086.0,1
6,22.0,1390,1,1390,bus_2326,1390,2,-0.4478941967476579,1.037066920308325,1.1,0.9,672.0,-4086.0,1
8,132.0,361,2,361,bus_3285,bus,3,-0.30038706322212244,1.0300400058636123,1.1,0.9,-565.0,5797.0,1
8,132.0,361,2,361,bus_3285,361,3,-0.30038706322212244,1.0300400058636123,1.1,0.9,-565.0,5797.0,1
14,0.6899999999999998,1874,1,1874,bus_4079,bus,4,0.634211806563858,1.1000000092393611,1.1,0.9,-952.0,-2920.0,1
14,0.6899999999999998,1874,1,1874,bus_4079,1874,4,0.634211806563858,1.1000000092393611,1.1,0.9,-952.0,-2920.0,1
9,132.0,1884,1,1884,bus_3054,bus,3,-0.10612942884247185,1.0626043519910244,1.1,0.9,620.0,5207.0,1
9,132.0,1884,1,1884,bus_3054,1884,3,-0.10612942884247185,1.0626043519910244,1.1,0.9,620.0,5207.0,1
4,15.75,1397,2,1397,bus_1071,bus,1,-0.08816285786954399,1.056281622430689,1.1,0.9,795.0,-1987.0,1
4,15.75,1397,2,1397,bus_1071,1397,1,-0.08816285786954399,1.056281622430689,1.1,0.9,795.0,-1987.0,1
9,20.0,1140,1,1140,bus_3588,bus,3,0.014736546325019487,1.0407853849630182,1.1,0.9,-36.0,4897.0,1
9,20.0,1140,1,1140,bus_3588,1140,3,0.014736546325019487,1.0407853849630182,1.1,0.9,-36.0,4897.0,1
2,33.0,397,1,397,bus_1526,bus,1,-0.18886898732254281,1.0477788837979827,1.1,0.9,695.0,159.0,1
2,33.0,397,1,397,bus_1526,397,1,-0.18886898732254281,1.0477788837979827,1.1,0.9,695.0,159.0,1
13,132.0,1503,1,1503,bus_4204,bus,4,0.928409250052623,1.022499312059361,1.1,0.9,-1944.0,-1667.0,1
13,132.0,1503,1,1503,bus_4204,1503,4,0.928409250052623,1.022499312059361,1.1,0.9,-1944.0,-1667.0,1
7,66.0,808,1,808,bus_2242,bus,2,-0.1575868185845766,1.0684372213415887,1.1,0.9,1398.0,-4306.0,1
7,66.0,808,1,808,bus_2242,808,2,-0.1575868185845766,1.0684372213415887,1.1,0.9,1398.0,-4306.0,1
5,15.0,1026,1,1026,bus_2026,bus,2,0.02971474571967659,0.9924945767922303,1.1,0.9,792.0,-1904.0,1
5,15.0,1026,1,1026,bus_2026,1026,2,0.02971474571967659,0.9924945767922303,1.1,0.9,792.0,-1904.0,1
13,132.0,1452,1,1452,bus_4194,bus,4,0.9546373719914629,1.0345310002596304,1.1,0.9,-2042.0,-1799.0,1
13,132.0,1452,1,1452,bus_4194,1452,4,0.9546373719914629,1.0345310002596304,1.1,0.9,-2042.0,-1799.0,1
3,132.0,4,1,4,bus_1530,bus,1,-0.3546414265864551,1.0511173027068492,1.1,0.9,952.0,-714.0,1
3,132.0,4,1,4,bus_1530,4,1,-0.3546414265864551,1.0511173027068492,1.1,0.9,952.0,-714.0,1
14,11.0,1955,1,1955,bus_4433,bus,4,0.9844158723304552,1.0003640377224274,1.1,0.9,-2221.0,-3419.0,1
14,11.0,1955,1,1955,bus_4433,1955,4,0.9844158723304552,1.0003640377224274,1.1,0.9,-2221.0,-3419.0,1
1,132.0,221,1,221,bus_1207,bus,1,-0.23051651437671627,1.0696783665713685,1.1,0.9,1327.0,1555.0,1
1,132.0,221,1,221,bus_1207,221,1,-0.23051651437671627,1.0696783665713685,1.1,0.9,1327.0,1555.0,1
15,0.6899999999999998,1357,1,1357,bus_5043,bus,5,0.02893679241648926,1.0819916087464907,1.1,0.9,2804.0,-5764.0,1
15,0.6899999999999998,1357,1,1357,bus_5043,1357,5,0.02893679241648926,1.0819916087464907,1.1,0.9,2804.0,-5764.0,1
6,66.0,1646,1,1646,bus_2295,bus,2,-0.47189878278420266,1.0367168920351215,1.1,0.9,400.0,-3956.0,1
6,66.0,1646,1,1646,bus_2295,1646,2,-0.47189878278420266,1.0367168920351215,1.1,0.9,400.0,-3956.0,1
4,11.5,210,2,210,bus_1059,bus,1,0.32535305348211513,1.1000000015890379,1.1,0.9,2213.0,-1829.0,1
4,11.5,210,2,210,bus_1059,210,1,0.32535305348211513,1.1000000015890379,1.1,0.9,2213.0,-1829.0,1
12,0.6899999999999998,750,1,750,bus_4026,bus,4,0.98694039215709,1.0143817082794764,1.1,0.9,-2919.0,-1065.0,1
12,0.6899999999999998,750,1,750,bus_4026,750,4,0.98694039215709,1.0143817082794764,1.1,0.9,-2919.0,-1065.0,1
1,66.0,1491,1,1491,bus_1599,bus,1,-0.3617986901786365,1.0257164589487764,1.1,0.9,-1094.0,1961.0,1
1,66.0,1491,1,1491,bus_1599,1491,1,-0.3617986901786365,1.0257164589487764,1.1,0.9,-1094.0,1961.0,1
3,132.0,690,1,690,bus_1282,bus,1,-0.36003538525741496,1.0496754662616752,1.1,0.9,989.0,-639.0,1
3,132.0,690,1,690,bus_1282,690,1,-0.36003538525741496,1.0496754662616752,1.1,0.9,989.0,-639.0,1
12,33.0,134,1,134,bus_4357,bus,4,1.0752835562747711,1.0552258878593572,1.1,0.9,-2980.0,-1919.0,1
12,33.0,134,1,134,bus_4357,134,4,1.0752835562747711,1.0552258878593572,1.1,0.9,-2980.0,-1919.0,1
15,110.0,133,1,133,starbus_xf_5090_5200_5201_5,bus,5,-0.11471203564264311,1.044262367631709,1.1,0.9,1708.0,-6262.0,1
15,110.0,133,1,133,starbus_xf_5090_5200_5201_5,133,5,-0.11471203564264311,1.044262367631709,1.1,0.9,1708.0,-6262.0,1
8,132.0,240,1,240,bus_3153,bus,3,-0.0399675416377509,1.0534228240909769,1.1,0.9,-520.0,5304.0,1
8,132.0,240,1,240,bus_3153,240,3,-0.0399675416377509,1.0534228240909769,1.1,0.9,-520.0,5304.0,1
7,20.0,329,2,329,bus_2093,bus,2,-0.2139884399295207,0.9958969453727307,1.1,0.9,966.0,-3987.0,1
7,20.0,329,2,329,bus_2093,329,2,-0.2139884399295207,0.9958969453727307,1.1,0.9,966.0,-3987.0,1
1,132.0,1400,1,1400,bus_1477,bus,1,-0.2063216176403489,1.0786904638026873,1.1,0.9,1237.0,1469.0,1
1,132.0,1400,1,1400,bus_1477,1400,1,-0.2063216176403489,1.0786904638026873,1.1,0.9,1237.0,1469.0,1
14,132.0,1537,1,1537,bus_4219,bus,4,0.1980507802108814,1.0194975430688877,1.1,0.9,-907.0,-2658.0,1
14,132.0,1537,1,1537,bus_4219,1537,4,0.1980507802108814,1.0194975430688877,1.1,0.9,-907.0,-2658.0,1
1,33.0,373,1,373,bus_1642,bus,1,-0.006681898113132223,1.099999971966625,1.1,0.9,1409.0,2464.0,1
1,33.0,373,1,373,bus_1642,373,1,-0.006681898113132223,1.099999971966625,1.1,0.9,1409.0,2464.0,1
15,220.0,2026,1,2026,connection T1,bus,5,0.0,1.0,1.1,0.9,NaN,NaN,1
15,220.0,2026,1,2026,connection T1,2026,5,0.0,1.0,1.1,0.9,NaN,NaN,1
12,33.0,574,1,574,bus_4365,bus,4,0.946932820695176,1.040380108996351,1.1,0.9,-2798.0,-1260.0,1
12,33.0,574,1,574,bus_4365,574,4,0.946932820695176,1.040380108996351,1.1,0.9,-2798.0,-1260.0,1
2,132.0,246,1,246,bus_1393,bus,1,-0.35429010017780477,1.0508718293325445,1.1,0.9,580.0,-475.0,1
2,132.0,246,1,246,bus_1393,246,1,-0.35429010017780477,1.0508718293325445,1.1,0.9,580.0,-475.0,1
6,66.0,466,1,466,bus_2287,bus,2,-0.4293450110923635,1.0523071158405923,1.1,0.9,927.0,-3297.0,1
6,66.0,466,1,466,bus_2287,466,2,-0.4293450110923635,1.0523071158405923,1.1,0.9,927.0,-3297.0,1
9,33.0,753,1,753,bus_3251,bus,3,-0.1106172589866647,1.0278357218933438,1.1,0.9,-1399.0,5093.0,1
9,33.0,753,1,753,bus_3251,753,3,-0.1106172589866647,1.0278357218933438,1.1,0.9,-1399.0,5093.0,1
14,33.0,560,1,560,bus_4096,bus,4,0.4371968768607294,1.0997127122136223,1.1,0.9,-929.0,-3281.0,1
14,33.0,560,1,560,bus_4096,560,4,0.4371968768607294,1.0997127122136223,1.1,0.9,-929.0,-3281.0,1
5,15.0,679,1,679,bus_2027,bus,2,0.03881137972955039,0.9952041254178184,1.1,0.9,743.0,-1962.0,1
5,15.0,679,1,679,bus_2027,679,2,0.03881137972955039,0.9952041254178184,1.1,0.9,743.0,-1962.0,1
14,275.0,375,1,375,bus_4139,bus,4,0.44584104218684023,0.9297328692034296,1.1,0.9,-952.0,-2323.0,1
14,275.0,375,1,375,bus_4139,375,4,0.44584104218684023,0.9297328692034296,1.1,0.9,-952.0,-2323.0,1
1,33.0,1637,1,1637,bus_1581,bus,1,-0.4503952646330956,1.0905487075007056,1.1,0.9,27.0,1398.0,1
1,33.0,1637,1,1637,bus_1581,1637,1,-0.4503952646330956,1.0905487075007056,1.1,0.9,27.0,1398.0,1
6,11.0,1714,1,1714,bus_2337,bus,2,-0.3113705991002599,1.0442380759420151,1.1,0.9,513.0,-3245.0,1
6,11.0,1714,1,1714,bus_2337,1714,2,-0.3113705991002599,1.0442380759420151,1.1,0.9,513.0,-3245.0,1
1,132.0,307,1,307,bus_1322,bus,1,-0.08198115796419296,1.039586998527219,1.1,0.9,1778.0,1737.0,1
1,132.0,307,1,307,bus_1322,307,1,-0.08198115796419296,1.039586998527219,1.1,0.9,1778.0,1737.0,1
15,22.0,880,1,880,bus_5180,bus,5,-0.09862696051107506,1.0522373060952208,1.1,0.9,1266.0,-5914.0,1
15,22.0,880,1,880,bus_5180,880,5,-0.09862696051107506,1.0522373060952208,1.1,0.9,1266.0,-5914.0,1
13,11.0,1773,1,1773,bus_4412,bus,4,0.9801530800090118,1.0748703503979107,1.1,0.9,-2075.0,-2656.0,1
13,11.0,1773,1,1773,bus_4412,1773,4,0.9801530800090118,1.0748703503979107,1.1,0.9,-2075.0,-2656.0,1
4,33.0,565,1,565,bus_1614,bus,1,-0.03859685413388946,1.0388107255082994,1.1,0.9,2581.0,-1815.0,1
4,33.0,565,1,565,bus_1614,565,1,-0.03859685413388946,1.0388107255082994,1.1,0.9,2581.0,-1815.0,1
6,11.0,538,1,538,bus_2341,bus,2,-0.3282811325437057,0.9971379483227709,1.1,0.9,343.0,-3061.0,1
6,11.0,538,1,538,bus_2341,538,2,-0.3282811325437057,0.9971379483227709,1.1,0.9,343.0,-3061.0,1
2,132.0,411,1,411,bus_1627,bus,1,-0.33352416777882077,1.0363600131842572,1.1,0.9,-334.0,403.0,1
2,132.0,411,1,411,bus_1627,411,1,-0.33352416777882077,1.0363600131842572,1.1,0.9,-334.0,403.0,1
14,11.0,1392,1,1392,bus_4474,bus,4,0.9523363521731856,1.0243954642775224,1.1,0.9,-1654.0,-2994.0,1
14,11.0,1392,1,1392,bus_4474,1392,4,0.9523363521731856,1.0243954642775224,1.1,0.9,-1654.0,-2994.0,1
14,132.0,1706,1,1706,bus_4218,bus,4,0.17370703411455213,1.0127279040253288,1.1,0.9,-897.0,-2567.0,1
14,132.0,1706,1,1706,bus_4218,1706,4,0.17370703411455213,1.0127279040253288,1.1,0.9,-897.0,-2567.0,1
4,66.0,1826,1,1826,starbus_xf_1587_1328_1067_1,bus,1,-0.034229203093019626,0.951509141709567,1.1,0.9,1763.0,-2399.0,1
4,66.0,1826,1,1826,starbus_xf_1587_1328_1067_1,1826,1,-0.034229203093019626,0.951509141709567,1.1,0.9,1763.0,-2399.0,1
8,132.0,1275,1,1275,bus_3190,bus,3,-0.3516880368611527,1.028825756620975,1.1,0.9,-291.0,6837.0,1
8,132.0,1275,1,1275,bus_3190,1275,3,-0.3516880368611527,1.028825756620975,1.1,0.9,-291.0,6837.0,1
2,11.0,132,1,132,bus_1086,bus,1,-0.40117297653484274,1.064462696818856,1.1,0.9,-670.0,558.0,1
2,11.0,132,1,132,bus_1086,132,1,-0.40117297653484274,1.064462696818856,1.1,0.9,-670.0,558.0,1
12,33.0,1457,1,1457,bus_4242,bus,4,0.9245716403989716,1.0511539573715396,1.1,0.9,-2580.0,-975.0,1
12,33.0,1457,1,1457,bus_4242,1457,4,0.9245716403989716,1.0511539573715396,1.1,0.9,-2580.0,-975.0,1
14,66.0,470,1,470,bus_4303,bus,4,0.9712713875080043,1.0438544945930532,1.1,0.9,-1601.0,-3239.0,1
14,66.0,470,1,470,bus_4303,470,4,0.9712713875080043,1.0438544945930532,1.1,0.9,-1601.0,-3239.0,1
3,132.0,1694,1,1694,bus_1232,bus,1,-0.33023608848219743,1.0494748311387885,1.1,0.9,1097.0,-538.0,1
3,132.0,1694,1,1694,bus_1232,1694,1,-0.33023608848219743,1.0494748311387885,1.1,0.9,1097.0,-538.0,1
4,132.0,1481,1,1481,bus_1229,bus,1,-0.11385777138280945,1.0621143417689953,1.1,0.9,1022.0,-1940.0,1
4,132.0,1481,1,1481,bus_1229,1481,1,-0.11385777138280945,1.0621143417689953,1.1,0.9,1022.0,-1940.0,1
13,275.0,800,1,800,bus_4133,bus,4,1.0342358444533748,1.04988816587539,1.1,0.9,-2072.0,-2841.0,1
13,275.0,800,1,800,bus_4133,800,4,1.0342358444533748,1.04988816587539,1.1,0.9,-2072.0,-2841.0,1
2,132.0,1040,1,1040,bus_1333,bus,1,-0.20299096238405112,1.0702547470186137,1.1,0.9,735.0,61.0,1
2,132.0,1040,1,1040,bus_1333,1040,1,-0.20299096238405112,1.0702547470186137,1.1,0.9,735.0,61.0,1
1,132.0,1893,2,1893,bus_1027,bus,1,-0.03777301017068343,1.0285495843604824,1.1,0.9,2751.0,2808.0,1
1,132.0,1893,2,1893,bus_1027,1893,1,-0.03777301017068343,1.0285495843604824,1.1,0.9,2751.0,2808.0,1
6,66.0,618,1,618,bus_2276,bus,2,-0.4733452936982139,1.0422397567690769,1.1,0.9,853.0,-3239.0,1
6,66.0,618,1,618,bus_2276,618,2,-0.4733452936982139,1.0422397567690769,1.1,0.9,853.0,-3239.0,1
2,330.0,1709,2,1709,bus_1149,bus,1,-0.1554395651878936,1.0371142775890394,1.1,0.9,721.0,682.0,1
2,330.0,1709,2,1709,bus_1149,1709,1,-0.1554395651878936,1.0371142775890394,1.1,0.9,721.0,682.0,1
2,132.0,733,1,733,bus_1240,bus,1,-0.3243035127036369,1.039969627579308,1.1,0.9,374.0,-435.0,1
2,132.0,733,1,733,bus_1240,733,1,-0.3243035127036369,1.039969627579308,1.1,0.9,374.0,-435.0,1
14,11.0,119,1,119,bus_4473,bus,4,0.8861090543363248,1.03004872449764,1.1,0.9,-1505.0,-3127.0,1
14,11.0,119,1,119,bus_4473,119,4,0.8861090543363248,1.03004872449764,1.1,0.9,-1505.0,-3127.0,1
12,0.48,839,1,839,bus_4016,bus,4,1.0799797403114855,1.0540822112067072,1.1,0.9,-3064.0,-1874.0,1
12,0.48,839,1,839,bus_4016,839,4,1.0799797403114855,1.0540822112067072,1.1,0.9,-3064.0,-1874.0,1
6,66.0,42,1,42,bus_2281,bus,2,-0.1910603829725322,1.0385461173462371,1.1,0.9,170.0,-3126.0,1
6,66.0,42,1,42,bus_2281,42,2,-0.1910603829725322,1.0385461173462371,1.1,0.9,170.0,-3126.0,1
5,220.0,28,1,28,bus_1211,bus,1,-0.05172192481319693,1.0879857865708882,1.1,0.9,698.0,-2614.0,1
5,220.0,28,1,28,bus_1211,28,1,-0.05172192481319693,1.0879857865708882,1.1,0.9,698.0,-2614.0,1
15,110.0,781,1,781,bus_5092,bus,5,-0.1208783099782196,1.0291242850729507,1.1,0.9,1797.0,-6215.0,1
15,110.0,781,1,781,bus_5092,781,5,-0.1208783099782196,1.0291242850729507,1.1,0.9,1797.0,-6215.0,1
6,220.0,381,1,381,bus_2150,bus,2,-0.3298577187407229,1.021632912714573,1.1,0.9,1692.0,-4392.0,1
6,220.0,381,1,381,bus_2150,381,2,-0.3298577187407229,1.021632912714573,1.1,0.9,1692.0,-4392.0,1
9,15.75,439,1,439,bus_3527,bus,3,0.19836294884580535,1.0262575169904857,1.1,0.9,890.0,3598.0,1
9,15.75,439,1,439,bus_3527,439,3,0.19836294884580535,1.0262575169904857,1.1,0.9,890.0,3598.0,1
15,110.0,347,1,347,bus_5071,bus,5,-0.32069845265670505,1.0579278558204834,1.1,0.9,1689.0,-5317.0,1
15,110.0,347,1,347,bus_5071,347,5,-0.32069845265670505,1.0579278558204834,1.1,0.9,1689.0,-5317.0,1
6,66.0,1670,1,1670,bus_2219,bus,2,-0.3817702210183024,1.0060839189527784,1.1,0.9,120.0,-4188.0,1
6,66.0,1670,1,1670,bus_2219,1670,2,-0.3817702210183024,1.0060839189527784,1.1,0.9,120.0,-4188.0,1
4,132.0,897,1,897,bus_1308,bus,1,-0.19028501962548,1.0463820573338398,1.1,0.9,863.0,-2112.0,1
4,132.0,897,1,897,bus_1308,897,1,-0.19028501962548,1.0463820573338398,1.1,0.9,863.0,-2112.0,1
2,15.0,290,1,290,bus_1051,bus,1,-0.17175231748658812,1.0366864380307066,1.1,0.9,776.0,532.0,1
2,15.0,290,1,290,bus_1051,290,1,-0.17175231748658812,1.0366864380307066,1.1,0.9,776.0,532.0,1
1,66.0,409,1,409,starbus_xf_1616_1027_1618_1,bus,1,-0.04502791914385214,1.0228093511140575,1.1,0.9,2761.0,2808.0,1
1,66.0,409,1,409,starbus_xf_1616_1027_1618_1,409,1,-0.04502791914385214,1.0228093511140575,1.1,0.9,2761.0,2808.0,1
8,132.0,314,1,314,bus_3245,bus,3,-0.3268053357617507,1.0351416688430102,1.1,0.9,-781.0,6365.0,1
8,132.0,314,1,314,bus_3245,314,3,-0.3268053357617507,1.0351416688430102,1.1,0.9,-781.0,6365.0,1
4,330.0,1730,1,1730,starbus_xf_1106_1167_1536_3,bus,1,-0.09564132483289253,1.0837924673433945,1.1,0.9,854.0,-2351.0,1
4,330.0,1730,1,1730,starbus_xf_1106_1167_1536_3,1730,1,-0.09564132483289253,1.0837924673433945,1.1,0.9,854.0,-2351.0,1
9,33.0,1622,1,1622,bus_3316,bus,3,-0.3353775438144535,1.0602243636477302,1.1,0.9,-428.0,4294.0,1
9,33.0,1622,1,1622,bus_3316,1622,3,-0.3353775438144535,1.0602243636477302,1.1,0.9,-428.0,4294.0,1
15,220.0,1507,1,1507,bus_5150,bus,5,-0.28993478731090694,1.0569199095041097,1.1,0.9,1704.0,-5344.0,1
15,220.0,1507,1,1507,bus_5150,1507,5,-0.28993478731090694,1.0569199095041097,1.1,0.9,1704.0,-5344.0,1
11,11.0,163,1,163,bus_3446,bus,3,-0.27339898881830177,1.007170769838067,1.1,0.9,-3.0,2553.0,1
11,11.0,163,1,163,bus_3446,163,3,-0.27339898881830177,1.007170769838067,1.1,0.9,-3.0,2553.0,1
13,275.0,1697,1,1697,bus_4115,bus,4,1.0456323996213135,1.0451109676674997,1.1,0.9,-2628.0,-1613.0,1
13,275.0,1697,1,1697,bus_4115,1697,4,1.0456323996213135,1.0451109676674997,1.1,0.9,-2628.0,-1613.0,1
6,66.0,481,1,481,bus_2243,bus,2,-0.31453441183774117,1.012429541675663,1.1,0.9,333.0,-3026.0,1
6,66.0,481,1,481,bus_2243,481,2,-0.31453441183774117,1.012429541675663,1.1,0.9,333.0,-3026.0,1
12,33.0,281,1,281,bus_4348,bus,4,1.0449225030250975,0.9169890204391425,1.1,0.9,-4001.0,-1850.0,1
12,33.0,281,1,281,bus_4348,281,4,1.0449225030250975,0.9169890204391425,1.1,0.9,-4001.0,-1850.0,1
9,66.0,847,1,847,bus_3493,bus,3,-0.2103427343406722,1.0510839058326353,1.1,0.9,102.0,5494.0,1
9,66.0,847,1,847,bus_3493,847,3,-0.2103427343406722,1.0510839058326353,1.1,0.9,102.0,5494.0,1
11,110.0,730,1,730,bus_3441,bus,3,-0.33889257841735004,1.048195753738958,1.1,0.9,-943.0,2173.0,1
11,110.0,730,1,730,bus_3441,730,3,-0.33889257841735004,1.048195753738958,1.1,0.9,-943.0,2173.0,1
15,220.0,2027,1,2027,connection T2,bus,5,0.0,1.0,1.1,0.9,NaN,NaN,1
15,220.0,2027,1,2027,connection T2,2027,5,0.0,1.0,1.1,0.9,NaN,NaN,1
4,0.6899999999999998,25,2,25,bus_1023,bus,1,0.0703806011365565,1.0992479426526927,1.1,0.9,1660.0,-1072.0,1
4,0.6899999999999998,25,2,25,bus_1023,25,1,0.0703806011365565,1.0992479426526927,1.1,0.9,1660.0,-1072.0,1
13,11.0,114,1,114,bus_4485,bus,4,0.9225662474689835,1.021005652723051,1.1,0.9,-2511.0,-2370.0,1
13,11.0,114,1,114,bus_4485,114,4,0.9225662474689835,1.021005652723051,1.1,0.9,-2511.0,-2370.0,1
14,66.0,1338,1,1338,bus_4309,bus,4,0.9672004232644515,1.041718094415535,1.1,0.9,-1668.0,-2916.0,1
14,66.0,1338,1,1338,bus_4309,1338,4,0.9672004232644515,1.041718094415535,1.1,0.9,-1668.0,-2916.0,1
15,110.0,681,1,681,bus_5123,bus,5,-0.18646751043521995,1.016933555105883,1.1,0.9,2087.0,-5684.0,1
15,110.0,681,1,681,bus_5123,681,5,-0.18646751043521995,1.016933555105883,1.1,0.9,2087.0,-5684.0,1
15,110.0,1461,1,1461,bus_5223,bus,5,-0.03909423323322408,1.0511762153956694,1.1,0.9,2091.0,-6185.0,1
15,110.0,1461,1,1461,bus_5223,1461,5,-0.03909423323322408,1.0511762153956694,1.1,0.9,2091.0,-6185.0,1
8,132.0,1816,1,1816,bus_3248,bus,3,-0.3088493657508758,1.0433352987473363,1.1,0.9,-673.0,6240.0,1
8,132.0,1816,1,1816,bus_3248,1816,3,-0.3088493657508758,1.0433352987473363,1.1,0.9,-673.0,6240.0,1
5,220.0,31,1,31,bus_1167,bus,1,-0.08919936795519867,1.0425849666554408,1.1,0.9,844.0,-2351.0,1
5,220.0,31,1,31,bus_1167,31,1,-0.08919936795519867,1.0425849666554408,1.1,0.9,844.0,-2351.0,1
9,132.0,274,1,274,bus_3634,bus,3,-0.21218023327389612,1.0642702187901196,1.1,0.9,-830.0,4261.0,1
9,132.0,274,1,274,bus_3634,274,3,-0.21218023327389612,1.0642702187901196,1.1,0.9,-830.0,4261.0,1
15,110.0,865,1,865,bus_5121,bus,5,-0.15579387720875212,1.021240929945139,1.1,0.9,1933.0,-5863.0,1
15,110.0,865,1,865,bus_5121,865,5,-0.15579387720875212,1.021240929945139,1.1,0.9,1933.0,-5863.0,1
13,66.0,888,1,888,bus_4236,bus,4,0.984132707008711,1.0235315374257128,1.1,0.9,-2396.0,-2385.0,1
13,66.0,888,1,888,bus_4236,888,4,0.984132707008711,1.0235315374257128,1.1,0.9,-2396.0,-2385.0,1
1,132.0,484,1,484,bus_1331,bus,1,-0.053555746046304024,1.06473035513081,1.1,0.9,2000.0,2110.0,1
1,132.0,484,1,484,bus_1331,484,1,-0.053555746046304024,1.06473035513081,1.1,0.9,2000.0,2110.0,1
4,330.0,986,1,986,starbus_xf_2191_2023_2024_1,bus,2,0.03361786929792451,0.9940816057363192,1.1,0.9,794.0,-1957.0,1
4,330.0,986,1,986,starbus_xf_2191_2023_2024_1,986,2,0.03361786929792451,0.9940816057363192,1.1,0.9,794.0,-1957.0,1
14,66.0,956,1,956,bus_4287,bus,4,0.9698198258416685,1.0305435038228208,1.1,0.9,-1760.0,-2851.0,1
14,66.0,956,1,956,bus_4287,956,4,0.9698198258416685,1.0305435038228208,1.1,0.9,-1760.0,-2851.0,1
4,15.4,1009,2,1009,bus_1041,bus,1,0.20402619560467142,0.9607551071699529,1.1,0.9,1354.0,-1585.0,1
4,15.4,1009,2,1009,bus_1041,1009,1,0.20402619560467142,0.9607551071699529,1.1,0.9,1354.0,-1585.0,1
12,33.0,412,1,412,bus_4347,bus,4,1.188831997478005,0.9946940418411627,1.1,0.9,-3833.0,-1851.0,1
12,33.0,412,1,412,bus_4347,412,4,1.188831997478005,0.9946940418411627,1.1,0.9,-3833.0,-1851.0,1
4,33.0,479,1,479,bus_1021,bus,1,0.07550297622968669,1.0302121029097027,1.1,0.9,2749.0,-1684.0,1
4,33.0,479,1,479,bus_1021,479,1,0.07550297622968669,1.0302121029097027,1.1,0.9,2749.0,-1684.0,1
13,66.0,352,1,352,bus_4334,bus,4,0.9677182559460834,1.0259605154977927,1.1,0.9,-1759.0,-2530.0,1
13,66.0,352,1,352,bus_4334,352,4,0.9677182559460834,1.0259605154977927,1.1,0.9,-1759.0,-2530.0,1
8,13.8,150,1,150,bus_3459,bus,3,-0.35091230980249694,1.0300165992398889,1.1,0.9,-412.0,6796.0,1
8,13.8,150,1,150,bus_3459,150,3,-0.35091230980249694,1.0300165992398889,1.1,0.9,-412.0,6796.0,1
6,33.0,1287,1,1287,bus_2006,bus,2,-0.16119031585952912,1.0651282151633477,1.1,0.9,159.0,-4273.0,1
6,33.0,1287,1,1287,bus_2006,1287,2,-0.16119031585952912,1.0651282151633477,1.1,0.9,159.0,-4273.0,1
9,132.0,1691,1,1691,bus_3117,bus,3,-0.20234384854958348,1.0629297429539857,1.1,0.9,30.0,5484.0,1
9,132.0,1691,1,1691,bus_3117,1691,3,-0.20234384854958348,1.0629297429539857,1.1,0.9,30.0,5484.0,1
15,220.0,1436,2,1436,bus_5144,bus,5,-0.1517887755538773,1.0816782857310687,1.1,0.9,2022.0,-5533.0,1
15,220.0,1436,2,1436,bus_5144,1436,5,-0.1517887755538773,1.0816782857310687,1.1,0.9,2022.0,-5533.0,1
9,110.0,1975,1,1975,bus_3019,bus,3,-0.3321618743075262,1.045467918645665,1.1,0.9,-263.0,4172.0,1
9,110.0,1975,1,1975,bus_3019,1975,3,-0.3321618743075262,1.045467918645665,1.1,0.9,-263.0,4172.0,1
4,132.0,983,1,983,bus_1311,bus,1,-0.02774922846748422,1.0623867294255378,1.1,0.9,968.0,-1737.0,1
4,132.0,983,1,983,bus_1311,983,1,-0.02774922846748422,1.0623867294255378,1.1,0.9,968.0,-1737.0,1
1,330.0,1292,1,1292,bus_1116,bus,1,-0.06794476539469592,1.0582272538280666,1.1,0.9,1984.0,2351.0,1
1,330.0,1292,1,1292,bus_1116,1292,1,-0.06794476539469592,1.0582272538280666,1.1,0.9,1984.0,2351.0,1
1,132.0,756,1,756,bus_1453,bus,1,-0.2297963492846041,1.0658908560317604,1.1,0.9,952.0,1463.0,1
1,132.0,756,1,756,bus_1453,756,1,-0.2297963492846041,1.0658908560317604,1.1,0.9,952.0,1463.0,1
1,132.0,330,1,330,bus_1273,bus,1,-0.13437256310300563,1.0768928732576466,1.1,0.9,2120.0,2328.0,1
1,132.0,330,1,330,bus_1273,330,1,-0.13437256310300563,1.0768928732576466,1.1,0.9,2120.0,2328.0,1
7,220.0,1352,1,1352,bus_2140,bus,2,-0.4754272017650374,1.0290853119969852,1.1,0.9,1017.0,-4276.0,1
7,220.0,1352,1,1352,bus_2140,1352,2,-0.4754272017650374,1.0290853119969852,1.1,0.9,1017.0,-4276.0,1
2,132.0,1455,1,1455,bus_1438,bus,1,-0.35307963775776274,1.0488805205029363,1.1,0.9,360.0,873.0,1
2,132.0,1455,1,1455,bus_1438,1455,1,-0.35307963775776274,1.0488805205029363,1.1,0.9,360.0,873.0,1
2,330.0,864,1,864,bus_1147,bus,1,-0.2218773921520016,1.0346537012659383,1.1,0.9,519.0,545.0,1
2,330.0,864,1,864,bus_1147,864,1,-0.2218773921520016,1.0346537012659383,1.1,0.9,519.0,545.0,1
7,220.0,310,1,310,bus_2121,bus,2,-0.4618827151274631,1.0293840309810427,1.1,0.9,924.0,-3962.0,1
7,220.0,310,1,310,bus_2121,310,2,-0.4618827151274631,1.0293840309810427,1.1,0.9,924.0,-3962.0,1
12,132.0,1025,1,1025,bus_4198,bus,4,0.9714025962108668,1.0584828120624081,1.1,0.9,-2700.0,-678.0,1
12,132.0,1025,1,1025,bus_4198,1025,4,0.9714025962108668,1.0584828120624081,1.1,0.9,-2700.0,-678.0,1
11,330.0,1510,1,1510,bus_3650,bus,3,0.032780488794655845,1.0722047065423839,1.1,0.9,747.0,2809.0,1
11,330.0,1510,1,1510,bus_3650,1510,3,0.032780488794655845,1.0722047065423839,1.1,0.9,747.0,2809.0,1
8,19.1,1624,1,1624,bus_3484,bus,3,-0.23088892477544212,1.0859559173794342,1.1,0.9,-352.0,5607.0,1
8,19.1,1624,1,1624,bus_3484,1624,3,-0.23088892477544212,1.0859559173794342,1.1,0.9,-352.0,5607.0,1
8,22.0,677,1,677,bus_3087,bus,3,-0.5596036932542442,1.000054773105394,1.1,0.9,-1226.0,7292.0,1
8,22.0,677,1,677,bus_3087,677,3,-0.5596036932542442,1.000054773105394,1.1,0.9,-1226.0,7292.0,1
6,0.6899999999999998,946,1,946,bus_2001,bus,2,-0.17879496446219956,1.066927196946049,1.1,0.9,32.0,-4157.0,1
6,0.6899999999999998,946,1,946,bus_2001,946,2,-0.17879496446219956,1.066927196946049,1.1,0.9,32.0,-4157.0,1
12,33.0,1324,1,1324,bus_4383,bus,4,0.9505599036507629,1.0417810728636714,1.1,0.9,-2578.0,-1258.0,1
12,33.0,1324,1,1324,bus_4383,1324,4,0.9505599036507629,1.0417810728636714,1.1,0.9,-2578.0,-1258.0,1
9,11.0,377,1,377,bus_3447,bus,3,-0.1815024605833402,1.125945210433097,1.2,0.8,-153.0,5533.0,1
9,11.0,377,1,377,bus_3447,377,3,-0.1815024605833402,1.125945210433097,1.2,0.8,-153.0,5533.0,1
1,132.0,725,1,725,bus_1392,bus,1,-0.1705562171052344,1.0697868697954822,1.1,0.9,2133.0,2144.0,1
1,132.0,725,1,725,bus_1392,725,1,-0.1705562171052344,1.0697868697954822,1.1,0.9,2133.0,2144.0,1
14,66.0,907,1,907,bus_4246,bus,4,1.0329716900843307,1.0035251782515637,1.1,0.9,-1996.0,-3550.0,1
14,66.0,907,1,907,bus_4246,907,4,1.0329716900843307,1.0035251782515637,1.1,0.9,-1996.0,-3550.0,1
9,19.5,1448,2,1448,bus_3443,bus,3,0.055277628840973814,1.0488515390600803,1.1,0.9,291.0,4591.0,1
9,19.5,1448,2,1448,bus_3443,1448,3,0.055277628840973814,1.0488515390600803,1.1,0.9,291.0,4591.0,1
11,275.0,2019,1,2019,connection Q8,bus,3,0.0,1.0,1.1,0.9,NaN,NaN,1
11,275.0,2019,1,2019,connection Q8,2019,3,0.0,1.0,1.1,0.9,NaN,NaN,1
11,11.0,585,1,585,bus_3364,bus,3,-0.4556607870760715,1.0153706682965131,1.1,0.9,554.0,3191.0,1
11,11.0,585,1,585,bus_3364,585,3,-0.4556607870760715,1.0153706682965131,1.1,0.9,554.0,3191.0,1
2,33.0,124,1,124,bus_1570,bus,1,-0.25069739762713644,1.0815686194522447,1.1,0.9,691.0,-287.0,1
2,33.0,124,1,124,bus_1570,124,1,-0.25069739762713644,1.0815686194522447,1.1,0.9,691.0,-287.0,1
15,1.0,1197,1,1197,bus_5224,bus,5,-0.13590294034500647,1.0486606884599075,1.1,0.9,1729.0,-6253.0,1
15,1.0,1197,1,1197,bus_5224,1197,5,-0.13590294034500647,1.0486606884599075,1.1,0.9,1729.0,-6253.0,1
15,22.0,939,1,939,bus_5044,bus,5,0.14348974760872693,1.0480720053716046,1.1,0.9,2792.0,-5708.0,1
15,22.0,939,1,939,bus_5044,939,5,0.14348974760872693,1.0480720053716046,1.1,0.9,2792.0,-5708.0,1
11,110.0,1330,2,1330,starbus_xf_3226_3227_3228_1,bus,3,-0.32589324993429236,1.0202411001615366,1.1,0.9,-591.0,3486.0,1
11,110.0,1330,2,1330,starbus_xf_3226_3227_3228_1,1330,3,-0.32589324993429236,1.0202411001615366,1.1,0.9,-591.0,3486.0,1
13,66.0,70,1,70,bus_4132,bus,4,0.9808728677964996,1.0192262664937854,1.1,0.9,-2547.0,-2226.0,1
13,66.0,70,1,70,bus_4132,70,4,0.9808728677964996,1.0192262664937854,1.1,0.9,-2547.0,-2226.0,1
2,330.0,1572,1,1572,bus_1150,bus,1,-0.2593131855821189,1.0432859122033895,1.1,0.9,644.0,526.0,1
2,330.0,1572,1,1572,bus_1150,1572,1,-0.2593131855821189,1.0432859122033895,1.1,0.9,644.0,526.0,1
8,66.0,1042,1,1042,bus_3076,bus,3,-0.36107667262090126,1.0427776756922158,1.1,0.9,-447.0,6840.0,1
8,66.0,1042,1,1042,bus_3076,1042,3,-0.36107667262090126,1.0427776756922158,1.1,0.9,-447.0,6840.0,1
6,22.0,1818,1,1818,bus_2320,bus,2,-0.7343970919305012,1.0242481347468095,1.1,0.9,869.0,-3729.0,1
6,22.0,1818,1,1818,bus_2320,1818,2,-0.7343970919305012,1.0242481347468095,1.1,0.9,869.0,-3729.0,1
14,66.0,1978,1,1978,bus_4317,bus,4,0.9671543652023611,1.0415534053302107,1.1,0.9,-1644.0,-2907.0,1
14,66.0,1978,1,1978,bus_4317,1978,4,0.9671543652023611,1.0415534053302107,1.1,0.9,-1644.0,-2907.0,1
5,300.0,2041,1,2041,bus_ec_t1,bus,1,0.0,1.0,1.1,0.9,NaN,NaN,1
5,300.0,2041,1,2041,bus_ec_t1,2041,1,0.0,1.0,1.1,0.9,NaN,NaN,1
11,110.0,1116,1,1116,bus_3378,bus,3,-0.32828725629256744,1.0398436743135053,1.1,0.9,78.0,2700.0,1
11,110.0,1116,1,1116,bus_3378,1116,3,-0.32828725629256744,1.0398436743135053,1.1,0.9,78.0,2700.0,1
7,20.0,1889,2,1889,bus_2095,bus,2,-0.2872316690475644,0.9872736098712123,1.1,0.9,959.0,-4023.0,1
7,20.0,1889,2,1889,bus_2095,1889,2,-0.2872316690475644,0.9872736098712123,1.1,0.9,959.0,-4023.0,1
11,110.0,1215,1,1215,bus_3058,bus,3,-0.3027466355820523,1.0476530614119484,1.1,0.9,-808.0,3419.0,1
11,110.0,1215,1,1215,bus_3058,1215,3,-0.3027466355820523,1.0476530614119484,1.1,0.9,-808.0,3419.0,1
4,66.0,903,1,903,bus_1083,bus,1,-0.030312878545180708,1.0790614071264333,1.1,0.9,989.0,-1679.0,1
4,66.0,903,1,903,bus_1083,903,1,-0.030312878545180708,1.0790614071264333,1.1,0.9,989.0,-1679.0,1
12,132.0,1869,1,1869,bus_4158,bus,4,1.0089290499721797,1.0103992559819344,1.1,0.9,-3496.0,-1689.0,1
12,132.0,1869,1,1869,bus_4158,1869,4,1.0089290499721797,1.0103992559819344,1.1,0.9,-3496.0,-1689.0,1
6,66.0,338,1,338,bus_2285,bus,2,-0.5512818795403104,1.0283572536763652,1.1,0.9,927.0,-3645.0,1
6,66.0,338,1,338,bus_2285,338,2,-0.5512818795403104,1.0283572536763652,1.1,0.9,927.0,-3645.0,1
8,66.0,198,1,198,bus_3310,bus,3,-0.3295406937229514,1.0524001419774087,1.1,0.9,-511.0,7028.0,1
8,66.0,198,1,198,bus_3310,198,3,-0.3295406937229514,1.0524001419774087,1.1,0.9,-511.0,7028.0,1
14,66.0,1234,1,1234,bus_4318,bus,4,0.967393126405609,1.045633281402117,1.1,0.9,-1715.0,-2814.0,1
14,66.0,1234,1,1234,bus_4318,1234,4,0.967393126405609,1.045633281402117,1.1,0.9,-1715.0,-2814.0,1
4,132.0,1856,1,1856,bus_1247,bus,1,-0.13511313795717161,1.0589883265490898,1.1,0.9,1128.0,-2184.0,1
4,132.0,1856,1,1856,bus_1247,1856,1,-0.13511313795717161,1.0589883265490898,1.1,0.9,1128.0,-2184.0,1
15,18.0,1123,3,1123,bus_5033,bus,5,1.2907178525270335e-32,0.9398585168372515,1.1,0.9,1409.0,-6237.0,1
15,18.0,1123,3,1123,bus_5033,1123,5,1.2907178525270335e-32,0.9398585168372515,1.1,0.9,1409.0,-6237.0,1
2,11.0,1737,1,1737,bus_1640,bus,1,-0.49022681673678836,0.9777273070699471,1.1,0.9,553.0,-564.0,1
2,11.0,1737,1,1737,bus_1640,1737,1,-0.49022681673678836,0.9777273070699471,1.1,0.9,553.0,-564.0,1
14,13.8,1927,1,1927,bus_4059,bus,4,1.2415081647992332,1.0211951161592783,1.1,0.9,-2022.0,-2689.0,1
14,13.8,1927,1,1927,bus_4059,1927,4,1.2415081647992332,1.0211951161592783,1.1,0.9,-2022.0,-2689.0,1
1,0.6899999999999998,1006,1,1006,bus_1015,bus,1,-0.05813077419523576,1.029964821558535,1.1,0.9,2802.0,2320.0,1
1,0.6899999999999998,1006,1,1006,bus_1015,1006,1,-0.05813077419523576,1.029964821558535,1.1,0.9,2802.0,2320.0,1
4,33.0,348,2,348,bus_1181,bus,1,-0.01541439469711712,1.0138957187286133,1.1,0.9,1020.0,-850.0,1
4,33.0,348,2,348,bus_1181,348,1,-0.01541439469711712,1.0138957187286133,1.1,0.9,1020.0,-850.0,1
14,66.0,1335,1,1335,bus_4275,bus,4,0.995585596688038,1.0177437947609143,1.1,0.9,-2291.0,-2954.0,1
14,66.0,1335,1,1335,bus_4275,1335,4,0.995585596688038,1.0177437947609143,1.1,0.9,-2291.0,-2954.0,1
2,500.0,1929,1,1929,starbus_xf_1099_1100_1532_10,bus,1,0.054337193949911274,1.0079604916572287,1.1,0.9,920.0,619.0,1
2,500.0,1929,1,1929,starbus_xf_1099_1100_1532_10,1929,1,0.054337193949911274,1.0079604916572287,1.1,0.9,920.0,619.0,1
9,66.0,144,1,144,bus_3032,bus,3,-0.1049924467206007,1.1000000084623829,1.1,0.9,-1167.0,5002.0,1
9,66.0,144,1,144,bus_3032,144,3,-0.1049924467206007,1.1000000084623829,1.1,0.9,-1167.0,5002.0,1
14,66.0,649,1,649,bus_4257,bus,4,1.0204581736721752,1.0019132423716164,1.1,0.9,-2063.0,-3911.0,1
14,66.0,649,1,649,bus_4257,649,4,1.0204581736721752,1.0019132423716164,1.1,0.9,-2063.0,-3911.0,1
8,66.0,1008,1,1008,bus_3113,bus,3,-0.29543267723024197,1.0641463088046523,1.1,0.9,-429.0,5934.0,1
8,66.0,1008,1,1008,bus_3113,1008,3,-0.29543267723024197,1.0641463088046523,1.1,0.9,-429.0,5934.0,1
1,66.0,271,1,271,bus_1498,bus,1,-0.3634329249335973,1.0245315127879802,1.1,0.9,-1114.0,1955.0,1
1,66.0,271,1,271,bus_1498,271,1,-0.3634329249335973,1.0245315127879802,1.1,0.9,-1114.0,1955.0,1
11,500.0,2004,1,2004,bus_txf_500 kV backbone,bus,1,0.0,1.0,1.1,0.9,NaN,NaN,1
11,500.0,2004,1,2004,bus_txf_500 kV backbone,2004,1,0.0,1.0,1.1,0.9,NaN,NaN,1
11,11.0,1416,1,1416,bus_3399,bus,3,-0.43144831361391367,1.0027403329200524,1.1,0.9,-1330.0,2075.0,1
11,11.0,1416,1,1416,bus_3399,1416,3,-0.43144831361391367,1.0027403329200524,1.1,0.9,-1330.0,2075.0,1
15,220.0,2028,1,2028,connection T3,bus,5,0.0,1.0,1.1,0.9,NaN,NaN,1
15,220.0,2028,1,2028,connection T3,2028,5,0.0,1.0,1.1,0.9,NaN,NaN,1
2,132.0,434,1,434,bus_1437,bus,1,-0.23589686676216312,1.0154709341311636,1.1,0.9,-579.0,-293.0,1
2,132.0,434,1,434,bus_1437,434,1,-0.23589686676216312,1.0154709341311636,1.1,0.9,-579.0,-293.0,1
14,11.0,604,1,604,bus_4448,bus,4,0.9691791588951154,0.9848008771087108,1.1,0.9,-2503.0,-3300.0,1
14,11.0,604,1,604,bus_4448,604,4,0.9691791588951154,0.9848008771087108,1.1,0.9,-2503.0,-3300.0,1
2,132.0,1627,1,1627,bus_1188,bus,1,-0.3395045558124802,1.0350734883428145,1.1,0.9,166.0,565.0,1
2,132.0,1627,1,1627,bus_1188,1627,1,-0.3395045558124802,1.0350734883428145,1.1,0.9,166.0,565.0,1
5,0.6899999999999998,1107,1,1107,bus_2054,bus,2,0.16627627143467058,1.0321487423529092,1.1,0.9,-309.0,-3712.0,1
5,0.6899999999999998,1107,1,1107,bus_2054,1107,2,0.16627627143467058,1.0321487423529092,1.1,0.9,-309.0,-3712.0,1
2,132.0,998,1,998,bus_1428,bus,1,-0.21742109577844285,1.051043965891738,1.1,0.9,156.0,-160.0,1
2,132.0,998,1,998,bus_1428,998,1,-0.21742109577844285,1.051043965891738,1.1,0.9,156.0,-160.0,1
9,275.0,563,2,563,bus_3558,bus,3,-0.20035251095205087,1.0770443639524594,1.1,0.9,-369.0,5466.0,1
9,275.0,563,2,563,bus_3558,563,3,-0.20035251095205087,1.0770443639524594,1.1,0.9,-369.0,5466.0,1
2,132.0,655,1,655,bus_1400,bus,1,-0.2060262600862803,1.0543865447246685,1.1,0.9,194.0,-324.0,1
2,132.0,655,1,655,bus_1400,655,1,-0.2060262600862803,1.0543865447246685,1.1,0.9,194.0,-324.0,1
11,11.0,1777,1,1777,bus_3363,bus,3,-0.4877430755961973,1.0054057965480758,1.1,0.9,540.0,3209.0,1
11,11.0,1777,1,1777,bus_3363,1777,3,-0.4877430755961973,1.0054057965480758,1.1,0.9,540.0,3209.0,1
2,132.0,1805,1,1805,bus_1212,bus,1,-0.3530782978945438,1.0510317830927647,1.1,0.9,710.0,-618.0,1
2,132.0,1805,1,1805,bus_1212,1805,1,-0.3530782978945438,1.0510317830927647,1.1,0.9,710.0,-618.0,1
6,220.0,336,2,336,bus_2168,bus,2,-0.47266379939428554,1.030672004008393,1.1,0.9,854.0,-3647.0,1
6,220.0,336,2,336,bus_2168,336,2,-0.47266379939428554,1.030672004008393,1.1,0.9,854.0,-3647.0,1
5,500.0,732,1,732,starbus_xf_2200_2196_2304_3,bus,2,-0.15798669715593827,1.024668915453111,1.1,0.9,-378.0,-2854.0,1
5,500.0,732,1,732,starbus_xf_2200_2196_2304_3,732,2,-0.15798669715593827,1.024668915453111,1.1,0.9,-378.0,-2854.0,1
13,11.5,603,1,603,bus_4028,bus,4,0.982537435644378,1.058394755079717,1.1,0.9,-2241.0,-2722.0,1
13,11.5,603,1,603,bus_4028,603,4,0.982537435644378,1.058394755079717,1.1,0.9,-2241.0,-2722.0,1
11,110.0,414,1,414,bus_3390,bus,3,-0.2694075928195167,1.051897148302163,1.1,0.9,-530.0,3163.0,1
11,110.0,414,1,414,bus_3390,414,3,-0.2694075928195167,1.051897148302163,1.1,0.9,-530.0,3163.0,1
7,220.0,710,1,710,bus_2143,bus,2,-0.3000297845628856,1.0840868875772816,1.1,0.9,1253.0,-4202.0,1
7,220.0,710,1,710,bus_2143,710,2,-0.3000297845628856,1.0840868875772816,1.1,0.9,1253.0,-4202.0,1
1,132.0,1138,1,1138,starbus_xf_1273_1572_1573_1,bus,1,-0.13550965731027995,1.0764302938360837,1.1,0.9,2203.0,2397.0,1
1,132.0,1138,1,1138,starbus_xf_1273_1572_1573_1,1138,1,-0.13550965731027995,1.0764302938360837,1.1,0.9,2203.0,2397.0,1
12,132.0,1474,1,1474,bus_4172,bus,4,0.9958832496668968,1.0290048309633637,1.1,0.9,-2715.0,-1346.0,1
12,132.0,1474,1,1474,bus_4172,1474,4,0.9958832496668968,1.0290048309633637,1.1,0.9,-2715.0,-1346.0,1
11,275.0,306,2,306,bus_3593,bus,3,-0.2006274409651271,1.0680907442464393,1.1,0.9,-113.0,3347.0,1
11,275.0,306,2,306,bus_3593,306,3,-0.2006274409651271,1.0680907442464393,1.1,0.9,-113.0,3347.0,1
