number,name,base_voltage,angle,magnitude,area,x,y
1646,bus_2295,66.0,-0.47189878278420266,1.0367168920351215,6,400,-3956
1510,bus_3650,330.0,0.032780488794655845,1.0722047065423839,11,647,2809
1714,bus_2337,11.0,-0.3113705991002599,1.0442380759420151,6,513,-3245
480,bus_4128,275.0,1.0386949127993725,1.0562111174908497,13,-1960,-2598
1498,bus_4074,33.0,0.3615287652477038,1.0602901467455363,14,-921,-2853
523,bus_3549,275.0,-0.12796642116243676,1.0536492981037135,9,-915,4345
1157,bus_1513,66.0,-0.1902807890091329,1.0740324222615927,2,710,62
1473,starbus_xf_4031_4030_4029_1,66.0,0.982537437339702,1.0503277370302675,13,-2169,-2688
1514,bus_3389,11.0,-0.4277943372315098,1.0085942632763654,11,-1451,2464
4,bus_1530,132.0,-0.3546414265864551,1.0511173027068492,3,952,-714
808,bus_2242,66.0,-0.1575868185845766,1.0684372213415887,7,1398,-4306
1368,bus_4409,11.0,0.9567127020146609,0.9987368695472454,14,-2543,-3249
103,bus_5087,110.0,-0.09464118329114479,1.0289527047520208,15,1139,-6349
914,bus_4335,66.0,1.0482339378049903,1.0103756027447486,14,-1901,-3129
253,bus_4171,132.0,0.9976959698073836,1.028262203181441,12,-2650,-1357
1288,bus_2332,22.0,-0.16685671669131266,1.0407330255308427,5,765,-2329
680,bus_2176,220.0,-0.34825902546632137,1.0215965530292193,6,204,-3789
1576,bus_4384,33.0,1.026449460322582,1.0676307710309239,13,-2774,-1830
996,bus_4403,11.0,0.7385792263340076,1.0124499049339921,12,-3248,-1756
958,bus_5122,110.0,-0.18826024900070848,1.0116493817519834,15,507,-5712
1689,bus_2244,66.0,0.020027619807020232,1.100000009590809,7,1502,-4440
330,bus_1273,132.0,-0.13437256310300563,1.0768928732576466,1,2120,2328
331,starbus_xf_4160_4097_4400_2,132.0,1.0694624662951846,0.9958607104358492,12,-3689,-1737
1773,bus_4412,11.0,0.9801530800090118,1.0748703503979107,13,-2075,-2656
1789,bus_4057,15.0,1.0425040610494496,0.9998354674169005,14,-2100,-3196
1352,bus_2140,220.0,-0.4754272017650374,1.0290853119969852,7,1017,-4276
1649,bus_1080,12.5,0.1992647187513402,1.02419,4,1435,-1548
63,bus_1179,132.0,-0.1317282013205184,1.0943207795242897,2,398,-61
250,bus_4338,66.0,0.9764090413402703,1.0641055110695983,13,-1897,-2008
256,bus_1539,11.0,-0.23666870570559925,1.0482826699121668,2,71,-177
522,bus_5215,22.0,-0.2323759978381291,0.9952019650462117,15,711,-5677
1419,bus_5037,16.0,-0.004914471439896548,0.98842,15,1044,-5875
1173,bus_1126,330.0,0.033815200933263935,1.0493236826675787,2,1335,1359
1484,bus_3258,132.0,-0.2834881556662901,1.0380537153498852,8,-631,5997
1761,bus_3482,132.0,-0.03992991585420854,1.0533398588730423,8,-982,5236
1797,bus_2147,220.0,-0.41464654161569,1.0304514729526635,6,693,-3618
1810,bus_2292,66.0,-0.41373805159533317,1.025184470378807,6,682,-4013
377,bus_3447,11.0,-0.1815024605833402,1.125945210433097,9,-653,5533
524,bus_3026,33.0,-0.06138101470381067,1.0359480199103097,9,180,3842
1234,bus_4318,66.0,0.967393126405609,1.045633281402117,14,-1715,-2814
936,bus_1173,132.0,-0.0692042013424446,1.00407,1,2300,2524
401,bus_5210,11.0,-0.12953013370048436,1.0205207962256524,15,712,-6485
591,bus_3280,132.0,-0.06951324920797174,1.06298,9,631,4333
534,bus_5128,110.0,0.00723872775414968,1.0656922024435915,15,1903,-5666
809,bus_4125,275.0,1.0234101201995776,1.0535568265683382,13,-2074,-2389
714,bus_3108,132.0,-0.2821613527940783,1.0344986467366872,8,-693,5928
318,bus_1076,12.5,0.06364837926043761,0.9874435990761949,4,1462,-1510
341,starbus_xf_1121_1123_1634_6,500.0,-0.07890111916819356,1.0065009245403722,2,715,112
1276,bus_1401,132.0,-0.3135417955347496,1.0510819687919006,2,311,234
1553,starbus_xf_3633_3514_3513_4,110.0,-0.39686486758216977,1.047765433008076,11,-1147,2506
1656,bus_4454,11.0,0.9454453270591394,1.0058209515924423,13,-2158,-2672
1343,bus_1532,33.0,0.054337193949911274,1.0537768776416483,2,899,491
1129,bus_1373,132.0,-0.3454849401276775,1.0531420820519946,3,1380,-431
367,bus_1519,11.0,-0.23495426892187282,1.0864337179736328,2,-62,-589
1780,bus_4276,66.0,0.9769358022991873,1.0227060216853843,13,-2075,-2558
1850,bus_5233,11.0,0.07145827571793897,1.01403,15,769,-6046
241,bus_3024,132.0,-0.03861944463385232,1.066921175907334,9,120,3768
1395,bus_2058,0.6899999999999998,0.09397083863751539,1.07694,5,-267,-3784
532,bus_1093,330.0,-0.21074201642209472,1.0519109370979751,2,703,45
805,bus_1225,132.0,0.05224162271527472,1.084868938718883,4,2666,-1661
1478,bus_3433,6.6,-0.040139793635798934,1.0423253191191002,8,-1287,5502
1586,bus_4460,11.0,0.8757662119443571,0.9848909693451816,14,-1886,-2512
1040,bus_1333,132.0,-0.20299096238405112,1.0702547470186137,2,735,61
1788,bus_2129,220.0,-0.17367800907450845,1.0799437918915316,5,165,-3371
854,bus_1006,11.0,-0.012928325476661921,1.066907133909997,2,762,864
1803,bus_4041,10.5,1.0578588283753159,0.9989252148529868,13,-2457,-1657
689,bus_1555,11.0,-0.40318048170756887,1.023446616721662,3,1451,-458
207,starbus_xf_1092_1093_1525_1,500.0,-0.20565533583280374,1.00445983109828,2,703,257
536,bus_3294,33.0,-0.35012952609054016,0.9433155657404575,8,-1125,6585
836,starbus_xf_3413_3415_3414_1,110.0,-0.379412473243292,1.0566187267415068,11,-187,2958
1031,bus_4419,11.0,0.9439905329058542,0.9835151413326954,13,-2569,-2611
247,bus_4049,0.6899999999999998,1.0854410871570286,1.0973457462448664,12,-2992,-1827
995,bus_3560,275.0,-0.17499869710401758,1.0536492981037135,11,-587,3475
715,bus_4197,132.0,0.9568911712406211,1.0563080960677163,12,-2609,-831
725,bus_1392,132.0,-0.1705562171052344,1.0697868697954822,1,2133,2144
1667,bus_1215,132.0,-0.335699027146074,1.0465973636721804,3,876,-435
1739,bus_2002,0.6899999999999998,-0.14923854493509897,1.0429335522671483,6,51,-4179
695,bus_2264,66.0,-0.5310052520380627,1.0009618672279372,7,1031,-3962
1670,bus_2219,66.0,-0.3817702210183024,1.0060839189527784,6,120,-4188
52,bus_1034,22.0,0.1384340997697464,0.97349,2,1244,1161
43,bus_3304,11.0,-0.41780057446326463,1.011449648783798,11,138,3156
921,bus_1127,132.0,-0.36148917410793807,1.0505367591707802,2,433,-576
1126,bus_5061,110.0,-0.1652110307372224,1.0617945991497972,15,1590,-5552
326,bus_3010,132.0,-0.24859414887949116,1.0543770831916222,9,-1345,4055
128,bus_2236,66.0,-0.4137977576279976,1.0270394971207684,6,324,-3947
875,bus_4339,66.0,0.9694798669928884,1.0511932704677116,14,-1757,-2733
1804,bus_4443,11.0,0.938794949087011,1.0070137111258584,14,-2318,-3521
1921,bus_2325,10.5,-0.19844402156706506,1.02592,6,967,-3314
790,starbus_xf_2191_2031_2022_5,330.0,0.029714745671309883,0.9924945772719457,4,740,-1889
891,bus_4300,66.0,0.970992885212525,1.0444535829960078,14,-1720,-2576
1880,bus_5045,1.0,0.23148416227233248,1.07274,15,2045,-5746
1219,bus_3656,19.0,0.11429167201232711,1.0051,11,422,2892
1692,bus_2060,11.5,0.16655249266901545,0.97517,6,1089,-3056
1403,starbus_xf_4220_4074_4499_5,132.0,0.34752042189645793,1.0589788058523955,14,-898,-2745
152,bus_4083,1.0,0.4371781915363631,0.98213,14,-908,-3252
1002,bus_4340,33.0,0.19675904725284143,0.9823117627833036,14,-1008,-2283
1547,bus_3002,132.0,-0.30299812811186555,1.0536492981037135,8,-1218,5893
173,bus_4043,9.5,1.0578588289453734,0.9989252067458285,13,-2428,-1596
584,bus_1365,132.0,-0.05737207266147681,1.0923210251514859,4,816,-1464
1997,bus_4442,11.0,0.9507698401758328,0.9983484953796996,14,-2244,-3630
283,bus_1222,220.0,-0.021370994924286627,1.0794645535019138,5,559,-2881
659,bus_3121,66.0,-0.17251196217286807,1.06298,9,-514,5595
672,bus_1221,132.0,-0.34507022496036965,1.0537315637342075,3,1237,-445
1104,bus_3287,132.0,-0.11379629733590782,1.0684765934677112,10,1311,4487
1579,bus_2189,220.0,-0.4054479604562484,1.0331340120551904,6,399,-3860
1762,bus_3550,275.0,-0.02776920427130424,1.070907043422534,9,-918,4796
1454,bus_2040,15.75,-0.17408045069843847,0.98898,6,440,-4194
1825,bus_5202,11.0,-0.17773893851206218,1.0399313826453287,15,941,-6397
262,bus_5119,110.0,-0.18661942015784996,1.017017398459917,15,1073,-5646
1723,bus_5177,33.0,-0.1674309106215729,1.0355363317031145,15,981,-6261
878,bus_2034,10.5,-0.3000297833818742,0.9695676810462458,7,1337,-4187
1524,bus_4051,0.6899999999999998,0.9943442488037907,1.09411,12,-3008,-349
1275,bus_3190,132.0,-0.3516880368611527,1.028825756620975,8,-791,6837
763,starbus_xf_3302_3304_3303_2,110.0,-0.37033655332349025,1.0235316634420446,11,66,3102
940,bus_4461,11.0,0.832815469615814,0.9814683939946915,13,-2012,-2461
829,bus_3267,66.0,-0.29336252918946637,1.0643538802823609,8,-972,7187
1589,bus_1544,33.0,0.03025923089237701,1.1244877595322023,2,1393,1164
1483,bus_1350,132.0,-0.34567505600414683,1.0503509092011698,3,1684,-523
432,bus_5059,110.0,-0.07137832225962654,1.0707207414411477,15,1761,-5608
489,bus_4356,33.0,1.020808491894561,0.9372266497476018,12,-3940,-1763
767,bus_1142,330.0,-0.006681898698238588,1.027,1,1349,2391
1100,bus_2187,220.0,-0.27382739858321536,1.0887409736822922,7,1189,-3799
313,bus_2013,11.0,-0.13144655979011519,0.9749812417894894,6,1038,-2962
498,bus_1535,66.0,-0.14241362407223804,1.0602679032043847,1,2018,2379
11,bus_3213,110.0,0.01335277232210524,1.0245658064948024,11,-1492,2904
1348,bus_2063,20.0,-0.26257469972969955,0.99413,5,-101,-3147
1401,bus_3270,66.0,-0.35708951095350144,1.0405884841495994,8,-1045,6993
1716,bus_3626,132.0,-0.32295254417779357,0.9729757217770073,8,-1435,6262
434,bus_1437,132.0,-0.23589686676216312,1.0154709341311636,2,-579,-293
1969,bus_5182,22.0,-0.11045125678335292,1.0586441064236127,15,569,-5783
833,bus_5065,110.0,-0.19080392870792817,1.0488907452953955,15,1501,-5533
1188,bus_1506,11.0,-0.1402170306234193,1.086073078545694,4,615,-1182
1441,bus_1378,132.0,-0.22008927307200604,1.0479232900729052,2,-457,-330
396,starbus_xf_3486_3561_3487_1,132.0,-0.33344131872361227,0.9959589682928488,8,-1211,6608
1505,bus_3498,132.0,-0.00563186210621269,1.0435269792169,9,-96,3624
1103,bus_2252,66.0,-0.48547527381827343,1.0449263406708102,6,416,-4320
676,bus_3410,11.0,-0.42318831941385343,1.0127758660117587,11,-1267,3530
350,bus_3206,33.0,-0.34896079972868715,1.0241602949192083,11,-1033,3534
1120,bus_3387,11.0,-0.42512933833553324,1.0167159727168484,11,-1456,2485
1231,bus_3283,66.0,-0.35869489270832006,1.0428883302973562,8,-997,6898
148,bus_4390,33.0,0.4670591012454421,0.9696992786743013,14,-1258,-2001
1621,bus_1629,33.0,-0.26935865686229876,1.0761008882860046,1,1875,1982
1476,bus_2307,22.0,-0.4053684144567718,1.0485497073096393,7,1400,-4609
1820,bus_3043,11.8,-0.02423992980145559,1.0578380634889795,9,94,5061
98,bus_2029,15.0,0.036474388273561545,0.9949908600102572,5,780,-1912
1009,bus_1041,15.4,0.20402619560467142,0.98186,4,1354,-1585
600,bus_2125,220.0,-0.29284412679544114,1.050101011763338,6,504,-3172
1640,bus_3074,110.0,-0.08365654226359978,1.0455508413444714,11,-951,2806
771,bus_1416,132.0,-0.01942541242273349,1.0644562307209076,2,1700,1483
358,bus_4149,275.0,0.7890335322755946,0.9787890762553162,14,-1481,-2118
1423,bus_1460,132.0,-0.34611904610049204,1.0533202388320215,3,1113,-471
965,bus_3332,132.0,-0.5565083506297367,0.9988842370763368,8,-2094,6974
1300,bus_4296,66.0,0.9646846837754942,1.024117188985438,13,-1884,-2362
231,bus_2096,66.0,-0.15300653889846536,1.1204130049304288,6,144,-4164
1611,starbus_xf_4109_4357_4358_1,275.0,1.034801060838919,1.0423351373891172,13,-2836,-1815
430,bus_5237,33.0,-0.14524976218832056,1.0056914665382886,15,963,-6343
1968,bus_4457,11.0,0.900417063961352,1.1000000109401415,13,-2087,-2335
1252,bus_3409,11.0,-0.4356637931424246,1.0204799087425325,11,-1280,3508
1953,bus_1597,66.0,-0.36054541280713154,1.0269001582733583,1,-1096,1993
1004,bus_2202,500.0,-0.3298566772989217,1.0726186674619618,7,721,-4255
930,bus_3652,330.0,0.033676408172052925,1.0618566570681693,11,228,2866
764,bus_1463,132.0,-0.20339221302098018,1.0541648276891316,2,703,849
1225,bus_4231,66.0,0.993303854787057,1.0157419732417814,14,-2402,-3075
48,bus_3615,275.0,-0.025526222709618678,1.0805926920813815,10,621,3932
694,bus_2306,22.0,-0.32828114498723365,0.99713819329672,6,339,-3574
948,bus_2303,22.0,-0.1554617201189107,1.0232136878299782,5,-404,-2893
593,bus_1550,66.0,-0.14669117444673851,1.0659701129033894,2,322,-48
1577,bus_4435,11.0,0.9468121511349322,0.9991787654874151,14,-2180,-3969
344,bus_1482,66.0,-0.10382412493787474,1.0495925418034815,4,860,-1643
597,bus_4427,7.6,1.0442839602492215,0.9862347108876687,14,-1900,-3493
614,bus_2146,220.0,-0.408047643810458,1.038004369321867,6,464,-3836
395,bus_4081,1.0,0.3901684870043044,1.01253,14,-993,-3168
543,bus_1395,132.0,-0.1844006293298655,1.0437897320488903,4,951,-2174
1671,bus_3623,110.0,-0.31243602522921154,1.0467699237451642,11,-816,3268
753,bus_3251,33.0,-0.1106172589866647,1.0278357218933438,9,-1899,5093
538,bus_2341,11.0,-0.3282811325437057,0.9971379483227709,6,343,-3661
717,bus_2309,22.0,-0.4085077672818551,1.0479816971478035,7,1443,-4803
105,bus_4170,132.0,0.9944450830509841,1.049199747093307,12,-3108,-1515
1081,bus_1259,132.0,-0.32064964035036975,1.0362076293436453,2,-164,-511
1316,bus_3203,110.0,-0.2970508546099401,1.051363422175372,11,-995,3510
1728,bus_2257,66.0,-0.2372236842444684,0.9762170623155074,6,869,-2937
1381,bus_3438,15.75,0.05835624335844587,0.9907885278760761,9,371,3639
1520,bus_2334,11.0,-0.1678126587040918,1.0184814007896574,5,791,-2400
1256,bus_5039,16.0,-0.02683638117617177,0.98837,15,910,-5711
1966,bus_2268,33.0,0.048959761093281234,1.0402092872830264,5,10,-3687
1006,bus_1015,0.6899999999999998,-0.05813077419523576,1.029964821558535,1,2802,2320
1793,bus_2015,11.0,-0.26241763833244286,1.00988,6,857,-3331
1899,bus_2262,66.0,-0.37631662860395104,1.059727136520149,7,1307,-4462
782,bus_3422,15.75,0.1179176205187348,1.04914557496337,9,-963,4900
3,bus_1000,0.55,-0.23497822060587395,1.0865732187277566,2,-238,-725
70,bus_4132,66.0,0.9808728677964996,1.0192262664937854,13,-2547,-2226
1344,starbus_xf_1148_1077_1078_3,330.0,0.06931618130963282,1.0331962162321786,4,1369,-1490
1951,bus_3474,33.0,-0.3430158325111653,1.0352721299068113,11,-1309,2283
1835,bus_1480,132.0,-0.08816285729835258,1.0655397428790028,4,858,-1966
125,bus_3567,275.0,-0.23927620371260575,1.0536492981037135,11,-813,3546
1357,bus_5043,0.6899999999999998,0.02893679241648926,1.0819916087464907,15,2004,-5764
1512,bus_3016,33.0,-0.127939600634207,1.1000000102287633,11,-931,2995
89,bus_5235,11.0,0.05610031398974717,1.001014745914048,15,437,-6122
233,bus_4490,11.0,0.9351822963288106,0.9955058679097312,13,-2624,-2161
1830,bus_3191,22.0,-0.425908903665939,1.0319539244722866,8,-1368,7212
1960,bus_1075,12.5,0.17848589672760026,0.97025,4,1455,-1491
887,bus_3035,66.0,-0.23971378121175727,1.0604970162095158,9,-1309,4480
572,bus_3273,132.0,-0.13902989964422174,1.03192,9,-22,5394
482,bus_3440,15.75,0.059650018488744544,0.9945460459261974,9,338,3632
26,bus_4168,132.0,0.9919924829132608,1.0519500807160378,12,-3294,-1435
418,bus_5072,110.0,-0.3244461791471252,1.0567422256828354,15,819,-5329
1720,bus_1502,66.0,-0.2927313377444217,1.0423080837177041,2,178,981
1877,bus_1139,132.0,-0.17168932518283503,1.045569616396981,4,1042,-2200
629,bus_4428,7.6,1.0210884793524804,0.968052808324212,14,-2072,-3582
1428,bus_4014,0.48,1.0752835562575214,1.0562163832109068,12,-3051,-1943
641,bus_4480,11.0,0.9611393788739885,1.0409933885350295,13,-1918,-1872
445,bus_2267,33.0,0.05713108276915896,1.0630054509549345,5,-2,-3673
143,bus_3519,110.0,-0.2799859192439419,1.0612453115322213,11,-885,3246
1531,bus_4337,66.0,0.9820596005672675,1.0218569087055434,13,-2440,-2336
1027,starbus_xf_2195_2293_2332_2,330.0,-0.1425992666519089,1.0271059308525954,5,713,-2244
1631,bus_3029,33.0,-0.31231082007294564,1.043750708525167,9,-1272,4174
1766,bus_1114,330.0,-0.09936052013578894,1.0311465188063351,4,1232,-816
494,bus_5231,11.0,0.06575938403276756,0.98153,15,748,-6038
731,bus_5120,22.0,-0.23889897789494388,1.1000000102199836,15,1056,-5668
1474,bus_4172,132.0,0.9958832496668968,1.0290048309633637,12,-2715,-1346
130,bus_1002,23.0,-3.167305654940399e-30,1.01556,2,752,809
1133,bus_1568,66.0,-0.23999744851333368,1.0827462115916742,2,3,-187
1569,bus_4157,132.0,0.9856042324651146,1.007553979352179,12,-3501,-1584
1119,bus_1036,22.0,0.14713804834114708,0.93205,2,1257,1143
1988,bus_3011,33.0,-0.2810907340898768,1.0099361116414798,9,-1396,4072
1719,bus_1118,330.0,0.07562057907539745,1.0337184759326778,4,1300,-1557
1117,bus_3485,19.1,-0.22996669914056989,1.0856581676774977,8,-837,5608
1637,bus_1581,33.0,-0.4503952646330956,1.0905487075007056,1,27,1398
768,bus_1269,132.0,-0.3474715464508724,1.0520431580125975,3,1296,-332
1078,bus_2032,10.5,-0.30002978327695284,0.9695676818519525,7,1337,-4214
1247,starbus_xf_2145_2243_2306_1,220.0,-0.3125390654565408,1.0117572224393336,6,326,-3443
620,bus_2099,132.0,-0.26702488855593687,1.0345418605850494,6,198,-3943
304,bus_1318,33.0,-0.21566888015709176,1.0343668854255956,5,671,-2297
972,bus_1418,132.0,-0.23168356872496354,1.0345751374444259,2,-396,-263
1111,bus_1404,132.0,-0.2781440724070406,1.034263363501135,3,1160,345
102,bus_5187,22.0,-0.21289746840947027,1.0367219582281293,15,1632,-5585
246,bus_1393,132.0,-0.35429010017780477,1.0508718293325445,2,580,-475
678,bus_3012,11.0,-0.27962233487021665,1.0389294453712068,9,-1453,4074
813,bus_1244,132.0,-0.3605634339996651,1.0506680240217805,2,482,-493
1412,bus_1243,132.0,-0.3564994404360187,1.0513581762861812,2,658,-372
320,bus_3328,11.0,-0.44969368898170065,1.0032366433000615,11,-1388,2149
946,bus_2001,0.6899999999999998,-0.17879496446219956,1.066927196946049,6,32,-4157
23,bus_4467,11.0,0.9314068546626756,1.0229433629142866,14,-1686,-3006
407,bus_4193,132.0,0.9480262822242156,1.028142832194623,13,-2249,-1373
1010,bus_3189,132.0,-0.4192916495594614,1.0206649884414536,8,-1369,7106
1264,bus_4455,11.0,0.9152687812251721,1.0020168830862644,14,-1789,-2936
1879,bus_4477,11.0,0.9266323936488243,1.0513660925174404,13,-1971,-2187
199,bus_3150,132.0,-0.1623269994413086,1.0634501920138026,9,10,5394
815,bus_5068,110.0,-0.13516347756873417,1.0414933291409048,15,383,-5832
1581,bus_4437,11.0,0.9448079848133509,0.9889306276811655,14,-2164,-4133
365,bus_1529,132.0,-0.3463975352703034,1.050446067498993,3,1191,-613
517,starbus_xf_4166_4356_4492_4,132.0,1.0217272252390357,0.9383964168498145,12,-3848,-1764
1182,bus_3464,10.5,0.1568705381434683,0.9679155532035068,11,-1601,2924
1497,bus_2347,33.0,-0.24997931967834294,0.9954329258483137,5,-389,-3223
1168,bus_2169,220.0,-0.22395292857463298,1.0376979591526743,6,629,-2952
1442,bus_1607,33.0,-0.057691479196472696,0.9789011743757856,1,2576,2235
780,bus_3140,132.0,-0.3351913365305376,1.0254212055615413,8,-1156,6759
1627,bus_1188,132.0,-0.3395045558124802,1.0350734883428145,2,166,565
1591,bus_2111,220.0,-0.4137380524245212,1.025184495356206,6,540,-4107
905,bus_4468,11.0,0.9309729714153729,1.026455371508473,14,-1452,-3242
447,bus_2343,33.0,0.0950307034272265,1.0217695948651504,5,-249,-3683
973,bus_3154,11.0,0.14654350561234852,1.073493882640691,10,631,4150
631,bus_4498,11.0,0.342329095243217,1.0674487627970477,14,-914,-2821
1430,starbus_xf_3359_3360_3361_2,110.0,-0.3493709395284632,1.0137479120453343,11,-1519,3506
1506,bus_3311,110.0,-0.3007208654312588,1.0599800178192336,9,-668,4073
171,bus_4472,11.0,0.9331449546207711,1.022381209982492,14,-1519,-3336
876,bus_1218,110.0,-0.32213799854352465,1.0494523263951645,1,-52,1424
1236,bus_4046,10.5,1.0578588284124684,0.9989252108001028,13,-2458,-1623
1973,bus_4241,66.0,0.9861696958093464,1.0250177376913059,13,-2313,-2476
1828,bus_3179,11.0,-0.4526180640095952,1.0184393846552173,11,-1336,2364
1551,bus_4107,275.0,1.0174742349122765,1.0403632930073323,13,-2794,-1647
497,bus_1481,132.0,-0.08776010699519754,1.0699238994977236,4,894,-1579
1610,bus_4135,275.0,0.9968354469274332,1.0526616336980938,13,-1965,-2388
1540,bus_3237,110.0,-0.3341487403637394,1.06298,9,-472,4285
1639,bus_3463,10.5,-0.06656990358191123,0.9854364647727193,8,-928,7430
93,bus_3094,132.0,-0.5402970853932636,1.0006709572074781,8,-1895,6824
1813,bus_5103,110.0,-0.11631195532986936,1.0278241149202663,15,796,-6353
1289,bus_3587,20.0,0.01548152207256198,1.0400142109683075,9,-557,4889
1295,bus_3274,132.0,-0.14019024715022288,1.0548124760062194,9,-68,5301
1684,bus_4243,66.0,1.0499265437365715,1.0068971706698608,14,-1970,-3309
1513,bus_1100,330.0,0.05227586015460014,1.0513100880147348,2,910,619
645,bus_2237,66.0,-0.4526825094609728,1.02797832703565,6,336,-3883
1845,bus_1003,23.0,-0.0261051592729974,1.02626,2,769,804
393,bus_4143,275.0,1.0190060654478543,1.0509295267899381,13,-2306,-1996
292,bus_1004,23.0,0.11834689385563403,0.999,2,687,561
599,starbus_xf_2191_2020_2021_7,330.0,0.02951394064350419,0.9990258493550974,4,740,-1889
165,bus_3569,275.0,-0.11320358848478372,1.0848001547752268,9,-704,5136
8,bus_1611,11.0,-0.20761041617491907,1.0606212457309643,1,2223,2165
273,bus_3264,15.0,0.17326495126379937,1.089410984352306,9,-1446,4647
1467,bus_1522,33.0,-0.4505764106250911,1.0897421072089215,1,-24,1461
1920,bus_5214,22.0,-0.12629765125043332,1.0192157557982253,15,1122,-6320
646,bus_5050,110.0,-0.09625036557151075,1.0644790909754962,15,765,-5745
701,bus_5114,110.0,-0.12603057958236819,1.031161841620135,15,1075,-5837
555,bus_1044,23.0,0.07520503436512395,0.99894,2,551,47
196,bus_1226,132.0,-0.08981007195538197,1.0515673433718449,1,1876,1777
1817,bus_1564,33.0,0.024443296330466165,1.0417064754977208,4,1563,-1055
1942,bus_5018,13.2,-0.15972733727403046,1.05271,15,860,-5378
352,bus_4334,66.0,0.9677182559460834,1.0259605154977927,13,-1759,-2530
1098,bus_2249,66.0,-0.5051769695387883,1.0365096221813683,6,472,-3932
831,starbus_xf_1296_1504_1505_2,132.0,-0.14105941499737995,1.086434804344482,4,629,-1107
40,bus_2350,11.0,-0.047327684074326165,1.0865270324523177,5,216,-3308
1099,bus_1648,66.0,-0.15589908763268479,1.0477679901682777,1,2236,2578
1346,bus_4462,66.0,0.8328154758567191,0.9937365567589419,13,-2055,-2496
300,bus_3107,66.0,-0.07550001066172593,1.0584627392208437,8,-1049,5444
1499,bus_1284,132.0,-0.37077502925141165,1.0474740539474259,2,295,758
1382,bus_3067,132.0,-0.35164125571507604,1.0303654957364246,8,-937,6566
1123,bus_5033,18.0,1.2907178525270335e-32,0.9492,15,609,-6237
1097,bus_2310,22.0,-0.37138878590532026,1.0291680739401403,7,1429,-4466
1909,bus_1024,0.6899999999999998,0.077230778058378,1.07705,4,1660,-1046
1757,starbus_xf_4220_4394_4497_1,132.0,0.2648732698416799,1.0573893457083343,14,-898,-2745
1544,bus_1025,0.6899999999999998,0.054478526429513036,1.08759,4,1612,-1106
1083,bus_2016,11.0,-0.26060820830071113,1.0122,6,845,-3349
1629,bus_2278,66.0,-0.5379532010737931,1.06298,7,1051,-3940
1116,bus_3378,110.0,-0.32828725629256744,1.0398436743135053,11,-422,2700
392,bus_4024,0.6899999999999998,1.2565091594234374,1.01544,12,-3059,-1328
184,bus_4027,11.5,0.98253743562289,0.98064,13,-2243,-2743
573,bus_3060,132.0,-0.11086162282300452,1.0653552519080292,9,11,5168
994,bus_4292,66.0,1.0104655210420763,1.0128544670191284,14,-2134,-3081
45,bus_3453,11.0,-0.4676461359546967,0.94245,8,-1945,6842
1405,bus_1486,132.0,-0.3456259784062632,1.0510489896399962,3,1527,-552
970,bus_1274,132.0,-0.0410959804115646,1.0874911502715803,4,925,-1481
913,bus_3540,132.0,-0.11037384958492917,1.073319206756403,9,1432,4487
1198,starbus_xf_3483_3558_3484_3,132.0,-0.23088892477544212,1.0536492981037135,8,-822,5732
563,bus_3558,275.0,-0.20035251095205087,1.0556265742422064,9,-869,5466
212,bus_2241,66.0,-0.5496438514687718,1.0663940175966231,7,1104,-4052
1545,bus_2321,22.0,-0.47266379776521755,1.0708279513393728,6,880,-3719
472,bus_1163,132.0,-0.34477784763141583,1.051518018050615,3,1359,-538
842,bus_5030,11.0,0.0625431407571313,0.96138,15,1311,-6355
215,bus_3180,132.0,-0.5136136818039341,1.0097701103487726,8,-1556,7407
254,bus_3005,66.0,-0.4436951692917139,1.0556492370173847,8,-1475,6850
1287,bus_2006,33.0,-0.16119031585952912,1.0651282151633477,6,159,-4273
223,bus_1656,33.0,-0.40089969753441584,1.008604060629085,2,-607,496
1223,bus_3617,275.0,-0.0819526202286598,1.0757284129183189,10,1122,4261
1502,bus_3324,110.0,-0.33194109574776665,1.049288308891645,11,-1281,2170
232,bus_5209,11.0,-0.138783764125954,1.0372129835585238,15,677,-6458
413,bus_5199,11.0,-0.1479853246193425,1.0178338986605968,15,1131,-6078
1340,bus_4398,33.0,0.9379529906466125,0.9460924977227494,12,-3482,-1608
692,bus_2190,330.0,-0.10446675056256104,1.041585196335417,5,736,-2406
1782,bus_4429,11.0,0.9837348796786265,0.9851555017625567,14,-1987,-3446
228,bus_3448,11.0,-0.5173020080575416,1.005618625428871,8,-1867,7466
1816,bus_3248,132.0,-0.3088493657508758,1.0433352987473363,8,-1173,6240
1844,bus_3478,132.0,-0.305280303173545,1.058357009780909,9,-1071,4053
986,starbus_xf_2191_2023_2024_1,330.0,0.03361786929792451,1.06298,4,740,-1889
1860,bus_1253,132.0,-0.33458383942689623,1.0576635028763088,2,244,419
1263,bus_1177,132.0,-0.12229685258103734,1.045409488214635,4,723,-891
1750,bus_4494,11.0,0.43636805745270846,0.9047517410448648,13,-2185,-816
390,bus_2314,22.0,-0.30383879254200485,1.0007698695604335,5,-424,-3362
1318,bus_1067,11.0,-0.03246653452398903,0.95234626069625,4,1761,-2378
100,bus_2290,66.0,-0.5113281051426164,1.0211216474265565,6,810,-3479
774,bus_4029,11.5,0.9825374357111575,0.97347,13,-2227,-2760
1983,bus_3439,15.75,0.05788057141948324,0.9908113512489721,9,377,3571
492,bus_1077,12.5,0.06931618130963282,1.0331962162321786,4,1438,-1461
505,bus_3536,132.0,-0.10059709829192066,1.0726470782443558,10,1025,4232
1136,bus_5213,22.0,-0.1654919447065816,1.0485166620457698,15,1161,-6181
799,bus_3404,110.0,-0.32756088750390355,1.05236308766553,11,-1277,2249
1991,bus_4162,132.0,1.0444142010189568,0.9486355828991629,12,-3933,-1814
967,bus_1332,132.0,-0.15185974088798707,1.0752808983721969,2,639,19
1024,bus_3033,6.6,-0.0932026304442662,1.0590205495691767,9,-1500,5135
299,bus_3007,33.0,-0.02262544148075608,1.0227452794609087,11,-1409,2892
1331,bus_2197,66.0,-0.5645756980518023,1.02830406738766,7,888,-4181
874,bus_1377,132.0,-0.2188293652239042,1.048420930743431,2,-466,-304
495,bus_3106,132.0,-0.050318599664842714,1.0496841974887638,8,-1021,5352
1998,bus_3500,66.0,-0.01212377227948167,1.0599832124773159,9,-139,3745
1657,bus_4466,11.0,0.9676905542194989,1.0654838590683953,14,-1915,-2749
794,bus_4166,132.0,1.0416928123469902,0.954027067520788,12,-3848,-1764
642,bus_4031,66.0,0.982537437853312,1.01428437,13,-2169,-2688
932,bus_3173,132.0,-0.21362297170992217,1.064295624205293,9,-1258,4095
518,bus_4040,13.2,1.0578588284278863,0.9989252074066408,13,-2466,-1680
661,starbus_xf_1090_1091_1523_9,500.0,-0.10734641853537592,0.9892780195299725,2,714,507
1174,bus_3489,19.1,-0.3173164943294993,0.9944273720849907,8,-1252,6502
453,bus_5196,22.0,-0.07889732412241265,1.067628642471234,15,1288,-6358
1560,bus_2022,15.0,0.029714745671309883,0.9924945772719457,5,769,-1980
1901,bus_1321,132.0,-0.3333619374425046,1.0363881380459672,2,-293,402
1071,bus_5127,110.0,-0.3191701840826492,1.0598109422245139,15,708,-5350
1265,bus_1255,132.0,-0.06259535028869284,1.0568131467813322,4,1977,-1315
1539,bus_2181,220.0,-0.41047749144996215,1.0284092086505043,6,803,-3560
962,bus_2286,66.0,-0.09682609504482018,1.0568252993408611,5,275,-3385
255,bus_1058,21.0,0.10811865867325812,0.98801,3,1202,-890
1363,bus_1112,330.0,-0.239922803799608,1.0445303645537916,3,795,-151
1691,bus_3117,132.0,-0.20234384854958348,1.0629297429539857,9,-470,5484
229,bus_2136,220.0,-0.3723325586636918,1.0165520878347776,7,900,-4034
934,starbus_xf_3177_3179_3178_2,110.0,-0.3581058653949922,1.0420325892957096,11,-1249,2385
55,starbus_xf_3486_3561_3489_3,132.0,-0.3173164943294993,0.9944273720849907,8,-1211,6608
1623,starbus_xf_2200_2196_2305_2,500.0,-0.15409228351883517,1.0231766941565994,5,-277,-2958
1281,bus_5086,110.0,-0.03944275476454993,1.051525458785351,15,1461,-6328
1324,bus_4383,33.0,0.9505599036507629,1.0417810728636714,12,-2578,-1258
1194,bus_5186,22.0,-0.124161504297685,1.0740947820683253,15,1731,-5633
136,bus_5099,110.0,-0.13280182365045212,1.0236148955566364,15,1379,-6154
797,bus_3319,110.0,-0.2971285461118336,1.0621934003248379,9,-611,4070
1124,starbus_xf_3362_3364_3363_1,110.0,-0.3691069708691198,1.06298,11,-17,3141
1564,bus_1128,132.0,-0.36042232810809177,1.0504383885764212,2,396,-547
1929,starbus_xf_1099_1100_1532_10,500.0,0.054337193949911274,1.0079604916572287,2,825,368
857,bus_4206,132.0,0.9070490963692684,1.0092456165308783,13,-1840,-1583
380,bus_1029,16.0,-0.09936051918309631,1.0311464908998802,4,1319,-847
1970,bus_1345,132.0,-0.15708308102926433,1.072890627041469,2,708,82
1735,bus_5140,220.0,-0.03883545209740679,1.1000000041805902,15,976,-5663
1444,bus_3242,132.0,-0.2651033327115655,1.0560832294802565,8,-803,5828
118,bus_4400,11.0,1.0707694569165644,0.9681902290184919,12,-3762,-1734
1152,bus_1560,66.0,-0.1623987948825538,1.0538016036734532,2,473,-20
969,bus_3434,15.0,0.17545371729879372,1.0474321414081182,10,619,3536
1613,bus_3188,66.0,-0.2323915608446887,1.0197796354141044,9,-1432,4432
1008,bus_3113,66.0,-0.29543267723024197,1.0641463088046523,8,-929,5934
1683,starbus_xf_4104_4043_4044_3,275.0,1.0578588289453734,0.9989252067458285,13,-2402,-1656
1961,bus_3056,110.0,-0.11623264070174388,1.035337764804086,11,-996,2948
1216,bus_3419,15.75,-0.05676083991800423,1.0801,9,-1444,4973
865,bus_5121,110.0,-0.15579387720875212,1.021240929945139,15,1133,-5863
561,bus_3017,110.0,-0.3260726260658006,1.048103357981525,9,-742,4092
1121,bus_4422,11.0,0.9103496214012685,0.9901901513211792,13,-2467,-2697
27,bus_2293,66.0,-0.14277589570925006,1.0270381226653544,4,779,-2299
202,bus_3335,11.0,-0.546480331678523,1.0098142645382675,11,52,3029
515,bus_3068,132.0,-0.3512812251017765,1.0297266963201006,8,-1018,6497
1304,bus_5198,11.0,-0.15989168138384957,1.0101255966062201,15,1106,-6069
39,bus_2179,220.0,-0.07820535763474876,1.0806756945492382,5,280,-3311
1521,bus_4439,11.0,0.9889224944638554,1.0013380821340374,14,-2177,-3163
1943,starbus_xf_4257_4379_4434_3,66.0,1.0192374688933177,0.9890090314021385,14,-2063,-3911
1291,bus_3518,132.0,-0.3031748976012003,1.0417387838644785,8,-1155,6151
270,bus_4226,66.0,1.0425130817173016,1.0121135255806009,14,-2009,-3012
1342,bus_1252,132.0,-0.31466633263231186,1.0496105488866538,3,875,144
1073,bus_5218,22.0,-0.21187244838322553,1.0160062090659687,15,1292,-5726
307,bus_1322,132.0,-0.08198115796419296,1.039586998527219,1,1778,1737
847,bus_3493,66.0,-0.2103427343406722,1.0510839058326353,9,-398,5494
1048,bus_2075,0.65,0.12141718487435398,1.0536715246467276,5,-33,-3732
535,bus_2105,220.0,-0.3216407682288247,1.0446811005842624,6,264,-3628
688,bus_5222,11.0,-0.12509837270928373,1.0709525808787619,15,546,-6661
33,bus_4210,132.0,0.843764031304218,0.9756478861167076,13,-1444,-1776
1768,bus_1224,132.0,-0.31073137190486444,1.0491895923002144,2,515,156
1957,bus_3215,11.0,-0.3893610448224911,0.986112187327449,8,-1170,6962
758,bus_1158,330.0,-0.035388699194157124,1.047238776246006,4,1136,-1159
280,bus_4117,275.0,0.9953587318476333,1.0585945060804445,13,-2144,-1797
1939,bus_1317,132.0,-0.16753203017844573,1.0803731424613823,4,816,-2090
317,bus_5034,6.6,-0.14473939680386697,1.009992652425121,15,929,-5929
1015,bus_5070,110.0,-0.3189297041618565,1.0597874705048207,15,778,-5332
1563,bus_3606,275.0,-0.18074752089239934,1.0893490550900609,9,-992,4175
574,bus_4365,33.0,0.946932820695176,1.040380108996351,12,-2798,-1260
502,bus_3570,275.0,-0.26100074259654454,1.0631334766979443,11,-465,3045
968,bus_1109,330.0,0.004049622081316998,1.027,1,1063,2437
1861,bus_1475,132.0,-0.06674285461186588,1.0560510635867362,4,2136,-1462
1302,bus_4156,132.0,0.9912064685051387,1.0150036664155435,12,-3361,-1633
1896,starbus_xf_3231_3644_3645_2,110.0,-0.29804710714602456,1.0346916410675122,11,-1064,3231
274,bus_3634,132.0,-0.21218023327389612,1.0642702187901196,9,-1330,4261
912,bus_3070,33.0,-0.3156871124779273,1.0476863577552626,8,-696,6159
1005,bus_2346,33.0,-0.2502141326496319,0.9953864443885309,5,-392,-3198
769,bus_1050,15.0,-0.17183198551325368,1.036604106344159,2,788,582
49,starbus_xf_1430_1502_1542_1,132.0,-0.2915837372065172,1.0427877309712505,2,243,911
795,bus_1347,132.0,-0.06699516559382872,1.0111386792028951,1,2504,2612
747,bus_2081,22.0,-0.06390098840935213,0.9539872186477829,5,-490,-3510
1543,bus_3103,66.0,-0.2674386256036301,1.0579478648993492,9,-1510,4330
1345,bus_1496,132.0,-0.22865093636499476,1.0490014635702751,2,531,970
242,bus_1595,66.0,-0.10543092503265653,1.032639388032671,1,2865,2748
1329,bus_1647,11.0,-0.4207943980077583,1.06298,2,-170,484
1811,bus_3401,66.0,-0.3609493506350176,1.0420128034583607,8,-896,6940
1322,bus_1455,132.0,-0.34684733730034334,1.049623823105755,2,438,792
141,bus_5060,110.0,-0.10294791397658118,1.0634906592100215,15,1696,-5591
1407,bus_4048,33.0,1.090392902449551,1.0441677341999633,13,-2481,-1600
1603,bus_3013,11.0,-0.2941831159423512,1.0357977325129881,9,-1406,4123
1898,bus_4038,66.0,0.9836521077075935,1.0227210926830632,13,-2644,-2675
75,bus_5221,22.0,-0.18943589950368417,1.0221913776607936,15,1131,-5961
306,bus_3593,275.0,-0.2006274409651271,1.0610454520109465,11,-613,3347
463,bus_1069,15.75,-0.088162857873609,1.06298,4,794,-2014
1725,bus_3403,33.0,-0.3711461638376941,1.01176511254292,11,-17,3237
1707,bus_5004,13.8,0.11471798221641306,0.98803,15,1010,-5711
683,bus_3282,132.0,-0.1077535586935086,1.070866352940668,10,1072,4315
172,bus_3217,132.0,-0.02560363239139693,1.080837605594399,9,116,5044
1082,bus_2246,33.0,0.16407220535441847,0.9829,7,1510,-4562
589,bus_2055,0.6899999999999998,0.1584532389258912,1.07291,5,-314,-3692
1394,bus_4369,33.0,1.1831792599613575,1.012816720795193,12,-2988,-1353
398,bus_2067,11.0,-0.3000297824420486,1.0840868173042306,7,1245,-3952
1663,bus_3526,15.75,0.20095367959608085,0.98381,9,389,3622
500,bus_1152,330.0,-0.09172756932722813,1.0505892997593202,2,679,-116
738,starbus_xf_3413_3415_3414_2,110.0,-0.38475836779545747,1.0547457801739775,11,-187,2958
710,bus_2143,220.0,-0.3000297845628856,1.0840868875772816,7,1253,-4202
1255,bus_3202,66.0,-0.2649940016476668,1.009955548197449,8,-751,6043
691,bus_4080,0.6899999999999998,0.45218329377288874,1.0726602370386111,14,-969,-3162
1248,bus_1587,66.0,-0.12251305276303887,1.0521536082578358,4,1681,-2347
1386,bus_1039,15.4,0.1863921871100299,0.97805,4,1345,-1629
16,bus_2349,33.0,-0.25109280597054734,0.9951710382183326,5,-382,-3237
826,bus_3586,20.0,0.014141088853714675,1.0414030159368908,9,-576,4901
1989,bus_1575,33.0,-0.3883891666300858,1.0446171200010699,3,1044,-449
657,bus_2139,132.0,0.20590625143977495,1.092728662732128,4,1136,-1803
205,bus_1164,132.0,-0.12130479874319865,1.0788083881422366,1,1958,2291
305,bus_3425,20.0,0.14542358101252637,1.07021276112892,9,-271,3717
861,bus_4500,33.0,0.9283677405908641,1.0644170433559361,12,-2424,-1109
188,bus_3167,132.0,-0.2293002210125996,1.0458174687720876,9,-673,5521
1043,bus_5184,11.0,-0.09894098139801742,1.0635548928830572,15,565,-5918
170,bus_1189,132.0,-0.32658829402484385,1.0491512002520478,2,732,-450
1882,bus_4064,16.0,1.2813075338459194,1.01184,14,-1778,-2620
1434,bus_3505,33.0,-0.3665935429753687,0.994897557379825,11,-444,2787
1058,bus_1061,132.0,-0.01643488376615046,1.0655296844739026,4,970,-1623
1378,bus_5133,33.0,-0.14862518069862726,1.0262362673510828,15,1050,-6217
437,bus_4178,132.0,0.8287984767363081,0.993587910813598,13,-2148,-1243
467,bus_3138,10.5,-0.12109128928684862,1.0259055633432086,9,528,4209
473,bus_1508,66.0,-0.23928525625099129,1.050627003456809,4,373,-902
1251,bus_4432,7.6,1.0219293350097283,0.9739456924418505,14,-2306,-3822
554,bus_1650,33.0,-0.1789070050248438,1.0770808307337452,4,911,-2041
1855,bus_1140,330.0,-0.25880976868315786,1.04751461269572,2,828,-241
651,bus_2056,0.6899999999999998,0.19627658092565406,1.07773,5,-297,-3716
658,bus_3053,66.0,-0.04045457219400257,1.0821388704230634,9,233,5132
80,bus_3340,110.0,-0.35285150197389575,1.0345568331003645,11,-843,2502
850,bus_3160,132.0,-0.23997248264631194,1.0545887406010024,8,-782,5815
95,bus_4138,275.0,0.4616275162100701,0.9307584558905165,14,-955,-2336
1162,bus_5131,110.0,-0.12549708212271232,1.0283890427151448,15,1251,-6104
204,bus_4261,66.0,0.9749228198544762,1.0449602915231289,14,-1550,-3288
888,bus_4236,66.0,0.984132707008711,1.0235315374257128,13,-2396,-2385
346,bus_5174,6.6,-0.13756866159180983,0.9971532951341309,15,1161,-6383
699,bus_1293,132.0,-0.026124031709639076,1.0748945987065717,4,2279,-1561
399,bus_1507,66.0,-0.24266996028110832,1.0398592271142382,4,814,-2288
1468,bus_4268,66.0,1.010882771605736,1.006226232136439,14,-2189,-3543
1012,bus_3584,275.0,-0.441972297324485,1.0536492981037135,8,-1503,6658
261,bus_4114,275.0,1.1469414624149383,1.0327436676843895,13,-2627,-1902
353,bus_1619,11.0,-0.037773007671019314,1.065951269125953,1,2832,2870
57,bus_1602,33.0,0.026757069226575957,1.1198126053507267,2,1770,1218
1956,starbus_xf_1617_1027_1619_2,66.0,-0.03777300767101933,1.0285494702092532,1,2829,2850
696,bus_1527,66.0,-0.06703057600618142,1.0705147984052932,1,1873,2274
15,starbus_xf_4160_4097_4401_1,132.0,1.0694001100538109,0.9961527504591549,12,-3689,-1737
617,bus_1246,132.0,-0.3595026209900812,1.0506324777000964,2,459,-475
1447,bus_1593,132.0,-0.06520822313142344,1.0260608380920184,1,2977,2908
1433,bus_2030,15.0,0.12814272019801135,0.96361,5,769,-1904
112,bus_5101,110.0,-0.1170001399030742,1.0271869016938635,15,715,-6409
607,bus_4188,132.0,0.9869403536030001,1.0385336766945379,12,-2750,-1191
1792,bus_2018,17.0,0.029714745751537798,0.9924945752841418,5,786,-1878
1971,bus_1205,132.0,-0.15197677827898076,1.071966265280852,2,141,-289
1094,bus_4097,66.0,1.0686998214278993,0.9969356959542462,12,-3742,-1731
311,bus_2205,500.0,-0.21698025664238196,1.0052346400048493,5,-357,-3142
900,bus_2160,220.0,-0.3581924973040241,1.0394778047335511,6,325,-3872
47,bus_2207,500.0,-0.3607619935671586,1.0628131502887084,6,729,-3348
201,bus_3230,33.0,-0.3524813477434561,1.0225745987551327,11,-639,3166
1690,bus_5155,220.0,-0.08928081389675672,1.0551151338680296,15,814,-6003
781,bus_5092,110.0,-0.1208783099782196,1.0291242850729507,15,997,-6215
1178,bus_4272,66.0,1.0003842266771867,1.0185065085189273,14,-2315,-3045
1439,bus_3088,132.0,-0.5174261322662729,1.0078148818397268,8,-1732,7269
1436,bus_5144,220.0,-0.1517887755538773,1.01403,15,1222,-5533
64,bus_1371,132.0,-0.3355215844546573,1.0445307386160738,2,683,-534
416,bus_3604,275.0,-0.017636589025987776,1.0720741302873895,9,-1080,4673
1424,starbus_xf_3362_3364_3363_2,110.0,-0.3776120622927099,1.0437851965277212,11,-17,3141
674,bus_1585,33.0,-0.33894340812606266,1.01922329114646,2,107,881
679,bus_2027,15.0,0.03881137972955039,0.9952041254178184,5,743,-1962
1149,bus_5104,110.0,-0.11957916178998815,1.0239558177965575,15,745,-6429
1,bus_4150,275.0,1.0039294171512556,1.057048956277603,13,-2282,-1835
499,bus_3051,132.0,-0.030637873247334378,1.0736983958747839,9,159,5054
1608,bus_1613,66.0,0.027486856710323762,1.0336329143092806,1,2144,1943
1865,bus_1383,33.0,0.019903915892048145,1.0115252359208755,4,407,-1151
732,starbus_xf_2200_2196_2304_3,500.0,-0.15798669715593827,1.024668915453111,5,-277,-2958
1341,bus_1478,132.0,-0.3544728069213809,1.0508617417520452,2,597,-481
21,bus_1304,132.0,-0.6076111973944772,1.073001075665729,11,-1185,2158
1905,bus_1288,132.0,-0.07402189806346848,1.0516896969241094,4,2161,-1359
760,bus_1154,330.0,-0.03700088617678546,1.0367633553061375,4,1751,-1387
1984,bus_4417,11.0,0.9210495451395182,0.9870553293671948,13,-2522,-2247
1053,bus_2291,66.0,-0.517605537531158,0.97713,6,669,-4017
1238,bus_4449,11.0,0.9819403747506963,1.0090634170595274,14,-2474,-3131
929,bus_4312,66.0,0.9677908415974872,1.04209136045144,14,-1586,-2960
746,bus_2266,66.0,-0.006166360829369292,1.0393487072276604,5,42,-3609
1045,bus_4481,11.0,0.9790558125223305,1.0527514542395937,13,-1853,-2061
759,bus_4342,66.0,0.9682459019047382,1.04364942196358,14,-1640,-2952
243,bus_1066,330.0,-0.25983816582967306,1.027,2,679,322
977,bus_1638,66.0,-0.31037432710355056,1.091312329872269,1,1531,1700
1878,bus_3483,132.0,-0.23377542200481055,1.0536492981037135,8,-822,5732
387,bus_4484,11.0,1.0135152795688023,0.9893536681460219,14,-1910,-3215
146,bus_5159,220.0,-0.08052053218018608,1.0516535725927663,15,614,-6127
1000,bus_4183,132.0,0.98697856720662,1.038400619418652,12,-2652,-1307
1108,bus_1249,132.0,-0.1301059274575416,1.0585682295398733,4,1098,-2068
1518,bus_4413,11.0,0.9803277960689896,1.0744404084584398,13,-2093,-2592
1504,bus_1338,132.0,-0.3376503382165787,1.0443125997813845,2,787,-513
314,bus_3245,132.0,-0.3268053357617507,1.0351416688430102,8,-1281,6365
66,bus_5062,110.0,-0.16645925580534726,1.0610931970107178,15,1689,-5561
822,bus_1038,15.4,0.2052554034274704,0.97897,4,1364,-1619
566,bus_5005,13.8,0.1118890133203961,0.98282,15,957,-5707
5,bus_5143,220.0,-0.07246587651234816,1.093081832864612,15,1008,-5612
282,bus_1364,132.0,-0.2520656324481088,1.0688791150283514,1,985,1738
567,starbus_xf_3516_3584_3517_1,132.0,-0.46200512996743737,1.043552227268378,8,-1736,6747
776,bus_1341,132.0,-0.35781117353783387,1.0472194238396284,2,294,913
961,bus_2003,13.8,0.13238098508347237,0.97085,6,992,-3064
1228,bus_4034,11.5,0.9836521052337581,0.96603,13,-2703,-2725
488,bus_4447,11.0,0.9472802254135347,1.0040770002282486,14,-2408,-3221
1431,bus_1346,132.0,-0.2782743044369765,1.0346409919817283,3,1167,325
1892,bus_1043,15.4,0.20872544334504617,0.98556,4,1324,-1614
1936,bus_3651,132.0,0.01835687898938841,1.0645421748216641,11,721,2854
726,bus_3609,275.0,0.04426284747369286,1.0822533690090148,10,516,3511
1014,bus_3081,22.0,-0.479141684689617,1.048500818337563,8,-1452,7139
853,bus_3145,22.0,-0.5702060145654388,0.8890719524105792,8,-1616,7306
1151,bus_5102,110.0,-0.1162282949593965,1.027277917610787,15,790,-6368
1946,bus_5207,22.0,-0.13873575523694587,1.0226505115696247,15,1425,-6195
1702,bus_2048,11.5,-0.32985771764567345,0.9772140620462898,6,549,-4447
182,bus_1651,66.0,-0.3548290263927442,1.0310615374212455,1,-1124,2030
36,starbus_xf_4038_4035_4036_2,66.0,0.9836521072195525,0.9737113997408027,13,-2644,-2675
943,bus_1320,132.0,-0.33977979082571025,1.0469402147230493,3,1005,-407
894,bus_1557,11.0,-0.3240776128960599,1.0395680090532622,1,844,1491
356,bus_1102,330.0,-0.022273878885440274,1.0441417322900985,4,1404,-1052
290,bus_1051,15.0,-0.17175231748658812,1.0366864380307066,2,776,532
1074,bus_3331,22.0,-0.585374808847904,1.0089151429001928,8,-1691,7364
634,bus_2107,220.0,-0.05931959505358338,1.07761803927027,6,955,-3011
285,bus_1432,132.0,-0.20977587278003046,1.0541750306641333,2,403,-107
1949,starbus_xf_3333_3336_3335_1,110.0,-0.38596667888075686,1.0440549498554348,11,-26,3018
310,bus_2121,220.0,-0.4618827151274631,1.0293840309810427,7,924,-3962
992,bus_4228,66.0,0.7238271980298471,0.9753058538824124,13,-2150,-1130
1033,bus_4065,16.0,1.2606823874361304,1.00877,14,-1769,-2584
336,bus_2168,220.0,-0.47266379939428554,1.06298,6,854,-3647
150,bus_3459,13.8,-0.35091230980249694,1.0300165992398889,8,-912,6796
415,bus_5096,33.0,-0.12345184994977336,1.1000000105160872,15,656,-6456
127,bus_4326,66.0,1.04250725421976,1.0121578222105163,14,-2067,-3191
577,bus_4223,132.0,0.9939545028771918,1.0169805438048474,12,-3363,-1658
1320,bus_3259,132.0,-0.35012952823954757,1.025855703871981,8,-1099,6377
1414,bus_1576,33.0,-0.3988898141780324,1.0494376321241956,4,861,-757
194,bus_3241,132.0,-0.24197741687788935,1.057991394548808,8,-826,5825
354,bus_1344,132.0,-0.34579864441912406,1.0522266456629525,3,1490,-430
551,bus_2271,66.0,-0.04595621570943355,1.0995148033036208,5,238,-3228
733,bus_1240,132.0,-0.3243035127036369,1.039969627579308,2,374,-435
281,bus_4348,33.0,1.0449225030250975,0.9169890204391425,12,-4001,-1850
1239,starbus_xf_3134_3135_3136_1,110.0,-0.3964711138308709,1.0469824328225819,11,-1006,2471
1889,bus_2095,20.0,-0.2872316690475644,0.98956,7,959,-4023
1167,bus_2004,13.8,0.164484547572157,0.9712,6,997,-3037
1864,bus_2035,10.5,-0.3000968148696459,0.9694976974396085,7,1317,-4224
1919,bus_2355,165.0,0.4061276590461376,0.9242757979141755,13,-1806,-942
325,starbus_xf_5090_5200_5201_6,110.0,-0.11566538369655495,1.053979664882791,15,898,-6262
1918,bus_2230,66.0,-0.45118977374587876,1.0072607088300463,6,308,-4195
1416,bus_3399,11.0,-0.43144831361391367,1.0027403329200524,11,-1830,2075
1996,bus_3156,11.0,-0.043560980051380496,1.0083570203626548,10,571,4159
1369,bus_3300,132.0,-0.11625861146462271,1.0703003313912975,10,1342,4456
1977,bus_3357,110.0,-0.3357729165154154,1.0473791179011127,11,-274,3142
1211,bus_3214,110.0,-0.007646122054452157,1.0288189856803815,11,-1137,2866
1365,bus_1074,12.5,0.1615966122042589,0.96354,4,1419,-1517
1907,bus_2092,20.0,-0.19462069287073497,0.99185,7,1230,-3851
719,bus_1238,132.0,0.17299246243765617,1.0699856073119436,4,1931,-1833
1146,bus_2191,330.0,0.029714745652925142,1.040615526705547,5,740,-1889
1529,bus_2336,22.0,-0.39585487603582326,0.9842859914859093,7,936,-4019
1566,bus_5197,22.0,-0.04097472764225782,1.0537106562457295,15,1485,-6382
1863,bus_1572,66.0,-0.13812334353198957,1.0767856010868533,1,2213,2386
1270,bus_2255,66.0,-0.35818359199444055,1.0508522017709232,7,1320,-4352
1250,bus_2269,66.0,0.21806584592456493,1.0734714258336564,6,94,-4418
1709,bus_1149,330.0,-0.1554395651878936,1.025077786,2,721,682
1854,bus_5241,6.6,-0.1527652776329509,1.0271967271636382,15,1162,-6405
219,bus_2250,66.0,-0.40804764325712917,1.0586479797021409,6,460,-3926
477,bus_5217,22.0,-0.20956546931766487,1.0409812122103743,15,413,-5730
363,bus_1155,330.0,-0.09901860515804009,1.0468755876733495,2,368,-101
1415,bus_2059,0.6899999999999998,0.26917878071562923,1.08353,5,-275,-3768
1668,bus_2044,21.0,-0.34072544958095236,1.01171,6,676,-4257
1985,bus_1616,66.0,-0.045027917563793214,1.0125812335645505,1,2815,2889
1240,bus_4126,132.0,0.9457938470959635,1.0507462818685074,12,-2594,-940
1280,bus_2077,220.0,-0.2538261926077382,1.0090128600449058,5,-409,-3284
1113,bus_1267,132.0,0.011015602901133263,1.0714597174579557,4,1034,-1680
81,starbus_xf_3359_3360_3361_3,110.0,-0.3384004677191405,1.045518538332595,11,-1519,3506
149,bus_1310,132.0,-0.21637290058969916,1.0504664360178961,4,431,-841
1964,bus_4274,66.0,0.9941902154430667,1.015440129862922,14,-2439,-3222
1567,bus_4314,66.0,0.9706896289514179,1.0426147337532827,14,-1522,-3231
343,bus_1103,330.0,-0.02349809903081908,1.0406343683645485,4,1446,-1310
339,bus_3127,66.0,-0.10059709746675956,1.0829021277251283,10,1094,4307
1418,bus_4251,66.0,1.0312946944578931,1.0014779113108678,14,-2185,-3693
76,bus_4053,15.75,1.1436202662366215,0.99759,14,-1976,-2688
373,bus_1642,33.0,-0.006681898113132223,1.099999971966625,1,1409,2464
1166,bus_2070,11.0,-0.3508542821846271,1.067043014188034,7,1345,-4754
1056,bus_3490,275.0,-0.06931740289935495,1.0636915724750553,11,-422,3036
1986,bus_3125,11.0,-0.4176516136547103,1.023563229173553,11,-1373,2400
1771,bus_3077,132.0,-0.3352582608114184,1.024455763859147,8,-1074,6928
1399,bus_4421,11.0,0.9718104305928539,1.1000000096348794,13,-2336,-2734
1253,bus_3392,33.0,-0.3218044591592429,1.0557164949148747,11,-1090,3172
671,starbus_xf_1118_1038_1039_1,330.0,0.10509163746073089,0.9786833658611954,4,1300,-1557
700,bus_4426,7.6,1.0079672793215542,0.9851879270810081,14,-2020,-3653
1374,bus_3174,132.0,-0.26119157006971877,1.0556425205444706,9,-1425,4091
1840,bus_3158,275.0,0.059650018122266876,1.0554790935884322,9,307,3563
792,bus_4424,11.0,0.9714737590007524,0.9792943530822594,14,-1938,-3768
653,bus_3232,132.0,-0.21787913024412298,1.0419122614737608,9,-117,5514
155,bus_2065,11.0,-0.3824904305150007,1.0450653206465002,7,1372,-4478
823,bus_4420,11.0,0.9419476491942516,1.0007485259423792,13,-2382,-2515
871,bus_3334,110.0,-0.30602547041021233,1.0458260475670444,11,-1391,3478
263,bus_3307,110.0,-0.34095173948086926,1.046219420076015,11,-1599,2101
1421,bus_4216,132.0,0.15768068673491076,1.0141065870933212,14,-864,-2495
264,bus_4182,132.0,0.9902365540141812,1.0577115781739546,12,-3298,-1459
924,bus_3085,22.0,-0.5248755285620348,0.9985110811990311,8,-1460,7399
1105,bus_3271,33.0,-0.39813976402726353,1.0376940714203078,11,-580,2683
1532,bus_2208,500.0,-0.3558422618083368,1.0595275351603426,6,453,-3333
1978,bus_4317,66.0,0.9671543652023611,1.0415534053302107,14,-1644,-2907
448,bus_3343,33.0,-0.1888305087066351,0.9903161434951117,11,-1230,3017
783,bus_2114,220.0,-0.4531853296572611,1.047427244427049,6,860,-3472
964,starbus_xf_4166_4356_4491_3,132.0,1.0223061992500286,0.9387673649966151,12,-3848,-1764
1546,bus_4385,33.0,0.8079479307061209,0.9583156487664091,13,-1450,-1717
1995,bus_1615,33.0,-0.039168905426420604,1.0382744277411655,4,2611,-1775
227,bus_4394,33.0,0.26231213674790926,1.056360156557935,14,-882,-2787
20,bus_4265,66.0,1.014753436167427,1.0029647594963729,14,-2167,-3907
1400,bus_1477,132.0,-0.2063216176403489,1.0786904638026873,1,1237,1469
490,bus_1517,66.0,-0.057650330346259764,1.094356024471166,4,894,-1382
817,bus_3370,33.0,-0.36238057332086965,1.0418595475161812,9,-508,4387
1605,bus_4260,66.0,1.0143770902429645,1.00433961956117,14,-2127,-4027
1701,bus_3424,20.0,0.14247942163611318,1.069757457059253,9,-211,3633
724,bus_3034,132.0,-0.19807504353895483,1.0592614395269242,9,-1239,4414
1034,bus_1070,15.75,-0.08816285790663839,1.0576,4,848,-2033
1413,bus_2128,220.0,-0.35809998044972546,1.0389217956445833,6,340,-3787
35,bus_4329,66.0,0.9311970921881929,0.995733011787451,13,-1670,-2053
1833,bus_1523,33.0,-0.10734641853537592,1.03424520223588,2,736,625
851,bus_4487,11.0,0.9859553385425732,0.9830711760019548,14,-2070,-4112
976,bus_3263,132.0,0.026318581599284522,1.0714190289464862,9,-1368,4590
667,bus_1068,11.0,-0.06980276378410458,1.100000004556126,4,1188,-2387
729,bus_4224,132.0,0.20585299864213222,1.0197223494977028,14,-973,-2291
583,bus_1563,33.0,-0.24585887451804656,1.0674881892761046,1,1432,1715
594,bus_3004,66.0,-0.4410670668881325,1.060499716266935,8,-1417,6783
1612,bus_3520,33.0,-0.33721841546522563,1.039537435453649,11,-936,3314
19,bus_3327,11.0,-0.43001002333389304,1.0087045560006753,11,-1344,2103
289,bus_2038,10.5,-0.16827651774993155,0.94763,7,1263,-4302
1013,bus_4062,16.0,1.2597234926377525,1.00541,14,-1815,-2614
78,starbus_xf_3266_3154_3155_1,132.0,-0.02169210303063329,1.049377444248649,10,544,4081
1165,bus_1430,132.0,-0.27397379575737707,1.0475880925641656,2,243,911
1334,bus_3618,132.0,-0.10789687990637403,1.072141898585632,10,1258,4394
697,bus_3563,330.0,-0.05149180608214774,1.062333074463939,11,-92,2939
743,bus_4332,66.0,1.025210656474339,1.0021744248153452,14,-2030,-3754
1201,bus_3095,66.0,-0.5682390663731046,1.0711219032627546,8,-1976,6884
460,bus_3201,132.0,-0.2701556150962964,1.038769651591121,8,-759,5917
1258,bus_3014,110.0,-0.09326022403678176,1.0333791157221364,11,-891,2956
362,bus_4399,33.0,0.9843789594521698,1.0205111697958542,13,-2620,-2183
1315,bus_3418,15.75,0.02855399079015263,1.0415403870095645,9,-911,4889
1827,bus_2045,21.0,-0.3397303592152784,0.9903,6,671,-4290
41,bus_1260,132.0,-0.3608115806498309,1.06298,2,359,712
252,bus_4302,66.0,0.9687354535784864,1.044306892838,14,-1637,-3056
931,bus_4220,132.0,0.2763348932062008,1.0612296006684871,14,-898,-2745
575,bus_2297,22.0,-0.20249636314953676,1.0374639327960498,6,59,-4071
1130,bus_2047,20.0,-0.3407000565081066,1.0239454099268392,7,691,-4306
1066,bus_1300,132.0,-0.15429123118210036,1.010781731222912,3,1103,-805
511,bus_4319,66.0,0.9757673385505338,1.0582325137790083,13,-1827,-2251
788,bus_5124,110.0,-0.1882782838554661,1.0118123615229715,15,423,-5742
656,bus_4047,0.6899999999999998,1.1081963547558413,1.06733,13,-2544,-1578
1894,bus_2145,220.0,-0.24061856470367618,1.0736215324464824,6,326,-3443
1585,bus_4233,66.0,0.9911761514992588,1.0292897894980002,13,-2260,-2230
1480,bus_2348,33.0,-0.33468369981564017,1.0010686169863043,5,-437,-3349
268,starbus_xf_3492_3565_3494_2,132.0,-0.1760108667529633,1.085786641687092,9,-453,5410
787,bus_4346,33.0,0.9813605925428689,1.005068787220296,12,-3660,-1696
1874,bus_4079,0.6899999999999998,0.634211806563858,1.00267,14,-952,-2920
265,bus_4227,33.0,0.9755445845092496,1.0462913224357206,12,-2622,-1418
644,bus_1538,66.0,-0.2900164946337579,0.9796829104432029,3,880,-123
1176,bus_4056,11.0,1.0425067343983345,0.9755904597827209,14,-2145,-3409
1775,bus_5091,110.0,-0.1134886785104553,1.0302924839755965,15,995,-6295
1742,bus_4148,275.0,1.0384172518913812,1.0550949611956724,13,-1876,-2795
389,bus_3612,275.0,0.0554785342628852,1.0798299394286923,9,421,3575
425,bus_3275,132.0,-0.03502799600403192,1.03024,8,-1166,5437
18,bus_4279,66.0,0.9669450610710372,1.022934109039757,13,-2083,-2441
1834,bus_3394,33.0,-0.3368407853895933,1.0367089997273538,9,-661,4211
749,bus_1113,330.0,-0.09624253321273611,1.06298,4,1263,-2064
1582,starbus_xf_1148_1075_1076_2,330.0,0.06364837926043761,0.9874435990761949,4,1369,-1490
1259,bus_1258,132.0,-0.3220037692799995,1.0373392214353248,2,135,-454
1644,bus_2192,330.0,-0.3593466838129467,1.0498437058197712,5,747,-2705
1092,bus_4489,11.0,0.9654614142716114,1.0058550487589695,13,-2685,-2259
1383,bus_3059,33.0,-0.34019847039091133,0.996348261478786,11,-1401,3455
433,bus_1196,132.0,-0.2211597162271893,1.0663407204536905,2,582,839
531,bus_2248,66.0,-0.5357016981023351,1.015436421835596,6,482,-3920
569,bus_2064,20.0,-0.2625269322214746,0.989,5,-91,-3176
807,bus_5236,11.0,0.062087534848744526,1.00408,15,423,-6111
1018,bus_4213,132.0,0.7752382379487064,0.9574572494066086,14,-1378,-1956
1137,bus_5149,220.0,-0.1714518391601471,1.0764297233015838,15,1155,-5495
468,bus_5022,11.0,0.09068045072827811,1.019583025085207,15,1299,-6237
1778,bus_4109,275.0,1.030563294181589,1.0674054340462389,13,-2836,-1815
74,bus_5175,6.6,-0.11853441689367909,1.0078056469827243,15,1142,-6389
926,bus_4037,11.5,0.9836521077222289,0.9726898931040081,13,-2715,-2741
1452,bus_4194,132.0,0.9546373719914629,1.0345310002596304,13,-2042,-1799
400,bus_1515,11.0,-0.13865450324060535,1.0870472009294037,2,582,-50
1715,bus_3382,110.0,-0.33327732212872846,1.0534193274714014,9,-541,4204
293,bus_3367,11.0,-0.5659016988267653,0.9932179711428967,11,-1314,2549
1614,bus_4301,66.0,0.9674054000151019,1.0468837032853135,14,-1695,-2902
417,bus_1382,132.0,-0.34770586624609157,1.0514292304648094,3,1304,-378
1754,bus_2195,330.0,-0.10255959688272454,1.0472345426591838,5,713,-2244
42,bus_2281,66.0,-0.1910603829725322,1.0385461173462371,6,170,-3726
814,bus_5208,11.0,-0.13467767161301294,1.0299351115297941,15,643,-6447
604,bus_4448,11.0,0.9691791588951154,0.9848008771087108,14,-2503,-3300
1402,bus_4061,13.8,1.0353950062205635,1.00174,13,-2035,-2683
408,starbus_xf_1099_1100_1533_9,500.0,0.05643072422091679,1.010354747460946,2,825,368
465,bus_1096,330.0,-0.1579451597806535,1.0369741823125365,2,832,-468
556,bus_3111,132.0,-0.26565147665868355,1.0358414912627192,8,-938,5832
1594,bus_4116,275.0,0.9996851012810352,1.0591811437261736,13,-2530,-1665
1944,bus_2033,10.5,-0.15179406781853438,0.93066,7,1313,-4240
837,starbus_xf_2191_2025_2026_2,330.0,0.02971474571967659,0.9924945767922303,4,740,-1889
1972,starbus_xf_1148_1073_1074_1,330.0,0.06683017978615818,1.06298,4,1369,-1490
971,bus_1192,132.0,-0.040990597484422624,1.0547818849473294,1,1626,1705
1371,bus_4153,33.0,0.39030049933340255,1.1000000106408856,14,-1009,-3162
1493,bus_1010,11.0,-0.03544824651772543,1.0825243183904896,5,293,-3086
832,bus_4085,33.0,1.1131825397586408,1.044506392574576,13,-2465,-1810
1767,bus_3137,132.0,-0.12109129924711577,1.051553448719974,9,493,4108
1729,bus_3303,11.0,-0.44927515073761004,1.0007320584564565,11,147,3136
1841,bus_1405,132.0,-0.2781446214406633,1.034259722078723,3,1172,304
1910,bus_1119,330.0,-0.1036510870157824,1.0493972690955367,2,912,-715
675,bus_2315,22.0,-0.047327696025178535,1.086527316064996,5,227,-3247
1096,bus_4212,132.0,0.8814672283022017,0.9901377264870332,13,-1560,-1923
770,bus_1604,132.0,-0.34569868888006217,1.051065259809064,3,1498,-532
613,bus_3429,13.8,-0.17500111242680058,1.0453799341042391,11,-559,3661
1192,bus_1202,132.0,-0.252107252921373,1.0693455799449092,1,1080,1914
375,bus_4139,275.0,0.44584104218684023,0.9297328692034296,14,-952,-2323
1891,bus_2203,500.0,-0.3331696804991536,1.0551643037053646,5,149,-3261
564,starbus_xf_2145_2243_2306_2,220.0,-0.3098233964183487,1.0100392319043237,6,326,-3443
910,bus_3442,19.5,0.20602721839310945,0.98831,9,-175,4565
735,bus_4382,66.0,0.9898072346211787,1.0258092414549274,13,-2428,-2099
1620,bus_1472,132.0,-0.11400536176873052,0.9837674328328664,3,1145,-823
1347,bus_2014,15.5,0.10054604175364582,0.97456,6,922,-3110
61,bus_1016,0.6899999999999998,-0.057271608536754545,1.0293062558669726,1,2806,2270
1802,bus_1241,132.0,-0.23647593336990677,1.0604494131458382,2,450,985
1459,bus_1049,15.0,-0.17175380345514166,1.03661906625492,2,727,601
1885,bus_4278,66.0,0.9640130385718999,1.0236208162241114,13,-1936,-2305
1786,bus_4007,1.0,0.9316105311463418,0.99873,12,-2601,-564
1756,bus_1351,132.0,-0.2533342867839173,1.0399210650760342,1,1714,1868
1199,bus_3351,33.0,-0.375497494383937,0.9548183934773891,9,-533,4111
1753,bus_1072,15.75,-0.08816285790801758,1.06263,4,818,-2027
1980,bus_2005,33.0,-0.1646578135579721,1.0670216321461563,6,172,-4271
1285,bus_1162,33.0,-0.09321728558857546,1.055023079420299,2,839,-193
1286,bus_1055,22.0,-0.0021091661678343406,1.0796362195301719,5,261,-3078
1460,bus_2282,66.0,-0.3818450980276543,1.006363912022418,6,101,-4289
30,bus_1022,16.0,0.025816727211954524,1.02669,4,1461,-880
1266,bus_1073,12.5,0.06683017978615818,0.986141993020981,4,1426,-1494
870,bus_1219,132.0,-0.33354583489913836,1.0496689075354961,3,1322,-618
1292,bus_1116,330.0,-0.06794476539469592,1.0582272538280666,1,1984,2351
1310,bus_3547,275.0,-0.19310236293677202,1.0621993293262253,9,-906,4002
1375,bus_2103,22.0,-0.5265271094043422,1.0329194646784343,7,871,-4184
370,bus_5226,1.0,-0.136027065526417,1.0484998039337718,15,954,-6264
1726,bus_1600,66.0,-0.3648411697278478,1.0233133674423531,1,-1106,2014
1028,bus_2280,66.0,-0.36690040909897714,1.0195094263529696,6,149,-4060
652,bus_2090,12.0,-0.11539321951472967,1.0,6,154,-3805
1339,starbus_xf_1148_1079_1080_4,330.0,0.0779531531072654,1.0307042299748483,4,1369,-1490
258,bus_5019,11.0,-0.03894411458898418,1.0471422236198789,15,1528,-6369
1700,bus_1168,132.0,-0.1193482899659572,1.100000009995269,4,887,-2086
1317,bus_4307,66.0,0.978296840554583,1.0842402793675203,14,-1893,-2668
1704,bus_3454,11.0,-0.46824935930292283,0.9300687198949823,8,-1918,6944
859,bus_1201,132.0,-0.17115583288001335,1.0670323508868316,2,1053,1146
1822,starbus_xf_2191_2018_2019_6,330.0,0.029714745751537798,0.9924945752841418,4,740,-1889
429,bus_5032,18.0,0.1822056985074561,0.9564,15,600,-6227
1698,bus_4225,66.0,1.02109162523063,1.0006974775956257,14,-1983,-3864
1160,starbus_xf_1097_1098_1162_1,500.0,-0.09321728558857546,1.0091525107498516,2,789,-107
1367,bus_1289,132.0,-0.35135806853578744,1.0504837494482029,3,970,-499
1202,bus_1574,33.0,-0.3540276078302405,1.0843818626742647,2,-422,428
1947,bus_1385,132.0,-0.05740440636197884,1.0628180691238234,1,2167,2176
1477,starbus_xf_3628_3455_3453_1,132.0,-0.4651079056998411,0.94245,8,-1863,6796
1537,bus_4219,132.0,0.1980507802108814,1.0194975430688877,14,-907,-2658
1016,bus_4343,66.0,0.9810269674543147,1.0172405712639765,13,-2613,-2221
1562,bus_3647,33.0,-0.3616216546788243,1.0284540909816027,11,-837,3342
402,bus_4112,275.0,1.037256255109364,1.052981098518803,13,-2004,-2596
1743,bus_4289,66.0,0.9844516667809339,1.0187898440763319,13,-2187,-2766
1749,bus_1579,66.0,-0.1562365038635162,1.0482866986182127,1,2310,2653
1268,bus_2012,11.0,-0.13601755552481704,0.97713,6,1039,-2934
91,bus_1521,11.0,-0.23497822669652804,1.0865732865055693,2,-163,-667
1677,bus_3467,110.0,-0.2535598679844813,1.0439849213209118,11,-1130,3182
1455,bus_1438,132.0,-0.35307963775776274,1.0488805205029363,2,360,873
1933,bus_3314,110.0,-0.310279227572938,1.058326068356342,9,-852,4136
862,bus_5041,16.0,-0.025656170193376886,0.98994,15,949,-5712
153,bus_3228,11.0,-0.38784380294818577,1.008284873853183,11,-1112,3466
1191,bus_5134,33.0,-0.14855237588078343,1.0264098564050848,15,1276,-6144
720,bus_4127,33.0,0.9398516475949521,1.0478336647653594,12,-2654,-894
1744,bus_3532,132.0,-0.19628929817067803,1.071834136041112,9,-1165,4217
1941,bus_5080,110.0,-0.057153770407643564,1.0474235580439655,15,1233,-6112
115,bus_1088,11.5,0.026757069226576207,1.1000000101727059,2,1869,1222
286,bus_1161,33.0,-0.09517073904722216,0.9817159781616906,2,821,-196
1323,bus_2221,66.0,-0.48014108841183734,1.047832513684495,6,411,-4225
1528,bus_1569,330.0,-0.2706546034531623,1.0512921799993844,3,1157,-402
108,bus_5188,11.0,-0.1797300280631595,1.040863150880727,15,1749,-5589
1523,bus_1473,132.0,-0.2758900283254285,1.0399493675716578,1,1459,1657
226,bus_4215,132.0,0.4949805948195266,0.947835938571247,14,-1229,-2017
1089,bus_3541,22.0,0.003907886411827137,1.0411298459913205,10,741,3944
1435,bus_1621,132.0,-0.23060784317350894,1.0685862295503696,1,875,1476
475,bus_4054,15.75,1.0374349906409175,0.99607,14,-1964,-2673
449,starbus_xf_3333_3335_3336_2,110.0,-0.3792583489209024,1.0461816308279006,11,-26,3018
1801,bus_3388,11.0,-0.4187082660894118,1.0246703529514312,11,-1451,2507
1079,bus_2039,220.0,-0.24103981738751343,1.08734,6,305,-3604
474,bus_2088,11.0,0.20590625455798292,1.0927285934904027,4,1180,-1793
737,bus_5075,110.0,-0.16425788598024738,1.0215794321762242,15,1603,-5786
766,bus_1187,132.0,-0.33054102368234434,1.035242037829874,2,37,680
530,bus_4200,132.0,0.9561517745102028,1.0445168767282307,12,-2525,-1301
704,bus_4255,66.0,1.0180503299379293,1.0035015154586548,14,-2167,-3336
384,bus_4089,132.0,1.0118191772435758,1.0220109380544784,12,-3041,-1585
615,bus_3342,110.0,-0.1697520471521806,1.0215713576375256,11,-1138,3004
1443,bus_4497,11.0,0.2648732698416799,1.0573893457083343,14,-867,-2792
1570,bus_5179,44.0,-0.16360234604799057,1.0271907516457168,15,762,-5772
1950,bus_2272,66.0,-0.5820785608328564,1.100000010882555,7,900,-4187
848,bus_5046,13.8,-0.1243073924762931,0.9924159145606806,15,1861,-5958
209,bus_3486,132.0,-0.33413375600362155,1.028054984393151,8,-1211,6608
581,bus_1011,330.0,-0.023814864991277357,1.0605,1,1491,2184
169,bus_1183,132.0,-0.21727407253276435,1.070879306516803,1,820,1294
217,bus_3288,132.0,-0.11509829119632632,1.0693105933875027,10,1330,4476
1046,bus_4177,132.0,0.8973574465554004,1.019500347384735,13,-2135,-1327
1052,starbus_xf_4038_4034_4033_3,66.0,0.9836521070286459,0.973660898487323,13,-2644,-2675
1561,bus_4012,0.6899999999999998,1.1024991435662017,1.0738613458139787,12,-3043,-1993
1377,bus_2260,66.0,-0.3445055596501761,1.0497066299904514,7,1368,-4310
984,bus_3298,132.0,-0.22937457950684417,1.044670294873952,9,-66,5611
1072,starbus_xf_3302_3304_3303_1,110.0,-0.3656058656394708,1.0250538915720047,11,66,3102
1617,bus_2228,33.0,-0.14765151561787093,1.045941340317663,6,16,-3858
1306,bus_1312,132.0,-0.059216821242692334,1.0576657920515482,1,2044,2249
1356,bus_3023,132.0,-0.31702767651609315,1.018928938650691,8,-1314,5960
601,bus_1622,66.0,-0.16617619524038066,1.0423980954277092,1,2287,2279
997,bus_1592,33.0,-0.3127984072327583,1.0505292349175195,1,926,1474
1952,bus_4408,11.0,0.7493792334250132,1.0160870610393948,12,-3396,-1813
1836,bus_1503,66.0,-0.02612403056608268,1.0748945425897374,4,2342,-1574
1682,bus_4405,11.0,0.7700702294105484,1.0293003469625435,12,-3395,-1862
178,bus_5189,22.0,-0.19871275641803612,1.0665571941256895,15,1759,-5548
1140,bus_3588,20.0,0.014736546325019487,1.00248,9,-536,4897
798,bus_5012,11.0,-0.08056700539783707,0.94727,15,1636,-5524
312,bus_4072,11.0,0.20373133172406377,1.0036,14,-993,-2257
1261,bus_3605,275.0,-0.20865533284368243,1.0682313528420821,11,-757,3287
1353,bus_3449,11.0,-0.5225348395963224,1.0046480759664567,8,-1719,7565
161,bus_4249,66.0,1.0386857773931322,1.0025688293140305,14,-2040,-3485
1870,bus_1577,33.0,-0.4674998843028235,1.048415684359258,3,1032,-710
1279,bus_2351,66.0,0.1012787345169444,1.0771298909172782,6,110,-4266
267,bus_3196,132.0,-0.27894989647831625,1.0336534841609741,8,-1067,5850
983,bus_1311,132.0,-0.02774922846748422,1.0623867294255378,4,968,-1737
1284,bus_2235,66.0,-0.2893603923467968,0.9969173267714591,6,821,-2923
1150,bus_3435,15.0,0.18623038562472685,1.0492441327810778,10,599,3571
1271,bus_4180,132.0,0.7356633379096249,0.9634043234084966,13,-2124,-1196
419,bus_3144,132.0,-0.5125523319954223,1.010177834037,8,-1603,7237
839,bus_4016,0.48,1.0799797403114855,1.0540822112067072,12,-3064,-1874
1558,starbus_xf_3226_3227_3228_2,110.0,-0.3211897815007635,1.0213599152433315,11,-1030,3422
880,bus_5180,22.0,-0.09862696051107506,1.0522373060952208,15,466,-5914
877,bus_4147,275.0,1.0293521403016879,1.0464528757661657,13,-1685,-2651
117,bus_3057,33.0,-0.14595514501693665,1.010344283104773,11,-1079,2961
1017,bus_1134,330.0,-0.28730544847889367,1.0534405106276676,2,406,416
1127,bus_5031,18.0,-1.1849616464974622e-10,0.95645,15,630,-6240
756,bus_1453,132.0,-0.2297963492846041,1.0658908560317604,1,952,1463
72,bus_4438,11.0,0.9400604591040812,1.0058478231013848,14,-2191,-3149
1812,bus_1388,132.0,-0.34653698063164734,1.0513094153047187,3,1114,-526
12,bus_3496,110.0,-0.2925664046279844,1.0536492981037135,11,-944,3422
366,bus_3082,22.0,-0.46438495216814313,0.9814104557123088,8,-1973,6964
1095,bus_3020,33.0,-0.3761426540316873,1.0737526629638376,9,-776,4267
298,bus_2068,66.0,-0.3508542849019797,0.9999037036198694,7,1328,-4651
1826,starbus_xf_1587_1328_1067_1,66.0,-0.034229203093019626,0.951509141709567,4,1681,-2347
1706,bus_4218,132.0,0.17370703411455213,1.0127279040253288,14,-897,-2567
693,bus_4322,66.0,0.9751432953758175,1.0583316389085877,13,-1850,-2218
277,bus_1596,66.0,-0.10750312121242107,1.026530744717026,1,2982,2814
1067,bus_3417,15.75,0.025625578615570768,1.0290163871920077,9,-1011,4895
388,bus_3247,132.0,-0.31415488448835355,1.0331520786232147,8,-1408,6145
1876,bus_5195,22.0,-0.050408586308575386,1.051478778371928,15,1325,-6234
1887,bus_4082,1.0,0.517779194405096,0.96231,14,-947,-3276
230,bus_3090,22.0,-0.565900751440347,1.0774467080320618,8,-1797,7360
638,bus_4262,66.0,1.042507158541615,1.0121585924635226,14,-2125,-3304
1355,bus_3462,11.0,-0.14982097031987276,1.0032653845923576,8,-1234,7046
1675,bus_2072,0.6899999999999998,0.19685912177495357,1.0705643472323962,6,35,-4579
999,bus_2089,11.0,0.20590625484133768,1.092728590092884,4,1182,-1830
291,bus_5111,110.0,-0.12813618518545103,1.0268503696913331,15,1123,-6149
762,bus_4020,0.6899999999999998,1.3419289044071916,1.02561,13,-2827,-1995
616,bus_5163,220.0,-0.12103392512597509,1.065127215758608,15,1046,-5970
1593,bus_4078,0.6899999999999998,0.3595716252156517,1.100000010169744,14,-932,-2934
1193,bus_3130,33.0,-0.2542318967932768,1.0526746879660382,11,-1306,3114
119,bus_4473,11.0,0.8861090543363248,1.03004872449764,14,-1505,-3127
1601,bus_4234,66.0,0.9878329546561998,1.0266354351616391,13,-2370,-2224
712,bus_1115,330.0,0.048288859549572134,1.0494051462123728,2,1161,1128
1115,bus_2036,10.5,-0.16902405352434072,0.95738,7,1284,-4291
1003,bus_3355,33.0,-0.403557956486127,1.0331074855296984,11,-253,3222
347,bus_5071,110.0,-0.32069845265670505,1.0579278558204834,15,889,-5317
942,bus_1287,132.0,-0.21783804071292537,1.0504023939633407,2,641,962
59,bus_1330,132.0,-0.34731393596515653,1.0513631746354433,3,1322,-444
1559,bus_1156,500.0,-0.0025726833157232237,1.078223484017491,2,682,204
761,bus_4285,66.0,0.9797244068042652,1.0331654936037507,14,-1784,-2602
349,bus_3131,110.0,-0.2749659909214733,1.0581688520918842,11,-1005,3251
906,bus_3195,132.0,-0.3176112918498757,1.0183840708176217,8,-1417,6057
1489,bus_2017,220.0,-0.17401909843294724,1.099999965147507,5,108,-3479
440,starbus_xf_2195_2293_2332_1,330.0,-0.14204129073781857,1.0267766367942153,5,713,-2244
1011,bus_3302,110.0,-0.3425023707203655,1.0455652274023228,11,66,3102
1975,bus_3019,110.0,-0.3321618743075262,1.045467918645665,9,-763,4172
947,bus_3479,132.0,-0.2842001328891862,1.0689868380574632,9,-1013,3992
1242,bus_3161,132.0,-0.294014035081664,1.0536492981037135,8,-946,5782
1200,bus_1451,132.0,-0.34151784501855076,1.0579688202080657,2,545,492
727,bus_3159,132.0,-0.2878372094231087,1.0454778813069614,8,-655,6010
1278,bus_1108,132.0,0.015550008852556987,1.0829219090428799,4,2426,-1595
504,bus_3347,33.0,-0.4579942665956422,1.017861216363446,11,-249,3097
800,bus_4133,275.0,1.0342358444533748,1.04988816587539,13,-2072,-2841
649,bus_4257,66.0,1.0204581736721752,1.0019132423716164,14,-2063,-3911
684,bus_2080,22.0,-0.07952278203678204,0.9544900062505973,5,-476,-3517
668,bus_1097,500.0,-0.07507725279910905,1.0682315324279201,2,789,-107
1358,starbus_xf_3231_3644_3645_1,110.0,-0.2914251524499437,1.0375417401565579,11,-1064,3231
1583,bus_1299,132.0,-0.054513964888486595,1.027,1,2630,2721
1915,bus_4201,132.0,0.9366832727464479,1.0141206845889825,13,-1634,-2146
376,bus_4440,11.0,0.9426942673211147,0.99070005327415,14,-2215,-3825
1900,bus_1297,132.0,-0.20695122322522344,1.0445228182569324,4,837,-2208
549,starbus_xf_3483_3558_3485_2,132.0,-0.22996669914056989,1.0856581676774977,8,-822,5732
1437,bus_4235,66.0,0.9842356396143824,1.0233575440946587,13,-2456,-2217
903,bus_1083,66.0,-0.030312878545180708,1.0790614071264333,4,989,-1679
1764,bus_4470,11.0,0.9502295872376451,1.0086341824629939,14,-1578,-3039
451,bus_3083,132.0,-0.49427568955284057,1.0078515075305803,8,-1467,7293
87,starbus_xf_3486_3561_3488_2,132.0,-0.31604629217066027,0.9944320172649589,8,-1211,6608
1312,bus_1328,132.0,-0.034229203093019626,0.951509141709567,4,1753,-2399
1404,bus_4407,11.0,0.7657251964342383,1.0296908329953822,12,-3407,-1849
937,bus_1655,33.0,-0.3915520287411887,1.0124840778836801,2,-601,473
1635,bus_1030,16.0,0.00969700688777733,1.01913,4,1305,-872
139,bus_3543,275.0,-0.21755697394688514,1.063932517287146,11,-685,3675
297,starbus_xf_4220_4074_4498_3,132.0,0.3435326738081234,1.0585215010789335,14,-898,-2745
295,bus_1203,132.0,-0.22896164310655648,1.0619195413433278,1,786,1440
698,bus_4032,33.0,0.9282313204007977,1.0043609293657894,13,-2369,-1377
476,bus_5053,110.0,-0.09479778691671695,1.0667880899034872,15,811,-5700
918,bus_4411,11.0,0.9805911235866507,1.0744414699048392,13,-2096,-2617
1390,bus_2326,22.0,-0.4478941967476579,1.037066920308325,6,672,-4086
1851,bus_1217,220.0,-0.039895777897525284,1.0921056695386748,5,433,-2941
1934,bus_2120,220.0,-0.10800405678141652,1.0732927597962678,6,735,-2765
1466,bus_3072,132.0,-0.28714171229460567,1.0642865747738721,9,-1150,4053
1549,bus_1237,132.0,-0.07040417268156236,1.0537649618969513,4,2110,-1334
1568,bus_1182,132.0,-0.005347379626382377,1.0732977647457633,2,1536,1414
955,bus_1445,132.0,-0.3746238158890667,1.0473698616368678,2,808,963
742,bus_1591,66.0,-0.14376613886863815,1.0573916166032837,1,2140,2475
134,bus_4357,33.0,1.0752835562747711,1.0552258878593572,12,-2980,-1919
1362,starbus_xf_3492_3565_3495_1,132.0,-0.17883635388585975,1.0858065119706755,9,-453,5410
1638,bus_3445,21.0,-0.21850980158075814,1.0221868009277904,11,-777,2968
1093,bus_1133,330.0,-0.23844067300055816,1.027,2,824,420
1221,bus_3198,132.0,-0.3541858992913781,1.0282611586272967,8,-944,6649
765,bus_1349,132.0,-0.34558099796569647,1.0515013271446878,3,1492,-482
609,bus_1186,132.0,-0.3225125859884355,1.0428691268985268,2,567,-53
812,bus_3395,110.0,-0.28681366591795887,1.0538556063310751,11,-969,3656
383,bus_2313,22.0,0.16622345724308304,1.0738718935055678,6,52,-4501
107,bus_3572,275.0,-0.25335743724379906,1.0624150637579919,11,-602,2881
608,bus_3421,15.75,0.12084428707006951,1.0511172063961134,9,-1050,4874
827,bus_2041,15.75,-0.16913343647330134,0.99603,6,460,-4211
869,bus_4458,11.0,0.9095434750212633,1.011604036007899,13,-2045,-2244
491,bus_2240,66.0,-0.2342526790254492,1.0173329792152461,5,94,-3685
1724,bus_4377,33.0,1.0215061472375706,0.9730808033269939,14,-2307,-3803
360,bus_4169,132.0,0.8002769944463811,1.009070305278422,12,-3172,-1760
1438,bus_5049,110.0,-0.09481401258955269,1.066865059817544,15,742,-5731
1731,bus_3129,110.0,-0.2141572728076059,1.01925279445709,11,-1207,3092
1246,bus_5058,110.0,-0.17230313721033413,1.0597192312690347,15,1584,-5507
612,bus_5109,110.0,-0.12410141163941839,1.0197519918304219,15,621,-6620
224,bus_1436,33.0,-0.189892099400213,1.017548694159116,2,-674,-304
322,bus_3001,132.0,-0.2784463465267816,1.0322317139019397,8,-918,5722
1039,bus_1516,11.0,-0.13749962125964915,1.0870045903193224,2,467,-53
471,bus_5238,11.0,-0.18029590183328636,1.077269683539932,15,915,-6284
867,bus_2218,66.0,-0.4768849226419727,1.0502231217719962,6,407,-4312
10,bus_4446,11.0,0.9584921614424768,1.0172075788408763,14,-2382,-3109
565,bus_1614,33.0,-0.03859685413388946,1.0388107255082994,4,2581,-1815
1651,bus_4324,66.0,0.98332001489765,1.0594649485954484,13,-1830,-2105
1330,starbus_xf_3226_3227_3228_1,110.0,-0.32589324993429236,1.06298,11,-1030,3422
151,starbus_xf_4254_4377_4432_1,66.0,1.0225431868873174,0.9740642972260961,14,-2249,-3731
1001,bus_2220,66.0,-0.3735836254983918,1.031150233112996,6,393,-3482
1884,bus_3054,132.0,-0.10612942884247185,1.0626043519910244,9,120,5207
129,bus_1556,11.0,-0.4742465489853964,1.0225321199007331,2,507,-416
1337,bus_2275,66.0,-0.3017504108858251,1.0318695283479835,6,637,-3026
174,bus_3099,110.0,-0.10892749514594832,1.026514591957125,11,-923,2943
1618,bus_3488,19.1,-0.31604629217066027,0.9944320172649589,8,-1229,6494
1624,bus_3484,19.1,-0.23088892477544212,1.0859559173794342,8,-852,5607
739,bus_1137,132.0,-0.03468618895281315,1.0768996310029897,4,2600,-1798
1449,bus_2118,220.0,-0.46402072214922263,1.0303869215760735,7,984,-3929
598,starbus_xf_3134_3135_3136_2,110.0,-0.39228957203436915,1.0480074693224337,11,-1006,2471
1205,starbus_xf_3302_3304_3303_3,110.0,-0.37168909218084795,1.023138553265083,11,66,3102
1470,bus_5064,110.0,-0.17338589924159048,1.0582161250529274,15,1692,-5528
520,bus_5219,22.0,0.022503107200335656,1.0658874461374188,15,1965,-5720
1422,bus_1590,66.0,-0.2988273002711188,1.027417981082381,3,1022,203
834,bus_4371,33.0,0.9366790121896125,1.0122352239489674,13,-2321,-1420
1535,bus_2206,500.0,-0.3824977575895341,1.06298,6,880,-3494
547,starbus_xf_1296_1504_1506_1,132.0,-0.1402170306234193,1.086073078545694,4,629,-1107
802,starbus_xf_1273_1572_1573_2,132.0,-0.13630146139420266,1.0763879871153443,1,2120,2328
1410,bus_2091,11.5,0.15868154527126288,0.97029,6,928,-3032
849,bus_3561,275.0,-0.31434289447924096,1.0395799062155262,8,-1250,6362
1799,bus_2227,33.0,-0.05995584636725916,1.0386626687495952,6,2,-3847
541,starbus_xf_2191_2029_2030_4,330.0,0.036474388273561545,1.06298,4,740,-1889
702,bus_5169,220.0,-0.15290180236697345,1.06407088421318,15,1051,-5654
1895,bus_1447,132.0,-0.1426270696088529,1.075529417323442,1,2034,2210
1338,bus_4309,66.0,0.9672004232644515,1.041718094415535,14,-1668,-2916
1875,bus_4211,132.0,0.8515084822106441,0.9782700329085028,13,-1506,-1837
7,bus_4295,66.0,0.9633906291493094,1.0231839153075148,13,-1997,-2284
1392,bus_4474,11.0,0.9523363521731856,1.0243954642775224,14,-1654,-2994
260,bus_4077,11.5,0.27633489658853927,0.9433151337178339,14,-926,-2803
1765,bus_1654,33.0,-0.39961216467947475,1.0064403543214737,2,-611,449
602,bus_2101,132.0,-0.14771069309453871,1.0220869602202345,6,40,-3765
637,bus_2024,15.0,0.1292858346627142,0.96635,5,779,-1936
806,bus_1624,11.0,-0.44781238339815427,1.0105483090571217,2,-566,379
1172,bus_3628,132.0,-0.46423099728099937,1.06298,8,-1863,6796
1469,bus_2328,22.0,-0.45498489664755604,1.0421012235228386,6,689,-4097
481,bus_2243,66.0,-0.31453441183774117,1.012429541675663,6,333,-3526
1080,bus_3338,110.0,-0.33948755912561607,1.0502873154873043,11,-434,2896
1226,bus_3178,11.0,-0.45577716250396194,1.0179412099170717,11,-1332,2344
1177,bus_3430,20.0,0.05191106475594986,1.01726,9,-147,4530
1427,bus_1120,330.0,-0.20870194550937252,1.044742095039011,2,692,-193
1321,starbus_xf_1121_1123_1635_7,500.0,-0.07394075609884311,1.0088430418000627,2,715,112
1446,bus_3151,132.0,-0.16090887164936346,1.0603389402785157,9,-54,5307
1897,bus_5040,16.0,-0.04711495664632632,0.98685,15,883,-5645
909,bus_1079,12.5,0.1962710873275589,1.01275,4,1451,-1534
1122,bus_3018,110.0,-0.32563687607497965,1.0481141589122671,9,-758,4083
723,bus_4008,1.0,0.9320231696797959,1.0744380359669108,12,-2595,-596
1783,bus_3504,110.0,-0.3255137120306017,1.0462500904038095,11,-479,2780
79,bus_1610,33.0,-0.3892133584563728,1.0523855890130898,3,1095,-676
1448,bus_3443,19.5,0.055277628840973814,0.98849,9,-209,4591
1491,bus_1599,66.0,-0.3617986901786365,1.0257164589487764,1,-1094,1961
838,bus_2284,66.0,-0.5500985318523622,1.03831939788805,6,935,-3619
879,bus_3535,132.0,0.020523798898577215,1.0607534695939902,9,484,3585
1022,bus_1145,330.0,-0.006458631039706832,1.027,2,1363,1597
1736,bus_2238,66.0,-0.4509378419414634,0.97713,6,314,-4087
1873,bus_3415,11.0,-0.4844088287588585,1.0266102420253624,11,-127,2990
1890,bus_1125,330.0,-0.060686277748981596,1.0504738640700926,4,978,-738
816,bus_2074,0.65,0.1259124288195819,1.0137912743521353,5,-14,-3759
974,bus_4286,66.0,0.9722921277884098,1.0350330698079813,14,-1730,-2741
1144,bus_3385,110.0,-0.34319283369703096,1.0380728973350946,11,-496,2609
778,bus_3199,132.0,-0.3542003064418222,1.0283402277843294,8,-961,6663
901,bus_2170,220.0,-0.4531795016294489,1.0473604230498752,6,805,-3201
975,bus_5077,110.0,-0.039237807092336666,1.0513241726512617,15,1415,-6262
1109,bus_2108,220.0,-0.30855637461874924,1.0532988022902285,6,380,-3402
890,bus_2177,220.0,-0.2577878238021362,1.057617712468361,6,193,-3623
422,bus_2251,66.0,-0.12712947268472116,1.046782295747608,6,923,-2947
338,bus_2285,66.0,-0.5512818795403104,1.0283572536763652,6,927,-3645
1465,bus_1223,132.0,-0.21199083554976328,1.0511449384797837,2,-253,-282
1325,bus_4000,33.0,0.9869403543508327,0.9660778373855436,12,-2910,-1044
275,bus_2210,66.0,-0.4735283819392949,1.0522673135079084,6,430,-4263
1389,bus_3633,110.0,-0.32923318149853065,1.0515672087287053,11,-1147,2506
444,bus_3376,66.0,-0.35704877992592504,1.043815396334914,8,-964,7085
1842,bus_3530,132.0,0.016402100071869218,1.0737176770047565,9,-1231,4614
923,bus_1403,132.0,-0.3082270207408814,1.0498289736824362,2,287,140
452,bus_5136,110.0,-0.12365818448755962,1.0200327842979684,15,651,-6556
1511,bus_5047,13.8,-0.12429765151383292,0.9921825455435739,15,1837,-5960
1790,bus_3591,275.0,-0.26105501213304355,1.0536492981037135,8,-1070,5934
1580,bus_3444,20.5,0.1934439304666947,0.97748,9,-307,3700
113,bus_1020,23.0,0.2214018688331439,1.01577,3,911,407
883,bus_4444,11.0,0.9775265357532225,0.9970763406716594,14,-2351,-3218
309,bus_1374,132.0,-0.3550556622084452,1.0511641521809494,2,467,-265
1155,bus_2247,33.0,0.11673539052042817,0.98135,7,1534,-4493
132,bus_1086,11.0,-0.40117297653484274,1.064462696818856,2,-670,558
37,bus_2256,66.0,-0.17203222214392186,1.0133005547664948,6,907,-2953
1496,bus_1551,33.0,-0.17118332156426916,1.068493292128574,2,753,586
741,bus_4039,13.2,1.0578588284278863,0.9989252074066408,13,-2452,-1688
1420,bus_2178,220.0,-0.46651207273344913,1.037808599627651,6,900,-3575
527,bus_3457,6.6,-0.46459895660589,0.9822803155095595,8,-2042,7026
669,bus_5142,220.0,-0.07265296472185245,1.0946713623708404,15,1013,-5622
1397,bus_1071,15.75,-0.08816285786954399,1.06354,4,795,-1987
485,bus_2226,66.0,-0.44490931959814745,0.9958065803943889,6,279,-4035
1976,bus_1356,132.0,-0.20771294382116812,1.0798014779041951,1,1264,1484
1159,bus_2234,66.0,-0.26109509629946753,1.0311392640156765,6,766,-2913
71,bus_4379,33.0,1.0191018363785331,0.9888942490355244,14,-2084,-4020
863,bus_4110,275.0,1.1040580638590491,1.0390632654540972,13,-2493,-1830
1406,bus_1559,66.0,-0.26912570754427895,1.0237279816710545,1,1771,1914
1595,bus_3506,110.0,-0.2908606935749788,1.0522179596085128,11,-1055,3399
69,bus_2277,66.0,-0.5501549079452858,1.06298,7,1059,-3919
1655,bus_3225,132.0,-0.5522808777625863,1.0014808852597294,8,-2013,6902
442,bus_1078,12.5,0.18369238813713604,1.00307,4,1459,-1470
404,bus_4137,275.0,0.972976792523375,1.0492667084918716,13,-1782,-2384
904,bus_5204,11.0,-0.14502002811518852,1.0288922150662603,15,1418,-6149
540,bus_1458,132.0,-0.3017791203416584,1.037554727391866,2,82,758
625,bus_4479,11.0,0.9633686677124899,1.040219026433706,13,-1940,-1963
1349,bus_2339,11.0,-0.3282811326428885,0.9971379463425528,6,334,-3643
1051,bus_1257,132.0,-0.22798062506222286,1.065104816321454,1,731,1347
1741,bus_3172,132.0,-0.3111385796070227,1.036920087833526,8,-1334,6180
1061,bus_5240,22.0,-0.16282871674642652,1.0206458836274368,15,1125,-5907
713,bus_3164,132.0,-0.3030224618769323,1.028593473775604,8,-1247,5882
1932,bus_2352,11.0,-0.3483980420955258,0.9679679727885976,7,947,-4029
1747,bus_2122,220.0,-0.2625138787145463,1.0332599932298012,6,829,-3277
503,bus_1361,132.0,-0.07377449258968098,1.0561578019231492,4,2186,-1475
248,bus_1623,66.0,-0.11819542409149657,1.1000000032806603,1,1924,1854
1175,bus_4003,0.6899999999999998,1.0465385037185295,0.99352,12,-4058,-1874
1351,bus_1589,33.0,-0.21929896048931047,1.0812559339677894,1,2052,2095
647,bus_1449,132.0,-0.09740523073557951,1.0446460304437917,4,1861,-1281
1526,bus_4434,7.6,1.0192504430535774,0.9890138415337242,14,-2098,-4013
1542,bus_4453,11.0,0.9546086864262636,1.0283058940973022,13,-2227,-2610
1945,bus_2312,22.0,-0.5648091855770985,0.9981661361602976,7,1064,-4051
949,bus_4044,9.5,1.0578588289453734,0.9989252067458285,13,-2437,-1620
1217,bus_5137,110.0,-0.140461503528466,1.0266691096579124,15,1725,-5846
1696,bus_3613,275.0,0.05544772026062009,1.0797792921548544,9,419,3556
1794,bus_4450,11.0,0.9271848029152857,1.0082487778134486,14,-2358,-3007
1954,bus_1130,132.0,-0.3598228336002057,1.051612000714551,2,734,-379
1935,starbus_xf_2077_2205_2347_1,220.0,-0.24997931967834294,0.9954329258483137,5,-409,-3284
506,bus_1239,132.0,-0.23834140528216413,1.0593811098673116,1,380,1278
664,bus_1537,33.0,-0.09567838168795907,1.083924832986157,4,915,-2259
1350,bus_3645,11.0,-0.36460484882695177,1.0067857325535505,11,-1163,3254
821,bus_4325,66.0,0.9806425556610221,1.0621884431144903,13,-1886,-1930
1274,bus_3396,33.0,-0.36180027171219103,1.0026976771950669,11,-1030,3726
166,bus_3456,11.0,-0.4672332945951301,0.9305555683693598,8,-1938,6945
810,bus_2196,275.0,-0.14907870465999304,1.0216229320947314,5,-491,-2732
1359,bus_2304,22.0,-0.15750289975936405,1.0244014877436112,5,-388,-2854
97,bus_5063,110.0,-0.18038491410882457,1.0557240861971138,15,1434,-5510
1596,bus_1634,33.0,-0.07890111916819356,1.0522509665649347,2,639,56
351,bus_4436,11.0,0.9843898780342629,0.9832106488531803,14,-2029,-4085
1445,bus_3624,275.0,0.010250833806767445,1.088531565596881,9,-25,3843
1616,bus_3295,21.0,0.05569807157851752,1.07483,10,562,3886
745,bus_3643,132.0,-0.333379075016586,1.025088343202311,8,-1160,6857
469,bus_4075,11.5,0.276334896665774,1.0353458795360362,14,-932,-2764
487,bus_1499,11.0,-0.46419769864050703,1.042571125045101,4,664,-701
335,bus_1450,132.0,-0.07387704736596223,1.0564557084924384,4,2287,-1477
542,bus_3100,33.0,-0.13508609008617067,1.0405129969654145,11,-1000,2976
592,bus_1434,66.0,-0.2506595321206545,1.0407373757031757,2,468,-410
1852,bus_3517,19.1,-0.4609929087407395,0.9942483024521686,8,-1629,6712
1244,bus_5036,11.0,-0.18690187506578348,1.01721,15,759,-5693
582,bus_1199,132.0,-0.08185872569532102,1.0723766136022048,4,944,-1807
1769,bus_3205,110.0,-0.2963870903178795,1.0517165692573855,11,-1012,3485
1366,bus_5116,110.0,-0.07753256426510376,1.0429853172893198,15,1193,-5956
1805,bus_1212,132.0,-0.3530782978945438,1.0510317830927647,2,710,-618
623,bus_4202,132.0,0.9121406932842294,1.0039651925975015,13,-1611,-2026
464,bus_4022,0.6899999999999998,1.2629826862417133,1.01263,12,-3032,-1224
410,starbus_xf_3371_3372_3373_2,110.0,-0.35690173959434135,1.0249459724068735,11,-1496,3449
1107,bus_2054,0.6899999999999998,0.16627627143467058,1.0321487423529092,5,-309,-3712
244,bus_1254,132.0,-0.33867273538118425,1.04364950471473,2,673,-588
650,bus_1558,11.0,-0.4449463847757653,1.0013963180793093,2,76,981
1030,bus_3132,11.0,-0.32075404980476246,1.0290530387977055,11,-1095,3285
1370,bus_2239,66.0,-0.19046303728017097,1.0258866555578627,5,105,-3527
1417,bus_3431,20.0,0.19388353161522423,1.01886,9,-250,4608
1722,starbus_xf_3371_3372_3373_1,110.0,-0.3535406176440144,1.0250323860532913,11,-1496,3449
443,bus_1087,11.0,-0.4008996961241409,1.0544496338695404,2,-707,529
987,bus_4368,33.0,1.140557206770924,1.0116001533784718,12,-2979,-1308
1587,bus_3211,132.0,-0.2925364994832125,1.025755173126864,8,-1228,6939
1908,bus_4416,11.0,0.9592808788118133,0.988674284919407,13,-2434,-2245
457,bus_4145,275.0,0.9640131787637686,1.0469676983228182,13,-1727,-2102
1858,bus_3423,20.0,0.14436320148591072,1.0694323900877698,9,-243,3682
1917,bus_1281,132.0,-0.3538853652978019,1.0509862160103354,3,882,-668
1630,bus_4376,22.0,0.986490825701423,1.0951262815508012,12,-2945,-395
83,bus_1625,66.0,-0.2373545180876546,1.040602000169125,2,329,-115
1485,bus_4492,11.0,1.0217272252390357,0.9383964168498145,12,-3918,-1747
1755,bus_5013,11.5,-0.3189297013126557,1.0137096630003362,15,600,-5403
873,bus_3452,11.0,-0.3522177086327765,1.0374132690372215,8,-879,6634
945,bus_5000,33.0,-0.1253969819654471,0.9889426478079788,15,1877,-5949
1503,bus_4204,132.0,0.928409250052623,1.06298,13,-1944,-1667
1055,bus_4380,33.0,0.9561077357353198,1.023416014707176,13,-2074,-2338
1832,bus_5147,220.0,-0.17156679447967066,1.0770504062583346,15,1079,-5510
546,bus_1459,132.0,-0.14668185764141642,0.9844887487467663,3,1135,-792
846,bus_2028,15.0,0.14604431951260127,0.97242,5,749,-1979
462,bus_1007,22.0,-0.035448248592116316,1.0825244685658986,5,260,-3033
744,bus_3243,132.0,-0.28462026217938313,1.0536492981037135,8,-629,6039
1197,bus_5224,1.0,-0.13590294034500647,1.0486606884599075,15,929,-6253
1036,bus_2066,11.0,-0.3941313589959201,1.0513830473161494,7,1381,-4708
703,bus_3477,132.0,-0.1335667911437844,1.0461912279175505,9,-1022,4658
496,bus_2023,15.0,0.03361786929792451,0.9940816057363192,5,784,-1957
67,bus_1561,22.0,-0.06309459768954241,1.035991866464995,5,686,-2685
1222,bus_3365,33.0,-0.379487601507821,1.0094768825942981,11,-1266,2451
1660,bus_5194,22.0,-0.16425787105329337,0.9733960932016995,15,1629,-5829
1886,bus_1630,132.0,-0.2438117628984174,1.0684991139826105,1,907,1571
403,bus_3204,110.0,-0.2966196012558039,1.0512490517296518,11,-989,3482
321,bus_3472,33.0,-0.36119641304505395,1.0172713917449772,11,-489,2977
406,starbus_xf_1428_1501_1539_1,132.0,-0.23666870570559925,1.0482826699121668,2,156,-160
1065,bus_4240,66.0,0.9843869431635995,1.02314491412983,13,-2397,-2645
1131,bus_4025,33.0,1.0729271506365075,1.0990508791584408,12,-2959,-1413
1196,bus_4373,33.0,0.9657073735979463,1.0476190499404094,12,-2685,-1080
1982,bus_4393,33.0,0.16441747135417337,1.0237538202818708,14,-942,-2695
1488,bus_1236,132.0,-0.3131262039206195,1.049703806904925,2,645,137
1183,bus_1262,132.0,-0.21422045158311337,1.0728298104569711,1,991,1375
1277,bus_5052,110.0,-0.09344321114669588,1.064082225779875,15,522,-5879
436,bus_1099,500.0,0.06793269241031377,1.0747930173806841,2,825,368
1634,bus_1580,66.0,-0.09208944506685861,1.0487312761406185,1,2801,2749
409,starbus_xf_1616_1027_1618_1,66.0,-0.04502791914385214,1.0228093511140575,1,2815,2889
953,bus_3222,110.0,-0.2916332428323532,1.0551235237180616,11,-945,3336
682,bus_4418,11.0,0.9721382539371469,1.012828813800457,13,-2466,-2423
750,bus_4026,0.6899999999999998,0.98694039215709,0.99318,12,-2919,-1065
1336,bus_1159,132.0,-0.046704329407300134,1.027,1,1823,2202
643,bus_1444,132.0,-0.23945670065615668,1.0414293770050043,1,1814,1949
1751,bus_3069,132.0,-0.28365953729909416,1.0352198592191362,8,-725,6053
1809,bus_1305,132.0,-0.33869201367965046,1.0451935381448778,2,853,-451
927,bus_2283,66.0,-0.3671257436045779,1.0198173039566152,6,132,-4155
22,bus_1617,66.0,-0.03777300615671503,1.0285494485460802,1,2829,2850
1214,bus_1263,132.0,-0.20562655348684497,1.0668448946871865,2,89,-202
177,bus_4101,275.0,0.055312641191736886,0.9886532544441814,14,-707,-2550
329,bus_2093,20.0,-0.2139884399295207,0.97286,7,966,-3987
1180,bus_4482,11.0,1.0486241127363474,0.988611228697981,14,-2016,-3389
414,bus_3390,110.0,-0.2694075928195167,1.051897148302163,11,-1030,3163
1490,bus_5130,110.0,-0.16542771735599776,1.0168343910245399,15,1138,-5920
1733,bus_5192,22.0,-0.3430324608725242,1.0288420662411002,15,722,-5364
1906,bus_2211,66.0,-0.47548687265946793,1.0511869420387072,6,411,-4354
860,bus_4229,66.0,0.43998858062387514,0.9057718051094805,13,-2143,-896
31,bus_1167,220.0,-0.08919936795519867,1.0425849666554408,5,844,-2351
288,bus_5173,22.0,-0.16914392878542397,1.069976584687954,15,301,-5861
123,starbus_xf_4031_4028_4027_2,66.0,0.9825374371923044,1.0508044061813138,13,-2169,-2688
557,bus_3226,110.0,-0.29370597039449214,1.0533543736780457,11,-1030,3422
1574,bus_3272,132.0,-0.19393005955832174,1.0337,9,-134,5468
1642,bus_3414,11.0,-0.4891731547072617,1.0129403995409858,11,-125,2966
96,bus_4402,11.0,0.7467907299088412,1.0140752553994403,12,-3245,-1797
101,bus_4209,132.0,0.8630645432238345,0.9837325071748986,13,-1518,-1647
154,bus_5100,110.0,-0.1275540856397039,1.027823872392618,15,1251,-6125
1881,bus_1479,132.0,-0.0925728471311933,1.0680364430731994,4,893,-1656
1023,bus_3565,275.0,-0.1509813782723702,1.0858195049692354,9,-560,5289
28,bus_1211,220.0,-0.05172192481319693,1.0879857865708882,5,698,-2614
529,bus_2323,10.5,-0.25728097954933404,1.02602,6,954,-3371
1396,bus_2127,220.0,-0.26109509587353796,1.0189112999284553,6,786,-2975
1849,bus_4013,0.6899999999999998,1.0833958350397537,1.0890401438303257,12,-3078,-1895
1913,bus_2037,10.5,-0.16798357705746653,0.93803,7,1274,-4304
158,bus_3494,19.0,-0.1760108667529633,1.091501308222287,9,-496,5364
666,bus_4006,11.0,1.0208084964503406,0.9256558614527681,12,-4015,-1769
818,bus_4017,0.48,1.0799797403112603,1.0541071957697887,12,-3070,-1848
1195,bus_3120,132.0,-0.18150246074511042,1.0837223132049518,9,-535,5511
509,bus_2085,10.5,-0.4635034729186666,0.95863,7,1029,-3844
1824,starbus_xf_2162_2271_2315_5,220.0,-0.04392113263600742,1.1000000105201975,5,237,-3162
302,bus_1208,132.0,-0.01917404961694093,1.077585753701982,4,2398,-1573
1673,bus_4258,66.0,1.0159302473044904,1.0023286418696917,14,-2137,-3869
988,starbus_xf_2077_2205_2346_2,220.0,-0.2502141326496319,0.9953864443885309,5,-409,-3284
1659,bus_4389,33.0,0.4602252767415493,0.8999999902427821,14,-1243,-1976
1772,bus_5172,11.0,-0.18826317079004162,1.0654733461595356,15,1502,-5586
1482,bus_3147,66.0,-0.3605440975489456,1.0444408204922224,8,-828,6943
1681,bus_3278,132.0,-0.05031800438703237,1.0709646480259616,9,485,4116
1070,bus_5113,110.0,-0.18690187424676435,1.0112838829085105,15,830,-5662
1738,bus_1178,132.0,-0.303756665935689,1.048723837273413,2,524,-60
558,bus_3471,110.0,-0.3193729448613225,1.0571902657771548,11,-478,2930
898,bus_3171,110.0,-0.09065979643028099,1.0398503037506353,11,-866,2904
1086,bus_5234,11.0,-0.08814669019429079,0.9902001740472847,15,577,-6079
104,bus_5020,11.0,-0.03889779270374545,1.04821,15,1454,-6257
121,bus_4486,11.0,0.9272324803315326,1.0250000330089428,14,-1784,-2804
385,bus_1375,132.0,-0.2152160542018116,1.0515051876554455,2,112,-493
405,bus_2279,66.0,-0.5218490708851701,1.050798950782197,7,1031,-4245
705,bus_1468,132.0,-0.33052850368379105,1.0351637926171948,2,118,641
198,bus_3310,66.0,-0.3295406937229514,1.0524001419774087,8,-1011,7028
1088,bus_2300,22.0,-0.49675664899552735,1.045022524629632,6,490,-4179
1648,bus_3308,11.0,-0.47096506336210037,0.9648889435370758,11,-1705,2130
1859,bus_4415,11.0,0.9824688245848542,1.074536948640213,13,-2064,-2666
1283,starbus_xf_4187_4230_4495_2,132.0,0.43861459764359356,1.06298,13,-2161,-871
191,bus_1397,132.0,-0.2516276602516919,1.068617256129386,1,927,1615
920,bus_3044,132.0,-0.052727474393473604,1.0403319848430455,8,-973,5330
46,bus_1040,15.4,0.21069270468464413,0.98407,4,1374,-1592
147,bus_3356,33.0,-0.3852220234570713,1.0284787337026453,11,-226,3209
1745,bus_1326,132.0,-0.35072640565266416,1.0501443397377246,2,579,-361
513,bus_2076,0.6899999999999998,0.39582158246873284,1.06914,6,79,-4685
772,bus_3353,33.0,-0.36795778854939876,1.034603501041466,11,-386,2501
1227,bus_2338,33.0,-0.475427200057728,1.0691795032292442,7,1031,-4353
1758,bus_3437,15.0,0.04433403343000103,1.0330356227386954,10,600,3549
1164,bus_3329,132.0,-0.5117647967699998,1.0215757674662667,8,-1687,7268
236,bus_5201,11.0,-0.13141992112379586,1.0455358731883102,15,850,-6309
316,bus_5026,11.0,0.08938036676153918,1.0193710067447181,15,1317,-6224
386,starbus_xf_5093_5202_5203_1,110.0,-0.15820575759520336,1.0473505359390354,15,958,-6360
1718,bus_4361,33.0,0.9942475963039921,1.0493466847133341,12,-3182,-1502
893,bus_2265,66.0,0.12128547028768126,0.97713,6,77,-4396
1678,bus_2161,220.0,-0.3581980931036112,1.0395120520107106,6,348,-3879
25,bus_1023,0.6899999999999998,0.0703806011365565,1.07713,4,1660,-1072
493,bus_2225,66.0,-0.47987052179724826,0.9829272382639249,6,341,-4144
677,bus_3087,22.0,-0.5596036932542442,1.000054773105394,8,-1726,7292
1958,bus_4203,132.0,1.0118033464094067,1.0221401039608229,12,-3043,-1564
337,bus_2175,132.0,-0.08829443249594056,0.9767937828069259,5,-166,-3350
1501,bus_1406,132.0,-0.34703077068368576,1.055029745074609,2,485,488
1232,bus_5097,110.0,-0.12592097638047686,1.0283312542285763,15,1355,-6119
1588,bus_2069,11.0,-0.33864371543294064,0.99081,7,1355,-4754
1807,bus_3326,33.0,-0.3776695595988733,1.0244205793999026,11,-1331,2135
981,bus_3122,66.0,-0.1035647126615954,1.0762895414593603,9,-1335,5018
1170,bus_4045,10.5,1.0578588284124684,0.9989252108001028,13,-2451,-1601
9,bus_1501,66.0,-0.23881606477312117,1.0478066280143026,2,73,-156
728,bus_3397,110.0,-0.3414063401388392,1.0458563963832033,11,-1728,2079
1335,bus_4275,66.0,0.995585596688038,1.0177437947609143,14,-2291,-2954
819,bus_4320,66.0,0.9764712177151832,1.0770374571016956,13,-1945,-2363
1823,starbus_xf_4104_4041_4042_2,275.0,1.0578588283753159,0.9989252148529868,13,-2402,-1656
516,bus_3133,11.0,-0.3103744211537263,1.0178041465250862,11,-1085,3311
137,bus_5176,6.6,-0.10289233431750854,1.0143619005773585,15,1127,-6405
216,bus_4401,11.0,1.0706059215731911,0.9698756769384488,12,-3745,-1757
189,bus_1553,11.0,-0.4406779314095115,1.0166763140233441,3,1168,-486
1135,bus_3475,132.0,-0.21264502940860877,1.0622837476921587,9,-1177,4045
1552,bus_5035,11.0,-0.10961272605077968,1.02356,15,750,-5680
1962,bus_4430,11.0,0.9977000066052927,0.9885717518534206,14,-1942,-3404
187,bus_1354,132.0,-0.33381251870954814,1.0361546029517357,2,-379,380
455,bus_1435,132.0,-0.24215152066005244,1.018366135178053,2,-444,-283
1190,bus_4321,66.0,0.9747143365935771,1.0650803808057347,13,-1880,-2134
284,bus_4066,15.75,1.2946993524841621,1.01738,14,-2002,-3402
294,bus_3003,33.0,-0.3111385769473238,1.0369200169288113,8,-1473,6366
122,bus_4414,11.0,0.9818246822942696,1.073833046449698,13,-2087,-2646
978,bus_1357,66.0,-0.3625592497759778,1.0260516276141154,1,-1074,1989
1035,bus_3306,110.0,-0.3409601834752023,1.0462949388761864,11,-1608,2122
1379,bus_3354,110.0,-0.30432850034768194,1.059217262896589,9,-564,4081
126,bus_4363,33.0,1.2787727904125596,0.9906050681564106,13,-2757,-1977
1578,starbus_xf_5094_5202_5203_2,110.0,-0.15864256227077606,1.047232319357497,15,973,-6363
952,bus_1104,330.0,-0.06958969429149522,1.027,1,1748,2235
382,bus_4184,132.0,0.9183286514262721,1.0289053029336805,13,-2137,-1434
1461,bus_5223,110.0,-0.03909423323322408,1.0511762153956694,15,1291,-6185
296,bus_3573,275.0,0.05995958830120667,1.0927176675835448,9,-314,4388
484,bus_1331,132.0,-0.053555746046304024,1.06473035513081,1,2000,2110
203,bus_4386,33.0,0.8094492926402644,0.9599837390683936,13,-1471,-1726
624,bus_4463,11.0,0.901639194059321,1.0207338779346404,14,-1720,-2989
685,bus_3432,132.0,-0.037394395501141,1.0455877380942258,8,-1221,5429
785,bus_4452,11.0,0.9031201636975165,0.9972735039005133,13,-2117,-2487
990,bus_3240,132.0,-0.46634559980870977,1.0144429772009662,8,-1445,7178
1838,bus_1369,33.0,-0.4006145236904155,1.0078673265809241,2,-473,449
1818,bus_2320,22.0,-0.7343970919305012,1.0242481347468095,6,869,-3729
553,bus_2340,11.0,-0.3282811322736795,0.9971379531306602,6,356,-3649
1450,bus_4036,11.5,0.9836521053135142,0.9724851167002108,13,-2719,-2698
1590,bus_2201,500.0,-0.36156800621816426,1.0579283898863827,6,574,-3521
54,bus_4464,11.0,0.9248219479584626,1.0353489774734148,14,-1626,-3336
843,bus_1612,11.0,-0.17055621113141553,1.0565794619901951,1,2233,2144
1154,bus_1026,132.0,-0.10196276694343231,1.0737695234199485,1,1948,2390
99,bus_3529,132.0,-0.3230822971023446,1.06298,8,-1282,6854
1050,bus_1296,132.0,-0.13078162065502197,1.08252260319495,4,629,-1107
200,bus_4374,33.0,0.9533355699988687,1.0566167197895686,12,-2669,-784
626,bus_1497,132.0,-0.13957674762054792,1.0833255589876285,4,889,-1977
214,starbus_xf_1428_1501_1540_2,132.0,-0.234466769811002,1.0487725143760835,2,156,-160
185,bus_3312,110.0,-0.31685982163001,1.0538088374929084,9,-877,4131
1319,bus_2021,17.0,0.028898928602415757,0.95996,5,771,-1954
1926,bus_1157,330.0,-0.025627212593229264,1.070604761202805,2,518,61
323,bus_3361,11.0,-0.48155673306462365,1.0041982527165227,11,-1600,3528
1924,bus_1488,132.0,-0.3572862174211219,1.0466952879105467,2,318,946
562,bus_3299,110.0,-0.3292357150818124,1.0515757155603318,11,-1209,2547
885,bus_5181,11.0,-0.06884690439402665,1.0117075157112703,15,443,-5908
1047,bus_3554,275.0,-0.06330026683997911,1.0682078505336667,9,-869,4570
1453,bus_4111,275.0,1.0103303745921741,1.0336357021220681,12,-3039,-1644
585,bus_3364,11.0,-0.4556607870760715,1.0153706682965131,11,54,3191
1451,bus_1136,132.0,0.206001382612786,1.06298,4,2127,-1817
796,bus_1285,132.0,-0.07431404266482348,1.0124582562962703,1,2296,2442
1759,bus_4005,11.0,1.0416928141409056,0.9427779565071487,12,-3913,-1793
397,bus_1526,33.0,-0.18886898732254281,1.0477788837979827,2,695,159
1533,bus_1547,11.0,-0.32318690372344117,1.0146491452400865,2,668,1050
345,bus_3194,132.0,-0.3178912915020374,1.0171431181809367,8,-1502,6107
1106,bus_4273,66.0,1.0021150508516676,1.0186033177045672,14,-2347,-3142
1184,bus_4019,0.6899999999999998,1.5778921689993748,1.01703,13,-2914,-2084
868,bus_3276,66.0,-0.36104260917630776,1.0398328438481848,8,-942,6940
1206,bus_1209,66.0,-0.048137080944342006,1.0807399683146854,4,2478,-1579
470,bus_4303,66.0,0.9712713875080043,1.0438544945930532,14,-1601,-3239
142,bus_3187,132.0,-0.21029057992410385,1.060833198101229,9,-1347,4373
730,bus_3441,110.0,-0.33889257841735004,1.048195753738958,11,-1443,2173
1297,bus_3381,11.0,-0.38294840964585386,1.1000000106521224,11,-410,2650
550,bus_5205,11.0,-0.14608222833616413,1.0275643970040609,15,1049,-6287
1938,bus_2229,66.0,-0.13144657224754883,1.0529798960693917,6,994,-2933
1262,bus_4483,7.6,0.9812336520093279,0.9583158164429627,14,-2056,-3852
327,bus_1626,66.0,-0.25061714831299564,1.0406686676843404,2,355,-490
251,bus_4221,132.0,0.3098621048777407,1.0755469937532347,14,-921,-2976
1118,bus_2102,132.0,0.1357190418323417,1.051081779785911,4,855,-1853
1181,starbus_xf_1430_1502_1543_2,132.0,-0.29119816337522314,1.0428636823029886,2,243,911
588,bus_3635,110.0,-0.35305324659927967,1.0329672757990476,11,-687,2591
1599,bus_5185,22.0,-0.10265900124851325,1.0566852475768969,15,1808,-5646
6,bus_4266,66.0,1.005219776076628,1.0202665614864552,14,-2234,-3018
1619,bus_5162,220.0,-0.07767410609921838,1.0427654786007299,15,805,-6131
1711,bus_1652,33.0,-0.33837011880914186,1.0541300391738233,2,16,475
1290,bus_1578,66.0,-0.09305596151338631,1.0447533252037193,1,2502,2560
257,bus_4404,11.0,0.7752838565366525,1.0090191581674721,12,-3241,-1776
1643,bus_4230,66.0,0.43397642047167,0.903709606821805,13,-2163,-830
950,bus_2274,66.0,-0.5744466640322684,1.04226418100918,6,860,-3741
163,bus_3446,11.0,-0.27339898881830177,1.007170769838067,11,-503,2553
1171,bus_4094,275.0,1.0117435992398853,1.0535789757876575,13,-2143,-2100
271,bus_1498,66.0,-0.3634329249335973,1.0245315127879802,1,-1114,1955
605,bus_3279,132.0,-0.06288611335256204,0.94245,9,569,4242
1376,bus_1012,0.6899999999999998,0.02009664235731853,1.01546,4,327,-1203
1661,bus_5203,11.0,-0.17409847020969385,1.043272863035651,15,960,-6395
1509,bus_2215,66.0,-0.3892519818617646,1.0061933395509874,6,167,-3906
1475,starbus_xf_5088_5175_5241_4,110.0,-0.10539230922901256,1.0178373256494164,15,1157,-6348
1604,bus_5069,110.0,-0.12200875003428018,1.0512389507489872,15,495,-5796
639,bus_1047,17.5,-0.17118332306714276,1.0017986471343925,2,792,555
1212,bus_1153,330.0,-0.15552901470399155,1.0227194903791172,2,997,1100
1819,bus_5200,11.0,-0.13279912205695973,1.0443820330757352,15,834,-6302
1230,bus_3165,132.0,-0.2977558034463631,1.0385282086956815,8,-1049,5738
1883,bus_2164,220.0,-0.4635104870103187,1.06298,6,937,-3740
1298,bus_3525,15.75,0.20092903185517352,1.0264349474699719,9,348,3653
1102,bus_1261,132.0,-0.35736385280926297,1.0486014155249561,2,323,829
722,bus_3080,132.0,-0.4481852909603554,1.0536492981037135,8,-1426,7042
539,bus_4392,33.0,0.148397453145341,1.0052963015526069,14,-926,-2601
1472,bus_5017,14.5,-0.15272009081702181,1.05574,15,853,-5363
1169,bus_3315,110.0,-0.31250943652384333,1.056947740796655,9,-890,4237
85,bus_3066,66.0,-0.29413627585589275,1.059034403338995,8,-890,5735
1902,bus_4113,275.0,0.851857266270446,1.0259241451495906,13,-2983,-1700
917,bus_1054,22.0,-0.0006487010060560994,1.078906575502426,5,320,-3090
1808,bus_4131,275.0,0.9584543283666129,1.06298,13,-1843,-2005
627,bus_1536,33.0,-0.09564132483289253,1.06298,4,902,-2246
355,starbus_xf_1106_1167_1537_4,330.0,-0.09567838168795907,1.083924832986157,4,963,-2129
60,bus_3655,19.0,0.11737874348670668,1.00366,11,411,2945
1311,bus_2062,11.5,0.14666278338741856,1.0015815703700557,6,1088,-3080
1429,bus_3546,275.0,-0.2649832119896265,1.0567417138869781,11,-981,2560
180,bus_1635,33.0,-0.07394075609884311,1.0546995437000655,2,628,70
1257,bus_1510,66.0,-0.10341177180036089,1.0332898678839144,1,1869,1745
1464,bus_5132,110.0,-0.12542161580966202,1.0283625047500078,15,1077,-6174
1486,bus_1620,66.0,-0.12349440464791449,1.0927791055792127,4,836,-1563
706,bus_1474,132.0,-0.06839176616397363,1.0420275560712329,1,2182,2350
225,bus_3101,132.0,-0.240324005445742,1.0483993117560564,9,-1438,4311
773,bus_1032,33.0,-0.41881545885089083,1.060222308053549,3,1292,-309
1916,bus_1031,11.0,0.15612610029799479,0.95282,4,1078,-1731
486,bus_2061,11.5,0.15510498832452035,0.97542,6,1082,-3101
131,bus_3642,66.0,-0.3545759045885246,1.0431167975025817,8,-990,6975
167,bus_2216,66.0,-0.2477955487377175,1.011017430128594,6,91,-3833
1215,bus_3058,110.0,-0.3027466355820523,1.0476530614119484,11,-1308,3419
1487,bus_1062,12.0,-0.008975540898212214,1.0949822551412194,4,707,-1482
895,bus_4366,33.0,0.9450389690341467,1.0424916491817617,12,-2772,-1272
1309,bus_4475,11.0,0.94224191085132,1.0251641310683934,14,-1738,-2895
1866,bus_4004,0.4,1.2158529585335405,0.997062002051399,12,-3878,-1892
1777,bus_3363,11.0,-0.4877430755961973,1.0054057965480758,11,40,3209
394,bus_4196,132.0,0.9497068447464618,1.053223375588173,12,-2527,-1019
882,bus_1124,330.0,-0.1711833232853899,1.027,2,697,535
1872,bus_1419,132.0,-0.1614906697722875,1.0741056237405284,1,2191,2245
740,bus_3597,275.0,-0.4803430805258662,1.0394961218212528,8,-1564,6890
29,bus_2224,66.0,-0.5633749563051428,1.06298,7,1013,-4025
412,bus_4347,33.0,1.188831997478005,0.9946940418411627,12,-3833,-1851
1717,starbus_xf_1097_1098_1161_2,500.0,-0.09617128339679555,1.0059508407238282,2,789,-107
1148,bus_3284,132.0,-0.08808497118980887,1.0524814814848642,9,-1358,5009
654,bus_2106,220.0,-0.21552359040263752,1.0658374554325856,5,146,-3531
919,bus_3386,110.0,-0.33468786994556377,1.04863136802294,11,-1347,2481
1380,starbus_xf_2077_2205_2349_3,220.0,-0.25109280597054734,0.9951710382183326,5,-409,-3284
1641,bus_4391,33.0,0.27428996505084574,0.9839233226191519,14,-1119,-2113
266,bus_4192,132.0,0.9480706988881735,1.0286655600502659,13,-2129,-1569
1189,bus_4499,11.0,0.3463128495341616,1.0689746242905955,14,-898,-2826
1388,bus_3183,22.0,-0.5584759636607934,1.0066306477935971,8,-1551,7483
1869,bus_4158,132.0,1.0089290499721797,1.0103992559819344,12,-3496,-1689
858,bus_3186,66.0,0.004374781222719692,1.0722184668594286,9,-1553,4615
628,bus_3426,20.0,0.1477214438554325,1.01054,9,-344,3718
902,bus_1528,132.0,-0.3458209207377561,1.050712906590493,3,1203,-624
1507,bus_5150,220.0,-0.28993478731090694,1.0569199095041097,15,904,-5344
1573,bus_3102,132.0,-0.22384009724907575,1.0587119745671059,9,-1446,4295
1688,bus_2100,132.0,-0.21299073880389338,1.069044189027994,6,177,-4137
333,bus_4493,11.0,0.7598837476165337,1.1000000106460799,12,-3398,-1834
1495,bus_4471,11.0,0.9032767040527493,1.012866433684696,14,-1565,-3205
1787,bus_4238,66.0,0.9927309664793972,1.0287121183508314,13,-2202,-2504
1857,bus_1336,132.0,-0.2268434481690703,1.0668586451901172,1,901,1394
1007,bus_3112,66.0,-0.3058646919396572,1.0230589344513599,8,-955,5932
852,bus_3611,275.0,-0.015848503496366264,1.0772776068992944,9,-954,4846
841,bus_4456,11.0,0.9305703555481432,0.9984217452299123,13,-2245,-2834
1703,bus_2073,24.0,-0.1446945844142453,0.8999999909908056,6,577,-4314
24,bus_3124,11.0,-0.4165081564023183,1.045968391712119,11,-1374,2374
1925,bus_1360,132.0,-0.08178852698996733,1.0268658615549338,1,3055,2923
220,bus_3292,22.0,-0.1831719776999773,1.1000000103673626,8,-1362,6928
111,bus_1283,132.0,-0.223820379514656,1.0681931088675378,1,872,1361
1019,bus_3143,132.0,-0.512389673415454,1.0099004925632833,8,-1621,7237
1254,bus_1014,0.6899999999999998,0.04575270916686019,1.0126,4,346,-1233
803,bus_2109,220.0,-0.32264342673897,1.049080048421154,6,224,-3741
1893,bus_1027,132.0,-0.03777301017068343,1.02449,1,2751,2808
596,bus_3323,33.0,-0.38393078070371883,1.0426495712487454,11,-357,2729
1948,bus_2086,10.5,-0.46187540605065996,0.96458,7,861,-4054
159,bus_1123,330.0,-0.07959093097321956,1.0519134038254356,2,554,-7
1241,bus_4253,66.0,1.0416489671191809,1.0038343036669086,14,-1941,-3307
1674,bus_4350,33.0,0.9324669783486149,1.0691088622200249,12,-2540,-632
1636,bus_4011,0.6899999999999998,1.1083050465429427,1.0719708923690319,12,-3080,-1869
361,bus_3285,132.0,-0.30038706322212244,1.03123,8,-1065,5797
989,bus_4144,275.0,1.0264494598109077,1.0676307955596303,13,-2706,-1816
1062,bus_1423,132.0,-0.08740886836166363,1.0625991312091854,1,1832,1817
1179,bus_1092,500.0,-0.14202851303419461,1.0447066630930333,2,703,257
915,bus_1033,11.0,-0.03113319466000114,0.9778907212387592,4,960,-1530
1210,bus_2010,0.6899999999999998,0.01636409295203542,1.06431,6,-25,-3913
1597,bus_4084,0.6899999999999998,1.14089772802263,1.06436,13,-2532,-1823
966,bus_1089,11.5,0.026757069226576207,1.1000000099604912,2,1860,1245
1125,bus_1138,330.0,-0.2691346021583173,1.027,2,597,315
1555,bus_1265,132.0,-0.37091281118726616,1.047428127222827,2,785,983
1734,bus_2019,17.0,0.029714745751537798,0.9924945752841418,5,776,-1869
595,bus_4423,1.0,0.9811941117441259,1.0972048144748674,12,-2868,-465
526,bus_3040,11.8,-0.024239929495219113,1.0578380680194606,9,62,5064
391,bus_3629,132.0,-0.46430885406401584,1.0055621794655778,8,-1873,6871
884,bus_1524,33.0,-0.4505949089602606,1.0897749251269715,1,-46,1448
991,bus_4104,275.0,1.057858827814991,1.0613580423295144,13,-2402,-1656
1974,bus_3141,132.0,-0.33504345860248946,1.0254544196970783,8,-1145,6756
1712,bus_5042,16.0,-0.15292937841232426,0.9970090433725342,15,888,-5675
466,bus_2287,66.0,-0.4293450110923635,1.0523071158405923,6,927,-3297
1796,bus_3075,33.0,-0.12589619541718539,1.0231198153400969,11,-1029,2801
213,bus_3091,22.0,-0.5676879700415046,1.0766637559352852,8,-1678,7426
1026,bus_2026,15.0,0.02971474571967659,0.9924945767922303,5,792,-1904
1203,bus_2289,66.0,-0.5406634697130913,1.0341213791747277,6,809,-3443
1633,bus_4167,132.0,0.9919542458196449,1.0526102065465093,12,-3222,-1469
1679,bus_2232,66.0,-0.5641397352502499,1.0382973146794097,7,929,-4072
1740,bus_2009,22.0,-0.4449512319412281,0.99629217115058,6,263,-4291
586,bus_4270,66.0,1.0039333970201443,1.0188917424659414,14,-2297,-3132
56,bus_4033,11.5,0.9836521050640421,0.97606,13,-2699,-2747
1695,bus_4245,66.0,1.0202183594298877,0.9996497402151269,14,-1913,-3805
276,bus_1588,66.0,-0.0711178249443202,1.0992083481874448,4,1210,-2379
1249,bus_2031,15.0,0.029714745671309883,0.9924945772719457,5,758,-1965
1218,bus_1085,11.0,-0.3985368124794074,1.04206,2,-711,452
1085,bus_5016,11.5,-0.3182167004102768,0.99307,15,581,-5395
1625,bus_4410,11.0,0.9803079466923914,1.074832520721699,13,-2080,-2629
1237,bus_3336,11.0,-0.552755127540161,1.007167432895685,11,44,3051
1534,bus_3168,132.0,-0.23260145848921698,1.0510241783624164,9,-650,5604
53,bus_4306,66.0,0.9712397701181096,1.0439237890336623,14,-1608,-3338
1492,bus_3598,275.0,-0.05698373778819454,1.0725893344167143,9,-714,4483
371,bus_2294,66.0,-0.4769801249079057,1.0502837438226202,6,426,-4322
622,bus_2254,66.0,-0.06971789026985975,1.076254230940898,7,1442,-4399
1064,bus_3585,20.0,0.14191947581339298,1.0065,9,-522,4877
711,bus_1315,132.0,-0.03834330617483258,1.1000000106957544,4,695,-1458
1142,bus_4106,275.0,1.0849880325411756,1.0566120252468494,13,-2633,-1576
514,bus_2311,22.0,-0.40849689245237036,1.0479536216957834,7,1421,-4724
1598,bus_1129,132.0,-0.3565425581440695,1.0514190086505701,2,764,-346
65,bus_4451,11.0,0.9084547378368856,0.9938397403878303,13,-2149,-2453
635,bus_3476,132.0,-0.1496013828226532,1.072590003113824,9,-1090,4415
235,bus_2078,22.0,-0.14971900454183273,0.9597103938023471,5,-482,-3533
308,bus_3372,11.0,-0.43003768312392304,1.0074231948331296,11,-1609,3477
1687,bus_4491,11.0,1.0223061992500286,0.9387673649966151,12,-3913,-1767
17,bus_4323,66.0,0.9742739182362796,1.0700695957190935,13,-1926,-2226
939,bus_5044,22.0,0.14348974760872693,1.0480720053716046,15,1992,-5708
369,bus_3126,66.0,-0.11050317032977672,1.015143913119106,10,1102,4287
461,bus_1584,66.0,-0.06066647342524731,1.0309708418378603,1,2131,2306
681,bus_5123,110.0,-0.18646751043521995,1.016933555105883,15,1287,-5684
1456,bus_3539,132.0,-0.10304840317373158,1.0753615090014146,10,1329,4401
1517,bus_5168,220.0,-0.11772116955777844,1.0607537713963928,15,971,-5848
218,bus_2342,33.0,0.09000280491812876,0.97713,5,-281,-3625
120,bus_2233,66.0,-0.4888687951368676,1.0191054224459484,6,609,-4180
980,bus_2171,220.0,-0.43262260468570896,1.0319063441111942,6,782,-3231
716,bus_1618,11.0,-0.0494581622796114,1.056047983585802,1,2796,2885
1068,bus_3261,132.0,-0.043388084203523525,1.0732823088657244,9,405,3966
886,bus_3142,66.0,-0.3536952539826621,1.043346085232991,8,-1072,6873
1494,bus_5193,22.0,-0.18752386067492732,1.0154201110156513,15,1390,-5771
1680,bus_3277,132.0,-0.294177117202906,1.0306528338111272,8,-1035,5731
775,bus_3049,33.0,-0.36066018082771256,1.0175908989265334,11,-551,3089
1602,bus_1307,132.0,-0.06652924219974675,1.0549809036786726,4,1900,-1313
1654,bus_2025,15.0,0.02971474571967659,0.9924945767922303,5,792,-1927
690,bus_1282,132.0,-0.36003538525741496,1.0496754662616752,3,989,-639
1187,bus_3398,11.0,-0.42081218223393263,1.0072678023240105,11,-1821,2053
1060,bus_3062,66.0,-0.21690734707688497,1.0661973304480545,9,-151,5482
186,bus_3640,275.0,0.0018472922242327217,1.06298,9,-570,4803
1332,bus_1091,330.0,-0.11966941656059205,1.027,2,759,719
157,bus_5083,110.0,-0.06152382044508938,1.0353519529132829,15,1281,-6304
1308,bus_3148,132.0,-0.3844231932387012,0.992897128878803,8,-1323,6690
510,bus_1106,330.0,-0.09577389838038136,1.083756780573771,4,963,-2129
611,bus_2270,66.0,-0.15565016052684022,0.9309506041134977,5,-457,-3444
1408,bus_1396,132.0,-0.02425101749319196,1.0612120989690004,2,1641,1447
206,bus_3128,132.0,-0.217339624026611,1.0731316532482018,8,-1275,6726
272,bus_5212,11.0,-0.14040114340958684,1.0127284849508522,15,593,-6670
1041,bus_1554,66.0,0.0993183087116612,1.0461816068905287,1,2279,1953
1662,bus_1548,66.0,-0.32002408522453213,1.0118186096986406,2,686,-221
1021,bus_5008,11.0,-0.04746019730983239,1.05511,15,1267,-5579
1069,bus_4001,11.0,0.9311487067625971,1.0497533847119107,13,-2078,-2282
1515,bus_1301,132.0,-0.18279634624188276,1.0358142982439347,4,681,-960
14,bus_1234,132.0,-0.3316535946862748,1.0366595591793213,2,33,394
559,bus_5229,11.0,-0.03748277098775309,0.98622,15,1118,-5569
1697,bus_4115,275.0,1.0456323996213135,1.0451109676674997,13,-2628,-1613
222,bus_3176,66.0,-0.0839298873838825,1.0527350743420716,8,-1094,5419
537,bus_1082,23.0,-0.1610717148803305,1.00955,2,809,725
1128,bus_3229,110.0,-0.3200582001961344,1.0483283673645178,11,-635,3096
1272,bus_1081,23.0,-0.1606056547538211,1.01885,2,787,739
435,bus_5178,33.0,-0.15237285179760277,1.0268377244945754,15,1068,-6138
1049,bus_3262,132.0,-0.31316762083414745,1.0203616121529038,8,-1234,5910
786,bus_2213,66.0,-0.23960910574121505,1.031297539361733,6,97,-3966
140,bus_2113,220.0,-0.41048340102527736,1.0284695137151891,6,805,-3646
162,bus_3064,66.0,-0.30382966279396706,1.0440577232402923,8,-1253,5859
1132,bus_1504,66.0,-0.14218124580448263,1.0866306276779791,4,593,-1175
1084,bus_3582,275.0,-0.2563672478944363,1.0536492981037135,11,-935,2649
673,bus_4305,66.0,0.9695111554918588,1.041995795982672,14,-1601,-3380
1471,bus_3305,66.0,-0.3581538935130056,1.0395126275315743,8,-1008,7062
1615,bus_1324,132.0,-0.03801619791304601,1.099192566960744,4,758,-1418
1987,bus_5010,13.8,-0.17307554315056836,0.98159,15,1046,-5556
1158,bus_2344,11.0,-0.3713887939384272,1.029168182342433,7,1404,-4399
1037,bus_1456,132.0,-0.06372608038222251,1.0337336888808484,2,1663,1434
954,bus_3659,33.0,-0.3037984869106985,0.9809819574067623,8,-586,6101
1245,bus_5054,110.0,-0.10744668598409178,1.0597364714592294,15,642,-5751
1937,bus_5023,11.0,0.0898474617493006,1.0064,15,1281,-6229
1209,bus_5055,110.0,-0.09784915365061406,1.062810168315004,15,584,-5883
1213,bus_2322,10.5,-0.3991269878879459,1.02644,6,961,-3351
1063,bus_3152,132.0,-0.043206531376915755,1.0547698686532176,8,-1185,5417
1746,bus_1512,66.0,-0.05779854597790994,1.0645305397678297,1,2085,2129
340,bus_3589,275.0,-0.22385478203744993,1.0648617155123072,11,-744,2835
512,starbus_xf_3629_3454_3456_2,132.0,-0.4653742385181844,0.9263843094491417,8,-1873,6871
446,bus_1084,11.0,-0.2223034966909975,1.04459,2,-696,490
34,bus_4248,66.0,0.983084713065989,1.023052143156055,13,-2385,-2413
1737,bus_1640,11.0,-0.49022681673678836,0.9777273070699471,2,553,-564
1871,bus_1549,66.0,-0.14675522655012688,1.0659263037011508,2,332,-22
754,bus_1048,22.0,-0.018610779029007943,1.0518837737379076,4,733,-1490
1020,bus_1583,66.0,-0.2032930971451802,1.0455605506920924,4,822,-2180
94,bus_1018,23.0,0.18253917330163424,1.01837,2,1011,651
1025,bus_4198,132.0,0.9714025962108668,1.0584828120624081,12,-2700,-678
560,bus_4096,33.0,0.4371968768607294,1.0997127122136223,14,-929,-3281
1307,bus_3607,275.0,0.025085707204655285,1.0839592967634086,10,380,3765
960,bus_1414,132.0,-0.09771628078299344,1.0707676762122318,4,867,-1501
1856,bus_1247,132.0,-0.13511313795717161,1.0589883265490898,4,1128,-2184
454,bus_1518,11.0,-0.5094526071163701,0.991890398688905,2,400,-304
752,bus_5028,11.0,0.02895744718856516,1.03199,15,435,-6210
1992,bus_4190,132.0,0.9344533557829211,1.0489276820522317,12,-2378,-1162
985,bus_4372,33.0,1.0659150429240651,1.0430152106099846,12,-2924,-1824
92,bus_1264,132.0,-0.3485420531808296,1.0493159082182184,2,470,465
372,bus_3516,132.0,-0.46397696448211684,1.0051966808891655,8,-1736,6747
348,bus_1181,33.0,-0.01541439469711712,0.99781,4,1020,-850
381,bus_2150,220.0,-0.3298577187407229,1.021632912714573,6,592,-4392
424,bus_2167,220.0,-0.4983336803386995,1.0158487371111407,7,877,-4079
359,bus_2188,220.0,-0.4724545072588414,1.059184840860841,7,1076,-4331
811,bus_2200,500.0,-0.21158900438121792,1.0102695555460788,5,-277,-2958
106,bus_1204,132.0,-0.057252352624369604,1.0614524017422307,4,2049,-1463
1091,starbus_xf_3358_3360_3361_1,110.0,-0.3467134749859578,1.0144180981636859,11,-1532,3501
610,bus_3006,66.0,-0.5028491391315499,1.0464625769572855,8,-1458,6865
845,bus_3096,132.0,-0.3509104358037359,1.029971922484526,8,-1013,6597
1666,bus_5098,110.0,-0.12591634908046107,1.0282763107925275,15,1062,-6237
1922,bus_3022,66.0,-0.2361732275849481,1.0967510317038636,9,-1385,4213
1994,bus_2094,20.0,-0.28497472802154455,0.99223,7,965,-4006
1207,bus_3239,33.0,-0.35342908755310365,1.013894424445455,9,-446,4346
1572,bus_1150,330.0,-0.2593131855821189,1.0432859122033895,2,644,526
1784,bus_3322,110.0,-0.33368599613714023,1.0380823803869108,11,-411,2737
908,starbus_xf_1118_1040_1041_2,330.0,0.1146392484518359,0.9761041521042079,4,1300,-1557
655,bus_1400,132.0,-0.2060262600862803,1.0543865447246685,2,194,-324
1652,bus_5073,110.0,-0.1770709305525068,1.0187226346006408,15,1449,-5728
1904,bus_4067,11.5,1.25280508191277,1.01721,14,-1983,-3394
1800,bus_4010,0.6899999999999998,1.0832274162120628,1.096627164215424,12,-3048,-1968
570,bus_5230,11.0,-0.17179411177244172,1.013177581485244,15,1015,-5530
1658,bus_4009,0.48,0.9324669781753363,1.0795992328705428,12,-2568,-542
1888,bus_5057,110.0,-0.18038672785091928,1.0557370836595463,15,1417,-5541
1267,bus_1540,11.0,-0.234466769811002,1.0487725143760835,2,76,-134
791,bus_3542,132.0,-0.27635548518272546,1.0562992203391615,9,-1363,4082
1481,bus_1229,132.0,-0.11385777138280945,1.0621143417689953,4,1022,-1940
533,bus_4176,132.0,0.9228184229833147,1.0345281745832684,13,-2223,-1226
519,bus_1645,66.0,-0.11688245730224221,1.0678291298735878,4,861,-1721
1664,bus_2222,66.0,-0.41336884764645115,1.0663464473474482,6,479,-4185
578,bus_3135,11.0,-0.5098262076252468,1.0227278491322425,11,-1059,2437
190,bus_1653,11.0,-0.3481659006010289,1.053443350355622,2,3,451
237,bus_5125,110.0,-0.16576162649379608,1.0612965022160439,15,1608,-5594
1999,bus_1313,132.0,-0.29380187028408417,1.0393844214578887,2,173,819
478,bus_5015,11.5,-0.31892970120049075,1.013709654443238,15,565,-5371
1903,bus_3534,110.0,-0.2658797807217347,1.0548350460811975,11,-938,3182
238,bus_2186,220.0,-0.3478088156812471,1.0121140264317945,7,933,-3922
1959,bus_4367,33.0,1.188299098572034,1.0092107695188473,12,-2963,-1268
1853,bus_2046,20.0,-0.34056767467931043,1.024208327168653,6,679,-4315
1134,bus_4217,132.0,0.2978692109296265,0.9944903180058045,14,-1094,-2136
1029,bus_3320,33.0,-0.3541955675787259,1.041311846928674,9,-614,4125
1626,bus_1302,132.0,-0.22798720016492388,1.065136001688868,1,565,1391
1843,bus_3039,132.0,-0.02423993296577893,1.0760767459313103,9,43,4965
303,bus_5014,11.5,-0.318929701160054,1.0137096546156954,15,558,-5358
249,bus_3197,22.0,-0.2789498813694623,1.0601571523998785,8,-1105,5940
458,bus_4406,11.0,0.7509239974064279,1.0176074369709731,12,-3384,-1875
90,starbus_xf_3333_3336_3335_3,110.0,-0.39495624164630116,1.0417577179947213,11,-26,3018
192,bus_2335,22.0,-0.39502537799025367,0.9834339172387181,7,950,-4005
521,bus_3428,13.8,-0.17499869684981903,1.0320223617245128,11,-612,3661
548,bus_3344,110.0,-0.3291212630169192,1.0504636461538157,11,-283,3067
1556,bus_1335,132.0,-0.12016339282513606,1.027,1,2031,2351
579,bus_3405,110.0,-0.3272450090309336,1.0524984582939232,11,-1302,2259
751,bus_1105,330.0,-0.153138413887704,1.0332602139842961,2,985,-570
928,bus_4023,0.6899999999999998,1.1799395348207653,1.01358,12,-3049,-1272
1141,bus_4050,0.6899999999999998,0.9657073828132164,1.00795,12,-2747,-1032
287,bus_3169,132.0,-0.3089190264893006,1.0401731318226684,8,-1204,5918
718,bus_4076,11.5,0.27633489465946565,0.9553779967940929,14,-943,-2787
1463,bus_5090,110.0,-0.10990753844575163,1.0312378460363154,15,898,-6262
1565,bus_1309,132.0,-0.35378855887555377,1.0511167474495149,3,816,-697
896,bus_2042,21.0,-0.3298566771978924,1.059376455042905,7,690,-4332
44,bus_5170,220.0,-0.20294742675182406,1.055535028273908,15,1031,-5503
1606,bus_4179,132.0,0.7513460722263302,0.9679386752230494,13,-2161,-1186
1557,bus_3042,11.8,-0.02423992966664343,1.0578380644117993,9,76,5045
959,bus_2324,10.5,-0.21626114925283085,1.02719,6,970,-3337
507,bus_4015,0.48,1.0752835562575491,1.0561961177376986,12,-3061,-1963
450,bus_3110,33.0,-0.30064551367993136,1.0477218545547955,8,-686,6022
963,bus_3118,66.0,-0.21275062035879277,1.0625149659182382,9,-434,5577
1204,bus_5106,110.0,-0.12207029134039833,1.021632706036772,15,715,-6468
864,bus_1147,330.0,-0.2218773921520016,1.0346537012659383,2,519,545
621,bus_4207,132.0,0.8811440058161899,0.9933016359664677,13,-1727,-1560
1584,bus_1019,23.0,0.2176753158149764,1.02332,3,915,383
144,bus_3032,66.0,-0.1049924467206007,1.1000000084623829,9,-1667,5002
138,bus_2333,11.0,-0.16792219597986566,1.0185332688567523,5,800,-2378
1296,bus_3556,275.0,-0.24575596783027517,1.079946144841311,9,-853,3865
1541,bus_1542,11.0,-0.2915837372065172,1.0427877309712505,2,199,1000
1774,bus_5216,22.0,-0.1544363948988577,1.0065370053839182,15,1116,-5827
183,bus_3257,33.0,-0.008612974524730276,0.9914776342790106,11,-1591,2968
1609,bus_4055,11.0,1.0425071600487366,0.9755744847937023,14,-2174,-3392
1554,bus_1402,132.0,-0.01502046566794175,1.0755541911285893,1,1986,1943
301,bus_2104,220.0,-0.4112014699263982,1.0337475532007514,6,449,-4098
438,bus_4459,11.0,0.8651361878924446,1.0019427211414766,13,-1894,-2326
1409,bus_5074,110.0,-0.17911026654029166,1.0179666181837457,15,1372,-5727
793,bus_1148,330.0,0.05735560826465595,1.0363754704524413,4,1369,-1490
801,bus_3078,132.0,-0.3352623431599222,1.024523763684921,8,-1084,6940
1781,bus_2298,22.0,-0.36301112694147836,1.0189215399796674,6,380,-3478
508,bus_1056,11.0,-0.07086548384556478,1.0657340437414449,4,989,-1806
1653,bus_5191,22.0,-0.26715461385390277,1.0538957044196242,15,1454,-5600
1955,bus_4433,11.0,0.9844158723304552,1.0003640377224274,14,-2221,-3419
1432,bus_3115,66.0,-0.35299639359009305,1.0032198661947511,8,-1450,6140
1138,starbus_xf_1273_1572_1573_1,132.0,-0.13550965731027995,1.0764302938360837,1,2120,2328
1776,bus_4071,66.0,0.9880086975304688,1.061405120998456,13,-1851,-1994
428,bus_1582,22.0,0.22419735566737162,1.02379,1,2380,1969
176,bus_4165,132.0,0.9939627657256718,1.0169359113512018,12,-3288,-1647
1628,starbus_xf_3379_3380_3381_3,110.0,-0.3405264473209046,1.0679610827774362,11,-438,2691
1798,bus_1552,33.0,-0.1711833215956021,1.0684932905103361,2,765,561
709,bus_3025,110.0,-0.04708391093983218,1.013813161364315,9,162,3854
830,bus_3220,132.0,-0.09760367377745888,1.0510622444888362,9,-1791,4951
1156,bus_5089,110.0,-0.11739824660544532,1.029350912392254,15,1146,-6037
1208,bus_3601,275.0,-0.21850980167216227,1.0536492981037135,11,-747,2974
1059,bus_1191,132.0,-0.33456940802064333,1.06298,2,313,384
1235,bus_1334,132.0,-0.2003320651590597,1.0559928471673572,1,1976,2090
378,bus_1464,132.0,-0.23363581713424228,1.0693292049161143,1,1318,1531
1458,bus_3149,132.0,-0.18122216070716413,1.06298,9,-419,5506
982,bus_3193,33.0,-0.3039051618304394,1.0008148075487113,11,-1046,3295
1110,bus_3009,132.0,-0.25239025567277246,1.0540161157663555,9,-1313,4068
619,bus_3218,132.0,-0.02556152309451223,1.0808724987364893,9,125,5009
1114,bus_1505,11.0,-0.14105941499737995,1.086434804344482,4,574,-1161
1090,bus_3325,110.0,-0.33249346845919037,1.0494883364473486,11,-1305,2188
606,bus_3339,33.0,-0.41232474691449955,1.0084745037252716,11,-390,2893
1112,bus_2198,500.0,-0.38293723757371784,1.0698047901467078,6,960,-3638
1815,bus_1132,330.0,-0.14359099617277354,1.0270742507729493,2,897,993
835,bus_3192,110.0,-0.26036470299051556,1.0483683239127992,11,-976,3255
324,bus_4375,33.0,0.9664477778257183,1.054189597444129,12,-2759,-629
1293,bus_2082,165.0,0.08281698644501072,0.99727,5,220,-3218
58,bus_1057,0.55,-0.21566887323560438,1.0888071669421122,5,651,-2373
1326,bus_3369,110.0,-0.33435776134288353,1.0531862644872494,9,-512,4317
379,bus_3136,11.0,-0.5189423765409037,1.0072613555769958,11,-1068,2461
708,bus_2008,33.0,-0.1411401083014581,1.03021,6,148,-4380
195,bus_4311,66.0,0.9681981010615484,1.0427859589508046,14,-1657,-2805
1831,bus_3200,33.0,-0.3933225974572453,0.9714752118037906,8,-909,6699
748,bus_3089,132.0,-0.5189813115455717,1.0071935857456387,8,-1650,7315
633,bus_2057,0.6899999999999998,0.16870787368695195,1.07461,5,-256,-3780
1147,bus_3595,275.0,-0.22385299857682175,1.0644798369063324,11,-702,3207
421,starbus_xf_4104_4039_4040_1,275.0,1.0578588284278863,0.9989252074066408,13,-2402,-1656
1153,bus_4103,33.0,0.3904657429201176,1.0954298994640972,14,-967,-3102
916,starbus_xf_2145_2243_2306_3,220.0,-0.3088160842498759,1.0105068020310408,6,326,-3443
1645,bus_1601,66.0,-0.09468398758012145,1.0461370792571691,1,2833,2717
1795,bus_4345,33.0,0.9850416564551217,1.03304994553088,12,-3575,-1572
109,bus_1409,132.0,-0.32023162747777956,1.036549858393296,2,-38,-133
1044,bus_4431,11.0,1.0417578262430758,1.00979378680069,14,-1978,-3523
1785,bus_3648,330.0,0.04842815180932194,1.0536492981037135,11,503,3236
181,bus_1256,132.0,-0.08996723684232219,1.053121919264955,1,1914,1815
245,bus_2199,500.0,-0.3330326234488831,1.0730997952876256,6,1007,-3430
1233,starbus_xf_4218_4392_4496_1,132.0,0.15020556018254957,1.0059602509718357,14,-897,-2567
1837,bus_3413,110.0,-0.3382426176333413,1.0474988878511744,11,-187,2958
1260,bus_4154,275.0,1.022433945314711,1.06710939543498,13,-2383,-1796
872,bus_2273,66.0,-0.5462570362519857,1.0309086305209014,6,849,-3735
1928,bus_5126,110.0,-0.12224467108033082,1.0519049756800418,15,418,-5827
193,bus_3238,110.0,-0.3340988705737923,1.0532817841003856,9,-487,4295
334,bus_4232,66.0,0.9925254453187442,1.0148191830544473,14,-2474,-3181
979,bus_1198,132.0,-0.32292546157903324,1.054397907941647,2,528,664
1522,bus_3497,132.0,-0.005287666675994593,1.0433505816344888,9,-101,3634
1364,bus_1107,330.0,-0.2701470086091579,1.0505277023759618,2,48,0
1650,bus_3644,11.0,-0.3641094885354485,1.0129750140680975,11,-1158,3275
784,bus_1053,0.55,-0.002148596962020828,1.058011765726753,4,1057,-928
825,bus_4136,275.0,0.9962906006906317,1.0525637046926821,13,-2015,-2389
707,bus_4469,11.0,0.9445701353129774,1.0245909628210041,14,-1639,-2861
1057,bus_3177,110.0,-0.3305680529366865,1.0506755327962163,11,-1249,2385
1647,bus_3155,11.0,0.1970834552465557,1.0864226256167748,10,618,4166
77,bus_5139,220.0,-0.038931778056845785,1.1000000040181128,15,1012,-5664
1708,starbus_xf_4257_4379_4434_2,66.0,1.0191925026722048,0.9889847127700806,14,-2063,-3911
328,bus_2299,22.0,-0.35555898205213765,1.0166384154037218,6,401,-3462
998,bus_1428,132.0,-0.21742109577844285,1.051043965891738,2,156,-160
368,bus_3041,11.8,-0.024239929572867205,1.057838056628721,9,102,5025
1054,bus_5183,22.0,-0.1295934391019257,1.0740866013264732,15,535,-5915
1525,bus_4441,11.0,0.9768581846815964,0.9912697656240504,14,-2214,-4008
1185,bus_5206,22.0,-0.1391920037734627,1.022565375333608,15,1446,-6186
1391,bus_1195,132.0,-0.25753543345579133,1.06298,2,349,757
240,bus_3153,132.0,-0.0399675416377509,1.0534228240909769,8,-1020,5304
210,bus_1059,11.5,0.32535305348211513,1.01502,4,2213,-1829
552,bus_1598,66.0,-0.10320016958032806,1.0359321365578016,1,2909,2742
1411,bus_2126,220.0,-0.17697794328349217,1.0488218667616225,6,703,-2878
544,bus_1632,11.0,-0.14262706350759785,1.0622511069389486,1,2114,2269
721,bus_3048,110.0,-0.3238866979276004,1.0509966548871377,11,-553,3019
779,bus_1190,132.0,-0.33837999421331977,1.0585463079025563,2,529,439
1732,bus_2158,220.0,-0.47148617238108415,1.06298,7,988,-3853
110,bus_4189,132.0,0.956478713609618,1.0219332239031884,13,-2270,-1492
411,bus_1627,132.0,-0.33352416777882077,1.0363600131842572,2,-334,403
1760,bus_1546,33.0,0.04343733497457481,1.0764918125823997,2,1251,1182
1269,bus_2214,66.0,-0.37815123540444595,1.0183794901831493,6,241,-3841
1622,bus_3316,33.0,-0.3353775438144535,1.0602243636477302,9,-928,4294
755,bus_1543,11.0,-0.29119816337522314,1.0428636823029886,2,198,980
197,bus_1571,33.0,-0.2506840555990891,1.0815484242312647,2,592,-338
1967,bus_4254,66.0,1.0267476421156634,1.0013946495626023,14,-2249,-3731
568,bus_3366,11.0,-0.3292331763189677,1.0910498863934468,11,-1382,2533
1791,bus_3227,11.0,-0.38626173486586896,1.008140307730766,11,-1101,3486
820,bus_2079,22.0,-0.0604812637658978,0.9539021785133033,5,-465,-3534
1101,bus_1184,132.0,-0.27812328350062254,1.0342019329350338,3,966,371
1600,bus_4252,66.0,1.0428925776106088,1.0067629386824593,14,-1965,-3341
648,bus_1110,330.0,-0.2789176960380519,1.0499167082060359,3,1136,-413
866,starbus_xf_5087_5175_5176_3,110.0,-0.0995059577797423,1.0160299535451467,15,1139,-6349
1243,bus_3411,110.0,-0.3298407167220202,1.0514236852243597,11,-327,2944
892,bus_1433,132.0,-0.2273215206548246,1.04788369729395,2,263,-555
1575,bus_4123,66.0,1.0006019692503627,1.016343278966448,13,-2190,-2878
911,starbus_xf_4257_4379_4434_1,66.0,1.0193178879418208,0.9890464206044997,14,-2063,-3911
618,bus_2276,66.0,-0.4733452936982139,1.0422397567690769,6,853,-3239
1372,bus_1649,11.0,-0.325607011197059,1.0266070566264576,2,537,1061
86,bus_3139,10.5,-0.12109129888384165,1.025905603812447,9,552,4200
278,bus_1294,132.0,-0.07238682560058517,1.0520671958281522,4,2122,-1315
156,bus_4267,66.0,1.010171003617659,1.008711572206585,14,-2182,-3328
427,bus_3470,110.0,-0.27329182131008045,1.0618020300199171,11,-891,3562
1273,bus_1193,132.0,-0.20136299261574386,1.0817086441614856,1,1179,1409
50,bus_1117,330.0,-0.2673609081614541,1.0458847725856544,2,764,27
856,bus_4002,275.0,1.026466387898091,1.06298,13,-2616,-1803
1847,bus_1228,132.0,-0.20963001060275244,1.0524020782259105,2,-219,-287
889,bus_4465,11.0,0.9318678179907919,1.0261510042334607,14,-1608,-3485
1440,bus_3028,132.0,-0.2871961237628797,1.0641454153918224,9,-1233,4114
1748,bus_1319,33.0,-0.2156817728952656,1.034386311923214,5,624,-2357
135,bus_3000,132.0,-0.19441404267018805,1.0406642897458762,9,-172,5490
528,bus_3460,13.8,-0.35091232937045413,1.030017425319613,8,-1010,6813
789,starbus_xf_4104_4045_4046_4,275.0,1.0578588284124684,0.9989252108001028,13,-2402,-1656
459,bus_4336,33.0,0.881813666224696,1.0039981484147407,13,-1859,-1516
1571,bus_3436,15.0,0.03970939700449383,1.0355149720904206,10,608,3514
279,bus_1483,132.0,-0.2679888834220316,1.0379405782146482,3,927,178
935,bus_3123,110.0,-0.3315990081514967,1.0493976185367506,11,-1272,2398
941,starbus_xf_1092_1093_1526_2,500.0,-0.18886898732254281,1.0022232801545918,2,703,257
114,bus_4485,11.0,0.9225662474689835,1.021005652723051,13,-2511,-2370
660,bus_1636,11.0,-0.3457267119756071,1.0127708151981691,2,1,805
1398,bus_4388,33.0,0.7458529841705263,0.9494827247940595,14,-1410,-1956
1669,bus_2204,500.0,-0.2608320848962393,1.0481393124367973,5,-68,-3103
1710,bus_5161,220.0,-0.0002689258619144797,1.0401919430698663,15,678,-6194
479,bus_1021,33.0,0.07550297622968669,1.0302121029097027,4,2749,-1684
1914,bus_3487,19.1,-0.33344131872361227,0.9959589682928488,8,-1243,6489
1930,bus_3461,15.0,-0.35168803631262213,1.012125657777282,8,-738,6931
665,bus_1169,132.0,-0.34474168067526656,1.0509756737161298,3,1269,-521
525,bus_5095,110.0,-0.12373896079375657,1.028762437464582,15,1111,-6098
1360,bus_4425,11.0,0.9754043087353129,0.9916672018450907,14,-1919,-3912
1676,starbus_xf_1588_1327_1068_2,66.0,-0.0711178249443202,1.0992084022857345,4,1210,-2379
1848,bus_3380,11.0,-0.3819040233039233,1.0913591143290131,11,-389,2652
1038,bus_1631,11.0,-0.18275644038002697,1.0448288202753182,1,2122,2243
1721,bus_1454,132.0,-0.06394772473695619,1.0347145566850813,2,1758,1455
1779,bus_4349,33.0,0.9938208210029917,1.0204468282196857,12,-3038,-1544
925,bus_4495,11.0,0.43861459764359356,0.905315364637092,13,-2187,-796
160,bus_3184,132.0,0.02081215878471473,1.0685520585292911,9,-1482,4608
670,bus_4160,132.0,1.0710217853035924,1.004748376242553,12,-3689,-1737
933,bus_1060,11.5,0.3300151470327603,0.94492,4,2211,-1861
777,bus_1001,0.55,-0.23499855527229996,1.0867653349993385,2,-268,-685
1912,bus_3360,11.0,-0.42839144089540016,1.0057621458045123,11,-1593,3546
1727,bus_1567,33.0,-0.2776991209042312,1.050254903342934,1,1050,1444
431,bus_1045,23.0,-0.07959093089168644,1.0405649348954487,2,505,30
357,starbus_xf_4186_4230_4494_1,132.0,0.43636805745270846,0.9047517410448648,13,-2151,-876
423,bus_1372,132.0,-0.34589693943301975,1.0533103455416462,3,1378,-394
1839,bus_3420,15.75,-0.0585206168605432,1.07699,9,-1407,5020
1923,bus_3309,11.0,-0.4826870439599938,0.9677875553497554,11,-1686,2079
956,bus_4287,66.0,0.9698198258416685,1.0305435038228208,14,-1760,-2851
734,bus_2162,220.0,-0.015237040798240082,1.0797691229576831,5,237,-3162
315,bus_4185,132.0,0.4705742033503379,0.928954102570519,13,-2132,-986
899,bus_1017,23.0,0.19832406709757303,1.01122,2,1001,674
824,bus_3557,275.0,-0.011566411980788739,1.080536881133045,9,-833,5026
1806,bus_5220,22.0,-0.23248409199511316,0.9969384774676301,15,627,-5695
116,bus_1594,66.0,-0.09199963418283934,1.0485810047246245,1,2721,2689
1220,bus_3402,110.0,-0.3435862910168961,1.0447068358570684,11,-65,3166
1846,bus_4344,66.0,0.9843789501461043,1.02051127097489,13,-2551,-2153
662,bus_1052,15.0,-0.1717268518860997,1.0366967119876718,2,771,602
580,bus_5118,110.0,-0.13911724179575854,1.032130050107164,15,1112,-5788
1730,starbus_xf_1106_1167_1536_3,330.0,-0.09564132483289253,1.0837924673433945,4,963,-2129
239,bus_5225,1.0,-0.13546441061884398,1.0486496418044404,15,944,-6257
1821,bus_2000,33.0,0.338620532615458,1.0125667670305927,6,66,-4685
211,bus_1172,132.0,-0.11718100369776445,1.0615383133719858,4,1175,-2112
545,bus_5211,11.0,-0.21401645607746728,1.0094712958011107,15,662,-6530
1145,bus_3616,275.0,0.007688700972206786,1.0836011352729735,10,568,3851
1931,bus_4364,33.0,0.965277736443601,1.046617076154768,12,-2734,-1292
1550,bus_3209,132.0,-0.3516833991874854,1.0288032531113516,8,-881,6734
38,bus_5105,110.0,-0.2140164459673586,0.9716159287125512,15,621,-6579
1305,starbus_xf_2191_2027_2028_3,330.0,0.03881137972955039,0.9952041254178184,4,740,-1889
208,bus_4358,33.0,1.0799797403225466,1.0534510951667073,12,-2996,-1862
1705,bus_4313,66.0,0.9678954930998184,1.0415135626971668,14,-1550,-3113
1814,bus_3221,11.0,-0.15283286833824436,1.0518311032894645,9,-1863,4969
501,bus_1037,22.0,0.24170314300426898,0.97558,2,1227,1192
1303,bus_3373,11.0,-0.46680070425592984,1.023368589680807,11,-1606,3457
374,bus_1121,500.0,-0.04673297129084486,1.073454460035518,2,715,112
1981,bus_3021,132.0,-0.21378374408812065,1.061861196651891,9,-1296,4156
957,bus_1292,132.0,-0.12791331430723776,1.0967596555910133,4,863,-2165
1299,bus_1098,330.0,-0.09999432656131109,1.0518072108466041,2,818,-295
1479,bus_3466,33.0,0.16140205787611858,1.0372677140315896,11,-1562,2879
1686,bus_3359,110.0,-0.30614502920849607,1.0457644272021682,11,-1519,3506
938,bus_4035,11.5,0.9836521052631936,0.9724991711676034,13,-2721,-2716
175,bus_4142,275.0,0.9729034482291757,1.051048177980219,13,-1751,-2289
1519,bus_3231,110.0,-0.2652331932645291,1.0485654423297088,11,-1064,3231
364,bus_1200,132.0,-0.1374996212596494,1.092167641837969,2,528,-55
441,bus_4030,11.5,0.9825374357913921,0.98277,13,-2224,-2738
1313,bus_3375,66.0,-0.3610718384743721,1.0415445781298065,8,-857,7043
1333,bus_1534,11.0,-0.47108175474380853,1.0133786666079894,2,504,-544
1387,bus_2209,500.0,-0.21738413926592012,1.0204188489748507,5,-82,-3150
1927,bus_4059,13.8,1.2415081647992332,0.99526,14,-2022,-2689
640,bus_4298,66.0,0.9749087002343937,1.0449985222774347,14,-1489,-3282
1965,bus_3233,132.0,-0.15090979680127123,1.073055764719022,9,-1195,4623
221,bus_1207,132.0,-0.23051651437671627,1.0696783665713685,1,1327,1555
1327,bus_3545,275.0,-0.2546502267785985,1.0639368339734927,11,-600,3049
145,bus_4052,15.75,1.1521236748373622,0.99553,14,-1991,-2671
1770,bus_4174,132.0,0.9822013397097696,1.0421660518071552,12,-2561,-1437
1763,bus_1461,132.0,-0.3460668953338355,1.0533637049796216,3,1115,-484
1373,bus_3055,66.0,-0.1316572262100374,1.0879681671275265,9,181,5298
426,bus_3383,33.0,-0.3766477221758982,1.0463278113895578,9,-545,4293
1163,bus_3260,66.0,-0.3688181154711835,0.9959949479685175,8,-1100,6461
828,bus_3253,110.0,-0.007650094373237049,1.0288467387349183,11,-1400,2824
1042,bus_3076,66.0,-0.36107667262090126,1.0427776756922158,8,-947,6840
1672,bus_4018,0.6899999999999998,1.3380955304600863,0.9879098955057921,13,-2820,-2020
1032,bus_1042,15.4,0.20408733753833153,0.98377,4,1307,-1628
164,bus_1509,66.0,-0.3248897810024858,1.0313459681781223,2,93,860
687,bus_3596,275.0,-0.47816400997656516,1.0393188458993816,8,-1553,6892
68,bus_2020,17.0,0.02951394064350419,0.9990258493550974,5,762,-1940
420,bus_4488,11.0,0.939718739278039,1.0317283948910698,14,-1636,-3032
571,bus_2007,33.0,-0.1497818459783579,1.02916,6,169,-4378
51,bus_1380,132.0,-0.225695228386687,1.0647610767581202,1,808,1383
1694,bus_1232,132.0,-0.33023608848219743,1.0494748311387885,3,1097,-538
587,bus_4073,11.0,0.20585300041149956,0.9825061590410884,14,-1003,-2330
1161,bus_3046,66.0,-0.08538300608492601,1.1000000100971563,8,-988,5391
1993,bus_1343,132.0,-0.3466379121192042,1.0528590742043817,3,1480,-358
234,bus_4195,132.0,0.9664104460772573,1.0534248912821331,12,-2613,-1157
342,bus_3223,132.0,-0.38418503630489215,1.0230088103256307,8,-1320,7005
1536,bus_2296,22.0,-0.1863484823875487,1.012301918995372,6,71,-4088
993,bus_4387,33.0,0.7469265913849631,0.9489080067796409,14,-1394,-1914
757,bus_2097,66.0,-0.5223326795180929,1.0570906119596284,6,453,-4193
951,bus_3071,66.0,-0.33781623202244937,1.0206981401348854,8,-1507,6335
1530,bus_1166,132.0,-0.15388649442783062,1.0096867938067169,3,1073,-728
1425,bus_2231,66.0,-0.5520532721973748,1.0237012433519428,7,941,-4072
84,bus_1658,66.0,-0.09289011773667653,1.0480284494041512,1,2806,2717
259,bus_1446,132.0,-0.3709236844123319,1.047477303925787,2,870,910
1713,bus_3008,6.6,-0.0951151651971705,1.0545125729574736,9,-1477,4995
269,bus_1111,330.0,-0.267384011197891,1.027,2,228,214
1354,bus_1387,132.0,-0.34646242309314773,1.051545262622089,3,1118,-512
636,bus_3568,275.0,0.0032642236330225204,1.0859697702374804,11,-335,3514
840,bus_3407,33.0,-0.32375246196445356,1.0296864553255385,8,-1530,6296
1426,bus_5067,110.0,-0.1854852442365448,1.01403,15,1450,-5558
907,bus_4246,66.0,1.0329716900843307,1.0035251782515637,14,-1996,-3550
1075,bus_1525,33.0,-0.20438924989869706,0.981739470116375,2,713,160
1087,bus_3455,11.0,-0.4652679346739019,0.9307960546381093,8,-1933,6862
456,bus_3412,110.0,-0.32999882394897945,1.051384631148032,11,-328,2956
1186,bus_1185,132.0,-0.3394524116620083,1.034736453955164,2,238,527
1229,bus_4378,11.0,0.9971651911610262,0.9618736232611815,14,-2292,-3831
1508,bus_1639,33.0,-0.3107804852558613,1.1000000094242852,1,1516,1724
1385,bus_5006,13.8,0.11942398909619167,0.9882,15,1074,-5702
1752,bus_1633,66.0,-0.1233318467761521,1.0295213548976019,4,1955,-1261
82,bus_1013,0.6899999999999998,0.07276822182179415,1.0153409036121672,4,352,-1214
319,bus_5038,16.0,-0.1391272419519143,0.9874834231127834,15,1082,-5891
1462,starbus_xf_3177_3179_3178_1,110.0,-0.36739880588603707,1.0394601752376036,11,-1249,2385
1867,bus_1314,132.0,-0.1484473133640753,1.031001158462075,4,711,-970
124,bus_1570,33.0,-0.25069739762713644,1.0815686194522447,2,691,-287
168,bus_3163,110.0,-0.34499324436588796,1.0397419610250982,11,-544,2719
844,bus_2151,132.0,-0.03439880446321097,0.9791562505000905,5,-210,-3519
1868,bus_2245,66.0,0.05348094476530406,1.100000009759768,7,1479,-4485
1143,bus_4152,33.0,0.43718649107225555,1.1000000105599579,14,-912,-3273
32,bus_1573,11.0,-0.15105058556182424,1.0731588027274208,1,2193,2397
1940,bus_3038,11.0,-0.14785284761951725,1.0280150534083676,9,-1716,4891
686,bus_4277,66.0,0.9826247069545274,1.0324247802149302,14,-1862,-2484
1607,bus_4381,33.0,0.9556169421573356,1.0086695675390995,13,-1913,-2399
1632,bus_1090,500.0,-0.06371891181174963,1.031940942245731,2,714,507
483,bus_5066,110.0,-0.1879983255354187,1.0512691005456676,15,1486,-5546
1685,bus_4288,66.0,0.9668886939009208,1.0232298915905247,13,-2148,-2427
1516,bus_3170,110.0,-0.08482702027519523,1.0449219017487026,11,-845,2971
1301,bus_1009,11.0,-0.0354482465769997,1.0825243315415143,5,276,-3103
1979,bus_1151,330.0,-0.052717443704625576,1.061386964590933,4,1130,-1867
922,bus_4058,13.8,1.0352727500115655,1.00101,13,-2044,-2666
1693,bus_2043,24.0,-0.19225826777790372,1.063414869648058,6,682,-4281
663,bus_4042,10.5,1.0578588283753159,0.9989252148529868,13,-2470,-1647
881,bus_4478,11.0,0.9388318769181359,1.0561430431733987,13,-1922,-2096
1457,bus_4242,33.0,0.9245716403989716,1.0511539573715396,12,-2580,-975
630,bus_4496,11.0,0.15020556018254957,1.0059602509718357,14,-929,-2573
1592,bus_3116,132.0,-0.28384316587008807,1.056144755328905,9,-1254,4050
179,bus_1565,33.0,0.02248379291636985,1.027,4,1522,-1083
1384,bus_3341,33.0,-0.40426067169663366,1.0374183265434331,11,-884,2464
1829,bus_3114,132.0,-0.33450791211479214,1.017590850360506,8,-1373,6081
1862,bus_2117,220.0,-0.4983763229204765,1.016262300277308,7,889,-4202
439,bus_3527,15.75,0.19836294884580535,1.0262575169904857,9,390,3598
1527,bus_1306,132.0,-0.07040354321874472,1.0537293676854083,4,2113,-1416
1665,bus_3289,132.0,-0.11315136082287507,1.0721415632517772,10,1503,4551
944,bus_3427,6.6,-0.017591012789892422,1.0371987813993233,9,-55,3789
1699,bus_3050,132.0,-0.04278898129703181,1.0726667775630871,9,123,5110
1314,bus_3465,10.5,-0.007650705130000859,0.9719860039332558,11,-1552,2808
1294,bus_3495,19.0,-0.17883635388585975,1.0915212830863104,9,-511,5376
332,bus_1005,23.0,0.13331647702559238,1.00251,2,662,546
2,bus_4271,66.0,1.0033190916734087,1.0179792555580456,14,-2313,-3113
1139,bus_1146,330.0,-0.15960580598924423,1.0214714201449313,2,1058,1182
13,bus_3400,11.0,-0.3988572378652586,1.0617715360098734,11,-1828,2098
855,starbus_xf_1118_1042_1043_3,330.0,0.11225868073058182,0.9767764897890632,4,1300,-1557
632,bus_1467,132.0,-0.3064737765711926,1.0489002548275752,2,430,146
1963,bus_3134,110.0,-0.3432878092165599,1.041722625923559,11,-1006,2471
1990,bus_2011,0.6899999999999998,-0.14752719599124442,1.05968,6,-3,-3934
1538,bus_1230,132.0,-0.31169222040620087,1.0499478933231794,2,247,195
88,bus_3583,275.0,-0.25721549612687067,1.0536492981037135,11,-943,2658
897,bus_1308,132.0,-0.19028501962548,1.0463820573338398,4,863,-2112
1076,bus_5228,22.0,-0.04873242436916875,1.0999998308289525,15,1311,-5662
73,bus_3625,110.0,0.007131211649583836,1.0398024887700263,11,-1315,2864
590,bus_4445,11.0,0.978688366675873,0.9948783990841045,14,-2376,-3188
736,bus_3224,66.0,-0.384368350835002,1.0206054522504866,8,-1321,7107
1328,bus_3162,132.0,-0.30205682012324986,1.0362328357685295,8,-960,5877
1282,bus_3614,275.0,-0.06901701155337339,1.07688371479203,10,895,4111
804,bus_5141,220.0,-0.06134971206045243,1.0959638138594958,15,1060,-5659
1911,bus_5190,22.0,-0.24286978811798593,1.0540383250007628,15,1531,-5566
603,bus_4028,11.5,0.982537435644378,1.058394755079717,13,-2241,-2722
1361,bus_3236,11.0,-0.11285185242646525,1.0340249341875443,11,-917,2805
1077,bus_1358,132.0,-0.05497661093584689,1.027,1,2877,2867
1224,bus_1531,33.0,0.026173224820908468,1.1189890323780725,2,1701,1233
1500,bus_4280,66.0,0.9657976935919848,1.0231031378186348,13,-2056,-2473
576,bus_1533,33.0,0.05643072422091679,1.0562799632546254,2,885,495
133,starbus_xf_5090_5200_5201_5,110.0,-0.11471203564264311,1.044262367631709,15,898,-6262
62,bus_5021,11.0,-0.03889779275512035,1.05035,15,1400,-6283
1393,bus_1206,132.0,-0.05726013330064809,1.091969904926538,4,867,-1329
1548,bus_3157,132.0,-0.08795095143410815,1.0521951662031475,9,-1392,4828
2000,connection Q7,275.0,0.0,1.0,11,,
2013,connection Q6,320.0,0.0,1.0,9,,
2016,connection N10,330.0,0.0,1.0,2,,
2006,connection S8,275.0,0.0,1.0,13,,
2007,connection S9,275.0,0.0,1.0,13,,
2021,connection T4,110.0,0.0,1.0,15,,
2001,connection Q8,275.0,0.0,1.0,11,,
2022,connection T5,220.0,0.0,1.0,15,,
2004,connection S4,275.0,0.0,1.0,13,,
2011,connection V1,330.0,0.0,1.0,6,,
2003,connection S2,275.0,0.0,1.0,13,,
2009,connection T2,220.0,0.0,1.0,15,,
2005,connection S7,275.0,0.0,1.0,13,,
2008,connection T1,220.0,0.0,1.0,15,,
2015,connection N4,500.0,0.0,1.0,2,,
2017,connection N11,330.0,0.0,1.0,4,,
2012,connection N1,330.0,0.0,1.0,2,,
2018,connection V7,500.0,0.0,1.0,6,,
2002,connection Q9,500.0,0.0,1.0,9,,
2014,connection N2,500.0,0.0,1.0,1,,
2020,connection S10,132.0,0.0,1.0,14,,
2019,connection V8,500.0,0.0,1.0,5,,
2010,connection T3,220.0,0.0,1.0,15,,
