area,base_kv,bus_i,name,state,va,vm,x,y,number,angle,magnitude
4,330.0,1766,bus_1114,1,-0.0993605201357889,1.0311465188063351,1232.0,-816.0,1766,-0.0619952050419505,1.0027273178742424
1,132.0,1886,bus_1630,1,-0.2438117628984174,1.0684991139826103,907.0,1571.0,1886,-0.0627916445697861,1.119069620337553
13,275.0,1,bus_4150,4,1.0039294171512556,1.057048956277603,-2282.0,-1835.0,1,0.1415612765670432,1.565749443475364
4,66.0,519,bus_1645,1,-0.1168824573022422,1.0678291298735878,861.0,-1721.0,519,0.1282245438866213,1.4702679981046325
15,110.0,788,bus_5124,5,-0.1882782838554661,1.0118123615229715,1223.0,-5742.0,788,0.6022773399669181,1.0157818825335296
8,132.0,1164,bus_3329,3,-0.5117647967699998,1.0105318482823065,-1187.0,7268.0,1164,-0.2041217404648537,1.0105317604020618
13,11.5,774,bus_4029,4,0.9825374357111576,1.0587801210150665,-2227.0,-2760.0,774,0.1138430814020189,1.2958160640806025
4,132.0,1881,bus_1479,1,-0.0925728471311933,1.0680364430731994,893.0,-1656.0,1881,0.1391023670064428,1.4600741276475109
7,20.0,1907,bus_2092,2,-0.1946206928707349,1.0999999493878143,1230.0,-3851.0,1907,0.1653100082158154,1.2570215331326964
4,330.0,599,starbus_xf_2191_2020_2021_7,2,0.0295139406435041,0.9990258493550974,1050.0,-1889.0,599,0.2508631099806907,1.0037839218475308
5,66.0,491,bus_2240,2,-0.2342526790254492,1.017332979215246,94.0,-3685.0,491,0.0249464468608057,1.3689610865911062
9,132.0,1195,bus_3120,3,-0.1815024607451104,1.0837223132049518,-35.0,5511.0,1195,0.0485519565262787,1.083522646105119
15,110.0,1470,bus_5064,5,-0.1733858992415904,1.0582161250529274,2492.0,-5528.0,1470,0.7509225936996318,1.0719331806596046
7,66.0,1377,bus_2260,2,-0.3445055596501761,1.0497066299904514,1368.0,-4310.0,1377,0.1334896742577264,1.2076564223697268
8,11.0,228,bus_3448,3,-0.5173020080575416,1.005618625428871,-1367.0,7466.0,228,-0.2097245431951746,1.0086250969496209
2,23.0,332,bus_1005,1,0.1333164770255923,0.9657583944729988,662.0,546.0,332,-0.0492583605043226,1.0165860998242449
2,11.0,190,bus_1653,1,-0.3481659006010289,1.053443350355622,3.0,451.0,190,-0.2264087791269379,1.0773881526558828
14,33.0,227,bus_4394,4,0.2623121367479092,1.056360156557935,-882.0,-2787.0,227,0.2678238724203083,1.1482437165246355
6,220.0,980,bus_2171,2,-0.4326226046857089,1.0319063441111942,782.0,-3231.0,980,0.113813472413725,1.1755821061867942
5,220.0,1935,starbus_xf_2077_2205_2347_1,2,-0.2499793196783429,0.9954329258483136,-399.0,-3284.0,1935,0.0293688324774432,1.3239651535783148
6,220.0,1894,bus_2145,2,-0.2406185647036761,1.0736215324464824,476.0,-2743.0,1894,0.1513725830172569,1.5736956244114422
4,330.0,1305,starbus_xf_2191_2027_2028_3,2,0.0388113797295503,0.9952041254178184,759.0,-1979.0,1305,0.2776385883455154,1.0014032491738305
15,1.0,1880,bus_5045,5,0.2314841622723324,1.1000000091129511,2845.0,-5746.0,1880,1.1458104424057585,1.1000003628601411
14,132.0,297,starbus_xf_4220_4074_4498_3,4,0.3435326738081234,1.0585215010789335,-911.0,-2853.0,297,0.2696022503805418,1.144728241724574
9,132.0,605,bus_3279,3,-0.062886113352562,1.0659398713027597,1069.0,4242.0,605,-0.2958777874869369,1.065987668328476
14,66.0,1106,bus_4273,4,1.0021150508516676,1.0186033177045672,-2347.0,-3142.0,1106,0.1139779943399031,1.494890358560597
11,11.0,24,bus_3124,3,-0.4165081564023183,1.045968391712119,-874.0,2374.0,24,-0.2929040539791051,1.0370613304671672
11,110.0,1783,bus_3504,3,-0.3255137120306017,1.0462500904038097,21.0,2780.0,1783,-0.2138216002665729,0.9952497334174872
12,0.6899999999999998,928,bus_4023,4,1.1799395348207653,1.004227997961177,-3049.0,-1272.0,928,0.1330649282520309,1.5484965492784255
14,66.0,204,bus_4261,4,0.9749228198544762,1.0449602915231289,-1550.0,-3288.0,204,0.123033636120369,1.484381921389414
9,275.0,416,bus_3604,3,-0.0176365890259877,1.0720741302873895,-580.0,4673.0,416,0.1468267508723928,1.060861048562606
14,11.0,23,bus_4467,4,0.9314068546626756,1.0229433629142866,-1686.0,-3006.0,23,0.1179652819845963,1.4650498817175217
9,132.0,160,bus_3184,3,0.0208121587847147,1.0685520585292911,-982.0,4608.0,160,0.1202479649714371,1.0664679410343978
9,110.0,561,bus_3017,3,-0.3260726260658006,1.048103357981525,-242.0,4092.0,561,-0.086798475521457,1.0681653676957683
2,132.0,859,bus_1201,1,-0.1711558328800133,1.0670323508868316,1053.0,1146.0,859,-0.0236340806664017,1.1119738881350665
15,11.0,1825,bus_5202,5,-0.1777389385120621,1.0399313826453287,1741.0,-6397.0,1825,0.4086782235584577,1.036254310994546
1,66.0,1863,bus_1572,1,-0.1381233435319895,1.0767856010868533,2213.0,2386.0,1863,-0.0236483949708005,1.094908637600368
15,110.0,1941,bus_5080,5,-0.0571537704076435,1.0474235580439657,2033.0,-6112.0,1941,0.5751380353968942,1.0459131339293883
14,66.0,891,bus_4300,4,0.970992885212525,1.0444535829960078,-1720.0,-2576.0,891,0.1242664232904905,1.465185606500122
13,11.0,1879,bus_4477,4,0.9266323936488244,1.0513660925174404,-1971.0,-2187.0,1879,-0.0277611481478676,1.3289936181411035
15,110.0,815,bus_5068,5,-0.1351634775687341,1.0414933291409048,1183.0,-5832.0,815,0.9745521899962576,0.8991502733680549
9,66.0,981,bus_3122,3,-0.1035647126615954,1.0762895414593605,-835.0,5018.0,981,0.1651072931433251,1.0882878164086855
12,132.0,253,bus_4171,4,0.9976959698073836,1.028262203181441,-2650.0,-1357.0,253,0.0528070823389325,1.4492419560519294
6,220.0,916,starbus_xf_2145_2243_2306_3,2,-0.3088160842498759,1.0105068020310408,343.0,-3026.0,916,0.1300528968123181,1.4986243833689126
10,275.0,1282,bus_3614,3,-0.0690170115533733,1.07688371479203,1395.0,4111.0,1282,-0.5647363761352681,0.8267720483579353
11,275.0,1429,bus_3546,3,-0.2649832119896265,1.056741713886978,-481.0,2560.0,1429,-0.0145006311587347,1.225220821768745
5,220.0,39,bus_2179,2,-0.0782053576347487,1.0806756945492382,430.0,-2611.0,39,0.1153119484428227,1.3752591739210154
1,11.0,843,bus_1612,1,-0.1705562111314155,1.0565794619901951,2233.0,2144.0,843,-0.0404421418244115,1.0895617387428242
7,11.0,1588,bus_2069,2,-0.3386437154329406,1.0676253716493709,1355.0,-4754.0,1588,0.1850099294398729,1.067625370216398
15,110.0,112,bus_5101,5,-0.1170001399030742,1.0271869016938635,1515.0,-6409.0,112,0.4676620281785061,1.0229248979245913
9,132.0,791,bus_3542,3,-0.2763554851827254,1.0562992203391617,-863.0,4082.0,791,-0.0441440247931902,1.0702609377578856
8,132.0,372,bus_3516,3,-0.4639769644821168,1.0051966808891657,-1236.0,6747.0,372,-0.1143821832171034,1.010472247043
13,66.0,34,bus_4248,4,0.983084713065989,1.023052143156055,-2385.0,-2413.0,34,0.0586593968884481,1.4169980385637522
6,66.0,1918,bus_2230,2,-0.4511897737458787,1.0072607088300465,308.0,-4195.0,1918,0.1752583219291478,1.007261480297361
10,132.0,1665,bus_3289,3,-0.113151360822875,1.0721415632517772,2003.0,3151.0,1665,-0.7612091390745704,1.066127246381934
15,6.6,137,bus_5176,5,-0.1028923343175085,1.0143619005773583,1927.0,-6405.0,137,0.4901382972869185,1.009535559798232
14,11.0,590,bus_4445,4,0.978688366675873,0.9948783990841044,-2376.0,-3188.0,590,0.1115500007955107,1.4752823440416545
8,132.0,55,starbus_xf_3486_3561_3489_3,3,-0.3173164943294993,0.9944273720849908,-740.0,6362.0,55,-0.0969448499353667,0.9935584083015272
11,11.0,323,bus_3361,3,-0.4815567330646236,1.0041982527165227,-1100.0,3528.0,323,-0.5470226156640859,0.8723590647014311
11,110.0,1628,starbus_xf_3379_3380_3381_3,3,-0.3405264473209046,1.0679610827774362,31.0,2780.0,1628,-0.2420099498701733,1.0066060403457358
13,66.0,17,bus_4323,4,0.9742739182362796,1.0700695957190935,-1926.0,-2226.0,17,0.1066093473542629,1.406321662942316
2,330.0,243,bus_1066,1,-0.259838165829673,1.0480940974120725,679.0,322.0,243,-0.2040666781122931,1.0503746179389115
9,132.0,172,bus_3217,3,-0.0256036323913969,1.080837605594399,616.0,5044.0,172,0.2355939780354387,1.1173214175683546
12,11.0,333,bus_4493,4,0.7598837476165337,1.10000001064608,-3398.0,-1834.0,333,-0.6096948568505446,1.349171471158065
2,330.0,363,bus_1155,1,-0.09901860515804,1.0468755876733495,368.0,-101.0,363,-0.0473334882699435,1.0683520287221824
9,275.0,1296,bus_3556,3,-0.2457559678302751,1.079946144841311,-353.0,3865.0,1296,-0.0301541448754449,1.0882368558417872
2,132.0,1721,bus_1454,1,-0.0639477247369561,1.0347145566850813,1758.0,1455.0,1721,-0.0217423099326833,1.100292440304932
15,11.0,550,bus_5205,5,-0.1460822283361641,1.0275643970040609,1849.0,-6287.0,550,0.4600913571213064,1.0342962972009064
2,500.0,341,starbus_xf_1121_1123_1634_6,1,-0.0789011191681935,1.0065009245403722,725.0,112.0,341,-0.0531410982555471,1.007961690421138
4,33.0,664,bus_1537,1,-0.095678381687959,1.083924832986157,915.0,-2259.0,664,0.0862921774242463,1.1847953166993124
8,33.0,912,bus_3070,3,-0.3156871124779273,1.0476863577552626,-196.0,6159.0,912,-0.1311677510275978,1.0439876751299435
5,33.0,1748,bus_1319,1,-0.2156817728952656,1.034386311923214,624.0,-2357.0,1748,-0.4887963178293915,0.7858014489558697
5,33.0,1966,bus_2268,2,0.0489597610932812,1.0402092872830264,10.0,-3687.0,1966,0.8092788220715197,1.351812534055702
6,0.6899999999999998,1990,bus_2011,2,-0.1475271959912444,1.100000005402845,-3.0,-3934.0,1990,0.3140402111684622,1.3785481524011227
2,132.0,1598,bus_1129,1,-0.3565425581440695,1.05141900865057,764.0,-346.0,1598,-0.3838332177137929,0.9939947687913296
13,66.0,1685,bus_4288,4,0.9668886939009208,1.023229891590525,-2148.0,-2427.0,1685,0.0461286741726131,1.3944730667599574
11,110.0,598,starbus_xf_3134_3135_3136_2,3,-0.3922895720343691,1.0480074693224335,-549.0,2437.0,598,-0.2722817344056017,1.011596038859663
4,11.0,1318,bus_1067,1,-0.032466534523989,0.95234626069625,1761.0,-2378.0,1318,-0.0107081931522313,0.8374056790838231
2,132.0,14,bus_1234,1,-0.3316535946862748,1.0366595591793213,33.0,394.0,14,-0.2236026851201494,1.0595504776893234
6,66.0,167,bus_2216,2,-0.2477955487377175,1.011017430128594,91.0,-3833.0,167,0.0519414233062841,1.4137588746411849
11,13.8,613,bus_3429,3,-0.1750011124268005,1.0453799341042391,-59.0,3661.0,613,-0.017474567297879,1.0453869815816976
1,132.0,643,bus_1444,1,-0.2394567006561566,1.0414293770050045,1814.0,1949.0,643,-0.0697629302548558,1.103373595799883
13,66.0,1052,starbus_xf_4038_4034_4033_3,4,0.983652107028646,0.973660898487323,-2634.0,-2675.0,1052,0.06644165789899,1.263423542035538
13,11.0,1121,bus_4422,4,0.9103496214012684,0.9901901513211792,-2467.0,-2697.0,1121,-0.1288585549058901,1.2942302428732784
1,132.0,1556,bus_1335,1,-0.120163392825136,1.044039146623859,2031.0,2351.0,1556,0.0158035630570986,1.0440391538258122
12,11.0,96,bus_4402,4,0.7467907299088412,1.0140752553994403,-3245.0,-1797.0,96,-0.6650603463152017,1.191786086098812
11,110.0,456,bus_3412,3,-0.3299988239489794,1.051384631148032,172.0,2956.0,456,-0.2319583669399024,0.972769437769944
4,330.0,510,bus_1106,1,-0.0957738983803813,1.083756780573771,963.0,-2129.0,510,0.0864039633475828,1.1845195277998355
12,11.0,257,bus_4404,4,0.7752838565366525,1.009019158167472,-3241.0,-1776.0,257,-0.5555941740841626,1.2271135934153887
7,10.5,1078,bus_2032,2,-0.3000297832769528,0.9695676818519524,1337.0,-4214.0,1078,0.1715442971289197,1.12603196737968
9,66.0,1922,bus_3022,3,-0.2361732275849481,1.0967510317038636,-885.0,4213.0,1922,-0.0100298446805744,1.1028341728834383
11,11.0,19,bus_3327,3,-0.430010023333893,1.008704556000675,-844.0,2103.0,19,-0.2848760645134309,1.06223244112197
5,330.0,1754,bus_2195,2,-0.1025595968827245,1.0472345426591838,1013.0,-1994.0,1754,0.180072185972337,1.0848072797114825
6,500.0,2013,bus_txf_WNV MEL Option 1 VNI West,2,0.0,1.0,,,2013,0.1220410682111489,1.5573131414201529
14,66.0,673,bus_4305,4,0.9695111554918588,1.041995795982672,-1601.0,-3380.0,673,0.1224325020880662,1.4791614796395212
11,110.0,1502,bus_3324,3,-0.3319410957477666,1.049288308891645,-781.0,2170.0,1502,-0.1372574127284568,1.1321451971878174
13,11.0,925,bus_4495,4,0.4386145976435935,0.905315364637092,-2187.0,-796.0,925,-0.7309143564666407,0.905315420318485
5,220.0,1824,starbus_xf_2162_2271_2315_5,2,-0.0439211326360074,1.1000000105201977,237.0,-2547.0,1824,0.0119046602409721,1.2830573811022457
11,330.0,1785,bus_3648,3,0.0484281518093219,1.0807642046022945,1003.0,3236.0,1785,-0.0621366961040828,1.1156133871710403
2,33.0,197,bus_1571,1,-0.2506840555990891,1.0815484242312647,592.0,-338.0,197,-0.0765903703644275,1.1323710051989977
6,22.0,1545,bus_2321,2,-0.4726637977652175,1.0708279513393728,880.0,-3719.0,1545,0.1095957169087211,1.1203444422895072
15,11.0,401,bus_5210,5,-0.1295301337004843,1.0205207962256524,1512.0,-6485.0,401,0.4548336901189403,1.016110879105306
14,11.0,1804,bus_4443,4,0.938794949087011,1.0070137111258584,-2318.0,-3521.0,1804,0.1030876190846094,1.5433127497369463
4,66.0,276,bus_1588,1,-0.0711178249443202,1.0992083481874448,1210.0,-2379.0,276,0.1422959941919175,1.113710914428254
8,132.0,778,bus_3199,3,-0.3542003064418222,1.0283402277843294,-461.0,6663.0,778,-0.1736014453588805,1.0243505583540995
13,66.0,1973,bus_4241,4,0.9861696958093464,1.025017737691306,-2313.0,-2476.0,1973,0.0647552625101191,1.4283208457665753
11,132.0,21,bus_1304,1,-0.6076111973944772,1.073001075665729,1548.0,1424.0,21,-0.3935984122610658,1.073001076866546
2,66.0,83,bus_1625,1,-0.2373545180876546,1.040602000169125,329.0,-115.0,83,-0.0628142466122659,1.088399718054312
2,132.0,244,bus_1254,1,-0.3386727353811842,1.04364950471473,673.0,-588.0,244,-0.3628955378555945,0.9855342917669336
4,132.0,582,bus_1199,1,-0.081858725695321,1.0723766136022048,944.0,-1807.0,582,0.1487634035575078,1.4827749062123603
15,11.0,1043,bus_5184,5,-0.0989409813980174,1.0635548928830572,1365.0,-5918.0,1043,1.0228769028596538,0.9274500368433248
5,500.0,2011,bus_txf_SNSW WNV Option 1 VNI West,2,0.0,1.0,,,2011,0.1086384781023535,1.2716661166376229
8,66.0,868,bus_3276,3,-0.3610426091763077,1.0398328438481848,-442.0,6940.0,868,-0.2052557754984748,1.035049901143845
13,275.0,2025,connection S9,4,0.0,1.0,,,2025,0.1278560096711656,1.7819798468948351
11,110.0,558,bus_3471,3,-0.3193729448613225,1.0571902657771548,22.0,2930.0,558,-0.2111908398935867,0.995417578135462
9,110.0,1540,bus_3237,3,-0.3341487403637394,1.0532547928623484,28.0,4285.0,1540,-0.0925238905337944,1.0532547102365426
8,132.0,1974,bus_3141,3,-0.3350434586024894,1.0254544196970783,-645.0,6756.0,1974,-0.1691352842533974,1.0219981790279575
6,66.0,1938,bus_2229,2,-0.1314465722475488,1.0529798960693917,994.0,-2933.0,1938,0.2374955818704716,1.1495745039168408
11,110.0,871,bus_3334,3,-0.3060254704102123,1.0458260475670444,-891.0,3478.0,871,-0.191733778010003,1.0221213706622958
15,11.0,545,bus_5211,5,-0.2140164560774672,1.0094712958011107,1462.0,-6530.0,545,0.3681432226132063,1.0040195781414896
2,0.55,3,bus_1000,1,-0.2349782206058739,1.0865732187277566,-238.0,-725.0,3,-0.0667491099856492,1.143073166594533
4,132.0,1615,bus_1324,1,-0.038016197913046,1.099192566960744,758.0,-1418.0,1615,1.8339808241618245,0.3682418957522498
11,110.0,81,starbus_xf_3359_3360_3361_3,3,-0.3384004677191405,1.045518538332595,-1009.0,3506.0,81,-0.2508252007877191,0.9991966423350396
13,11.0,1968,bus_4457,4,0.900417063961352,1.1000000109401415,-2087.0,-2335.0,1968,-0.2281713659878755,0.9199571519262782
12,33.0,987,bus_4368,4,1.140557206770924,1.0116001533784718,-2979.0,-1308.0,987,0.1330649261210622,1.5484965718457324
12,132.0,964,starbus_xf_4166_4356_4491_3,4,1.0223061992500286,0.9387673649966152,-3903.0,-1767.0,964,0.1399745955845687,1.3401239808752323
11,110.0,1516,bus_3170,3,-0.0848270202751952,1.0449219017487026,-345.0,2971.0,1516,-0.0476047330659599,1.1534135479985812
2,330.0,751,bus_1105,1,-0.153138413887704,1.033260213984296,985.0,-570.0,751,-0.1443009898568676,0.996442262889618
15,110.0,1070,bus_5113,5,-0.1869018742467643,1.0112838829085105,1630.0,-5662.0,1070,0.6036639432364277,1.0152554423140994
9,110.0,1169,bus_3315,3,-0.3125094365238433,1.056947740796655,-390.0,4237.0,1169,-0.0747710538944308,1.0750663387174573
5,11.0,1493,bus_1010,1,-0.0354482465177254,1.0825243183904896,293.0,-3086.0,1493,0.1229667107172012,1.1222852737598328
8,132.0,1019,bus_3143,3,-0.512389673415454,1.0099004925632833,-1121.0,7237.0,1019,-0.204723017180997,1.0099228092905672
14,66.0,1684,bus_4243,4,1.0499265437365717,1.0068971706698608,-1970.0,-3309.0,1684,0.1219525786123252,1.5186389823087714
10,132.0,1334,bus_3618,3,-0.107896879906374,1.072141898585632,1758.0,4394.0,1334,-0.8945002941716416,0.7416988439931115
15,16.0,1897,bus_5040,5,-0.0471149566463263,1.013267281999385,1683.0,-5645.0,1897,0.7195329534616717,1.0132675691641573
15,11.5,303,bus_5014,5,-0.318929701160054,1.0137096546156954,1358.0,-5358.0,303,0.5323861647318738,1.013881654038246
11,33.0,1434,bus_3505,3,-0.3665935429753687,0.994897557379825,56.0,2787.0,1434,-0.2922102837986133,0.9297082383572148
9,500.0,2001,bus_fxf_500 kV NQCQ backbone double-circuit,3,0.0,1.0,,,2001,-0.1137945958533231,1.0441558016836276
15,220.0,1710,bus_5161,5,-0.0002689258619144,1.0401919430698665,1478.0,-6194.0,1710,0.3877326395200308,1.0105097855503575
6,0.6899999999999998,1210,bus_2010,2,0.0163640929520354,1.100000003687582,-25.0,-3913.0,1210,1.0265406760591005,1.1000004069463
14,66.0,704,bus_4255,4,1.018050329937929,1.0035015154586548,-2167.0,-3336.0,704,0.1144132647061263,1.5146092798574735
14,16.0,1882,bus_4064,4,1.2813075338459194,1.0456730015684812,-1778.0,-2620.0,1882,0.1403182065140296,1.457211385140748
11,110.0,1837,bus_3413,3,-0.3382426176333413,1.0474988878511744,313.0,2958.0,1837,-0.2476356510920841,0.9576083702100714
14,66.0,1468,bus_4268,4,1.010882771605736,1.006226232136439,-2189.0,-3543.0,1468,0.1122982180395049,1.510309297632057
11,33.0,117,bus_3057,3,-0.1459551450169366,1.010344283104773,-579.0,2961.0,117,-0.1164385670103708,1.0903507030772563
7,11.0,1166,bus_2070,2,-0.3508542821846271,1.067043014188034,1345.0,-4754.0,1166,0.1727993625051742,1.0670427794938926
7,10.5,1864,bus_2035,2,-0.3000968148696459,0.9694976974396085,1317.0,-4224.0,1864,0.1714936524542819,1.1259705653082654
4,132.0,1050,bus_1296,1,-0.1307816206550219,1.08252260319495,629.0,-1107.0,1050,-0.0168753575744817,1.0598186349900798
3,132.0,1423,bus_1460,1,-0.346119046100492,1.0533202388320215,1113.0,-471.0,1423,-0.3999527509661956,0.976995982912922
9,132.0,499,bus_3051,3,-0.0306378732473343,1.073698395874784,659.0,5054.0,499,0.2329955175193024,1.1113218991667366
13,11.0,1542,bus_4453,4,0.9546086864262636,1.0283058940973022,-2227.0,-2610.0,1542,0.0177496837153647,1.4179885692156131
8,66.0,1432,bus_3115,3,-0.352996393590093,1.0032198661947511,-950.0,6140.0,1432,-0.082665254242204,0.9985715700165368
9,275.0,852,bus_3611,3,-0.0158485034963662,1.0772776068992944,-454.0,4846.0,852,0.1613171459721838,1.044260641624394
10,275.0,1145,bus_3616,3,0.0076887009722067,1.0836011352729735,1068.0,3851.0,1145,-0.16179960384354,1.03374107635752
12,132.0,176,bus_4165,4,0.9939627657256718,1.0169359113512018,-3288.0,-1647.0,176,0.0748154563232001,1.5985820261442896
1,66.0,182,bus_1651,1,-0.3548290263927442,1.0310615374212455,-1124.0,2030.0,182,-0.1539392679239331,1.1257835161415386
9,33.0,1199,bus_3351,3,-0.375497494383937,0.9548183934773892,-33.0,4111.0,1199,-0.1199702937135709,0.9697382555121752
1,11.0,894,bus_1557,1,-0.3240776128960599,1.0395680090532622,844.0,1491.0,894,-0.0939289455403598,1.1069767467342482
6,11.0,1083,bus_2016,2,-0.2606082083007111,0.9661770833762836,845.0,-3349.0,1083,0.1808413357413968,1.1535889729125712
8,66.0,1231,bus_3283,3,-0.35869489270832,1.0428883302973562,-497.0,6898.0,1231,-0.2022449414889344,1.0380862353457856
6,0.6899999999999998,1675,bus_2072,2,0.1968591217749535,1.0705643472323962,35.0,-4579.0,1675,0.389856691889151,1.070823380902785
2,66.0,1720,bus_1502,1,-0.2927313377444217,1.042308083717704,178.0,981.0,1720,-0.112666393462745,1.0724961529699777
10,15.0,1758,bus_3437,3,0.044334033430001,1.0330356227386954,1100.0,3549.0,1758,-0.0828035499481921,1.055509261281166
13,66.0,1780,bus_4276,4,0.9769358022991872,1.0227060216853845,-2075.0,-2558.0,1780,0.0719807985544337,1.4266875898017175
4,132.0,1939,bus_1317,1,-0.1675320301784457,1.0803731424613825,816.0,-2090.0,1939,-0.1294738673300997,0.942675227041612
4,33.0,554,bus_1650,1,-0.1789070050248438,1.0770808307337452,911.0,-2041.0,554,-0.0071911322076814,1.1312221653131065
13,132.0,623,bus_4202,4,0.9121406932842294,1.0039651925975015,-1611.0,-2026.0,623,0.0934850507047476,1.4458606874436073
8,22.0,249,bus_3197,3,-0.2789498813694623,1.0601571523998785,-605.0,5940.0,249,-0.058129918366668,1.0594717265047446
6,66.0,485,bus_2226,2,-0.4449093195981474,0.9958065803943889,279.0,-4035.0,485,0.1011415139616899,1.446055613784237
11,275.0,636,bus_3568,3,0.0032642236330225,1.0859697702374804,165.0,3514.0,636,0.0218502148737078,1.197020361042682
11,110.0,1239,starbus_xf_3134_3135_3136_1,3,-0.3964711138308709,1.046982432822582,-549.0,2437.0,1239,-0.2800644852182699,1.0087641514524923
6,66.0,1736,bus_2238,2,-0.4509378419414634,1.0063466087819426,314.0,-4087.0,1736,0.175510282409144,1.0063473885963508
14,33.0,1659,bus_4389,4,0.4602252767415493,0.8999999902427821,-1243.0,-1976.0,1659,0.1079399220622893,1.3551672219757145
1,66.0,1290,bus_1578,1,-0.0930559615133863,1.044753325203719,2502.0,2560.0,1290,0.0817829394091001,1.055775619745976
9,66.0,1613,bus_3188,3,-0.2323915608446887,1.0197796354141044,-932.0,4432.0,1613,-0.0005432530947849,1.029518170090584
15,6.6,346,bus_5174,5,-0.1375686615918098,0.9971532951341308,1961.0,-6383.0,346,0.4545292748801854,0.9916410945041614
15,110.0,1149,bus_5104,5,-0.1195791617899881,1.0239558177965575,1545.0,-6429.0,1149,0.4650284738611194,1.0196127208543964
11,33.0,542,bus_3100,3,-0.1350860900861706,1.0405129969654143,-500.0,2976.0,542,-0.1183026016555526,1.1339772137974742
14,66.0,638,bus_4262,4,1.042507158541615,1.0121585924635226,-2125.0,-3304.0,638,0.123005745279597,1.5181018580578154
9,275.0,389,bus_3612,3,0.0554785342628852,1.0798299394286923,921.0,3575.0,389,-0.0490876104374628,1.1326512709892933
2,11.5,966,bus_1089,1,0.0267570692265762,1.1000000099604912,1860.0,1245.0,966,-0.0036112449413741,1.128930733680592
11,110.0,1220,bus_3402,3,-0.3435862910168961,1.0447068358570684,435.0,3166.0,1220,-0.2581555373992949,0.9479241205831772
10,275.0,1223,bus_3617,3,-0.0819526202286598,1.0757284129183189,1622.0,4261.0,1223,-0.6528229939405392,0.8187393185250964
11,11.0,1923,bus_3309,3,-0.4826870439599938,0.9677875553497554,-1186.0,2079.0,1923,-0.3708125619903406,0.9906578060266522
6,66.0,219,bus_2250,2,-0.4080476432571291,1.0586479797021409,460.0,-3926.0,219,0.1460120321845432,1.359501995100531
15,11.0,559,bus_5229,5,-0.037482770987753,1.03150864393549,1918.0,-5569.0,559,0.8548722799226972,1.031510117155436
5,22.0,1288,bus_2332,2,-0.1668567166913126,1.040733025530843,765.0,-2329.0,1288,-0.1526781915707292,0.924910807083953
4,66.0,1132,bus_1504,1,-0.1421812458044826,1.0866306276779791,593.0,-1175.0,1132,-0.0268976729489864,1.0633606645547626
1,66.0,1985,bus_1616,1,-0.0450279175637932,1.0125812335645503,2815.0,2889.0,1985,0.1995781085811928,1.0157622181357668
9,132.0,1592,bus_3116,3,-0.283843165870088,1.056144755328905,-754.0,4050.0,1592,-0.0500905052615142,1.071414485863267
13,33.0,203,bus_4386,4,0.8094492926402644,0.9599837390683936,-1471.0,-1726.0,203,-0.018695902059256,1.3548520145004286
2,330.0,1212,bus_1153,1,-0.1555290147039915,1.0227194903791172,997.0,1100.0,1212,-0.0207335936753041,1.0602533825681493
8,66.0,1313,bus_3375,3,-0.3610718384743721,1.0415445781298065,-357.0,7043.0,1313,-0.2004535629880775,1.0388118980149672
14,11.0,1997,bus_4442,4,0.9507698401758328,0.9983484953796996,-2244.0,-3630.0,1997,0.1050165843879971,1.5259757894157624
15,22.0,1876,bus_5195,5,-0.0504085863085753,1.051478778371928,2125.0,-6234.0,1876,0.5649807988652413,1.046607181224071
15,110.0,157,bus_5083,5,-0.0615238204450893,1.0353519529132829,2081.0,-6304.0,157,0.538289079029843,1.0298665226593615
11,110.0,799,bus_3404,3,-0.3275608875039035,1.05236308766553,-777.0,2249.0,799,-0.130913742791492,1.1373415713831558
9,132.0,1110,bus_3009,3,-0.2523902556727724,1.0540161157663557,-813.0,4068.0,1110,-0.025169523764083,1.0646265886145467
15,13.2,1942,bus_5018,5,-0.1597273372740304,1.058600302321909,1660.0,-5378.0,1942,0.6933447092207369,1.0586000787896734
15,22.0,1969,bus_5182,5,-0.1104512567833529,1.0586441064236127,1369.0,-5783.0,1969,1.007569787570291,0.9208012754370166
8,132.0,1049,bus_3262,3,-0.3131676208341474,1.0203616121529038,-734.0,5910.0,1049,-0.0790213343877934,1.018844833406671
6,66.0,1460,bus_2282,2,-0.3818450980276543,1.006363912022418,101.0,-4289.0,1460,0.0892758697855708,1.516552343071989
4,330.0,793,bus_1148,1,0.0573556082646559,1.0363754704524413,1369.0,-1490.0,793,0.2312582246863761,1.0481743934447894
2,33.0,57,bus_1602,1,0.0267570692265759,1.119812605350727,1770.0,1218.0,57,-0.0036112472726503,1.149264413161803
9,275.0,165,bus_3569,3,-0.1132035884847837,1.0848001547752268,-204.0,5136.0,165,0.0908958627297942,1.0631947042250325
1,110.0,876,bus_1218,1,-0.3221379985435246,1.0494523263951645,-1185.0,2158.0,876,-0.1414222012579796,1.1412277589692863
2,33.0,1075,bus_1525,1,-0.204389249898697,0.981739470116375,713.0,160.0,1075,-0.1797215313652797,0.9669891632812264
15,110.0,1162,bus_5131,5,-0.1254970821227123,1.0283890427151448,2051.0,-6104.0,1162,0.4784661317100724,1.046598453223279
4,500.0,2012,bus_fxf_SNSW WNV Option 1 VNI West,1,0.0,1.0,,,2012,0.0611018105493508,1.0522467141602032
2,11.0,1267,bus_1540,1,-0.234466769811002,1.0487725143760835,76.0,-134.0,1267,-0.0575529971453189,1.096243959807801
10,11.0,973,bus_3154,3,0.1465435056123485,1.073493882640691,1131.0,4150.0,973,-0.2809950056335503,0.9982276871393232
15,11.0,885,bus_5181,5,-0.0688469043940266,1.0117075157112705,1243.0,-5908.0,885,1.0695363080096478,0.8788074381178145
13,132.0,1271,bus_4180,4,0.7356633379096249,0.9634043234084966,-2124.0,-1196.0,1271,-0.1791585798530987,1.1596935923152552
14,0.6899999999999998,1593,bus_4078,4,0.3595716252156517,1.100000010169744,-932.0,-2934.0,1593,0.269437978074728,1.160433602862825
12,33.0,200,bus_4374,4,0.9533355699988688,1.0566167197895686,-2669.0,-784.0,200,0.0950714287460235,1.2019491352977862
7,11.0,1158,bus_2344,2,-0.3713887939384272,1.029168182342433,1404.0,-4399.0,1158,0.1119254023235517,1.1887760062978203
13,11.0,641,bus_4480,4,0.9611393788739884,1.0409933885350295,-1918.0,-1872.0,641,0.076369531907791,1.3665581246659175
1,22.0,428,bus_1582,1,0.2241973556673716,1.0571770172964832,2380.0,1969.0,428,0.7768600431557082,1.0571770210832256
15,11.5,1085,bus_5016,5,-0.3182167004102768,1.0114659771659704,1381.0,-5395.0,1085,0.53310374000936,1.0114674016942384
8,22.0,1830,bus_3191,3,-0.425908903665939,1.0319539244722866,-868.0,7212.0,1830,-0.2066230928760695,1.0334682790654268
1,500.0,2005,bus_fxf_500 kV backbone,3,0.0,1.0,,,2005,-0.0520628709784318,1.1171656904791345
7,66.0,1425,bus_2231,2,-0.5520532721973748,1.0237012433519428,941.0,-4072.0,1425,0.0459186913853002,1.188921979513904
11,33.0,772,bus_3353,3,-0.3679577885493987,1.034603501041466,114.0,2501.0,772,-0.2810330040742461,0.973693708340692
8,22.0,1074,bus_3331,3,-0.585374808847904,1.0089151429001928,-1191.0,7364.0,1074,-0.2749204411624313,1.0101425372971744
9,15.0,273,bus_3264,3,0.1732649512637993,1.089410984352306,-946.0,4647.0,273,0.1235017870048446,1.0817506321637549
5,220.0,734,bus_2162,2,-0.01523704079824,1.0797691229576831,0.0,-1900.0,734,0.1123111533239819,1.2869197087984563
8,132.0,1356,bus_3023,3,-0.3170276765160931,1.018928938650691,-814.0,5960.0,1356,-0.0702783552574076,1.0163464631618229
11,33.0,1612,bus_3520,3,-0.3372184154652256,1.039537435453649,-436.0,3314.0,1612,-0.2505017738864009,1.015386492809133
11,11.0,1361,bus_3236,3,-0.1128518524264652,1.0340249341875445,-417.0,2805.0,1361,-0.0869486070806006,1.1389853240203065
7,22.0,717,bus_2309,2,-0.4085077672818551,1.0479816971478035,1443.0,-4803.0,717,0.0824832198281897,1.2042109082756478
6,66.0,1810,bus_2292,2,-0.4137380515953331,1.025184470378807,682.0,-4013.0,1810,0.1224631601793562,1.2105144560567556
4,15.4,822,bus_1038,1,0.2052554034274704,0.9605721389753268,1364.0,-1619.0,822,0.3726605093694439,0.9605719068375362
15,11.0,1552,bus_5035,5,-0.1096127260507796,0.9610619853262518,1550.0,-5680.0,1552,0.6806501043396203,0.9610620573726896
9,132.0,1135,bus_3475,3,-0.2126450294086087,1.0622837476921587,-677.0,4045.0,1135,0.0041009241473969,1.0648578141104152
11,110.0,1011,bus_3302,3,-0.3425023707203655,1.0455652274023228,566.0,3102.0,1011,-0.2559705430037789,0.9497268986792964
1,33.0,583,bus_1563,1,-0.2458588745180465,1.0674881892761046,1432.0,1715.0,583,-0.0632721120046721,1.1272553261085976
1,0.6899999999999998,61,bus_1016,1,-0.0572716085367545,1.0293062558669726,2806.0,2270.0,61,0.0532996177150941,1.0240131038131075
12,0.6899999999999998,247,bus_4049,4,1.0854410871570286,1.0973457462448664,-2992.0,-1827.0,247,0.1320579255538526,1.7573031590341817
11,110.0,835,bus_3192,3,-0.2603647029905155,1.0483683239127992,-476.0,3255.0,835,-0.1169691316153271,1.0429261102797065
2,132.0,385,bus_1375,1,-0.2152160542018116,1.0515051876554455,112.0,-493.0,385,-0.0631010986773828,1.0982289841856123
13,275.0,457,bus_4145,4,0.9640131787637686,1.0469676983228182,-1727.0,-2102.0,457,0.1352165845624343,1.5050182830628658
9,132.0,1681,bus_3278,3,-0.0503180043870323,1.0709646480259616,985.0,4116.0,1681,-0.2809393545876155,1.036100090385129
5,66.0,611,bus_2270,2,-0.1556501605268402,0.9309506041134976,-457.0,-3444.0,611,0.3965789063220593,1.0233321856959534
2,500.0,1179,bus_1092,1,-0.1420285130341946,1.0447066630930333,703.0,257.0,1179,-0.1195024480831221,1.045712289571487
11,110.0,1949,starbus_xf_3333_3336_3335_1,3,-0.3859666788807568,1.0440549498554348,562.0,3029.0,1949,-0.3535298754963628,0.8730379263328774
4,66.0,1836,bus_1503,1,-0.0261240305660826,1.0748945425897374,2342.0,-1574.0,1836,0.114300940035787,1.0792924258334544
8,19.1,1914,bus_3487,3,-0.3334413187236122,0.9959589682928488,-743.0,6489.0,1914,-0.1519846270742749,0.995611220541704
12,1.0,1786,bus_4007,4,0.9316105311463418,1.079611049540272,-2601.0,-564.0,1786,0.0628358938132514,1.0796111120648644
7,220.0,1862,bus_2117,2,-0.4983763229204765,1.016262300277308,889.0,-4202.0,1862,0.088564561385932,1.176156475733905
13,66.0,992,bus_4228,4,0.7238271980298471,0.9753058538824124,-2150.0,-1130.0,992,-0.2178331554864012,1.1590610929943128
13,11.5,56,bus_4033,4,0.983652105064042,0.9726996149486972,-2699.0,-2747.0,56,0.0664416590769079,1.263423552633078
8,13.8,528,bus_3460,3,-0.3509123293704541,1.030017425319613,-510.0,6813.0,528,-0.1704101933591434,1.0259678843859736
6,500.0,2015,bus_fxf_MEL SEV Option 1 Western Renewables Link,2,0.0,1.0,,,2015,0.1220410682111489,1.5573131414201529
13,11.0,438,bus_4459,4,0.8651361878924446,1.0019427211414766,-1894.0,-2326.0,438,-0.243040059475067,1.230480471503099
8,11.0,1704,bus_3454,3,-0.4682493593029228,0.9300687198949824,-1418.0,6944.0,1704,-0.1181259634345714,0.9290084909647932
12,1.0,723,bus_4008,4,0.932023169679796,1.0744380359669108,-2595.0,-596.0,723,0.0565348363047513,1.1637430298908529
11,110.0,1731,bus_3129,3,-0.2141572728076059,1.01925279445709,-707.0,3092.0,1731,-0.1261693401628827,1.046431827121711
2,33.0,1285,bus_1162,1,-0.0932172855885754,1.055023079420299,839.0,-193.0,1285,-0.0214896128179106,1.0460895482708337
12,132.0,264,bus_4182,4,0.9902365540141812,1.0577115781739546,-3298.0,-1459.0,264,0.1169772955692522,1.759164168379312
6,220.0,1797,bus_2147,2,-0.41464654161569,1.0304514729526637,693.0,-3568.0,1797,0.1211642802848368,1.2112606821225802
2,132.0,1081,bus_1259,1,-0.3206496403503697,1.0362076293436453,-164.0,-511.0,1081,-0.3171320601180182,0.9976364515756516
9,132.0,1842,bus_3530,3,0.0164021000718692,1.0737176770047565,-731.0,4614.0,1842,0.1287639244523084,1.069863133808164
11,33.0,1807,bus_3326,3,-0.3776695595988733,1.0244205793999026,-831.0,2135.0,1807,-0.2047779999133069,1.0978491663565275
14,66.0,1178,bus_4272,4,1.0003842266771867,1.018506508518927,-2315.0,-3045.0,1178,0.110677784777992,1.489794974526217
15,220.0,1735,bus_5140,5,-0.0388354520974067,1.1000000041805902,1776.0,-5663.0,1735,1.311862959522184,0.8672323612289268
4,132.0,106,bus_1204,1,-0.0572523526243696,1.0614524017422309,2049.0,-1463.0,106,0.0833128055249225,1.0647420558365692
3,132.0,1841,bus_1405,1,-0.2781446214406633,1.034259722078723,1172.0,304.0,1841,-0.3227716653722267,0.9875598006275416
15,33.0,435,bus_5178,5,-0.1523728517976027,1.0268377244945754,1868.0,-6138.0,435,0.4537712114315087,1.0335793225818573
12,33.0,489,bus_4356,4,1.020808491894561,0.9372266497476018,-3940.0,-1763.0,489,0.1358304370672754,1.3362204139798406
15,110.0,1246,bus_5058,5,-0.1723031372103341,1.059719231269035,2384.0,-5507.0,1246,0.7573575982534201,1.0706705991731245
13,33.0,1607,bus_4381,4,0.9556169421573356,1.0086695675390995,-1913.0,-2399.0,1607,0.0174357728129075,1.3561283687293948
5,15.0,846,bus_2028,2,0.1460443195126012,1.0376065676892408,749.0,-1979.0,846,0.6040636766229059,1.0376065268173864
2,33.0,576,bus_1533,1,0.0564307242209167,1.0562799632546254,885.0,495.0,576,-0.0071132725258485,1.0632615134649528
4,132.0,584,bus_1365,1,-0.0573720726614768,1.092321025151486,816.0,-1464.0,584,0.7941785730774261,0.2983253255788219
8,132.0,287,bus_3169,3,-0.3089190264893006,1.0401731318226684,-704.0,5918.0,287,-0.074935536199389,1.0379787707202222
8,22.0,213,bus_3091,3,-0.5676879700415046,1.0766637559352852,-1178.0,7426.0,213,-0.2580617796361771,1.0770690501109912
4,11.0,474,bus_2088,2,0.2059062545579829,1.0927285934904027,1180.0,-1793.0,474,-0.0880237657444426,0.9388285504871569
5,17.0,1734,bus_2019,2,0.0297147457515377,0.9924945752841418,776.0,-1869.0,1734,0.2509092205812682,1.0038359980749367
12,33.0,1959,bus_4367,4,1.188299098572034,1.0092107695188473,-2963.0,-1268.0,1959,0.1331141172110886,1.5437250930091202
6,11.5,1311,bus_2062,2,0.1466627833874185,1.0015815703700557,1088.0,-3080.0,1311,0.2585971828024243,1.0823896601687737
4,330.0,356,bus_1102,1,-0.0222738788854402,1.0441417322900983,1404.0,-1052.0,356,0.091324459504433,1.03646814758358
12,33.0,265,bus_4227,4,0.9755445845092496,1.0462913224357206,-2622.0,-1418.0,265,0.0716598689988055,1.545852043354625
8,132.0,215,bus_3180,3,-0.5136136818039341,1.0097701103487726,-1056.0,7407.0,215,-0.2083457097867676,1.0098331880406115
9,275.0,1023,bus_3565,3,-0.1509813782723702,1.0858195049692354,-60.0,5289.0,1023,0.0683004420711359,1.0774113997524104
2,11.0,443,bus_1087,1,-0.4008996961241409,1.0544496338695404,-707.0,529.0,443,-0.2430177801735418,1.1187111282310072
9,275.0,1696,bus_3613,3,0.05544772026062,1.0797792921548544,919.0,3556.0,1696,-0.0491059972880335,1.1326125506909543
7,220.0,424,bus_2167,2,-0.4983336803386995,1.0158487371111409,877.0,-4079.0,424,0.0886072040392247,1.175677844496864
15,110.0,154,bus_5100,5,-0.1275540856397039,1.027823872392618,2051.0,-6125.0,154,0.478662930781307,1.0345719020460789
15,110.0,1151,bus_5102,5,-0.1162282949593965,1.027277917610787,1590.0,-6368.0,1151,0.4684534187504233,1.0230176000745277
13,11.0,682,bus_4418,4,0.9721382539371468,1.012828813800457,-2466.0,-2423.0,682,0.036855445587129,1.3737309188253155
2,132.0,49,starbus_xf_1430_1502_1542_1,1,-0.2915837372065172,1.0427877309712503,253.0,911.0,49,-0.1124489860070995,1.0725894452405669
15,220.0,5,bus_5143,5,-0.0724658765123481,1.093081832864612,1808.0,-5612.0,5,1.057348460042482,0.9601703402853738
2,132.0,1345,bus_1496,1,-0.2286509363649947,1.0490014635702751,531.0,970.0,1345,-0.0755525424596385,1.0642297904057458
8,132.0,990,bus_3240,3,-0.4663455998087097,1.0144429772009662,-945.0,7178.0,990,-0.2157430687215923,1.0150512827324387
1,132.0,196,bus_1226,1,-0.0898100719553819,1.0515673433718449,1876.0,1777.0,196,0.0360720460007442,1.0572538881252505
13,33.0,1546,bus_4385,4,0.8079479307061209,0.9583156487664092,-1450.0,-1717.0,1546,-0.0223644088726573,1.3489364262437689
11,110.0,90,starbus_xf_3333_3336_3335_3,3,-0.3949562416463011,1.0417577179947213,554.0,3051.0,90,-0.3763650880618327,0.8573994798515523
14,11.0,707,bus_4469,4,0.9445701353129774,1.024590962821004,-1639.0,-2861.0,707,0.1197756487082094,1.46529268785593
14,66.0,994,bus_4292,4,1.0104655210420763,1.0128544670191284,-2134.0,-3081.0,994,0.1112106769999832,1.5027348562387943
13,275.0,404,bus_4137,4,0.972976792523375,1.0492667084918716,-1782.0,-2384.0,404,0.1377647423500847,1.5214409883908782
1,66.0,742,bus_1591,1,-0.1437661388686381,1.0573916166032835,2140.0,2475.0,742,0.0052665009734272,1.0607939234556671
10,22.0,1089,bus_3541,3,0.0039078864118271,1.0411298459913203,1241.0,3944.0,1089,-0.1811489265979752,1.0186777645202545
11,33.0,201,bus_3230,3,-0.3524813477434561,1.022574598755133,-139.0,3166.0,201,-0.2781037906388137,0.9626356754949308
5,500.0,311,bus_2205,2,-0.2169802566423819,1.0052346400048493,-357.0,-3142.0,311,0.1098747757102724,1.4478489902352814
13,13.8,1402,bus_4061,4,1.0353950062205637,0.9951094854325668,-2035.0,-2683.0,1402,0.1367121742718147,1.4318486366522842
15,22.0,1566,bus_5197,5,-0.0409747276422578,1.0537106562457297,2285.0,-6382.0,1566,0.5744790979056605,1.0492225198076792
13,132.0,315,bus_4185,4,0.4705742033503379,0.928954102570519,-2132.0,-986.0,315,-0.5777385133267288,0.9362789219908416
11,33.0,448,bus_3343,3,-0.1888305087066351,0.9903161434951115,-730.0,3017.0,448,-0.1366898312344649,1.0406861764394673
1,66.0,461,bus_1584,1,-0.0606664734252473,1.0309708418378605,2131.0,2306.0,461,0.0396945120410556,1.0290420797343118
11,11.0,1350,bus_3645,3,-0.3646048488269517,1.0067857325535503,-663.0,3254.0,1350,-0.3042975176735128,0.9580412247880687
8,22.0,366,bus_3082,3,-0.4643849521681431,0.9814104557123088,-1473.0,6964.0,366,-0.1146184215869155,0.9857951892022312
6,66.0,757,bus_2097,2,-0.5223326795180929,1.0570906119596284,453.0,-4193.0,757,0.1136880205538389,1.3419557583486836
15,220.0,1619,bus_5162,5,-0.0776741060992183,1.04276547860073,1605.0,-6131.0,1619,0.4789184402136294,1.0339884360030691
13,11.0,841,bus_4456,4,0.9305703555481432,0.9984217452299124,-2245.0,-2834.0,841,-0.0446677012982753,1.3736751793324755
9,132.0,1699,bus_3050,3,-0.0427889812970318,1.0726667775630871,623.0,5110.0,1699,0.2205948879813726,1.1113830035653467
4,132.0,657,bus_2139,2,0.2059062514397749,1.092728662732128,1136.0,-1803.0,657,-0.0880237703570456,0.9388286129765968
7,33.0,1227,bus_2338,2,-0.475427200057728,1.0691795032292442,1031.0,-4353.0,1227,0.1002093204464018,1.2245852778075623
12,0.6899999999999998,1800,bus_4010,4,1.0832274162120628,1.096627164215424,-3048.0,-1968.0,1800,0.2320781871207521,1.6969781488417406
14,33.0,71,bus_4379,4,1.0191018363785331,0.9888942490355244,-2084.0,-4020.0,71,0.1149418743554063,1.4999628623191297
9,132.0,984,bus_3298,3,-0.2293745795068441,1.044670294873952,434.0,5611.0,984,0.0348694053805065,1.0659093693816044
1,132.0,1306,bus_1312,1,-0.0592168212426923,1.0576657920515482,2044.0,2249.0,1306,0.0403414716269929,1.055461182576862
9,132.0,1446,bus_3151,3,-0.1609088716493634,1.0603389402785155,446.0,5307.0,1446,0.095662958136187,1.0878100756677953
5,220.0,988,starbus_xf_2077_2205_2346_2,2,-0.2502141326496319,0.9953864443885309,-399.0,-3284.0,988,0.0287144122568302,1.323203785158383
4,330.0,1339,starbus_xf_1148_1079_1080_4,1,0.0779531531072654,1.0307042299748483,1379.0,-1490.0,1339,0.2514300022892592,1.040745242696688
11,11.0,1986,bus_3125,3,-0.4176516136547103,1.023563229173553,-873.0,2400.0,1986,-0.2959199946638101,1.0073584839742211
1,33.0,997,bus_1592,1,-0.3127984072327583,1.0505292349175197,926.0,1474.0,997,-0.0896675156197371,1.111241046833588
6,220.0,614,bus_2146,2,-0.408047643810458,1.038004369321867,514.0,-3576.0,614,0.1460120271892901,1.332991645093299
11,110.0,934,starbus_xf_3177_3179_3178_2,3,-0.3581058653949922,1.0420325892957096,-822.0,2344.0,934,-0.1811628656670924,1.1000515906384758
15,22.0,731,bus_5120,5,-0.2388989778949438,1.1000000102199836,1856.0,-5668.0,731,0.5512510397190811,1.1047595815003843
13,132.0,266,bus_4192,4,0.9480706988881736,1.028665560050266,-2129.0,-1569.0,266,0.0613396457619485,1.4314577373538298
7,22.0,1476,bus_2307,2,-0.4053684144567718,1.0485497073096393,1400.0,-4609.0,1476,0.0849356356903727,1.2048950581619426
14,66.0,6,bus_4266,4,1.005219776076628,1.0202665614864552,-2234.0,-3018.0,6,0.1149470819969812,1.4960684560385948
2,132.0,1847,bus_1228,1,-0.2096300106027524,1.0524020782259105,-219.0,-287.0,1847,-0.0656274821201327,1.1070010428939017
13,11.5,441,bus_4030,4,0.982537435791392,1.058796924823406,-2224.0,-2738.0,441,0.1138430809308516,1.0587972432014985
15,220.0,804,bus_5141,5,-0.0613497120604524,1.0959638138594958,1860.0,-5659.0,804,1.0856784632144976,0.967233297695988
5,500.0,811,bus_2200,2,-0.2115890043812179,1.0102695555460788,-277.0,-2958.0,811,0.1212367961642171,1.4759899511594023
8,132.0,920,bus_3044,3,-0.0527274743934736,1.0403319848430457,-473.0,5330.0,920,0.1940078526489618,0.7229741117926844
6,220.0,1109,bus_2108,2,-0.3085563746187492,1.0532988022902283,480.0,-2902.0,1109,0.1249739500816023,1.6863724046574582
11,33.0,1562,bus_3647,3,-0.3616216546788243,1.028454090981603,-337.0,3342.0,1562,-0.2967297265251596,0.9762236242996524
11,275.0,125,bus_3567,3,-0.2392762037126057,1.068398275066763,-313.0,3546.0,125,-0.0672464268050727,1.0683980692497692
11,110.0,1205,starbus_xf_3302_3304_3303_3,3,-0.3716890921808479,1.023138553265083,648.0,3156.0,1205,-0.3197512080427691,0.875395373693894
5,15.0,98,bus_2029,2,0.0364743882735615,0.9949908600102572,780.0,-1912.0,98,0.2645681277261615,0.9949897888817888
4,66.0,473,bus_1508,1,-0.2392852562509912,1.050627003456809,373.0,-902.0,473,-0.0886859806512947,1.0813788335575132
6,13.8,1167,bus_2004,2,0.164484547572157,1.021067753106761,997.0,-3037.0,1167,0.4646607916786955,1.0210679634924316
14,11.0,1176,bus_4056,4,1.0425067343983343,0.9755904597827209,-2145.0,-3409.0,1176,0.1230053211941944,1.4632545852805665
11,110.0,898,bus_3171,3,-0.0906597964302809,1.0398503037506353,-366.0,2904.0,898,-0.0557930663278804,1.145537321706931
11,110.0,174,bus_3099,3,-0.1089274951459483,1.026514591957125,-423.0,2943.0,174,-0.0808342799666807,1.1225183726643604
4,132.0,1113,bus_1267,1,0.0110156029011332,1.0714597174579557,1034.0,-1680.0,1113,0.1980932679480696,1.1757998617840006
4,11.0,1188,bus_1506,1,-0.1402170306234193,1.086073078545694,615.0,-1182.0,1188,-0.0251701098579801,1.0628807425212048
14,11.0,1238,bus_4449,4,0.9819403747506964,1.0090634170595274,-2474.0,-3131.0,1238,0.105838234095685,1.4834205914899066
7,22.0,1945,bus_2312,2,-0.5648091855770985,0.9981661361602976,1064.0,-4051.0,1945,0.0176382902566257,0.9962284193000508
12,132.0,607,bus_4188,4,0.986940353603,1.038533676694538,-2750.0,-1191.0,607,0.077087667222189,1.505716169949708
6,66.0,950,bus_2274,2,-0.5744466640322684,1.04226418100918,860.0,-3741.0,950,0.0488493723620679,1.1045935331394097
5,132.0,337,bus_2175,2,-0.0882944324959405,0.976793782806926,-166.0,-3150.0,337,0.1350454057054837,1.376130210987232
3,132.0,354,bus_1344,1,-0.345798644419124,1.0522266456629523,1490.0,-430.0,354,-0.4041662924967661,0.973344742206393
15,110.0,97,bus_5063,5,-0.1803849141088245,1.0557240861971138,2234.0,-5510.0,97,0.7513417576417761,1.0666110061087908
14,66.0,1567,bus_4314,4,0.970689628951418,1.0426147337532827,-1522.0,-3231.0,1567,0.1227469025653411,1.4798201599892582
9,275.0,824,bus_3557,3,-0.0115664119807887,1.080536881133045,-333.0,5026.0,824,0.1885522311769017,1.0113696520001214
2,33.0,1765,bus_1654,1,-0.3996121646794747,1.0064403543214735,-611.0,449.0,1765,-0.2430274152799304,1.0697336868150251
5,22.0,235,bus_2078,2,-0.1497190045418327,0.9597103938023472,-482.0,-3533.0,235,0.4229110564482373,1.0735156514542212
4,132.0,1265,bus_1255,1,-0.0625953502886928,1.0568131467813322,1977.0,-1315.0,1265,0.0778995277106892,1.0621619018086574
14,11.0,1609,bus_4055,4,1.0425071600487366,0.9755744847937023,-2174.0,-3392.0,1609,0.1230057468162425,1.4632306274542586
11,110.0,1784,bus_3322,3,-0.3336859961371402,1.0380823803869108,89.0,2737.0,1784,-0.2289000426841132,0.9791639575488876
4,500.0,2010,bus_txf_CNSW SNSW Option 1 Humelink,1,0.0,1.0,,,2010,0.0611018099155244,1.0522467111437597
15,110.0,136,bus_5099,5,-0.1328018236504521,1.0236148955566364,2179.0,-6154.0,136,0.4734029750168007,1.0303345263966652
15,13.8,848,bus_5046,5,-0.1243073924762931,0.9924159145606806,2661.0,-5958.0,848,0.6775611019285727,0.9982539384220168
14,33.0,148,bus_4390,4,0.4670591012454421,0.9696992786743012,-1258.0,-2001.0,148,0.1087761755936934,1.454029828161491
13,66.0,819,bus_4320,4,0.9764712177151832,1.0770374571016956,-1945.0,-2363.0,819,0.1106065719987396,1.4127769098245813
9,110.0,193,bus_3238,3,-0.3340988705737923,1.0532817841003856,13.0,4295.0,193,-0.0928329661191307,1.0558807447171363
13,13.2,518,bus_4040,4,1.0578588284278865,0.9989252074066408,-2466.0,-1680.0,518,0.131021738113427,1.4941063284903515
9,15.75,1067,bus_3417,3,0.0256255786155707,1.0290163871920075,-511.0,4895.0,1067,0.1399056497061469,1.0387999881225558
4,11.0,508,bus_1056,1,-0.0708654838455647,1.0657340437414449,989.0,-1806.0,508,0.1364786960329197,1.2218655241375056
8,132.0,1198,starbus_xf_3483_3558_3484_3,3,-0.2308889247754421,1.0859559173794342,-359.0,5466.0,1198,-0.0293874968953612,1.0859560947408595
6,66.0,1028,bus_2280,2,-0.3669004090989771,1.0195094263529696,149.0,-4060.0,1028,0.0938916495499105,1.5211182838293724
4,132.0,1108,bus_1249,1,-0.1301059274575416,1.0585682295398733,1098.0,-2068.0,1108,0.1490014976822881,1.1204401957188654
14,66.0,929,bus_4312,4,0.9677908415974872,1.04209136045144,-1586.0,-2960.0,929,0.1228056494988621,1.4714976498567718
15,110.0,1490,bus_5130,5,-0.1654277173559977,1.01683439102454,1938.0,-5920.0,1490,0.6099661818270615,1.0188794755674195
14,7.6,629,bus_4428,4,1.0210884793524804,0.968052808324212,-2072.0,-3582.0,629,0.1174832545301953,1.4471982171944615
1,132.0,378,bus_1464,1,-0.2336358171342422,1.0693292049161145,1318.0,1531.0,378,-0.0576995022544696,1.1274768828631447
2,132.0,771,bus_1416,1,-0.0194254124227334,1.0644562307209076,1700.0,1483.0,771,-0.013194612461059,1.1031034292024593
1,66.0,116,bus_1594,1,-0.0919996341828393,1.0485810047246245,2721.0,2689.0,116,0.1062517488103113,1.0580347533857544
15,11.5,1755,bus_5013,5,-0.3189297013126557,1.0137096630003362,1400.0,-5403.0,1755,0.5323861679589726,1.013881642817121
8,19.1,1852,bus_3517,3,-0.4609929087407395,0.9942483024521686,-1129.0,6712.0,1852,-0.1131223917747489,0.9988166323041112
6,66.0,1906,bus_2211,2,-0.4754868726594679,1.0511869420387072,411.0,-4354.0,1906,0.1343553131805544,1.3235419700040338
14,11.0,376,bus_4440,4,0.9426942673211148,0.99070005327415,-2215.0,-3825.0,376,0.1043111868565404,1.5578715004136727
11,110.0,1424,starbus_xf_3362_3364_3363_2,3,-0.3776120622927099,1.0437851965277212,564.0,3191.0,1424,-0.3310570676805002,0.9193689464067852
9,132.0,241,bus_3024,3,-0.0386194446338523,1.066921175907334,620.0,3768.0,241,-0.1939268577621972,1.1198593827532144
2,132.0,455,bus_1435,1,-0.2421515206600524,1.018366135178053,-444.0,-283.0,455,-0.0671032710928317,1.092718576251193
4,132.0,1118,bus_2102,2,0.1357190418323417,1.051081779785911,855.0,-1853.0,1118,-0.1444284344390144,0.8256510462905096
7,66.0,29,bus_2224,2,-0.5633749563051428,1.0308378743498667,1013.0,-4025.0,29,0.0197347032542677,1.030836924985953
6,66.0,786,bus_2213,2,-0.239609105741215,1.031297539361733,97.0,-3966.0,786,0.0793955874283225,1.4633922667737913
6,33.0,1799,bus_2227,2,-0.0599558463672591,1.0386626687495952,2.0,-3847.0,1799,0.6488909012861306,1.07384301152088
5,66.0,551,bus_2271,2,-0.0459562157094335,1.0995148033036208,238.0,-2428.0,551,0.0046132159693751,1.2806162706169597
9,132.0,947,bus_3479,3,-0.2842001328891862,1.0689868380574632,-513.0,3992.0,947,-0.0540870714779352,1.082547753668936
9,6.6,1713,bus_3008,3,-0.0951151651971705,1.0545125729574736,-977.0,4995.0,1713,0.1703371846310719,1.0642617685824902
2,11.0,367,bus_1519,1,-0.2349542689218728,1.0864337179736328,-62.0,-589.0,367,-0.0667251749492462,1.1429263905108915
13,275.0,1778,bus_4109,4,1.030563294181589,1.0674054340462389,-2836.0,-1815.0,1778,0.1317684005618527,1.7309328977473497
14,11.0,1229,bus_4378,4,0.9971651911610262,0.9618736232611816,-2292.0,-3831.0,1229,0.1132534641751699,1.4756522322160264
13,66.0,1585,bus_4233,4,0.9911761514992588,1.0292897894980002,-2260.0,-2230.0,1585,0.0845188498633317,1.4398068563012518
5,22.0,948,bus_2303,2,-0.1554617201189107,1.0232136878299782,-404.0,-2893.0,948,0.1187983585463298,1.5212831457098166
4,132.0,1602,bus_1307,1,-0.0665292421997467,1.0549809036786726,1900.0,-1313.0,1602,0.0746183401577945,1.0606424701470711
13,11.0,1656,bus_4454,4,0.9454453270591394,1.0058209515924423,-2158.0,-2672.0,1656,-0.0057606099960129,1.3659207420240589
12,11.0,1759,bus_4005,4,1.0416928141409056,0.9427779565071488,-3913.0,-1793.0,1759,0.1903266651623023,1.3605942342543542
15,22.0,1774,bus_5216,5,-0.1544363948988577,1.0065370053839182,1916.0,-5827.0,1774,0.6210255883111858,1.0087571605506374
8,66.0,1811,bus_3401,3,-0.3609493506350176,1.042012803458361,-396.0,6940.0,1811,-0.2003351109669911,1.0392630939011207
14,66.0,1708,starbus_xf_4257_4379_4434_2,4,1.0191925026722048,0.9889847127700806,-2074.0,-4020.0,1708,0.1149528021068107,1.4999793148969982
8,132.0,515,bus_3068,3,-0.3512812251017765,1.0297266963201006,-518.0,6497.0,515,-0.1449296009038893,1.0245339064033931
1,132.0,706,bus_1474,1,-0.0683917661639736,1.0420275560712329,2182.0,2350.0,706,0.0589803361347579,1.0442770456841832
4,132.0,497,bus_1481,1,-0.0877601069951975,1.0699238994977236,894.0,-1579.0,497,0.1418547487460359,1.4652967060930058
11,33.0,504,bus_3347,3,-0.4579942665956422,1.017861216363446,251.0,3097.0,504,-0.5122358331998917,0.869025474066263
8,132.0,1477,starbus_xf_3628_3455_3453_1,3,-0.4651079056998411,0.927084430979845,-1353.0,6796.0,1477,-0.1151294404117853,0.9270844057806036
11,110.0,1553,starbus_xf_3633_3514_3513_4,3,-0.3968648675821697,1.047765433008076,-804.0,2549.0,1553,-0.2783786843608851,0.9452611479741796
11,11.0,1729,bus_3303,3,-0.44927515073761,1.0007320584564563,647.0,3136.0,1729,-0.5283277462504778,0.7410877385250321
2,132.0,1186,bus_1185,1,-0.3394524116620083,1.034736453955164,238.0,527.0,1186,-0.2070192121364508,1.0383799811662688
14,11.0,1189,bus_4499,4,0.3463128495341616,1.0689746242905955,-898.0,-2826.0,1189,0.2681861332505062,1.1551993232241256
4,15.75,1753,bus_1072,1,-0.0881628579080175,1.0554706036938803,818.0,-2027.0,1753,0.1835036502019223,1.0554746437295282
14,66.0,914,bus_4335,4,1.0482339378049903,1.0103756027447486,-1901.0,-3129.0,914,0.1234213728691662,1.5188115465903784
13,275.0,1808,bus_4131,4,0.9584543283666128,1.0455110505275411,-1843.0,-2005.0,1808,0.1363834500611326,1.490386553475216
11,110.0,615,bus_3342,3,-0.1697520471521806,1.0215713576375256,-638.0,3004.0,615,-0.1073060112827617,1.077417945796708
12,132.0,1958,bus_4203,4,1.0118033464094067,1.0221401039608229,-3043.0,-1564.0,1958,0.1122162903581588,1.6906401464869434
3,132.0,1367,bus_1289,1,-0.3513580685357874,1.0504837494482029,970.0,-499.0,1367,-0.3961011973114729,0.982069103385148
9,132.0,976,bus_3263,3,0.0263185815992845,1.0714190289464862,-868.0,4590.0,976,0.1237569868779452,1.0682345581755384
14,11.0,1577,bus_4435,4,0.9468121511349322,0.9991787654874152,-2180.0,-3969.0,1577,0.1057642319073095,1.551968181645305
2,500.0,374,bus_1121,1,-0.0467329712908448,1.073454460035518,715.0,112.0,374,-0.0295193273019567,1.0767806428442324
9,11.0,1814,bus_3221,3,-0.1528328683382443,1.0518311032894645,-1363.0,4969.0,1814,0.1347358455187838,1.075927243473494
15,110.0,1126,bus_5061,5,-0.1652110307372224,1.0617945991497972,2390.0,-5552.0,1126,0.7505395433171898,1.0798170966746978
8,66.0,886,bus_3142,3,-0.3536952539826621,1.043346085232991,-572.0,6873.0,886,-0.2031560674217059,1.0369957333871611
2,132.0,364,bus_1200,1,-0.1374996212596494,1.092167641837969,528.0,-55.0,364,-0.0454034670610971,1.0891545310621944
6,220.0,803,bus_2109,2,-0.32264342673897,1.049080048421154,224.0,-3741.0,803,0.1336909455271787,1.4986629260303197
8,66.0,1255,bus_3202,3,-0.2649940016476668,1.009955548197449,-251.0,6043.0,1255,-0.116656654684967,1.0047443538315728
14,11.0,1360,bus_4425,4,0.9754043087353128,0.9916672018450908,-1919.0,-3912.0,1360,0.1098727259383847,1.5357483655134356
8,132.0,1444,bus_3242,3,-0.2651033327115655,1.0560832294802565,-303.0,5828.0,1444,-0.0626286159085647,1.055796094812279
15,11.0,570,bus_5230,5,-0.1717941117724417,1.013177581485244,1815.0,-5530.0,570,0.7222364969607031,1.0475958661424931
15,220.0,44,bus_5170,5,-0.202947426751824,1.055535028273908,1831.0,-5503.0,44,0.5962666908403714,1.0598843418450437
1,132.0,169,bus_1183,1,-0.2172740725327643,1.070879306516803,820.0,1294.0,169,-0.0516268768934117,1.117126549147578
3,11.0,189,bus_1553,1,-0.4406779314095115,1.016676314023344,1168.0,-486.0,189,-0.7159398169891436,0.8311284817280715
15,18.0,429,bus_5032,5,0.1822056985074561,0.9597053091700338,1400.0,-6227.0,429,0.5750353635939328,0.9597054306343304
2,300.0,2006,bus_txf_CNSW NNSW Option 1 (500/330 kV Hub 1 upgrades),1,0.0,1.0,,,2006,-0.0146443116793863,1.0812883596594007
2,23.0,94,bus_1018,1,0.1825391733016342,1.0208230843818322,1011.0,651.0,94,0.1309969968782776,1.020823060578416
15,22.0,288,bus_5173,5,-0.1691439287854239,1.069976584687954,1101.0,-5861.0,288,0.92801117282976,0.91961755123128
6,11.0,1793,bus_2015,2,-0.2624176383324428,1.0077693772323937,857.0,-3331.0,1793,0.185700182028426,1.0077702609421928
2,132.0,1501,bus_1406,1,-0.3470307706836857,1.055029745074609,485.0,488.0,1501,-0.2216813890203284,1.080010172300677
13,275.0,1594,bus_4116,4,0.9996851012810352,1.0591811437261736,-2530.0,-1665.0,1594,0.1405018717550163,1.6545419881858203
2,66.0,1662,bus_1548,1,-0.3200240852245321,1.0118186096986406,686.0,-221.0,1662,-0.2019146333731716,1.0045778491044095
11,110.0,73,bus_3625,3,0.0071312116495838,1.0398024887700263,-815.0,2864.0,73,-0.102584831379437,1.1093003746239416
4,0.6899999999999998,82,bus_1013,1,0.0727682218217941,1.0153409036121672,352.0,-1214.0,82,0.6503518732807657,0.9729708401109304
3,132.0,1354,bus_1387,1,-0.3464624230931477,1.051545262622089,1118.0,-512.0,1354,-0.3997472034640542,0.9761075372942069
3,132.0,902,bus_1528,1,-0.3458209207377561,1.050712906590493,1203.0,-624.0,902,-0.407576815743114,0.9714786213957776
3,33.0,79,bus_1610,1,-0.3892133584563728,1.0523855890130898,1095.0,-676.0,79,-0.5274271486598674,0.9732012008155484
14,66.0,974,bus_4286,4,0.9722921277884098,1.0350330698079813,-1730.0,-2741.0,974,0.1243728716805149,1.4721277032708204
2,500.0,1321,starbus_xf_1121_1123_1635_7,1,-0.0739407560988431,1.008843041800063,725.0,112.0,1321,-0.0502150149485796,1.0107286596622274
13,11.0,1092,bus_4489,4,0.9654614142716114,1.0058550487589697,-2685.0,-2259.0,1092,0.0156862541300544,1.3553307908190506
9,132.0,1068,bus_3261,3,-0.0433880842035235,1.0732823088657244,905.0,3966.0,1068,-0.2743157062669793,1.0239854998041016
12,0.48,507,bus_4015,4,1.0752835562575491,1.0561961177376986,-3061.0,-1963.0,507,0.2212405748518367,1.672226392948776
11,110.0,427,bus_3470,3,-0.2732918213100804,1.0618020300199171,-391.0,3562.0,427,-0.1255979136001008,1.0451376837704975
11,110.0,1389,bus_3633,3,-0.3292331814985306,1.0515672087287051,-647.0,2506.0,1389,-0.150498947853139,1.062927875811559
8,132.0,1761,bus_3482,3,-0.0399299158542085,1.0533398588730425,-482.0,5236.0,1761,0.2185634212810195,0.7422885636155202
9,132.0,1981,bus_3021,3,-0.2137837440881206,1.061861196651891,-796.0,4156.0,1981,0.0040516853882257,1.0653452510012107
6,500.0,2017,bus_fxf_Western Victoria Grid Reinforcement,2,0.0,1.0,,,2017,-0.0261068160421708,1.0253438134489288
1,132.0,1947,bus_1385,1,-0.0574044063619788,1.0628180691238234,2167.0,2176.0,1947,0.0531048593165957,1.0573673683675846
1,132.0,1183,bus_1262,1,-0.2142204515831133,1.0728298104569711,991.0,1375.0,1183,-0.0487391255550404,1.1239786802158085
8,132.0,391,bus_3629,3,-0.4643088540640158,1.0055621794655778,-1373.0,6871.0,391,-0.114582560003281,1.0104429233633911
15,110.0,534,bus_5128,5,0.0072387277541496,1.0656922024435915,2703.0,-5666.0,534,0.9234074104068226,1.076051979968734
9,132.0,572,bus_3273,3,-0.1390298996442217,1.0504235426540385,478.0,5394.0,572,0.1151848083952421,1.0942841587621528
1,11.0,8,bus_1611,1,-0.207610416174919,1.0606212457309645,2223.0,2165.0,8,-0.0558865774863208,1.0994350871586538
9,132.0,1767,bus_3137,3,-0.1210912992471157,1.051553448719974,993.0,4108.0,1767,-0.3296533087403342,1.0140887900644804
2,132.0,64,bus_1371,1,-0.3355215844546573,1.0445307386160738,683.0,-534.0,64,-0.3606742852695508,0.986442830223908
5,15.0,1654,bus_2025,2,0.0297147457196765,0.9924945767922304,792.0,-1927.0,1654,0.2509092206164664,1.0038359992714714
2,330.0,1017,bus_1134,1,-0.2873054484788936,1.0534405106276676,406.0,416.0,1017,-0.2020207955470556,1.0560179883956138
2,11.0,91,bus_1521,1,-0.234978226696528,1.0865732865055693,-163.0,-667.0,91,-0.0667491214474823,1.14307323178964
13,13.8,922,bus_4058,4,1.0352727500115655,0.9957335599709304,-2044.0,-2666.0,922,0.1408474345453528,0.9957338189603636
11,11.0,1120,bus_3387,3,-0.4251293383355332,1.0167159727168484,-956.0,2485.0,1120,-0.3162103144915532,0.9951002538391664
5,220.0,1489,bus_2017,2,-0.1740190984329472,1.099999965147507,108.0,-3479.0,1489,0.1064192374292033,1.4770890272074004
13,66.0,1898,bus_4038,4,0.9836521077075936,1.0227210926830632,-2644.0,-2675.0,1898,0.0664416572108159,1.3842521744305754
6,11.5,1702,bus_2048,2,-0.3298577176456734,0.9772140620462898,1649.0,-4447.0,1702,0.1519408804546529,1.1685918246359603
13,132.0,1915,bus_4201,4,0.936683272746448,1.0141206845889823,-1634.0,-2146.0,1915,0.1109082559620259,1.4639330422040349
14,66.0,156,bus_4267,4,1.010171003617659,1.008711572206585,-2182.0,-3328.0,156,0.1118043309927623,1.5071318729981056
1,66.0,498,bus_1535,1,-0.142413624072238,1.060267903204385,2018.0,2379.0,498,-0.0246868217261317,1.0718334316296263
10,275.0,726,bus_3609,3,0.0442628474736928,1.0822533690090148,1016.0,3511.0,726,-0.0825734465011893,1.096376159532137
11,110.0,1686,bus_3359,3,-0.306145029208496,1.0457644272021682,-1019.0,3506.0,1686,-0.1916953027454009,1.0216983525648742
8,22.0,220,bus_3292,3,-0.1831719776999773,1.1000000103673626,-862.0,6928.0,220,0.0083955434928882,1.1025044431834603
1,66.0,22,bus_1617,1,-0.037773006156715,1.0285494485460802,2829.0,2850.0,22,0.2027983851957648,1.028549466470885
2,132.0,1745,bus_1326,1,-0.3507264056526641,1.0501443397377246,579.0,-361.0,1745,-0.3929568576453905,0.9830612233471164
7,10.5,878,bus_2034,2,-0.3000297833818742,0.9695676810462458,1337.0,-4187.0,878,0.1715442969226177,1.1260319657531683
6,22.0,383,bus_2313,2,0.166223457243083,1.0738718935055678,52.0,-4501.0,383,0.3668471036729625,1.0746924096261583
9,20.0,1417,bus_3431,3,0.1938835316152242,1.099998526682331,250.0,4608.0,1417,0.5842441461312379,1.0999984977134918
12,11.0,1952,bus_4408,4,0.7493792334250132,1.0160870610393948,-3396.0,-1813.0,1952,-0.6621874339184746,1.152851431418542
12,33.0,324,bus_4375,4,0.9664477778257184,1.054189597444129,-2759.0,-629.0,324,0.1847558603370286,1.1049613487840897
12,33.0,861,bus_4500,4,0.928367740590864,1.064417043355936,-2424.0,-1109.0,861,0.0354873769511342,1.398221328414749
14,7.6,700,bus_4426,4,1.0079672793215542,0.985187927081008,-2020.0,-3653.0,700,0.1150967543446239,1.4989073038438088
4,66.0,490,bus_1517,1,-0.0576503303462597,1.094356024471166,894.0,-1382.0,490,0.0359305551884361,1.037359180732905
14,66.0,1967,bus_4254,4,1.0267476421156634,1.0013946495626025,-2249.0,-3731.0,1967,0.1167891427599793,1.515264912410238
1,132.0,506,bus_1239,1,-0.2383414052821641,1.0593811098673116,380.0,1278.0,506,-0.0707417352933556,1.0979757498566511
14,66.0,875,bus_4339,4,0.9694798669928884,1.0511932704677116,-1757.0,-2733.0,875,0.1220661488630805,1.4579587357777537
14,11.0,72,bus_4438,4,0.9400604591040812,1.0058478231013848,-2191.0,-3149.0,72,0.1028442756846945,1.5453251777431838
13,66.0,860,bus_4229,4,0.4399885806238751,0.9057718051094804,-2143.0,-896.0,860,-0.7221601527798169,0.8967181086893292
9,33.0,1631,bus_3029,3,-0.3123108200729456,1.043750708525167,-772.0,4174.0,1631,-0.0703033289850529,1.0593591906204598
6,22.0,1088,bus_2300,2,-0.4967566489955273,1.045022524629632,490.0,-4179.0,1088,0.1247298807737959,1.3384548266673737
4,11.0,667,bus_1068,1,-0.0698027637841045,1.100000004556126,1188.0,-2387.0,667,0.142295993967067,1.1137109375162944
3,132.0,472,bus_1163,1,-0.3447778476314158,1.051518018050615,1359.0,-538.0,472,-0.4002718835433917,0.974638374881562
9,33.0,524,bus_3026,3,-0.0613810147038106,1.0359480199103095,680.0,3842.0,524,-0.2071353827716378,1.0901419553316376
2,132.0,1037,bus_1456,1,-0.0637260803822225,1.0337336888808484,1663.0,1434.0,1037,-0.0215206661006084,1.0992494073105494
11,11.0,1226,bus_3178,3,-0.4557771625039619,1.0179412099170717,-832.0,2344.0,1226,-0.333762185171579,1.0558142302002853
1,330.0,767,bus_1142,1,-0.0066818986982385,1.1000000090432351,1349.0,2391.0,767,-0.0269732853075736,1.0999996326821555
14,15.75,145,bus_4052,4,1.1521236748373622,1.0544858253657314,-1991.0,-2671.0,145,0.1415172202883605,1.4435705393412062
13,66.0,36,starbus_xf_4038_4035_4036_2,4,0.9836521072195524,0.9737113997408028,-2711.0,-2716.0,36,0.0664416577420694,1.318335400940324
7,33.0,1082,bus_2246,2,0.1640722053544184,1.0536652638247963,1510.0,-4562.0,1082,0.6112051681930945,1.0536650683345086
9,66.0,1543,bus_3103,3,-0.2674386256036301,1.0579478648993492,-1010.0,4330.0,1543,-0.0240636518410021,1.0735238344848537
1,11.0,353,bus_1619,1,-0.0377730076710193,1.065951269125953,2832.0,2870.0,353,0.2027983832763129,1.065951287631107
12,33.0,1325,bus_4000,4,0.9869403543508328,0.9660778373855436,-2910.0,-1044.0,1325,0.0770876674226677,1.4006662033678905
6,66.0,1509,bus_2215,2,-0.3892519818617646,1.0061933395509874,167.0,-3906.0,1509,0.0913302213984558,1.5249519277353605
15,11.0,232,bus_5209,5,-0.138783764125954,1.0372129835585238,1477.0,-6458.0,232,0.4453513258011117,1.0328510020578547
13,132.0,407,bus_4193,4,0.9480262822242156,1.028142832194623,-2249.0,-1373.0,407,0.0594001561980973,1.4230838173888092
11,11.0,1648,bus_3308,3,-0.4709650633621003,0.9648889435370758,-1205.0,2130.0,1648,-0.3506498092931864,0.9960181744274954
14,11.0,54,bus_4464,4,0.9248219479584626,1.0353489774734148,-1626.0,-3336.0,54,0.1163979457706908,1.4941574043156631
9,132.0,724,bus_3034,3,-0.1980750435389548,1.0592614395269242,-739.0,4414.0,724,0.0234641984932456,1.0685435131370398
13,132.0,101,bus_4209,4,0.8630645432238345,0.9837325071748986,-1518.0,-1647.0,101,0.0577936339236046,1.4131615048267945
14,11.0,792,bus_4424,4,0.9714737590007524,0.9792943530822594,-1938.0,-3768.0,792,0.1094105558882147,1.5165792098530675
14,66.0,1605,bus_4260,4,1.0143770902429643,1.00433961956117,-2127.0,-4027.0,1605,0.1130466978821808,1.5263447654649671
12,132.0,715,bus_4197,4,0.9568911712406212,1.0563080960677165,-2609.0,-831.0,715,0.1096317771164932,1.2006121363546702
12,33.0,1931,bus_4364,4,0.965277736443601,1.046617076154768,-2734.0,-1292.0,1931,-0.0386340915394555,1.4411110845058914
15,33.0,945,bus_5000,5,-0.1253969819654471,0.9889426478079788,2677.0,-5949.0,945,0.676471560832557,0.9947602305376048
15,22.0,1054,bus_5183,5,-0.1295934391019257,1.0740866013264732,1335.0,-5915.0,1054,0.9816792898839652,0.9318039937716484
7,10.5,1115,bus_2036,2,-0.1690240535243407,1.0262168835332994,1284.0,-4291.0,1115,0.2882035037353995,1.026215769730247
13,0.6899999999999998,1672,bus_4018,4,1.3380955304600863,0.987909895505792,-2820.0,-2020.0,1672,0.1814042167835269,1.219603433714994
4,132.0,335,bus_1450,1,-0.0738770473659622,1.0564557084924384,2287.0,-1477.0,335,0.0693306272984528,1.0607957110170256
14,11.0,630,bus_4496,4,0.1502055601825495,1.0059602509718355,-929.0,-2573.0,630,0.1660114311056472,1.2975641092689456
11,110.0,168,bus_3163,3,-0.3449932443658879,1.0397419610250982,-44.0,2719.0,168,-0.2379490880437835,0.9836017892169652
3,132.0,1405,bus_1486,1,-0.3456259784062632,1.0510489896399962,1527.0,-552.0,1405,-0.4070488792349878,0.9720022687096098
11,110.0,403,bus_3204,3,-0.2966196012558039,1.0512490517296518,-489.0,3482.0,403,-0.1834851835205015,1.0493133806578157
9,132.0,1522,bus_3497,3,-0.0052876666759945,1.0433505816344888,399.0,3634.0,1522,-0.0266911526018527,1.140142127521252
14,16.0,1013,bus_4062,4,1.2597234926377523,1.0401618618010986,-1815.0,-2614.0,1013,0.1403490152550593,1.4572440458965643
14,66.0,270,bus_4226,4,1.0425130817173016,1.0121135255806009,-2009.0,-3012.0,270,0.1230116695370018,1.518034248236319
15,110.0,476,bus_5053,5,-0.0947977869167169,1.0667880899034872,1611.0,-5700.0,476,1.028177713396783,0.931468207964548
5,330.0,1027,starbus_xf_2195_2293_2332_2,2,-0.1425992666519089,1.0271059308525954,1023.0,-1994.0,1027,-0.0102090009440251,0.963559079211092
5,15.0,1433,bus_2030,2,0.1281427201980113,1.035680592511275,769.0,-1904.0,1433,0.4496079898620393,1.0356805879694533
1,132.0,1435,bus_1621,1,-0.2306078431735089,1.0685862295503696,875.0,1476.0,1435,-0.0572134712838194,1.117462781172789
15,22.0,453,bus_5196,5,-0.0788973241224126,1.067628642471234,2088.0,-6358.0,453,0.5204516737878844,1.0618056030540808
8,33.0,954,bus_3659,3,-0.3037984869106985,0.9809819574067624,-86.0,6101.0,954,-0.1137522665129365,0.9811947673711122
14,11.0,883,bus_4444,4,0.9775265357532223,0.9970763406716594,-2351.0,-3218.0,883,0.1113988945789412,1.4756844907870703
11,275.0,88,bus_3583,3,-0.2572154961268706,1.0634204998080343,-443.0,2658.0,88,-0.0794128164206785,1.0634239971514938
2,330.0,1815,bus_1132,1,-0.1435909961727735,1.0270742507729491,897.0,993.0,1815,-0.0160280556189866,1.0581408212414205
11,11.0,1791,bus_3227,3,-0.3862617348658689,1.008140307730766,-601.0,3486.0,1791,-0.3384110208996121,0.986912178650624
14,66.0,743,bus_4332,4,1.025210656474339,1.0021744248153452,-2030.0,-3754.0,743,0.1162960456171895,1.51870617640714
1,132.0,1273,bus_1193,1,-0.2013629926157438,1.0817086441614856,1179.0,1409.0,1273,-0.0424260626607698,1.130640808088656
15,220.0,77,bus_5139,5,-0.0389317780568457,1.1000000040181128,1812.0,-5664.0,77,1.0965592105970428,0.990360308386248
11,33.0,596,bus_3323,3,-0.3839307807037188,1.0426495712487454,143.0,2729.0,596,-0.3276962069388341,0.9607926599484105
2,132.0,972,bus_1418,1,-0.2316835687249635,1.034575137444426,-396.0,-263.0,972,-0.0680046506754323,1.102168547761459
11,500.0,2003,bus_fxf_275 kV double-circuit shunt reactors,3,0.0,1.0,,,2003,0.0235895493405028,1.1991958626123658
11,110.0,449,starbus_xf_3333_3335_3336_2,3,-0.3792583489209024,1.0461816308279006,562.0,3029.0,449,-0.3373931448305326,0.8860394223013163
11,275.0,1084,bus_3582,3,-0.2563672478944363,1.0633458887921898,-435.0,2649.0,1084,0.009861487344964,1.0633580133444984
14,11.0,387,bus_4484,4,1.0135152795688025,0.989353668146022,-1910.0,-3215.0,387,0.1191846084590035,1.498595343227753
6,132.0,620,bus_2099,2,-0.2670248885559368,1.0345418605850494,198.0,-3943.0,620,0.1631887851675164,1.3462103268579229
8,33.0,450,bus_3110,3,-0.3006455136799313,1.0477218545547955,-186.0,6022.0,450,-0.1107274188361753,1.0477878424088822
2,132.0,1322,bus_1455,1,-0.3468473373003433,1.049623823105755,438.0,792.0,1322,-0.21482440649672,1.0763462428045685
8,132.0,906,bus_3195,3,-0.3176112918498757,1.0183840708176215,-917.0,6057.0,906,-0.0680995478978922,1.0155381520168607
14,66.0,586,bus_4270,4,1.0039333970201445,1.0188917424659414,-2297.0,-3132.0,586,0.1147756766760436,1.4958234405978192
1,132.0,971,bus_1192,1,-0.0409905974844226,1.0547818849473294,1626.0,1705.0,971,-0.0184315658740197,1.0532944000688804
9,132.0,635,bus_3476,3,-0.1496013828226532,1.072590003113824,-590.0,4415.0,635,0.0573189556146713,1.074579955783284
11,11.0,43,bus_3304,3,-0.4178005744632646,1.011449648783798,638.0,3156.0,43,-0.4377500496331297,0.7794985019964985
2,330.0,1093,bus_1133,1,-0.2384406730005581,1.044537798774141,824.0,420.0,1093,-0.2065819619698508,1.0445392567009688
11,275.0,1208,bus_3601,3,-0.2185098016721622,1.0667913244587892,-247.0,2974.0,1208,-0.0315364311119971,1.0814183361119938
9,275.0,1445,bus_3624,3,0.0102508338067674,1.088531565596881,475.0,3843.0,1445,0.0235895492099959,1.1991958606583912
2,500.0,1717,starbus_xf_1097_1098_1161_2,1,-0.0961712833967955,1.0059508407238282,799.0,-107.0,1717,-0.0239955979882016,0.9960063268291238
6,66.0,893,bus_2265,2,0.1212854702876812,1.0752623805104349,77.0,-4396.0,893,0.3331868293060216,1.0752625231040704
7,500.0,1004,bus_2202,2,-0.3298566772989217,1.0726186674619618,1821.0,-4255.0,1004,0.1519419222371927,1.2826805239315546
15,110.0,1277,bus_5052,5,-0.0934432111466958,1.064082225779875,1322.0,-5879.0,1277,1.0312453078914092,0.9276759450577172
13,66.0,1531,bus_4337,4,0.9820596005672676,1.0218569087055434,-2440.0,-2336.0,1531,0.0592808125858954,1.4030953413479943
12,132.0,530,bus_4200,4,0.9561517745102028,1.044516876728231,-2525.0,-1301.0,530,0.0679601510519793,1.4531080637142832
6,132.0,602,bus_2101,2,-0.1477106930945387,1.0220869602202345,40.0,-3765.0,602,0.3140402243664305,1.276880250221647
4,330.0,1344,starbus_xf_1148_1077_1078_3,1,0.0693161813096328,1.0331962162321786,1379.0,-1490.0,1344,0.2312547638293586,1.048170406039986
9,132.0,703,bus_3477,3,-0.1335667911437844,1.0461912279175505,-522.0,4658.0,703,0.1205067634492487,1.074771112985244
8,66.0,594,bus_3004,3,-0.4410670668881325,1.060499716266935,-917.0,6783.0,594,-0.2572304056581281,1.062488921990571
5,0.6899999999999998,651,bus_2056,2,0.196276580925654,1.0477119198698517,-297.0,-3716.0,651,0.1679424548125627,1.2665638922073914
13,132.0,1046,bus_4177,4,0.8973574465554004,1.019500347384735,-2135.0,-1327.0,1046,0.0108905312107313,1.38604951972987
11,33.0,1253,bus_3392,3,-0.3218044591592429,1.0557164949148747,-590.0,3172.0,1253,-0.2224713595474157,1.0266747622824
1,132.0,1976,bus_1356,1,-0.2077129438211681,1.0798014779041951,1264.0,1484.0,1976,-0.0454345617340639,1.1304523116352356
9,132.0,932,bus_3173,3,-0.2136229717099221,1.064295624205293,-758.0,4095.0,932,0.0031835094502644,1.0669913897782026
15,22.0,522,bus_5215,5,-0.2323759978381291,0.9952019650462116,1511.0,-5677.0,522,0.5578104261206298,0.9990146006369138
5,66.0,962,bus_2286,2,-0.0968260950448201,1.0568252993408611,275.0,-2785.0,962,0.060937030919167,1.3850771925990226
2,33.0,1838,bus_1369,1,-0.4006145236904155,1.007867326580924,-473.0,449.0,1838,-0.2427326180964652,1.0692899440868182
2,66.0,9,bus_1501,1,-0.2388160647731211,1.0478066280143026,73.0,-156.0,9,-0.0583505788267642,1.096060589724149
8,19.1,1117,bus_3485,3,-0.2299666991405698,1.0856581676774977,-337.0,5608.0,1117,-0.0284109618932574,1.0856598780452849
2,23.0,1272,bus_1081,1,-0.1606056547538211,1.0258924215707623,787.0,739.0,1272,-0.02601010763672,1.025339511538715
8,132.0,1382,bus_3067,3,-0.351641255715076,1.0303654957364246,-437.0,6566.0,1382,-0.1452798619548344,1.0251535134976804
6,500.0,1532,bus_2208,2,-0.3558422618083368,1.0595275351603426,453.0,-3333.0,1532,0.1413147760366825,1.4144274573791322
11,110.0,12,bus_3496,3,-0.2925664046279844,1.053455705088402,-444.0,3422.0,12,-0.1766301485308213,1.0534672830163734
7,22.0,192,bus_2335,2,-0.3950253779902536,0.983433917238718,950.0,-4005.0,192,0.3301009874592925,1.0029689076956283
1,66.0,552,bus_1598,1,-0.103200169580328,1.0359321365578016,2909.0,2742.0,552,0.1077150501354228,1.0518214379663655
13,132.0,357,starbus_xf_4186_4230_4494_1,4,0.4363680574527084,0.9047517410448648,-2175.0,-816.0,357,-0.7396946975587093,0.8941693150901076
3,132.0,1342,bus_1252,1,-0.3146663326323118,1.0496105488866538,875.0,144.0,1342,-0.3463330993356954,1.0149941559386455
13,66.0,1885,bus_4278,4,0.9640130385719,1.0236208162241114,-1936.0,-2305.0,1885,0.0391458758614181,1.380972778328622
3,132.0,417,bus_1382,1,-0.3477058662460915,1.0514292304648094,1304.0,-378.0,417,-0.4084447919665123,0.9719581898088292
4,132.0,1700,bus_1168,1,-0.1193482899659572,1.100000009995269,887.0,-2086.0,1700,0.046296394775423,1.1672135021360237
1,66.0,1608,bus_1613,1,0.0274868567103237,1.0336329143092806,2144.0,1943.0,1608,0.3675507011343232,0.993453822830037
6,22.0,694,bus_2306,2,-0.3282811449872336,0.99713819329672,339.0,-2924.0,694,0.1240561842835021,1.4936274554794229
2,66.0,1157,bus_1513,1,-0.1902807890091329,1.074032422261593,710.0,62.0,1157,-0.0975029652312774,1.062424810574192
13,275.0,1260,bus_4154,4,1.022433945314711,1.06710939543498,-2383.0,-1796.0,1260,0.1336013594925887,1.6596700255779862
9,33.0,426,bus_3383,3,-0.3766477221758982,1.0463278113895578,-45.0,4293.0,426,-0.1194772656621856,1.054381028350209
14,33.0,539,bus_4392,4,0.148397453145341,1.0052963015526069,-926.0,-2601.0,539,0.1657093744146933,1.2974215491754617
13,275.0,991,bus_4104,4,1.057858827814991,1.0613580423295144,-2402.0,-1656.0,991,0.1310217373427336,1.5874879839873652
2,330.0,2034,connection N10,1,0.0,1.0,,,2034,0.0,0.9999999994465754
5,11.0,1301,bus_1009,1,-0.0354482465769997,1.0825243315415145,276.0,-3103.0,1301,0.1229667093195421,1.1222852933101637
14,132.0,2038,connection S10,4,0.0,1.0,,,2038,0.0,0.9999999994044716
12,33.0,1340,bus_4398,4,0.9379529906466124,0.9460924977227494,-3482.0,-1608.0,1340,-0.054129664520856,1.3865938884009432
8,22.0,1014,bus_3081,3,-0.479141684689617,1.048500818337563,-952.0,7139.0,1014,-0.2378387106516228,1.048939933023857
14,66.0,761,bus_4285,4,0.9797244068042652,1.0331654936037509,-1784.0,-2602.0,761,0.1259801211445087,1.4748807225606422
8,66.0,610,bus_3006,3,-0.5028491391315499,1.0464625769572855,-958.0,6865.0,610,-0.3165321027038849,1.0492180315549209
4,132.0,739,bus_1137,1,-0.0346861889528131,1.0768996310029897,2600.0,-1798.0,739,0.1069415469607648,1.0815915643770742
15,22.0,1660,bus_5194,5,-0.1642578710532933,0.9733960932016996,2429.0,-5829.0,1660,0.6311600924479618,0.9783286737608018
2,132.0,1259,bus_1258,1,-0.3220037692799995,1.0373392214353248,135.0,-454.0,1259,-0.3210144564947832,0.9958550115037615
14,66.0,1317,bus_4307,4,0.978296840554583,1.0842402793675203,-1893.0,-2668.0,1317,0.1163912258133025,1.4193795253131167
13,10.5,1803,bus_4041,4,1.057858828375316,0.9989252148529868,-2457.0,-1657.0,1803,0.1310217380041521,1.4941063387411049
14,33.0,1398,bus_4388,4,0.7458529841705263,0.9494827247940596,-1410.0,-1956.0,1398,0.0907863165738487,1.4442185612452254
13,275.0,1610,bus_4135,4,0.9968354469274332,1.0526616336980938,-1965.0,-2388.0,1610,0.1301999685011825,1.5176707155674662
4,33.0,179,bus_1565,1,0.0224837929163698,1.0814098851076046,1522.0,-1083.0,179,0.1362695702527843,1.0814080934726724
14,33.0,993,bus_4387,4,0.7469265913849631,0.9489080067796408,-1394.0,-1914.0,993,0.0909182589517702,1.444109688204956
14,11.0,905,bus_4468,4,0.9309729714153728,1.026455371508473,-1452.0,-3242.0,905,0.1168669666682558,1.4877151774757185
1,66.0,1406,bus_1559,1,-0.2691257075442789,1.0237279816710545,1771.0,1914.0,1406,-0.0801748425004834,1.0916256892939171
9,15.75,782,bus_3422,3,0.1179176205187348,1.04914557496337,-463.0,4900.0,782,0.139665789328948,1.0526558844016167
8,132.0,1320,bus_3259,3,-0.3501295282395475,1.025855703871981,-599.0,6377.0,1320,-0.1196481551164882,1.0196632051920012
15,1.0,239,bus_5225,5,-0.1354644106188439,1.0486496418044404,1744.0,-6257.0,239,0.4594217966899609,1.0496723280420743
14,66.0,911,starbus_xf_4257_4379_4434_1,4,1.0193178879418208,0.9890464206044997,-2053.0,-3911.0,911,0.1149678961499503,1.4999905067512775
2,132.0,1200,bus_1451,1,-0.3415178450185507,1.0579688202080657,545.0,492.0,1200,-0.2206328666544418,1.0806085133195522
15,110.0,737,bus_5075,5,-0.1642578859802473,1.0215794321762242,2403.0,-5786.0,737,0.6311601974280336,1.026756154880668
4,15.4,1032,bus_1042,1,0.2040873375383315,0.9607459703957608,1307.0,-1628.0,1032,0.5262898007191092,0.9607458960664684
4,330.0,1822,starbus_xf_2191_2018_2019_6,2,0.0297147457515377,0.9924945752841418,786.0,-1869.0,1822,0.2509092198609227,1.0038359997775743
14,11.0,889,bus_4465,4,0.931867817990792,1.0261510042334607,-1608.0,-3485.0,889,0.1173100917334634,1.4762281680479423
3,330.0,1528,bus_1569,1,-0.2706546034531623,1.0512921799993844,1157.0,-402.0,1528,-0.2765368129411187,1.003708032333263
4,33.0,1817,bus_1564,1,0.0244432963304661,1.0417064754977208,1563.0,-1055.0,1817,0.1620818263973098,1.0348024578598547
14,11.0,488,bus_4447,4,0.9472802254135348,1.0040770002282486,-2408.0,-3221.0,488,0.1070682467303798,1.508993974482578
15,110.0,525,bus_5095,5,-0.1237389607937565,1.028762437464582,1911.0,-6098.0,525,0.4824871489481892,1.035519433851955
14,132.0,1403,starbus_xf_4220_4074_4499_5,4,0.3475204218964579,1.0589788058523957,-888.0,-2745.0,1403,0.2693936899388313,1.144397417218033
15,110.0,2039,connection T4,5,0.0,1.0,,,2039,0.0,0.9999999993991168
12,11.0,458,bus_4406,4,0.7509239974064279,1.0176074369709731,-3384.0,-1875.0,458,-0.654975322594252,1.161813469229941
1,66.0,696,bus_1527,1,-0.0670305760061814,1.0705147984052932,1873.0,2274.0,696,-0.0171586490406406,1.071984634521688
8,132.0,745,bus_3643,3,-0.333379075016586,1.025088343202311,-660.0,6857.0,745,-0.1731562134117473,1.0211908423829683
13,11.5,1450,bus_4036,4,0.9836521053135142,0.9724851167002108,-2719.0,-2698.0,1450,0.0664416587830662,1.318335409730907
2,11.0,1541,bus_1542,1,-0.2915837372065172,1.0427877309712503,199.0,1000.0,1541,-0.1124489827437717,1.072589445698301
4,33.0,1865,bus_1383,1,0.0199039158920481,1.0115252359208755,407.0,-1151.0,1865,0.6503518708322091,0.9729708664659554
2,500.0,668,bus_1097,1,-0.075077252799109,1.06823153242792,789.0,-107.0,668,-0.0063532944106882,1.0682261559855024
4,132.0,1877,bus_1139,1,-0.171689325182835,1.045569616396981,1042.0,-2200.0,1877,0.1054070851518209,1.12944199895998
8,11.0,45,bus_3453,3,-0.4676461359546967,0.9305520388204276,-1445.0,6842.0,45,-0.1174211598618645,0.9269933723118372
2,330.0,1427,bus_1120,1,-0.2087019455093725,1.044742095039011,692.0,-193.0,1427,-0.1790502700504203,1.0254302220569869
2,330.0,1910,bus_1119,1,-0.1036510870157824,1.0493972690955369,912.0,-715.0,1910,-0.0304925853406994,1.0307985117491438
9,15.75,1663,bus_3526,3,0.2009536795960808,1.026934076573782,889.0,3622.0,1663,-0.0465655787198489,1.0269338576969862
2,500.0,436,bus_1099,1,0.0679326924103137,1.074793017380684,825.0,368.0,436,-0.0188863933584688,1.075728220364801
8,6.6,527,bus_3457,3,-0.46459895660589,0.9822803155095596,-1542.0,7026.0,527,-0.114618187762402,0.9857946355304568
6,66.0,872,bus_2273,2,-0.5462570362519857,1.0309086305209014,849.0,-3735.0,872,0.065247218558188,1.0885214071390883
14,11.0,1581,bus_4437,4,0.9448079848133508,0.9889306276811656,-2164.0,-4133.0,1581,0.104975977140838,1.558610821007521
5,330.0,440,starbus_xf_2195_2293_2332_1,2,-0.1420412907378185,1.0267766367942153,775.0,-2329.0,440,-0.0077057566567239,0.9638632246242655
14,33.0,1002,bus_4340,4,0.1967590472528414,0.9823117627833036,-1008.0,-2283.0,1002,0.1544686975599793,1.2496227248278229
12,132.0,105,bus_4170,4,0.994445083050984,1.049199747093307,-3108.0,-1515.0,105,0.1087547165588894,1.7376134558663296
1,132.0,1872,bus_1419,1,-0.1614906697722875,1.0741056237405284,2191.0,2245.0,1872,-0.0358790990418469,1.102999421409671
4,132.0,547,starbus_xf_1296_1504_1506_1,1,-0.1402170306234193,1.086073078545694,625.0,-1182.0,547,-0.0251701088636261,1.0628807474938693
4,11.0,1916,bus_1031,1,0.1561261002979947,1.0092122198268056,1078.0,-1731.0,1916,0.3302473702079524,1.009212765841233
2,11.0,400,bus_1515,1,-0.1386545032406053,1.0870472009294037,582.0,-50.0,400,-0.0456311688824194,1.0840100372686352
7,66.0,695,bus_2264,2,-0.5310052520380627,1.0009618672279372,1031.0,-3962.0,695,0.0538218092382818,0.9992562145002252
13,275.0,480,bus_4128,4,1.0386949127993723,1.0562111174908495,-1960.0,-2598.0,480,0.1418611479538127,1.5157672554953852
11,110.0,728,bus_3397,3,-0.3414063401388392,1.0458563963832033,-1228.0,2079.0,728,-0.1503209016920621,1.1228654698879983
2,132.0,1214,bus_1263,1,-0.2056265534868449,1.0668448946871865,89.0,-202.0,1214,-0.0491212958188868,1.108538436574583
8,132.0,744,bus_3243,3,-0.2846202621793831,1.034808232324631,-129.0,6039.0,744,-0.0952884065315691,1.0348082300045918
9,275.0,296,bus_3573,3,0.0599595883012066,1.0927176675835448,186.0,4388.0,296,0.3094563632865699,1.1257461234315322
12,0.6899999999999998,392,bus_4024,4,1.2565091594234374,1.0137177972003977,-3059.0,-1328.0,392,0.2697295864753276,1.0137182211435594
8,132.0,722,bus_3080,3,-0.4481852909603554,1.0178348411297058,-926.0,7042.0,722,-0.2080549091569491,1.017834845693948
11,33.0,775,bus_3049,3,-0.3606601808277125,1.0175908989265334,-51.0,3089.0,775,-0.2922153076681936,0.9507584437070902
2,11.0,1039,bus_1516,1,-0.1374996212596491,1.0870045903193224,467.0,-53.0,1039,-0.0454034586421882,1.0840057380824166
6,66.0,1103,bus_2252,2,-0.4854752738182734,1.0449263406708102,416.0,-4320.0,1103,0.1302034028152026,1.3208460764250332
14,11.0,624,bus_4463,4,0.901639194059321,1.0207338779346404,-1720.0,-2989.0,624,0.1130358994169291,1.4600435061894417
13,11.0,625,bus_4479,4,0.96336866771249,1.040219026433706,-1940.0,-1963.0,625,0.0803769554426755,1.3823939020369371
2,330.0,50,bus_1117,1,-0.2673609081614541,1.0458847725856544,764.0,27.0,50,-0.2459863607059832,1.0231848445088954
6,220.0,1247,starbus_xf_2145_2243_2306_1,2,-0.3125390654565408,1.0117572224393336,486.0,-2743.0,1247,0.128648529836048,1.5013539261864155
9,11.8,526,bus_3040,3,-0.0242399294952191,1.0578380680194606,562.0,5064.0,526,0.2369576808886431,1.0935455272679933
12,33.0,1674,bus_4350,4,0.9324669783486148,1.0691088622200249,-2540.0,-632.0,1674,0.0565348349918375,1.163743046581272
7,66.0,1679,bus_2232,2,-0.5641397352502499,1.0382973146794097,929.0,-4072.0,1679,0.0363529379468267,1.2063965914767885
8,66.0,162,bus_3064,3,-0.303829662793967,1.0440577232402923,-753.0,5859.0,162,-0.069998530622951,1.0421988627433585
8,10.5,1639,bus_3463,3,-0.0665699035819112,0.9854364647727192,-428.0,7430.0,1639,-0.2370083451166504,0.8890516766637867
2,132.0,63,bus_1179,1,-0.1317282013205184,1.0943207795242895,398.0,-61.0,63,0.0110546636723331,1.0956197519307735
14,11.0,1962,bus_4430,4,0.9977000066052928,0.9885717518534206,-1942.0,-3404.0,1962,0.1167285514684343,1.5317620193354622
2,132.0,92,bus_1264,1,-0.3485420531808296,1.0493159082182184,470.0,465.0,92,-0.2219755186309505,1.078948906325448
14,132.0,1757,starbus_xf_4220_4394_4497_1,4,0.2648732698416799,1.0573893457083343,-857.0,-2792.0,1757,0.2684262078343514,1.1485048721653026
2,330.0,1299,bus_1098,1,-0.099994326561311,1.051807210846604,818.0,-295.0,1299,-0.0271533746341947,1.039543701453558
15,110.0,1775,bus_5091,5,-0.1134886785104553,1.0302924839755965,1795.0,-6295.0,1775,0.4743834802341237,1.0272042829076704
2,132.0,214,starbus_xf_1428_1501_1540_2,1,-0.234466769811002,1.0487725143760835,83.0,-156.0,214,-0.0575530040367135,1.0962439499937866
3,132.0,1917,bus_1281,1,-0.3538853652978019,1.0509862160103354,882.0,-668.0,1917,-0.4010447959797654,0.980064785823568
9,132.0,573,bus_3060,3,-0.1108616228230045,1.0653552519080292,511.0,5168.0,573,0.1518390871967175,1.1029376256216434
8,132.0,780,bus_3140,3,-0.3351913365305376,1.0254212055615413,-656.0,6759.0,780,-0.1691903235211423,1.0222244909438525
13,9.5,949,bus_4044,4,1.0578588289453734,0.9989252067458284,-2437.0,-1620.0,949,0.1310217385833686,1.4941063276608624
5,500.0,1387,bus_2209,2,-0.2173841392659201,1.0204188489748507,-82.0,-3150.0,1387,0.1259829190417373,1.4701236084938043
15,110.0,1071,bus_5127,5,-0.3191701840826492,1.059810942224514,1508.0,-5350.0,1071,0.5313355460266878,1.0597924677845991
4,11.0,999,bus_2089,2,0.2059062548413376,1.092728590092884,1182.0,-1830.0,999,-0.0880237653789441,0.9388285474269972
4,330.0,671,starbus_xf_1118_1038_1039_1,1,0.1050916374607308,0.9786833658611954,1374.0,-1619.0,671,0.2741880756345871,0.9995445631162072
11,110.0,812,bus_3395,3,-0.2868136659179588,1.0538556063310751,-469.0,3656.0,812,-0.1479590625786703,1.0263466433083788
6,330.0,2029,connection V1,2,0.0,1.0,,,2029,0.1524745189534125,1.2857246982362625
14,7.6,1262,bus_4483,4,0.981233652009328,0.9583158164429628,-2056.0,-3852.0,1262,0.1110685883126778,1.478320791013922
4,132.0,719,bus_1238,1,0.1729924624376561,1.0699856073119436,1931.0,-1833.0,719,-0.1088621948405988,0.8949423313267248
15,110.0,1409,bus_5074,5,-0.1791102665402916,1.0179666181837457,2172.0,-5727.0,1409,0.6138809363020854,1.022810236664513
4,15.4,1892,bus_1043,1,0.2087254433450461,0.9600638179799952,1324.0,-1614.0,1892,0.5239169363791254,0.9600637141139984
12,132.0,1569,bus_4157,4,0.9856042324651146,1.007553979352179,-3501.0,-1584.0,1569,0.057086618434566,1.5625045545350953
1,11.0,544,bus_1632,1,-0.1426270635075978,1.0622511069389486,2114.0,2269.0,544,-0.0258404946013469,1.0831742848031007
6,66.0,275,bus_2210,2,-0.4735283819392949,1.0522673135079084,430.0,-4263.0,275,0.1351567548751586,1.3237351035310407
15,13.8,1707,bus_5004,5,0.114717982216413,1.0309393654871146,1810.0,-5711.0,1707,1.2654618027248457,1.0311587003328206
9,20.0,826,bus_3586,3,0.0141410888537146,1.0414030159368908,-76.0,4901.0,826,0.1935573651529224,1.0048681681834504
15,22.0,1806,bus_5220,5,-0.2324840919951131,0.99693847746763,1427.0,-5695.0,1806,0.5577078585993703,1.0007619203800238
6,220.0,1934,bus_2120,2,-0.1080040567814165,1.0732927597962678,735.0,-2765.0,1934,0.213556919972413,1.1998116431244736
13,11.0,940,bus_4461,4,0.832815469615814,0.9814683939946915,-2012.0,-2461.0,940,-0.3463932190674834,1.1826825946977224
2,23.0,899,bus_1017,1,0.198324067097573,1.0214596344395033,1001.0,674.0,899,-0.0040162200292722,1.0312345380942212
11,11.0,516,bus_3133,3,-0.3103744211537263,1.0178041465250862,-585.0,3311.0,516,-0.2020325511543738,1.004423546302895
6,22.0,1536,bus_2296,2,-0.1863484823875487,1.012301918995372,71.0,-4088.0,1536,0.0991857935541966,1.4385772884541903
6,66.0,1664,bus_2222,2,-0.4133688476464511,1.0663464473474482,479.0,-4185.0,1664,0.1594593090744181,1.3286500347401444
2,33.0,286,bus_1161,1,-0.0951707390472221,0.9817159781616906,821.0,-196.0,286,-0.0229950535047744,0.9720110433127808
9,132.0,1573,bus_3102,3,-0.2238400972490757,1.058711974567106,-946.0,4295.0,1573,0.0028892439625872,1.0685324148090212
5,500.0,2037,connection V8,2,0.0,1.0,,,2037,0.0,0.9999999993991154
4,132.0,1451,bus_1136,1,0.206001382612786,1.0924439660374925,2127.0,-1817.0,1451,-0.0879286412037378,0.9385840150993284
3,33.0,1870,bus_1577,1,-0.4674998843028235,1.048415684359258,1032.0,-710.0,1870,-0.7574351300384052,0.93000811147883
13,33.0,459,bus_4336,4,0.881813666224696,1.0039981484147409,-1859.0,-1516.0,459,0.0014335222951438,1.4171508963940904
2,330.0,465,bus_1096,1,-0.1579451597806535,1.0369741823125365,832.0,-468.0,465,-0.1378330502741315,1.0047686435170815
6,12.0,652,bus_2090,2,-0.1153932195147296,1.0513191827178134,154.0,-3005.0,652,0.2491015139830355,1.0513218729998028
8,275.0,1012,bus_3584,3,-0.441972297324485,1.0441556472354336,-1003.0,6658.0,1012,-0.113794596666627,1.044155801714707
11,110.0,1128,bus_3229,3,-0.3200582001961344,1.0483283673645178,-135.0,3096.0,1128,-0.2163894562493051,0.999089956000496
2,132.0,779,bus_1190,1,-0.3383799942133197,1.0585463079025563,529.0,439.0,779,-0.2200172579884007,1.0806589622642735
11,11.0,308,bus_3372,3,-0.430037683123923,1.0074231948331296,-1109.0,3477.0,308,-0.4224778730978952,0.948893843906216
13,132.0,110,bus_4189,4,0.956478713609618,1.0219332239031884,-2270.0,-1492.0,110,0.0644368975504103,1.4300986435298018
4,132.0,1393,bus_1206,1,-0.057260133300648,1.091969904926538,867.0,-1329.0,1393,0.0362896287593706,1.0352448742977902
5,330.0,1146,bus_2191,2,0.0297147456529251,1.040615526705547,1040.0,-1889.0,1146,0.2509092193497764,1.052506839439295
11,110.0,1090,bus_3325,3,-0.3324934684591903,1.0494883364473486,-805.0,2188.0,1090,-0.1380571660768492,1.132421371597344
3,132.0,1812,bus_1388,1,-0.3465369806316473,1.0513094153047189,1114.0,-526.0,1812,-0.3999679213824866,0.9755717333996862
11,33.0,606,bus_3339,3,-0.4123247469144995,1.0084745037252716,110.0,2893.0,606,-0.397426081223634,0.9094416868214952
3,132.0,943,bus_1320,1,-0.3397797908257102,1.046940214723049,1005.0,-407.0,943,-0.3799943296897197,0.9790079699220738
5,66.0,1370,bus_2239,2,-0.1904630372801709,1.0258866555578627,55.0,-3527.0,1370,0.0725273826818431,1.363064905242114
6,24.0,1703,bus_2073,2,-0.1446945844142453,0.8999999909908056,577.0,-4314.0,1703,0.1169372812745726,1.1358723781808993
6,66.0,231,bus_2096,2,-0.1530065388984653,1.1204130049304288,144.0,-4164.0,231,0.1586464086339607,1.6192595280739224
9,132.0,1744,bus_3532,3,-0.196289298170678,1.071834136041112,-665.0,4217.0,1744,0.0198253918865013,1.0760560533372028
4,15.75,1034,bus_1070,1,-0.0881628579066383,1.055498684843134,848.0,-2033.0,1034,0.1835036459370419,1.0554999806149357
13,66.0,1065,bus_4240,4,0.9843869431635996,1.02314491412983,-2397.0,-2645.0,1065,0.0656007575556217,1.4003489272218776
3,132.0,1565,bus_1309,1,-0.3537885588755537,1.0511167474495149,816.0,-697.0,1565,-0.4011929269761842,0.9814666052892036
14,33.0,1641,bus_4391,4,0.2742899650508457,0.983923322619152,-1119.0,-2113.0,1641,0.1311446594204379,1.3546112673629365
15,11.0,1021,bus_5008,5,-0.0474601973098323,1.0922407912794214,2067.0,-5579.0,1021,0.8665269216998454,1.0922407438583532
12,132.0,384,bus_4089,4,1.0118191772435758,1.0220109380544784,-3041.0,-1585.0,384,0.1122321211785449,1.6904265028426857
4,330.0,1582,starbus_xf_1148_1075_1076_2,1,0.0636483792604376,0.9874435990761948,1465.0,-1491.0,1582,0.2312566559275737,0.9997017951797316
12,0.6899999999999998,1141,bus_4050,4,0.9657073828132164,1.0999999905768505,-2747.0,-1032.0,1141,0.0758371389172481,1.1000000135902606
9,132.0,1374,bus_3174,3,-0.2611915700697187,1.0556425205444706,-925.0,4091.0,1374,-0.0322202752745609,1.0672861347129845
9,15.75,1839,bus_3420,3,-0.0585206168605432,1.0737811951010638,-907.0,5020.0,1839,0.2394258400772985,1.0737809573333674
13,9.5,173,bus_4043,4,1.0578588289453734,0.9989252067458284,-2428.0,-1596.0,173,0.1310217385869055,1.494106327697544
14,66.0,1418,bus_4251,4,1.0312946944578931,1.0014779113108678,-2185.0,-3693.0,1418,0.1178999102691904,1.5158784593527457
13,11.0,233,bus_4490,4,0.9351822963288106,0.9955058679097312,-2624.0,-2161.0,233,-0.0642193396618371,1.3128533529833213
15,11.0,798,bus_5012,5,-0.080567005397837,0.9991959826423078,2436.0,-5524.0,798,0.8484852843968406,0.9991963666485548
3,132.0,1993,bus_1343,1,-0.3466379121192042,1.0528590742043815,1480.0,-358.0,1993,-0.4040040547685666,0.9739919229602066
4,66.0,1206,bus_1209,1,-0.048137080944342,1.0807399683146854,2478.0,-1579.0,1206,0.0987922901149318,1.0877893367760445
9,275.0,1563,bus_3606,3,-0.1807475208923993,1.0893490550900609,-492.0,4175.0,1563,0.0292631170263366,1.0912748211960794
2,23.0,130,bus_1002,1,-3.167305654940399e-30,1.0705818421241466,752.0,809.0,130,-0.0325196057185657,1.0411682030739644
15,44.0,1570,bus_5179,5,-0.1636023460479905,1.0271907516457168,1562.0,-5772.0,1570,0.9346564589414366,0.8790633107771428
11,110.0,1671,bus_3623,3,-0.3124360252292115,1.0467699237451642,-316.0,3268.0,1671,-0.2050729378973713,1.0111267264286232
11,110.0,579,bus_3405,3,-0.3272450090309336,1.0524984582939232,-802.0,2259.0,579,-0.1304555978225246,1.1375709908167655
14,66.0,1943,starbus_xf_4257_4379_4434_3,4,1.0192374688933177,0.9890090314021384,-2074.0,-4020.0,1943,0.1149582157185674,1.499983727834332
14,66.0,1225,bus_4231,4,0.993303854787057,1.0157419732417814,-2402.0,-3075.0,1225,0.1073005912063655,1.4846597450456536
10,21.0,1616,bus_3295,3,0.0556980715785175,1.099999998664,1062.0,3886.0,1616,0.0094307499677904,1.1000030670913177
6,220.0,901,bus_2170,2,-0.4531795016294489,1.0473604230498752,805.0,-3201.0,901,0.1010212863658094,1.1681105441266493
1,300.0,2007,bus_fxf_CNSW NNSW Option 1 (500/330 kV Hub 1 upgrades),1,0.0,1.0,,,2007,-0.0154001515515012,1.0976753458650714
12,33.0,720,bus_4127,4,0.939851647594952,1.0478336647653594,-2654.0,-894.0,720,0.023506284143671,1.2311210329664537
15,22.0,1073,bus_5218,5,-0.2118724483832255,1.0160062090659687,2092.0,-5726.0,1073,0.5788563127310575,1.0204976874916618
15,11.0,108,bus_5188,5,-0.1797300280631595,1.040863150880727,2549.0,-5589.0,108,0.7371805370740846,1.0582023066734
12,0.48,1658,bus_4009,4,0.9324669781753364,1.0795992328705428,-2568.0,-542.0,1658,0.0565348350272279,1.1637430300715557
6,66.0,100,bus_2290,2,-0.5113281051426164,1.0211216474265563,810.0,-3479.0,100,0.0734938078952338,1.1834200323158468
14,7.6,597,bus_4427,4,1.0442839602492215,0.9862347108876688,-1900.0,-3493.0,597,0.1212722307028271,1.4983928655061278
12,22.0,1630,bus_4376,4,0.986490825701423,1.0951262815508012,-2945.0,-395.0,1630,0.3024234099524454,1.1130148186908415
14,132.0,1233,starbus_xf_4218_4392_4496_1,4,0.1502055601825495,1.0059602509718355,-887.0,-2567.0,1233,0.1660114240053177,1.2975641469809065
4,15.4,46,bus_1040,1,0.2106927046846441,0.9597810070261382,1374.0,-1592.0,46,0.3917399100181163,0.9597808662422976
2,330.0,532,bus_1093,1,-0.2107420164220947,1.0519109370979751,703.0,45.0,532,-0.1858902559061697,1.0348042355642806
8,66.0,444,bus_3376,3,-0.357048779925925,1.043815396334914,-464.0,7085.0,444,-0.2064680673810318,1.0366119671057594
13,66.0,735,bus_4382,4,0.9898072346211788,1.0258092414549274,-2428.0,-2099.0,735,0.0748582819492482,1.4289946145649943
14,66.0,151,starbus_xf_4254_4377_4432_1,4,1.0225431868873174,0.974064297226096,-2296.0,-3822.0,151,0.1162834227153294,1.4777821489255698
1,66.0,1953,bus_1597,1,-0.3605454128071315,1.0269001582733583,-1096.0,1993.0,1953,-0.1560718955473983,1.1241010003746923
11,33.0,147,bus_3356,3,-0.3852220234570713,1.0284787337026453,274.0,3209.0,147,-0.3465055352896786,0.9237909191632128
4,132.0,1900,bus_1297,1,-0.2069512232252234,1.0445228182569324,837.0,-2208.0,1900,0.0492161533206596,1.161436764175179
15,22.0,1653,bus_5191,5,-0.2671546138539027,1.0538957044196242,2254.0,-5600.0,1653,0.6838281591762382,1.0531824469142783
8,66.0,736,bus_3224,3,-0.384368350835002,1.0206054522504866,-821.0,7107.0,736,-0.1888539315168984,1.02284232954902
2,11.0,454,bus_1518,1,-0.5094526071163701,0.991890398688905,400.0,-304.0,454,-0.415978855803446,0.9828719016496849
8,132.0,342,bus_3223,3,-0.3841850363048921,1.0230088103256307,-820.0,7005.0,342,-0.1886835404162454,1.0251450895212162
2,33.0,180,bus_1635,1,-0.0739407560988431,1.0546995437000657,628.0,70.0,180,-0.0502150138917244,1.0566708746696225
9,132.0,135,bus_3000,3,-0.194414042670188,1.0406642897458762,328.0,5490.0,135,0.056783352688568,1.0607014484957111
15,110.0,262,bus_5119,5,-0.1866194201578499,1.017017398459917,1873.0,-5646.0,262,0.6039129163211309,1.0215072291322542
10,275.0,48,bus_3615,3,-0.0255262227096186,1.0805926920813815,1121.0,3932.0,48,-0.292891218755985,0.95651280938868
13,11.5,1228,bus_4034,4,0.983652105233758,0.972642271001864,-2703.0,-2725.0,1228,0.0664416586448275,0.9726426027493974
2,66.0,592,bus_1434,1,-0.2506595321206545,1.0407373757031757,468.0,-410.0,592,-0.076565853458491,1.0896422175984344
2,500.0,408,starbus_xf_1099_1100_1533_9,1,0.0564307242209167,1.010354747460946,920.0,619.0,408,-0.0071132735332089,1.0170327519646023
7,66.0,1331,bus_2197,2,-0.5645756980518023,1.02830406738766,888.0,-4181.0,1331,0.0360344550326818,1.1941915653247697
1,11.0,32,bus_1573,1,-0.1510505855618242,1.0731588027274208,2193.0,2397.0,32,-0.0292082242221921,1.0933561329090828
7,66.0,405,bus_2279,2,-0.5218490708851701,1.050798950782197,1031.0,-4245.0,405,0.0625143678633698,1.2068270075881713
14,11.0,1495,bus_4471,4,0.9032767040527492,1.012866433684696,-1565.0,-3205.0,1495,0.113823078074124,1.4704492321314768
11,110.0,1035,bus_3306,3,-0.3409601834752023,1.0462949388761864,-1108.0,2122.0,1035,-0.1496974707122028,1.123640109011897
15,11.0,1661,bus_5203,5,-0.1740984702096938,1.043272863035651,1760.0,-6395.0,1661,0.4124049439311698,1.0396642298384042
14,66.0,334,bus_4232,4,0.9925254453187442,1.0148191830544473,-2474.0,-3181.0,334,0.1085688053894799,1.4869011250276687
13,275.0,1823,starbus_xf_4104_4041_4042_2,4,1.057858828375316,0.9989252148529868,-2392.0,-1656.0,1823,0.1310217378490432,1.4941063359658635
14,66.0,2,bus_4271,4,1.0033190916734087,1.0179792555580456,-2313.0,-3113.0,2,0.1146908929710257,1.4956669189163572
12,33.0,1779,bus_4349,4,0.9938208210029916,1.0204468282196857,-3038.0,-1544.0,1779,0.0773266897217072,1.684912874649381
2,132.0,1181,starbus_xf_1430_1502_1543_2,1,-0.2911981633752231,1.0428636823029886,188.0,981.0,1181,-0.1123759274314583,1.072604140244271
11,33.0,183,bus_3257,3,-0.0086129745247302,0.9914776342790106,-1091.0,2968.0,183,-0.1049405624142454,1.1024578874854072
9,110.0,1122,bus_3018,3,-0.3256368760749796,1.0481141589122671,-258.0,4083.0,1122,-0.0864704114983311,1.068131063535677
13,11.0,1399,bus_4421,4,0.971810430592854,1.1000000096348794,-2336.0,-2734.0,1399,0.0300411024744941,1.5505037135482955
15,11.0,752,bus_5028,5,0.0289574471885651,0.9785648035561152,1235.0,-6210.0,752,0.6448024680204621,0.9785649113151408
1,132.0,51,bus_1380,1,-0.225695228386687,1.0647610767581202,808.0,1383.0,51,-0.0550840927827675,1.1146259167053354
8,275.0,849,bus_3561,3,-0.3143428944792409,1.041462767069221,-750.0,6362.0,849,-0.0868763503766867,1.041463114196765
8,11.0,1957,bus_3215,3,-0.3893610448224911,0.986112187327449,-670.0,6962.0,1957,-0.2274086248086183,0.9832238751702173
4,132.0,1515,bus_1301,1,-0.1827963462418827,1.035814298243935,681.0,-960.0,1515,0.1699428251250739,0.8992338412236044
4,330.0,2035,connection N11,1,0.0,1.0,,,2035,0.0,0.9999999994464754
15,110.0,141,bus_5060,5,-0.1029479139765811,1.0634906592100215,2496.0,-5591.0,141,0.8132993743094871,1.0783177660260104
14,11.0,1525,bus_4441,4,0.9768581846815964,0.9912697656240504,-2214.0,-4008.0,1525,0.108937244721101,1.5366450906551865
6,22.0,1781,bus_2298,2,-0.3630111269414783,1.0189215399796674,380.0,-2978.0,1781,0.1110288434770891,1.6454717957513614
11,275.0,340,bus_3589,3,-0.2238547820374499,1.0658620169821569,-244.0,2835.0,340,-0.0312389281586887,1.0917600384827293
4,132.0,278,bus_1294,1,-0.0723868256005851,1.0520671958281522,2122.0,-1315.0,278,0.0698391287618573,1.0580997374799843
11,11.0,1297,bus_3381,3,-0.3829484096458538,1.1000000106521224,90.0,2650.0,1297,-0.3265993655618306,1.0142579975752608
11,33.0,1796,bus_3075,3,-0.1258961954171853,1.0231198153400969,-529.0,2801.0,1796,0.1206475714171372,1.2860235182219388
9,15.75,1381,bus_3438,3,0.0583562433584458,0.990788527876076,871.0,3639.0,1381,-0.0474461528192616,1.0422894738894215
1,66.0,1749,bus_1579,1,-0.1562365038635162,1.0482866986182129,2310.0,2653.0,1749,-0.0016235343060166,1.058888753307499
4,132.0,1549,bus_1237,1,-0.0704041726815623,1.0537649618969511,2110.0,-1334.0,1549,0.0714756847365603,1.0595512598911032
2,66.0,1871,bus_1549,1,-0.1467552265501268,1.0659263037011508,332.0,-22.0,1871,0.0080658321574001,1.0727761289168196
9,20.0,1064,bus_3585,3,0.1419194758133929,1.0522344991113284,-22.0,4877.0,1064,0.1944453648149895,1.005001037604265
5,22.0,747,bus_2081,2,-0.0639009884093521,0.9539872186477828,-490.0,-3510.0,747,0.8715601043050986,0.9549480496535232
4,66.0,1248,bus_1587,1,-0.1225130527630388,1.0521536082578358,1681.0,-2347.0,1248,-0.0107082186188885,0.9630165588888948
13,66.0,1346,bus_4462,4,0.8328154758567191,0.993736556758942,-2055.0,-2496.0,1346,-0.3463924083937741,1.1974672060308158
5,33.0,218,bus_2342,2,0.0900028049181287,1.0220764972843823,-281.0,-3625.0,218,0.1679424484872349,1.266563932830873
15,110.0,612,bus_5109,5,-0.1241014116394183,1.019751991830422,1421.0,-6620.0,612,0.4604117557707818,1.0152967014926473
14,11.0,631,bus_4498,4,0.342329095243217,1.0674487627970477,-914.0,-2821.0,631,0.2683986880285895,1.1543823777607112
13,275.0,877,bus_4147,4,1.029352140301688,1.0464528757661655,-1685.0,-2651.0,877,0.1346076814121045,1.5058793607299594
13,275.0,1742,bus_4148,4,1.0384172518913812,1.0550949611956724,-1876.0,-2795.0,1742,0.1414339223152645,1.5176227369605242
13,33.0,832,bus_4085,4,1.1131825397586408,1.044506392574576,-2465.0,-1810.0,832,0.1899407559094247,1.1712814324290477
11,110.0,836,starbus_xf_3413_3415_3414_1,3,-0.379412473243292,1.0566187267415068,323.0,2958.0,836,-0.3352258253237021,0.9296938626161072
2,11.0,1372,bus_1649,1,-0.325607011197059,1.0266070566264576,537.0,1061.0,1372,-0.0940699667373085,1.0606634988991823
15,110.0,237,bus_5125,5,-0.165761626493796,1.061296502216044,2408.0,-5594.0,237,0.749996943117716,1.079328961126583
8,132.0,713,bus_3164,3,-0.3030224618769323,1.028593473775604,-747.0,5882.0,713,-0.0692202328243403,1.0267655933826716
8,132.0,419,bus_3144,3,-0.5125523319954223,1.010177834037,-1103.0,7237.0,419,-0.2048832650191194,1.0102016149232655
1,132.0,1051,bus_1257,1,-0.2279806250622228,1.065104816321454,731.0,1347.0,1051,-0.0606244348902291,1.1080384037528193
5,20.0,1348,bus_2063,2,-0.2625746997296995,1.0491759884972092,-101.0,-3147.0,1348,0.1300115219802326,1.0491779582548704
11,11.0,1650,bus_3644,3,-0.3641094885354485,1.0129750140680975,-658.0,3275.0,1650,-0.3026502539782948,0.9695033775151272
7,66.0,1899,bus_2262,2,-0.376316628603951,1.059727136520149,1307.0,-4462.0,1899,0.1092143380452369,1.211649485704577
7,11.0,1932,bus_2352,2,-0.3483980420955258,0.9679679727885976,947.0,-4029.0,1932,0.377874806655313,0.987926076172116
14,11.5,718,bus_4076,4,0.2763348946594656,0.9553779967940929,-943.0,-2787.0,718,0.2711306348125286,1.0348100168041034
1,132.0,1336,bus_1159,1,-0.0467043294073001,1.0516012655878744,1823.0,2202.0,1336,-0.0081093375394358,1.051601095222065
15,11.0,1937,bus_5023,5,0.0898474617493006,1.019162009103184,2081.0,-6229.0,1937,0.8373529438357736,1.0191620288717065
9,132.0,1965,bus_3233,3,-0.1509097968012712,1.073055764719022,-695.0,4623.0,1965,0.0561498552682068,1.0755528867102326
6,66.0,37,bus_2256,2,-0.1720322221439218,1.0133005547664948,907.0,-2953.0,37,0.2033468409207791,1.169255358708654
9,320.0,2031,connection Q6,3,0.0,1.0,,,2031,0.0,0.9999999993991155
3,132.0,1530,bus_1166,1,-0.1538864944278306,1.0096867938067169,1073.0,-728.0,1530,-0.2457684300336982,0.9622132393622578
4,66.0,1752,bus_1633,1,-0.1233318467761521,1.029521354897602,1955.0,-1261.0,1752,0.0271140052997686,1.0394048825029154
2,500.0,1559,bus_1156,1,-0.0025726833157232,1.078223484017491,682.0,204.0,1559,-0.0274213703765328,1.084276138300449
8,132.0,685,bus_3432,3,-0.037394395501141,1.0455877380942258,-721.0,5429.0,685,0.1668349093773116,0.9136531579100686
15,110.0,958,bus_5122,5,-0.1882602490007084,1.0116493817519834,1307.0,-5712.0,958,0.6022953760121716,1.0156182632366293
2,11.0,755,bus_1543,1,-0.2911981633752231,1.0428636823029886,198.0,980.0,755,-0.1123759243918097,1.0726041406845863
1,132.0,1235,bus_1334,1,-0.2003320651590597,1.0559928471673572,1976.0,2090.0,1235,-0.055110752856182,1.103899477893883
2,33.0,1202,bus_1574,1,-0.3540276078302405,1.0843818626742647,-422.0,428.0,1202,-0.2281246544521969,1.114779160238268
5,15.0,1249,bus_2031,2,0.0297147456713098,0.9924945772719456,758.0,-1965.0,1249,0.2509092205754449,1.003835999053914
14,11.0,1368,bus_4409,4,0.9567127020146609,0.9987368695472454,-2543.0,-3249.0,1368,0.103997199504407,1.484002605490871
15,16.0,1712,bus_5042,5,-0.1529293784123242,0.9970090433725342,1688.0,-5675.0,1712,0.6140222158567757,1.0011082593216962
14,33.0,1982,bus_4393,4,0.1644174713541733,1.0237538202818708,-942.0,-2695.0,1982,0.1888816479958123,1.2728624800898698
8,19.1,1174,bus_3489,3,-0.3173164943294993,0.9944273720849908,-752.0,6502.0,1174,-0.0969448414488758,0.9935584082066988
5,33.0,1497,bus_2347,2,-0.2499793196783429,0.9954329258483136,-389.0,-3223.0,1497,0.0293688386779255,1.323965215591219
11,110.0,919,bus_3386,3,-0.3346878699455637,1.04863136802294,-847.0,2481.0,919,-0.1591994661824134,1.0562667811186193
4,12.5,1649,bus_1080,1,0.1992647187513402,1.012143007287113,1435.0,-1548.0,1649,0.3719305521322525,1.0121426109853244
11,33.0,1384,bus_3341,3,-0.4042606716966336,1.0374183265434331,-384.0,2464.0,1384,-0.3085724385621545,1.0006485262157248
6,220.0,600,bus_2125,2,-0.2928441267954411,1.050101011763338,579.0,-2972.0,600,0.1214322490462798,1.5905542579852328
12,33.0,787,bus_4346,4,0.9813605925428688,1.005068787220296,-3660.0,-1696.0,787,0.054678338118662,1.5101097595351205
11,110.0,1080,bus_3338,3,-0.339487559125616,1.0502873154873045,66.0,2896.0,1080,-0.2489920051467805,0.9748741227092936
3,132.0,672,bus_1221,1,-0.3450702249603696,1.0537315637342075,1237.0,-445.0,672,-0.3997797347548434,0.9770739794099706
15,11.0,272,bus_5212,5,-0.1404011434095868,1.0127284849508522,1393.0,-6670.0,272,0.4437089543750287,1.0081346180907944
1,33.0,1467,bus_1522,1,-0.4505764106250911,1.0897421072089215,-24.0,1461.0,1467,-0.2413402938055074,1.1267685699672665
9,132.0,1534,bus_3168,3,-0.2326014584892169,1.0510241783624164,-150.0,5604.0,1534,0.0032289201964035,1.0457152753955166
15,22.0,1076,bus_5228,5,-0.0487324243691687,1.0999998308289525,2111.0,-5662.0,1076,0.8652544825744134,1.0999997419805163
13,275.0,1142,bus_4106,4,1.0849880325411756,1.0566120252468494,-2633.0,-1576.0,1142,0.1333047931072435,1.5839608261685798
6,500.0,1535,bus_2206,2,-0.3824977575895341,1.0686860213845146,880.0,-3494.0,1535,0.1488430584914146,1.284774629812877
3,23.0,1584,bus_1019,1,0.2176753158149764,1.045593266754269,915.0,383.0,1584,-0.0345544938596105,1.0149512994800178
15,18.0,1127,bus_5031,5,-1.1849616464974622e-10,0.9396174578544898,1430.0,-6240.0,1127,0.3874675618933058,0.9396175208691736
13,66.0,7,bus_4295,4,0.9633906291493094,1.0231839153075148,-1997.0,-2284.0,7,0.0375720651380538,1.3791948258659488
4,16.0,1635,bus_1030,1,0.0096970068877773,0.995408678880528,1305.0,-872.0,1635,0.0491980267390182,0.9954085685407024
6,33.0,1821,bus_2000,2,0.338620532615458,1.043016022624461,66.0,-4685.0,1821,0.3137641190297459,1.0430161752675586
1,132.0,795,bus_1347,1,-0.0669951655938287,1.0111386792028951,2504.0,2612.0,795,0.1118243321213833,1.0147096672827756
8,132.0,194,bus_3241,3,-0.2419774168778893,1.057991394548808,-326.0,5825.0,194,-0.0403439474848233,1.0575614531580415
6,220.0,1168,bus_2169,2,-0.2239529285746329,1.0376979591526745,629.0,-2952.0,1168,0.1486803860794534,1.3228660002468675
9,132.0,1844,bus_3478,3,-0.305280303173545,1.058357009780909,-571.0,4053.0,1844,-0.0670469797570267,1.0760432022694897
1,33.0,1727,bus_1567,1,-0.2776991209042312,1.050254903342934,1050.0,1444.0,1727,-0.0740161329791618,1.1219347329938056
6,220.0,140,bus_2113,2,-0.4104834010252773,1.0284695137151891,805.0,-3646.0,140,0.1248877080530604,1.2032991880782269
2,11.0,854,bus_1006,1,-0.0129283254766619,1.066907133909997,762.0,864.0,854,-0.0326383315237165,1.0411235049578234
15,16.0,1256,bus_5039,5,-0.0268363811761717,1.0167061912661532,1710.0,-5711.0,1256,0.7397174143568098,1.01670643165555
1,132.0,936,bus_1173,1,-0.0692042013424446,1.0116582735439636,2300.0,2524.0,936,0.0971101107096144,1.0165987427924306
7,66.0,212,bus_2241,2,-0.5496438514687718,1.0663940175966231,1104.0,-4052.0,212,0.0341656881411036,1.0911357409929097
4,132.0,1312,bus_1328,1,-0.0342292030930196,0.951509141709567,1753.0,-2399.0,1312,-0.0107081904404891,0.8374056808070831
4,330.0,908,starbus_xf_1118_1040_1041_2,1,0.1146392484518359,0.976104152104208,1364.0,-1585.0,908,0.2967662971704036,0.990610485383344
12,0.48,1428,bus_4014,4,1.0752835562575214,1.0562163832109068,-3051.0,-1943.0,1428,0.2212405748515745,1.6722584783389025
10,66.0,369,bus_3126,3,-0.1105031703297767,1.015143913119106,1602.0,4287.0,369,-0.9480655948063688,0.7090253436726804
1,132.0,1756,bus_1351,1,-0.2533342867839173,1.0399210650760342,1714.0,1868.0,1756,-0.0739734096096693,1.1066537883566023
4,132.0,211,bus_1172,1,-0.1171810036977644,1.0615383133719858,1175.0,-2112.0,211,0.1601530269395718,1.0956244295389683
7,66.0,1950,bus_2272,2,-0.5820785608328564,1.100000010882555,900.0,-4187.0,1950,0.0223134989474107,1.2799859451190274
3,132.0,1763,bus_1461,1,-0.3460668953338355,1.0533637049796216,1115.0,-484.0,1763,-0.3999327435383963,0.9770795586451532
9,11.0,678,bus_3012,3,-0.2796223348702166,1.0389294453712068,-953.0,4074.0,678,-0.0414358190512755,1.0547711416250216
1,33.0,1508,bus_1639,1,-0.3107804852558613,1.1000000094242852,1516.0,1724.0,1508,-0.0930415161530294,1.1841382421904618
12,11.0,118,bus_4400,4,1.0707694569165644,0.968190229018492,-3762.0,-1734.0,118,0.2763040576434151,1.4258286675327896
5,220.0,283,bus_1222,1,-0.0213709949242866,1.0794645535019138,559.0,-2881.0,283,0.1086384778419698,1.2716661173560506
6,0.6899999999999998,513,bus_2076,2,0.3958215824687328,1.1000000106275345,79.0,-4685.0,513,0.313764106676241,1.0951669605386425
11,110.0,1124,starbus_xf_3362_3364_3363_1,3,-0.3691069708691198,1.0473242250355943,564.0,3191.0,1124,-0.3124570744197939,0.9292420222706425
2,330.0,1022,bus_1145,1,-0.0064586310397068,1.0812899502876403,1363.0,1597.0,1022,-0.0146443118170853,1.0812883595422933
5,220.0,1851,bus_1217,1,-0.0398957778975252,1.0921056695386748,433.0,-2941.0,1851,0.0904430318170039,1.1785035750754491
2,132.0,813,bus_1244,1,-0.3605634339996651,1.0506680240217805,482.0,-493.0,813,-0.3848496300629322,0.9940396186746856
11,11.0,1912,bus_3360,3,-0.4283914408954001,1.0057621458045125,-1093.0,3546.0,1912,-0.4247184548314291,0.9347738410152518
8,132.0,425,bus_3275,3,-0.0350279960040319,1.0387327631041807,-666.0,5437.0,425,0.1677477965730113,0.9112867125676262
8,132.0,1547,bus_3002,3,-0.3029981281118655,1.0285433277620346,-718.0,5893.0,1547,-0.0691958994331698,1.026715536273025
6,220.0,900,bus_2160,2,-0.3581924973040241,1.0394778047335511,325.0,-3872.0,900,0.1328861660234848,1.4407331794162594
3,132.0,546,bus_1459,1,-0.1466818576414164,0.9844887487467664,1135.0,-792.0,546,-0.2903986959706835,0.92715239585765
11,110.0,1977,bus_3357,3,-0.3357729165154154,1.0473791179011127,226.0,3142.0,1977,-0.2440945595028844,0.9623118952463244
14,66.0,686,bus_4277,4,0.9826247069545274,1.0324247802149302,-1862.0,-2484.0,686,0.1266106322949756,1.4759348194340614
6,220.0,301,bus_2104,2,-0.4112014699263982,1.0337475532007514,449.0,-4098.0,301,0.1603876062745882,1.2816094608161075
14,33.0,1153,bus_4103,4,0.3904657429201176,1.0954298994640972,-967.0,-3102.0,1153,0.3434733959407955,1.0749073470229311
4,0.55,784,bus_1053,1,-0.0021485969620208,1.058011765726753,1057.0,-928.0,784,0.1337442998974249,1.0578779082964396
13,66.0,18,bus_4279,4,0.9669450610710372,1.022934109039757,-2083.0,-2441.0,18,0.0461850417439392,1.3940699577930356
1,132.0,796,bus_1285,1,-0.0743140426648234,1.0124582562962705,2296.0,2442.0,796,0.0899963558792095,1.0191750309347185
2,11.0,806,bus_1624,1,-0.4478123833981542,1.0105483090571217,-566.0,379.0,806,-0.2454740747907028,1.059422314504867
12,132.0,517,starbus_xf_4166_4356_4492_4,4,1.0217272252390357,0.9383964168498145,-3838.0,-1764.0,517,0.1384921863984115,1.3393268459332142
10,132.0,78,starbus_xf_3266_3154_3155_1,3,-0.0216921030306332,1.049377444248649,1141.0,4150.0,78,-0.2783145079737479,0.9983253650400148
9,20.0,1177,bus_3430,3,0.0519110647559498,1.0868732231572815,353.0,4530.0,1177,0.3050459065707068,1.0868732010758748
13,132.0,382,bus_4184,4,0.918328651426272,1.0289053029336803,-2137.0,-1434.0,382,0.0328979564585563,1.420229750283345
4,132.0,1861,bus_1475,1,-0.0667428546118658,1.0560510635867362,2136.0,-1462.0,1861,0.0749709096511366,1.0608155903866878
15,6.6,74,bus_5175,5,-0.118534416893679,1.0078056469827243,1942.0,-6389.0,74,0.474085529999102,1.0028273045402831
15,16.0,1419,bus_5037,5,-0.0049144714398965,0.9579522873286748,1844.0,-5875.0,1419,0.9048968862517182,0.9579523516548402
11,275.0,1056,bus_3490,3,-0.0693174028993549,1.0636915724750553,78.0,3036.0,1056,-0.0372004481094877,1.1376628901731165
2,330.0,1513,bus_1100,1,0.0522758601546001,1.0513100880147348,910.0,619.0,1513,-0.0028304367770426,1.0605381244884071
15,22.0,1946,bus_5207,5,-0.1387357552369458,1.0226505115696247,2225.0,-6195.0,1946,0.4674610501825628,1.0293718535300294
13,132.0,33,bus_4210,4,0.843764031304218,0.9756478861167076,-1444.0,-1776.0,33,0.0600379541692084,1.409181014532057
6,220.0,1539,bus_2181,2,-0.4104774914499621,1.0284092086505043,803.0,-3560.0,1539,0.1248936177721428,1.2032286281630007
2,22.0,52,bus_1034,1,0.1384340997697464,0.9752161167236396,1244.0,1161.0,52,0.0941672953597827,0.9752162189084496
13,275.0,2022,connection S4,4,0.0,1.0,,,2022,0.1394803442161828,1.5492503783619165
3,330.0,1363,bus_1112,1,-0.239922803799608,1.0445303645537916,795.0,-151.0,1363,-0.2444910449494703,1.0017142142517106
13,11.0,1031,bus_4419,4,0.9439905329058542,0.9835151413326954,-2569.0,-2611.0,1031,-0.0376903204417231,1.2953626446732462
14,11.0,121,bus_4486,4,0.9272324803315326,1.0250000330089428,-1784.0,-2804.0,121,0.1160290080783052,1.43750108608837
15,220.0,1690,bus_5155,5,-0.0892808138967567,1.0551151338680296,1614.0,-6003.0,1690,0.549394870431143,1.057450095354445
14,1.0,395,bus_4081,4,0.3901684870043044,1.100000009132818,-993.0,-3168.0,395,0.3434734235039827,1.0749071260031968
13,11.0,1069,bus_4001,4,0.9311487067625972,1.0497533847119107,-2078.0,-2282.0,1069,-0.0177656302571436,1.3152515746359046
2,132.0,1059,bus_1191,1,-0.3345694080206433,1.0575949293150706,313.0,384.0,1059,-0.2237948683474651,1.078185269098114
7,10.5,509,bus_2085,2,-0.4635034729186666,0.9399841161047808,1029.0,-3844.0,509,0.1218786625716838,0.939983713821708
13,11.0,918,bus_4411,4,0.9805911235866508,1.0744414699048392,-2096.0,-2617.0,918,0.1082616777074574,1.371891793667603
8,132.0,1655,bus_3225,3,-0.5522808777625863,1.0014808852597294,-1513.0,6902.0,1655,-0.1004796923744777,1.075930944698797
5,500.0,1669,bus_2204,2,-0.2608320848962393,1.0481393124367973,-68.0,-3103.0,1669,0.1304977619475328,1.4079361832232529
6,13.8,961,bus_2003,2,0.1323809850834723,1.0133271066327842,992.0,-3064.0,961,0.6156542082588501,1.0133272216399936
2,132.0,1924,bus_1488,1,-0.3572862174211219,1.046695287910547,318.0,946.0,1924,-0.2194280354204178,1.0766344607252762
11,33.0,1383,bus_3059,3,-0.3401984703909113,0.996348261478786,-901.0,3455.0,1383,-0.2522237051501135,0.9686869754814692
13,11.0,1625,bus_4410,4,0.9803079466923914,1.074832520721699,-2080.0,-2629.0,1625,0.1074528470973853,1.3733141747669482
14,33.0,1498,bus_4074,4,0.3615287652477038,1.0602901467455363,-921.0,-2853.0,1498,0.2694379561162128,1.143856377837337
4,132.0,1835,bus_1480,1,-0.0881628572983525,1.0655397428790028,858.0,-1966.0,1835,0.1835036535944319,1.27973959264086
7,33.0,1155,bus_2247,2,0.1167353905204281,1.0528225860620188,1534.0,-4493.0,1155,0.568032328028345,1.0528223928105196
5,0.55,58,bus_1057,1,-0.2156688732356043,1.0888071669421122,651.0,-2373.0,58,-0.4887709285728005,0.8271552659041267
11,33.0,1105,bus_3271,3,-0.3981397640272635,1.0376940714203078,-80.0,2683.0,1105,-0.340579249940078,0.9658858150492248
8,11.0,166,bus_3456,3,-0.4672332945951301,0.9305555683693598,-1438.0,6945.0,166,-0.117150477718166,0.9290509189086874
14,66.0,640,bus_4298,4,0.9749087002343936,1.0449985222774347,-1489.0,-3282.0,640,0.1230195164251183,1.4844362294892366
3,132.0,1667,bus_1215,1,-0.335699027146074,1.0465973636721804,876.0,-435.0,1667,-0.3750438866200681,0.9793134002657592
1,132.0,1554,bus_1402,1,-0.0150204656679417,1.0755541911285893,1986.0,1943.0,1554,0.2433071835214336,1.0602614866804956
13,275.0,280,bus_4117,4,0.9953587318476332,1.0585945060804445,-2144.0,-1797.0,280,0.1272783484471118,1.5861991156429032
6,11.0,313,bus_2013,2,-0.1314465597901151,0.9749812417894894,1038.0,-2962.0,313,0.2374955797525251,1.064420710020472
12,11.0,1404,bus_4407,4,0.7657251964342383,1.0296908329953822,-3407.0,-1849.0,1404,-0.592309829397312,1.2284243814267592
6,66.0,645,bus_2237,2,-0.4526825094609728,1.02797832703565,336.0,-3883.0,645,0.1010531676560786,1.4537780226371948
14,66.0,759,bus_4342,4,0.9682459019047382,1.04364942196358,-1640.0,-2952.0,759,0.1227762656457192,1.4710806181154454
12,275.0,1453,bus_4111,4,1.010330374592174,1.033635702122068,-3039.0,-1644.0,1453,0.1085708052615385,1.6783688956055376
2,33.0,937,bus_1655,1,-0.3915520287411887,1.01248407788368,-601.0,473.0,937,-0.2430334861975503,1.0697295221242735
4,66.0,1676,starbus_xf_1588_1327_1068_2,1,-0.0711178249443202,1.0992084022857345,1220.0,-2379.0,1676,0.1422959939502078,1.1137109354409824
4,12.5,909,bus_1079,1,0.1962710873275589,1.0107062417090495,1451.0,-1534.0,909,0.3689563233333777,1.0107058353002838
4,330.0,1719,bus_1118,1,0.0756205790753974,1.0337184759326778,1300.0,-1557.0,1719,0.2590364291401826,1.055441090447553
11,110.0,1057,bus_3177,3,-0.3305680529366865,1.0506755327962165,-749.0,2385.0,1057,-0.1392654293058999,1.1171430107356852
4,66.0,1486,bus_1620,1,-0.1234944046479144,1.0927791055792129,836.0,-1563.0,1486,0.0495445867034153,1.2225827421325437
8,132.0,99,bus_3529,3,-0.3230822971023446,1.0260396190826122,-782.0,6854.0,99,-0.1677867904127018,1.026039591140645
15,110.0,1204,bus_5106,5,-0.1220702913403983,1.021632706036772,1515.0,-6468.0,1204,0.4624846381000523,1.0172252627476392
4,0.6899999999999998,1909,bus_1024,1,0.077230778058378,1.100000010929484,1660.0,-1046.0,1909,0.2143319530171917,1.099998980528911
14,66.0,1964,bus_4274,4,0.9941902154430668,1.015440129862922,-2439.0,-3222.0,1964,0.1102113935557761,1.4895430959614135
2,500.0,1632,bus_1090,1,-0.0637189118117496,1.031940942245731,714.0,507.0,1632,-0.0477672865180676,1.0518025282386496
13,132.0,437,bus_4178,4,0.8287984767363081,0.993587910813598,-2148.0,-1243.0,437,-0.065568311875666,1.2850768131553134
13,275.0,1902,bus_4113,4,0.851857266270446,1.0259241451495906,-2983.0,-1700.0,1902,-0.288379981725986,1.3010607420031564
2,132.0,285,bus_1432,1,-0.2097758727800304,1.054175030664133,403.0,-107.0,285,-0.0577297487095286,1.0960871310225797
2,132.0,433,bus_1196,1,-0.2211597162271893,1.0663407204536903,582.0,839.0,433,-0.0622985016676017,1.089744734364933
2,132.0,955,bus_1445,1,-0.3746238158890667,1.0473698616368678,808.0,963.0,955,-0.2270711638015998,1.0776320511304376
2,132.0,406,starbus_xf_1428_1501_1539_1,1,-0.2366687057055992,1.0482826699121668,166.0,-160.0,406,-0.0579569452477809,1.096151346491882
1,132.0,1583,bus_1299,1,-0.0545139648884865,1.0182723644496308,2630.0,2721.0,1583,0.15286967713211,1.0182723621612273
4,132.0,647,bus_1449,1,-0.0974052307355795,1.0446460304437917,1861.0,-1281.0,647,0.0485783461140843,1.0535248604962426
2,132.0,921,bus_1127,1,-0.361489174107938,1.0505367591707802,433.0,-576.0,921,-0.3850750371460079,0.9940549863842916
7,220.0,1100,bus_2187,2,-0.2738273985832153,1.0887409736822922,1189.0,-3799.0,1100,0.1701164877579353,1.2573003444642934
9,275.0,1310,bus_3547,3,-0.193102362936772,1.086475147908825,-406.0,4002.0,1310,0.0170179617207277,1.08647515078811
1,66.0,84,bus_1658,1,-0.0928901177366765,1.0480284494041512,2806.0,2717.0,84,0.1059526799213338,1.0577828350047458
15,110.0,325,starbus_xf_5090_5200_5201_6,5,-0.1156653836965549,1.053979664882791,1708.0,-6262.0,325,0.4690191649631547,1.0497032673094144
15,11.0,104,bus_5020,5,-0.0388977927037454,1.0435425696105165,2254.0,-6257.0,104,0.5766345921685104,1.0435426342580436
6,220.0,1411,bus_2126,2,-0.1769779432834921,1.0488218667616225,703.0,-2878.0,1411,0.1722688114320845,1.2707507095726298
8,132.0,267,bus_3196,3,-0.2789498964783162,1.033653484160974,-567.0,5850.0,267,-0.0581299523242216,1.0329851914059518
9,110.0,185,bus_3312,3,-0.31685982163001,1.0538088374929084,-377.0,4131.0,185,-0.0786018122149911,1.0727083020056338
11,110.0,410,starbus_xf_3371_3372_3373_2,3,-0.3569017395943413,1.0249459724068737,-1009.0,3506.0,410,-0.2842528315646507,0.985010119654137
15,22.0,1136,bus_5213,5,-0.1654919447065816,1.0485166620457698,1961.0,-6181.0,1136,0.4406160075720784,1.0553862474808864
2,132.0,1901,bus_1321,1,-0.3333619374425046,1.0363881380459672,-293.0,402.0,1901,-0.2241744000225375,1.060174718616274
15,110.0,1245,bus_5054,5,-0.1074466859840917,1.0597364714592294,1442.0,-5751.0,1245,1.011592316411887,0.922058366434842
4,132.0,626,bus_1497,1,-0.1395767476205479,1.0833255589876285,889.0,-1977.0,626,0.0228872320672975,1.136069467833805
11,110.0,349,bus_3131,3,-0.2749659909214733,1.0581688520918842,-505.0,3251.0,349,-0.1401042661235147,1.046735408939392
1,132.0,191,bus_1397,1,-0.2516276602516919,1.068617256129386,927.0,1615.0,191,-0.0661442474967098,1.1202114670721064
15,11.0,807,bus_5236,5,0.0620875348487445,1.0000708382384802,1223.0,-6111.0,807,0.7005415807142249,1.000070923451497
10,132.0,1104,bus_3287,3,-0.1137962973359078,1.0684765934677112,1811.0,4487.0,1104,-0.9553233016659498,0.7138889631043068
12,0.6899999999999998,1175,bus_4003,4,1.0465385037185295,0.9000000103037709,-4058.0,-1874.0,1175,0.1899882680507758,1.354092934532477
5,33.0,304,bus_1318,1,-0.2156688801570917,1.0343668854255956,671.0,-2297.0,304,-0.4887838066750007,0.7857848906124092
2,132.0,1276,bus_1401,1,-0.3135417955347496,1.0510819687919006,311.0,234.0,1276,-0.2456210565761043,1.0504144161784847
9,15.75,1983,bus_3439,3,0.0578805714194832,0.990811351248972,877.0,3571.0,1983,-0.0477174017130092,1.0422038036465675
4,330.0,1979,bus_1151,1,-0.0527174437046255,1.061386964590933,1130.0,-1867.0,1979,0.1573447508945665,1.235910634019202
2,33.0,1760,bus_1546,1,0.0434373349745748,1.0764918125823997,1251.0,1182.0,1760,-0.0003834952079277,1.0913198843942629
11,33.0,1222,bus_3365,3,-0.379487601507821,1.009476882594298,-766.0,2451.0,1222,-0.2352809111822615,1.0089371796338578
15,33.0,1723,bus_5177,5,-0.1674309106215729,1.0355363317031143,1781.0,-6261.0,1723,0.4269974795277038,1.0363777988564478
9,132.0,1843,bus_3039,3,-0.0242399329657789,1.0760767459313103,543.0,4965.0,1843,0.2369576772628638,1.1123998549414562
9,66.0,1998,bus_3500,3,-0.0121237722794816,1.059983212477316,361.0,3745.0,1998,0.0139230089891256,1.1729970394226366
4,132.0,1905,bus_1288,1,-0.0740218980634684,1.0516896969241094,2161.0,-1359.0,1905,0.068560066908371,1.057682955468599
2,11.0,1533,bus_1547,1,-0.3231869037234411,1.0146491452400863,668.0,1050.0,1533,-0.0873338291848805,1.057600519242902
5,500.0,2014,bus_fxf_WNV MEL Option 1 VNI West,2,0.0,1.0,,,2014,0.1086384781023535,1.2716661166376229
15,110.0,580,bus_5118,5,-0.1391172417957585,1.032130050107164,1912.0,-5788.0,580,0.6365181067458087,1.0344837905732829
14,11.0,420,bus_4488,4,0.939718739278039,1.0317283948910698,-1636.0,-3032.0,420,0.118831023185228,1.4688371379299134
8,132.0,727,bus_3159,3,-0.2878372094231087,1.0454778813069614,-155.0,6010.0,727,-0.0984175011613011,1.0451670088830622
15,22.0,1920,bus_5214,5,-0.1262976512504333,1.019215755798225,1922.0,-6320.0,1920,0.4661208028303268,1.0142035749220453
2,33.0,1798,bus_1552,1,-0.1711833215956021,1.068493290510336,765.0,561.0,1798,-0.0455256150129862,1.0684892208934471
13,275.0,856,bus_4002,4,1.026466387898091,1.0674945188646825,-2616.0,-1803.0,856,0.1328110002897946,1.695797049198123
11,33.0,1951,bus_3474,3,-0.3430158325111653,1.0352721299068113,-809.0,2283.0,1951,-0.1535438131832621,1.1167375843370275
2,11.0,1333,bus_1534,1,-0.4710817547438085,1.0133786666079894,504.0,-544.0,1333,-0.4139649145414167,0.981571738550798
13,275.0,809,bus_4125,4,1.0234101201995776,1.0535568265683382,-2074.0,-2389.0,809,0.1390271042858656,1.5334302301769356
6,66.0,838,bus_2284,2,-0.5500985318523622,1.03831939788805,935.0,-3619.0,838,0.0566309960814206,1.145682592576699
1,66.0,977,bus_1638,1,-0.3103743271035505,1.091312329872269,1531.0,1700.0,977,-0.0929290083783112,1.1709448291903912
5,33.0,16,bus_2349,2,-0.2510928059705473,0.9951710382183326,-382.0,-3237.0,16,0.0263363148836341,1.3201844046331053
12,66.0,1094,bus_4097,4,1.068699821427899,0.9969356959542462,-3742.0,-1731.0,1094,0.2731440331809329,1.470189832181759
9,33.0,1095,bus_3020,3,-0.3761426540316873,1.0737526629638376,-276.0,4267.0,1095,-0.117244488408066,1.1068343715548976
2,33.0,1496,bus_1551,1,-0.1711833215642691,1.068493292128574,753.0,586.0,1496,-0.0455256151339887,1.0684892224977156
5,11.0,40,bus_2350,2,-0.0473276840743261,1.0865270324523175,216.0,-2608.0,40,0.0002754162503169,1.259116465084421
13,275.0,1171,bus_4094,4,1.011743599239885,1.0535789757876577,-2143.0,-2100.0,1171,0.1383380127319893,1.5315051043301378
5,220.0,1280,bus_2077,2,-0.2538261926077382,1.0090128600449058,-409.0,-3284.0,1280,0.0196172168006026,1.32878244704864
9,11.8,1557,bus_3042,3,-0.0242399296666434,1.0578380644117993,576.0,5045.0,1557,0.2369576807214773,1.0935455235037874
6,24.0,1693,bus_2043,2,-0.1922582677779037,1.063414869648058,1782.0,-4281.0,1693,0.1487481095658512,1.263907556395308
3,132.0,1066,bus_1300,1,-0.1542912311821003,1.010781731222912,1103.0,-805.0,1066,-0.2461731658953382,0.9632567011294352
2,132.0,1802,bus_1241,1,-0.2364759333699067,1.0604494131458382,450.0,985.0,1802,-0.0721246916555359,1.0908614857389178
2,132.0,1954,bus_1130,1,-0.3598228336002057,1.051612000714551,734.0,-379.0,1954,-0.3846365034195252,0.994209326211131
6,66.0,128,bus_2236,2,-0.4137977576279976,1.0270394971207684,324.0,-3947.0,128,0.1106879429458444,1.3802786912772398
5,275.0,810,bus_2196,2,-0.149078704659993,1.0216229320947314,-491.0,-2732.0,810,0.1204100914975554,1.5208830559920514
2,330.0,1125,bus_1138,1,-0.2691346021583173,1.0518022219104106,597.0,315.0,1125,-0.199926804518424,1.0518097671748812
15,22.0,1194,bus_5186,5,-0.124161504297685,1.074094782068325,2531.0,-5633.0,1194,0.7923362328565823,1.0891900071766152
1,66.0,1746,bus_1512,1,-0.0577985459779099,1.0645305397678295,2085.0,2129.0,1746,0.0678362558751094,1.0559023112780712
6,33.0,571,bus_2007,2,-0.1497818459783579,1.0808783358508067,169.0,-4378.0,571,0.2989380870037826,1.0808794596626732
11,11.0,1828,bus_3179,3,-0.4526180640095952,1.018439384655217,-836.0,2364.0,1828,-0.328719316650529,1.056946003125702
5,11.0,138,bus_2333,2,-0.1679221959798656,1.0185332688567523,800.0,-2378.0,138,-0.1591885663494129,0.9093783464297126
2,132.0,1538,bus_1230,1,-0.3116922204062008,1.0499478933231794,247.0,195.0,1538,-0.248806833315249,1.047080056442656
4,66.0,1020,bus_1583,1,-0.2032930971451802,1.0455605506920924,822.0,-2180.0,1020,0.0700336625866477,1.169804489263001
15,110.0,1813,bus_5103,5,-0.1163119553298693,1.0278241149202665,1596.0,-6353.0,1813,0.4683655098796427,1.0235757845849631
12,132.0,670,bus_4160,4,1.0710217853035924,1.004748376242553,-3689.0,-1737.0,670,0.2799969958015293,1.471770687296964
15,110.0,1475,starbus_xf_5088_5175_5241_4,5,-0.1053923092290125,1.0178373256494164,1949.0,-6349.0,1475,0.4875682440713749,1.0130663634019283
4,11.0,915,bus_1033,1,-0.0311331946600011,0.9778907212387592,960.0,-1530.0,915,0.107182985662648,0.993377022777026
9,15.75,1298,bus_3525,3,0.2009290318551735,1.026434947469972,848.0,3653.0,1298,-0.0472940385558937,1.0659611709591068
4,11.0,1114,bus_1505,1,-0.1410594149973799,1.086434804344482,574.0,-1161.0,1114,-0.0259109735238894,1.0631921491951692
6,66.0,371,bus_2294,2,-0.4769801249079057,1.0502837438226202,426.0,-4322.0,371,0.1337368381330506,1.3236635950537858
2,330.0,2030,connection N1,1,0.0,1.0,,,2030,-0.0173667919647313,1.0688205697118676
2,132.0,41,bus_1260,1,-0.3608115806498309,1.0500737235519289,359.0,712.0,41,-0.2243948045748317,1.0778329682767571
14,66.0,1695,bus_4245,4,1.0202183594298877,0.9996497402151268,-1913.0,-3805.0,1695,0.1151618030761115,1.5200473591640902
13,11.0,65,bus_4451,4,0.9084547378368856,0.9938397403878304,-2149.0,-2453.0,65,-0.1091094948397092,1.288131167469811
14,15.75,475,bus_4054,4,1.0374349906409177,1.0611151102442558,-1964.0,-2673.0,475,0.1418611483500535,1.443587845618013
13,10.5,1236,bus_4046,4,1.0578588284124684,0.9989252108001028,-2458.0,-1623.0,1236,0.1310217380802464,1.4941063332426558
2,66.0,593,bus_1550,1,-0.1466911744467385,1.0659701129033894,322.0,-48.0,593,0.5353697321300865,1.1726294210312138
5,33.0,447,bus_2343,2,0.0950307034272265,1.0217695948651504,-249.0,-3683.0,447,0.1350334729529742,1.4298918858026493
13,33.0,362,bus_4399,4,0.9843789594521698,1.0205111697958542,-2620.0,-2183.0,362,0.0623915500954956,1.408355328254307
2,132.0,705,bus_1468,1,-0.330528503683791,1.0351637926171948,118.0,641.0,705,-0.1889044852848825,1.0434487826534515
9,132.0,619,bus_3218,3,-0.0255615230945122,1.0808724987364893,625.0,5009.0,619,0.2356360873248039,1.1173574885378663
10,132.0,505,bus_3536,3,-0.1005970982919206,1.0726470782443558,1525.0,4232.0,505,-0.8511885468866912,0.751264527899962
6,66.0,1284,bus_2235,2,-0.2893603923467968,0.9969173267714592,821.0,-2923.0,1284,0.1244139657122377,1.301941194207961
9,132.0,326,bus_3010,3,-0.2485941488794911,1.0543770831916222,-845.0,4055.0,326,-0.0222955321780981,1.064262114381881
4,132.0,543,bus_1395,1,-0.1844006293298655,1.0437897320488905,951.0,-2174.0,543,0.0901856849631315,1.1445780036542086
9,132.0,591,bus_3280,3,-0.0695132492079717,1.0620938818126142,1131.0,4333.0,591,-0.2995568769129183,1.0620941563195558
1,132.0,1062,bus_1423,1,-0.0874088683616636,1.0625991312091854,1832.0,1817.0,1062,0.0738895883863235,1.0604024834877617
5,220.0,2042,bus_ec_t2,1,0.0,1.0,,,2042,0.0796386130504916,1.1069218872857642
5,17.0,1792,bus_2018,2,0.0297147457515377,0.9924945752841418,786.0,-1878.0,1792,0.250909220561456,1.003835998130687
9,10.5,467,bus_3138,3,-0.1210912892868486,1.0259055633432086,1028.0,4209.0,467,-0.3296524991544546,0.9893555711111404
8,132.0,714,bus_3108,3,-0.2821613527940783,1.0361375210541963,-193.0,5928.0,714,-0.0929353718118498,1.0361375473629233
15,11.0,1244,bus_5036,5,-0.1869018750657834,1.005965457874033,1559.0,-5693.0,1244,0.6036639118361286,1.0059655359190518
8,132.0,1308,bus_3148,3,-0.3844231932387012,0.992897128878803,-823.0,6690.0,1308,-0.2029151652429927,0.9940081052004972
4,132.0,1527,bus_1306,1,-0.0704035432187447,1.0537293676854085,2113.0,-1416.0,1527,0.0717170856988582,1.059152741926972
7,10.5,289,bus_2038,2,-0.1682765177499315,1.0263931245550966,1263.0,-4302.0,289,0.2890558588850946,1.0263920169891196
13,66.0,250,bus_4338,4,0.9764090413402704,1.0641055110695985,-1897.0,-2008.0,250,0.1149756653632542,1.4100462160428264
13,11.5,926,bus_4037,4,0.9836521077222288,0.972689893104008,-2715.0,-2741.0,926,0.0664416576981345,1.318335377886
15,110.0,1928,bus_5126,5,-0.1222446710803308,1.0519049756800418,1218.0,-5827.0,1928,0.9920527619014314,0.9115963606444888
12,132.0,1991,bus_4162,4,1.0444142010189568,0.9486355828991628,-3933.0,-1814.0,1991,0.1899882441768932,1.377789639553932
15,110.0,1464,bus_5132,5,-0.125421615809662,1.0283625047500078,1877.0,-6174.0,1464,0.4808002395910344,1.0351155717999203
7,220.0,359,bus_2188,2,-0.4724545072588414,1.059184840860841,1076.0,-4331.0,359,0.1011205565650829,1.211983261652965
6,66.0,1159,bus_2234,2,-0.2610950962994675,1.0311392640156765,766.0,-2913.0,1159,0.1372316666882155,1.3341212652366037
3,132.0,59,bus_1330,1,-0.3473139359651565,1.0513631746354433,1322.0,-444.0,59,-0.4073369924295345,0.972019618207947
13,11.5,184,bus_4027,4,0.98253743562289,1.0583900781105433,-2243.0,-2743.0,184,0.1138430815377318,1.334713328103933
5,0.65,1048,bus_2075,2,0.1214171848743539,1.0536715246467276,-33.0,-3732.0,1048,1.0346840309394292,1.4114390593141104
15,33.0,415,bus_5096,5,-0.1234518499497733,1.1000000105160872,1456.0,-6456.0,415,0.4610538334959698,1.0953785025215428
14,132.0,1134,bus_4217,4,0.2978692109296265,0.9944903180058045,-1094.0,-2136.0,1134,0.1346344470780554,1.3566951027441436
11,110.0,1558,starbus_xf_3226_3227_3228_2,3,-0.3211897815007635,1.0213599152433317,-602.0,3466.0,1558,-0.2236250226431416,1.0027187867243768
1,132.0,1077,bus_1358,1,-0.0549766109358468,1.0266477481809668,2877.0,2867.0,1077,0.1903514471967247,1.0266477459363137
2,330.0,1855,bus_1140,1,-0.2588097686831578,1.04751461269572,828.0,-241.0,1855,-0.2584429239776872,1.0060478135826088
11,11.0,293,bus_3367,3,-0.5659016988267653,0.9932179711428968,-814.0,2549.0,293,-0.745516477887225,0.7000050797297263
12,33.0,1394,bus_4369,4,1.1831792599613575,1.012816720795193,-2988.0,-1353.0,1394,0.1860360295821209,1.2302084049733355
13,275.0,421,starbus_xf_4104_4039_4040_1,4,1.0578588284278865,0.9989252074066408,-2392.0,-1656.0,421,0.1310217379713691,1.4941063259323395
11,110.0,1243,bus_3411,3,-0.3298407167220202,1.0514236852243597,173.0,2944.0,1243,-0.2315907637418551,0.973012946647398
1,66.0,1634,bus_1580,1,-0.0920894450668586,1.0487312761406185,2801.0,2749.0,1634,0.1061619367673589,1.058186378862879
11,110.0,1963,bus_3134,3,-0.3432878092165599,1.041722625923559,-506.0,2471.0,1963,-0.1846999182064409,1.033080696204929
14,11.0,1309,bus_4475,4,0.94224191085132,1.0251641310683934,-1738.0,-2895.0,1309,0.1192133803950462,1.4447780843057432
7,22.0,514,bus_2311,2,-0.4084968924523703,1.0479536216957834,1421.0,-4724.0,514,0.0824940934006157,1.2041786572260338
2,132.0,1970,bus_1345,1,-0.1570830810292643,1.072890627041469,708.0,82.0,1970,-0.0570799207400458,1.0718238565264149
11,33.0,350,bus_3206,3,-0.3489607997286871,1.0241602949192083,-533.0,3534.0,350,-0.2743049238865639,1.0101401304791275
11,11.0,676,bus_3410,3,-0.4231883194138534,1.0127758660117587,-767.0,3530.0,676,-0.4175887014091156,0.9212447226278168
10,132.0,683,bus_3282,3,-0.1077535586935086,1.070866352940668,1572.0,4315.0,683,-0.9221423783286564,0.7370979007727031
11,110.0,1316,bus_3203,3,-0.2970508546099401,1.051363422175372,-495.0,3510.0,1316,-0.184224543630298,1.0495139607191803
14,66.0,252,bus_4302,4,0.9687354535784864,1.044306892838,-1637.0,-3056.0,252,0.1227340413916024,1.4721757097500827
13,11.0,881,bus_4478,4,0.938831876918136,1.056143043173399,-1922.0,-2096.0,881,0.0091035104122832,1.3390960609825755
2,11.0,660,bus_1636,1,-0.3457267119756071,1.0127708151981691,1.0,805.0,660,-0.1412927240454588,1.059941906311899
15,110.0,1604,bus_5069,5,-0.1220087500342801,1.0512389507489872,1295.0,-5796.0,1604,0.9922891835897936,0.9110182693240249
2,132.0,1555,bus_1265,1,-0.3709128111872661,1.047428127222827,785.0,983.0,1555,-0.2263573787212562,1.0775880189625102
5,22.0,462,bus_1007,1,-0.0354482485921163,1.0825244685658986,260.0,-3033.0,462,0.1229666926671965,1.122285496659331
2,0.55,777,bus_1001,1,-0.2349985552722999,1.0867653349993385,-268.0,-685.0,777,-0.0667694517188187,1.1432752633549306
3,132.0,1431,bus_1346,1,-0.2782743044369765,1.0346409919817283,1167.0,325.0,1431,-0.3229013473178926,0.9879238557520716
9,132.0,1295,bus_3274,3,-0.1401902471502228,1.0548124760062194,432.0,5301.0,1295,0.115807056256967,1.0921837136244814
11,110.0,935,bus_3123,3,-0.3315990081514967,1.0493976185367506,-772.0,2398.0,935,-0.1500401005508253,1.076045371135563
11,11.0,1514,bus_3389,3,-0.4277943372315098,1.0085942632763654,-951.0,2464.0,1514,-0.3202794270547989,0.9881812635794408
11,11.0,1303,bus_3373,3,-0.4668007042559298,1.023368589680807,-1106.0,3457.0,1303,-0.4907249360075266,0.9723086117827716
14,66.0,127,bus_4326,4,1.04250725421976,1.0121578222105163,-2067.0,-3191.0,127,0.1230058410592298,1.518100701215715
12,33.0,1718,bus_4361,4,0.994247596303992,1.049346684713334,-3182.0,-1502.0,1718,0.1083746909253907,1.7380823659511573
8,66.0,1007,bus_3112,3,-0.3058646919396572,1.02305893445136,-455.0,5932.0,1007,-0.0905943615966543,1.023426015517286
6,21.0,1827,bus_2045,2,-0.3397303592152784,1.0511322100634497,1771.0,-4290.0,1827,0.1473819774761362,1.2629257592110448
9,6.6,944,bus_3427,3,-0.0175910127898924,1.0371987813993233,445.0,3789.0,944,0.0116400031456711,1.1512609558475504
1,33.0,884,bus_1524,1,-0.4505949089602606,1.0897749251269715,-46.0,1448.0,884,-0.2413477590189814,1.1267825549959796
5,0.6899999999999998,633,bus_2057,2,0.1687078736869519,1.0385946672558335,-256.0,-3780.0,633,0.1350334750756254,1.4298918744934537
13,11.0,823,bus_4420,4,0.9419476491942516,1.0007485259423792,-2382.0,-2515.0,823,-0.0440770874801535,1.3659711895258944
14,275.0,177,bus_4101,4,0.0553126411917368,0.9886532544441814,-707.0,-2550.0,177,0.1225066876357123,1.4794040625090408
8,66.0,254,bus_3005,3,-0.4436951692917139,1.055649237017385,-975.0,6850.0,254,-0.2597609332370718,1.0578577634419
9,66.0,887,bus_3035,3,-0.2397137812117572,1.0604970162095158,-809.0,4480.0,887,-0.0022961005768102,1.0746936409644403
11,11.0,1237,bus_3336,3,-0.552755127540161,1.007167432895685,544.0,3051.0,1237,-0.907577833852284,0.6474760667788532
4,12.5,1266,bus_1073,1,0.0668301797861581,0.986141993020981,1426.0,-1494.0,1266,0.2497510505633822,0.9953269555941764
14,7.6,1251,bus_4432,4,1.0219293350097285,0.9739456924418504,-2306.0,-3822.0,1251,0.1162141001708936,1.477767389447885
15,110.0,1888,bus_5057,5,-0.1803867278509192,1.0557370836595463,2217.0,-5541.0,1888,0.7513399416250979,1.0666241396624536
4,330.0,790,starbus_xf_2191_2031_2022_5,2,0.0297147456713098,0.9924945772719456,779.0,-1980.0,790,0.250909219869766,1.0038360012516967
13,66.0,693,bus_4322,4,0.9751432953758176,1.0583316389085875,-1850.0,-2218.0,693,0.1173541297219889,1.4367338884851637
1,66.0,242,bus_1595,1,-0.1054309250326565,1.032639388032671,2865.0,2748.0,242,0.1127597966261381,1.0491530910197373
5,66.0,746,bus_2266,2,-0.0061663608293692,1.0393487072276604,42.0,-3609.0,746,0.6360516924197991,1.3646397225227496
12,11.0,996,bus_4403,4,0.7385792263340076,1.012449904933992,-3248.0,-1756.0,996,-0.6985483614121101,1.1773260403298402
8,132.0,396,starbus_xf_3486_3561_3487_1,3,-0.3334413187236122,0.9959589682928488,-701.0,6608.0,396,-0.151984637489764,0.9956112199148368
13,33.0,834,bus_4371,4,0.9366790121896124,1.0122352239489674,-2321.0,-1420.0,834,0.0163387579878246,1.395773230856857
14,11.5,260,bus_4077,4,0.2763348965885392,0.943315133717834,-926.0,-2803.0,260,0.271130643707949,1.021744172990373
8,132.0,495,bus_3106,3,-0.0503185996648427,1.0496841974887638,-521.0,5352.0,495,0.1986250971878068,0.7366548970243731
6,220.0,680,bus_2176,2,-0.3482590254663213,1.0215965530292193,204.0,-3789.0,680,0.1125813133861426,1.5003765625688117
8,11.0,1355,bus_3462,3,-0.1498209703198727,1.0032653845923576,-734.0,7046.0,1355,-0.1741720633497911,1.0163929483554757
2,15.0,1459,bus_1049,1,-0.1717538034551416,1.03661906625492,727.0,601.0,1459,-0.0456388266413285,1.036974588973118
8,275.0,740,bus_3597,3,-0.4803430805258662,1.0394961218212528,-1064.0,6890.0,740,-0.1634823493058178,1.0384110214615594
13,66.0,35,bus_4329,4,0.9311970921881928,0.995733011787451,-1670.0,-2053.0,35,0.0979852847816068,1.4287698951129304
2,330.0,1364,bus_1107,1,-0.2701470086091579,1.0505277023759618,48.0,0.0,1364,-0.2162986119846576,1.0479887966955392
2,500.0,2033,connection N4,1,0.0,1.0,,,2033,0.0,0.999999999446559
5,33.0,1005,bus_2346,2,-0.2502141326496319,0.9953864443885309,-392.0,-3198.0,1005,0.0287144183863527,1.3232038465198968
8,66.0,131,bus_3642,3,-0.3545759045885246,1.0431167975025817,-490.0,6975.0,131,-0.2040555783919923,1.0359344894865965
11,110.0,1211,bus_3214,3,-0.0076461220544521,1.0288189856803815,-637.0,2866.0,1211,-0.0714274727356062,1.1457079986348702
3,132.0,365,bus_1529,1,-0.3463975352703034,1.050446067498993,1191.0,-613.0,365,-0.4092575471563092,0.970750481295408
14,0.6899999999999998,691,bus_4080,4,0.4521832937728887,1.0726602370386111,-969.0,-3162.0,691,0.363312130496581,1.049926888024354
14,11.0,1657,bus_4466,4,0.9676905542194988,1.0654838590683953,-1915.0,-2749.0,1657,0.114681678162613,1.400737788069153
15,11.0,494,bus_5231,5,0.0657593840327675,1.0022767328980835,1548.0,-6038.0,494,0.5493948393848939,1.011478325763952
8,132.0,556,bus_3111,3,-0.2656514766586835,1.0358414912627192,-438.0,5832.0,556,-0.0518999704261944,1.0356840549908937
12,11.0,1485,bus_4492,4,1.0217272252390357,0.9383964168498145,-3918.0,-1747.0,1485,0.1384921964990876,1.3393269256754707
15,220.0,1832,bus_5147,5,-0.1715667944796706,1.0770504062583346,1879.0,-5510.0,1832,0.7222365725327686,1.1189373435811836
7,21.0,896,bus_2042,2,-0.3298566771978924,1.059376455042905,1790.0,-4332.0,896,0.1519419221500237,1.266844949713101
7,220.0,1449,bus_2118,2,-0.4640207221492226,1.0303869215760737,984.0,-3729.0,1449,0.1095543417694112,1.1790309448312817
3,132.0,768,bus_1269,1,-0.3474715464508724,1.0520431580125975,1296.0,-332.0,768,-0.4078261791949442,0.973860006548456
9,132.0,1148,bus_3284,3,-0.0880849711898088,1.0524814814848642,-858.0,5009.0,1148,0.1746921946280968,1.0629931416023723
11,275.0,139,bus_3543,3,-0.2175569739468851,1.0722774687604777,-185.0,3675.0,139,-0.0220358053866308,1.0722789471558356
12,0.6899999999999998,1561,bus_4012,4,1.1024991435662015,1.0738613458139787,-3043.0,-1993.0,1561,0.2831397818252784,1.7051134741944811
12,11.0,1682,bus_4405,4,0.7700702294105484,1.0293003469625437,-3395.0,-1862.0,1682,-0.5763525228911026,1.2284299480613492
14,33.0,1724,bus_4377,4,1.0215061472375706,0.973080803326994,-2307.0,-3803.0,1724,0.116158646913634,1.477603013046104
2,132.0,1768,bus_1224,1,-0.3107313719048644,1.0491895923002144,515.0,156.0,1768,-0.3021330267647455,1.0259306937599373
9,132.0,1362,starbus_xf_3492_3565_3495_1,3,-0.1788363538858597,1.0858065119706757,91.0,5506.0,1362,0.0530597598048353,1.085089609325469
2,33.0,1589,bus_1544,1,0.030259230892377,1.1244877595322025,1393.0,1164.0,1589,-0.0029307628643192,1.1501089227538244
6,15.75,827,bus_2041,2,-0.1691334364733013,1.0162794237009087,460.0,-4211.0,827,1.6778879759464969,1.165437944663222
2,132.0,1568,bus_1182,1,-0.0053473796263823,1.073297764745763,1536.0,1414.0,1568,-0.0104587639219325,1.1042932176666993
15,11.0,413,bus_5199,5,-0.1479853246193425,1.0178338986605968,1931.0,-6078.0,413,0.467646080813188,1.020878662695908
14,11.0,1264,bus_4455,4,0.915268781225172,1.0020168830862644,-1789.0,-2936.0,1264,0.1167522179880269,1.46614804061933
2,132.0,1412,bus_1243,1,-0.3564994404360187,1.0513581762861812,658.0,-372.0,1412,-0.3837974299347296,0.9939249545598224
9,15.75,482,bus_3440,3,0.0596500184887445,0.9945460459261974,838.0,3632.0,482,-0.0466693580650738,1.0426794437763325
8,132.0,549,starbus_xf_3483_3558_3485_2,3,-0.2299666991405698,1.0856581676774977,-312.0,5732.0,549,-0.0284109643524364,1.0856598774662976
11,110.0,1722,starbus_xf_3371_3372_3373_1,3,-0.3535406176440144,1.0250323860532913,-1096.0,3457.0,1722,-0.2779726770124622,0.985690575085938
4,66.0,27,bus_2293,2,-0.14277589570925,1.0270381226653544,779.0,-2299.0,27,-0.0106526479241104,0.9629199667883812
2,330.0,882,bus_1124,1,-0.1711833232853899,1.0370670692573811,697.0,535.0,882,-0.0455256216979225,1.037063118604811
1,132.0,1447,bus_1593,1,-0.0652082231314234,1.0260608380920184,2977.0,2908.0,1447,0.1790582409472019,1.030747587206923
13,11.0,1750,bus_4494,4,0.4363680574527084,0.9047517410448648,-2185.0,-816.0,1750,-0.7396946799632174,0.8941693170565185
4,132.0,503,bus_1361,1,-0.0737744925896809,1.0561578019231492,2186.0,-1475.0,503,0.0694331769297953,1.0604966168568972
9,11.8,1820,bus_3043,3,-0.0242399298014555,1.0578380634889797,594.0,5061.0,1820,0.2369576805869284,1.0935455225408035
15,110.0,975,bus_5077,5,-0.0392378070923366,1.0513241726512617,2215.0,-6262.0,975,0.5762239054456582,1.0468193023586954
13,11.0,869,bus_4458,4,0.9095434750212632,1.011604036007899,-2045.0,-2244.0,869,-0.1083757455314603,1.2979311892105627
14,16.0,1033,bus_4065,4,1.2606823874361304,1.040282114355128,-1769.0,-2584.0,1033,0.1403474596220794,1.457227648132631
8,132.0,1242,bus_3161,3,-0.294014035081664,1.03377044002277,-446.0,5782.0,1242,-0.0679306730266555,1.0338651719523
10,275.0,1307,bus_3607,3,0.0250857072046552,1.0839592967634086,880.0,3765.0,1307,-0.100200470829665,1.07466265147651
6,66.0,422,bus_2251,2,-0.1271294726847211,1.046782295747608,923.0,-2947.0,422,0.2354692968658053,1.1528318061897251
9,110.0,709,bus_3025,3,-0.0470839109398321,1.013813161364315,662.0,3854.0,709,-0.1987021432217201,1.065125858061626
3,330.0,648,bus_1110,1,-0.2789176960380519,1.049916708206036,1136.0,-413.0,648,-0.2908707110909454,0.9977663138769214
4,132.0,805,bus_1225,1,0.0522416227152747,1.084868938718883,2666.0,-1661.0,805,0.1875729583306902,1.0890879376696454
5,165.0,1293,bus_2082,2,0.0828169864450107,1.0529683191552617,70.0,-2518.0,1293,0.2126848514091385,1.052965827031909
11,110.0,1677,bus_3467,3,-0.2535598679844813,1.0439849213209118,-630.0,3182.0,1677,-0.1184081643213314,1.0435328779417077
9,110.0,1715,bus_3382,3,-0.3332773221287284,1.0534193274714014,-41.0,4204.0,1715,-0.0923197994984124,1.0559569334054468
13,66.0,1601,bus_4234,4,0.9878329546561998,1.0266354351616391,-2370.0,-2224.0,1601,0.0750951847739378,1.4289025686314567
6,66.0,120,bus_2233,2,-0.4888687951368676,1.0191054224459484,609.0,-4180.0,120,0.0873003814375757,1.2208198216278705
15,110.0,1463,bus_5090,5,-0.1099075384457516,1.0312378460363154,1698.0,-6262.0,1463,0.4749155159197861,1.0270879337383811
12,0.6899999999999998,1636,bus_4011,4,1.1083050465429427,1.071970892369032,-3080.0,-1869.0,1636,0.2940652408271462,1.698498095459705
6,132.0,1688,bus_2100,2,-0.2129907388038933,1.069044189027994,177.0,-4137.0,1688,0.2180525927999989,1.2418700856402414
13,33.0,1407,bus_4048,4,1.090392902449551,1.0441677341999631,-2481.0,-1600.0,1407,0.1310217403182152,1.5256971173912677
14,1.0,1887,bus_4082,4,0.517779194405096,1.1000000095029234,-947.0,-3276.0,1887,0.7427054692380971,1.099997982845848
8,132.0,87,starbus_xf_3486_3561_3488_2,3,-0.3160462921706602,0.9944320172649588,-719.0,6494.0,87,-0.0926404945554683,0.9939113674852575
8,132.0,1439,bus_3088,3,-0.5174261322662729,1.0078148818397268,-1232.0,7269.0,1439,-0.2096983312829195,1.008160892602275
3,21.0,255,bus_1058,1,0.1081186586732581,0.8999999919740669,1202.0,-890.0,255,-0.0045054965617537,0.9000006069296957
15,110.0,1652,bus_5073,5,-0.1770709305525068,1.0187226346006408,2249.0,-5728.0,1652,0.6161732267752423,1.0236134843224542
15,22.0,178,bus_5189,5,-0.1987127564180361,1.0665571941256895,2559.0,-5548.0,178,0.7258455859337671,1.0804526827320122
6,66.0,1279,bus_2351,2,0.1012787345169444,1.0771298909172782,110.0,-4266.0,1279,0.3006029580386697,1.1593010049472423
15,11.0,89,bus_5235,5,0.0561003139897471,1.001014745914048,1237.0,-6122.0,89,0.5493948414576459,1.0114783306014723
5,15.0,496,bus_2023,2,0.0336178692979245,0.9940816057363192,784.0,-1957.0,496,0.2547459614997737,1.004992996815152
7,22.0,1375,bus_2103,2,-0.5265271094043422,1.0329194646784343,871.0,-4184.0,1375,0.0661935286386256,1.1972274572560258
9,110.0,1933,bus_3314,3,-0.310279227572938,1.058326068356342,-352.0,4136.0,1933,-0.0733469027438094,1.0759300724236351
14,66.0,195,bus_4311,4,0.9681981010615484,1.0427859589508046,-1657.0,-2805.0,195,0.1230340618775607,1.468775919988318
6,500.0,1112,bus_2198,2,-0.3829372375737178,1.0698047901467078,960.0,-3638.0,1112,0.1509163976127999,1.2775006396197952
2,132.0,1102,bus_1261,1,-0.3573638528092629,1.048601415524956,323.0,829.0,1102,-0.2203955608574443,1.0771550982750415
13,11.0,1984,bus_4417,4,0.9210495451395182,0.9870553293671948,-2522.0,-2247.0,1984,-0.0983932278129529,1.3025706531035302
2,132.0,923,bus_1403,1,-0.3082270207408814,1.0498289736824362,287.0,140.0,923,-0.2513583932891238,1.0440145969058772
4,12.5,442,bus_1078,1,0.183692388137136,1.014047956616439,1459.0,-1470.0,442,0.2312235806909466,1.0481326056437843
6,220.0,1079,bus_2039,2,-0.2410398173875134,1.1000000086864836,305.0,-2904.0,1079,0.1565332273842447,1.10000010052467
11,110.0,562,bus_3299,3,-0.3292357150818124,1.0515757155603318,-709.0,2547.0,562,-0.1505014829389646,1.0629364856796304
8,22.0,924,bus_3085,3,-0.5248755285620348,0.9985110811990312,-960.0,7399.0,924,-0.2551199777083044,0.999811430129531
2,11.0,1329,bus_1647,1,-0.4207943980077583,1.019679296469031,-170.0,484.0,1329,-0.2401727084486606,1.0643591119581255
11,11.0,202,bus_3335,3,-0.546480331678523,1.0098142645382675,552.0,3029.0,202,-0.8582400677237767,0.6802802191870327
8,132.0,1221,bus_3198,3,-0.3541858992913781,1.0282611586272967,-444.0,6649.0,1221,-0.173587568881821,1.0242741420426504
9,132.0,1574,bus_3272,3,-0.1939300595583217,1.039187537273906,366.0,5468.0,1574,0.0559133879664211,1.0632322742478495
5,220.0,654,bus_2106,2,-0.2155235904026375,1.0658374554325856,146.0,-3131.0,654,0.1275168457605588,1.5619916437805994
12,33.0,1196,bus_4373,4,0.9657073735979465,1.0476190499404094,-2685.0,-1080.0,1196,0.0708795606709198,1.0891084522627728
15,220.0,146,bus_5159,5,-0.080520532180186,1.0516535725927665,1414.0,-6127.0,146,0.5352523821795934,1.0504999849327123
11,110.0,953,bus_3222,3,-0.2916332428323532,1.0551235237180616,-445.0,3336.0,953,-0.1696723659067679,1.0373001112419382
2,11.0,256,bus_1539,1,-0.2366687057055992,1.0482826699121668,71.0,-177.0,256,-0.0579569381097374,1.0961513553673683
14,11.0,1044,bus_4431,4,1.0417578262430758,1.00979378680069,-1978.0,-3523.0,1044,0.1219761185611935,1.5184747931061775
6,220.0,1396,bus_2127,2,-0.2610950958735379,1.0189112999284553,786.0,-2975.0,1396,0.1424474499044269,1.3739496520601429
15,110.0,291,bus_5111,5,-0.128136185185451,1.0268503696913331,1923.0,-6149.0,291,0.4780778227063996,1.033588520803344
11,110.0,80,bus_3340,3,-0.3528515019738957,1.0345568331003645,-343.0,2502.0,80,-0.2150180421564112,1.0070555141978406
12,132.0,360,bus_4169,4,0.8002769944463811,1.009070305278422,-3172.0,-1760.0,360,-0.4662670029473457,1.2308760362998474
7,66.0,1629,bus_2278,2,-0.5379532010737931,1.0388296171524911,1051.0,-3940.0,1629,0.0460774986366693,1.063139754499583
9,110.0,1379,bus_3354,3,-0.3043285003476819,1.059217262896589,-64.0,4081.0,1379,-0.075419821822262,1.067100803739816
15,110.0,418,bus_5072,5,-0.3244461791471252,1.0567422256828354,1619.0,-5329.0,418,0.5269184387520945,1.05689509519212
14,11.0,1180,bus_4482,4,1.0486241127363474,0.988611228697981,-2016.0,-3389.0,1180,0.1218018311360821,1.4827492332419083
2,33.0,1343,bus_1532,1,0.0543371939499112,1.0537768776416483,899.0,491.0,1343,-0.0049598051021229,1.0618822779099104
9,132.0,1466,bus_3072,3,-0.2871417122946056,1.064286574773872,-650.0,4053.0,1466,-0.0546752281066741,1.0788992346516326
2,23.0,431,bus_1045,1,-0.0795909308916864,1.0405649348954489,505.0,30.0,431,-0.0545195921087763,1.042203432260386
6,500.0,1590,bus_2201,2,-0.3615680062181642,1.0579283898863827,574.0,-3521.0,1590,0.1420343039255422,1.3891081718002714
9,11.0,1940,bus_3038,3,-0.1478528476195172,1.0280150534083676,-1216.0,4891.0,1940,0.1378966074389641,1.055846606290262
15,22.0,520,bus_5219,5,0.0225031072003356,1.0658874461374188,2765.0,-5720.0,520,0.9410579676308054,1.076238297250288
13,275.0,1611,starbus_xf_4109_4357_4358_1,4,1.034801060838919,1.0423351373891172,-2826.0,-1815.0,1611,0.1399230453043349,1.685970951652721
13,66.0,1846,bus_4344,4,0.9843789501461044,1.02051127097489,-2551.0,-2153.0,1846,0.0623915396944833,1.4083554575885069
2,500.0,1160,starbus_xf_1097_1098_1162_1,1,-0.0932172855885754,1.0091525107498516,849.0,-193.0,1160,-0.0214896129347868,1.0006073929904948
10,15.0,969,bus_3434,3,0.1754537172987937,1.0474321414081182,1119.0,3536.0,969,-0.1028662166125881,1.0547166851881058
15,110.0,1666,bus_5098,5,-0.125916349080461,1.0282763107925277,1862.0,-6237.0,1666,0.4803044139252357,1.0350282249169347
3,33.0,1989,bus_1575,1,-0.3883891666300858,1.04461712000107,1044.0,-449.0,1989,-0.5350124917062722,0.9655739904489232
11,275.0,1147,bus_3595,3,-0.2238529985768217,1.0644798369063324,-202.0,3207.0,1147,-0.0678238581380287,1.0566425772830312
4,132.0,1263,bus_1177,1,-0.1222968525810373,1.045409488214635,723.0,-891.0,1263,0.23745601477333,0.908860370218855
8,15.0,1930,bus_3461,3,-0.3516880363126221,1.012125657777282,-238.0,6931.0,1930,-0.1728586136128259,1.0081027587082956
2,66.0,327,bus_1626,1,-0.2506171483129956,1.0406686676843404,355.0,-490.0,327,-0.0765234710033122,1.089570278437102
2,132.0,1504,bus_1338,1,-0.3376503382165787,1.0443125997813845,787.0,-513.0,1504,-0.3653705411919568,0.9842660608318928
11,10.5,1314,bus_3465,3,-0.0076507051300008,0.9719860039332558,-1052.0,2808.0,1314,-0.0714320549121571,1.0824179546798147
6,220.0,1678,bus_2161,2,-0.3581980931036112,1.0395120520107106,348.0,-3879.0,1678,0.13288057022202,1.4407806467444044
14,15.75,284,bus_4066,4,1.294699352484162,0.9170617867386088,-2002.0,-3402.0,284,0.1217721842864216,1.5045052412141922
12,0.48,818,bus_4017,4,1.0799797403112603,1.0541071957697887,-3070.0,-1848.0,818,0.2293755731275107,1.6656651513167666
13,66.0,1743,bus_4289,4,0.984451666780934,1.018789844076332,-2187.0,-2766.0,1743,0.0842282054532776,1.4498582433148544
7,66.0,1868,bus_2245,2,0.053480944765304,1.100000009759768,1479.0,-4485.0,1868,0.5028999598856201,1.135076682286429
14,33.0,1143,bus_4152,4,0.4371864910722555,1.100000010559958,-912.0,-3273.0,1143,0.5796385949431301,1.0787138984159077
15,110.0,1232,bus_5097,5,-0.1259209763804768,1.0283312542285763,2155.0,-6119.0,1232,0.4780504878906826,1.046540967019615
8,22.0,1388,bus_3183,3,-0.5584759636607934,1.0066306477935971,-1051.0,7483.0,1388,-0.2515189534705331,1.006852424988302
9,110.0,1506,bus_3311,3,-0.3007208654312588,1.0599800178192336,-168.0,4073.0,1506,-0.0731349249163813,1.0674537936070183
6,22.0,575,bus_2297,2,-0.2024963631495367,1.0374639327960498,59.0,-4071.0,575,0.0931894463177029,1.4726236177048246
2,132.0,942,bus_1287,1,-0.2178380407129253,1.050402393963341,641.0,962.0,942,-0.0673561842487684,1.0635646878108598
5,22.0,675,bus_2315,2,-0.0473276960251785,1.086527316064996,227.0,-2547.0,675,0.0002754385610539,1.259116991929545
15,11.0,904,bus_5204,5,-0.1450200281151885,1.0288922150662605,2218.0,-6149.0,904,0.4593247699837079,1.0470914198149204
4,15.4,1386,bus_1039,1,0.1863921871100299,0.9635482027723276,1345.0,-1629.0,1386,0.2741636759007449,0.999518068216804
10,132.0,1369,bus_3300,3,-0.1162586114646227,1.0703003313912975,1842.0,4456.0,1369,-0.9788122820934448,0.712471015018233
12,132.0,15,starbus_xf_4160_4097_4401_1,4,1.0694001100538109,0.9961527504591547,-3732.0,-1731.0,15,0.2748582581074342,1.4671639230171765
13,0.6899999999999998,1184,bus_4019,4,1.5778921689993748,1.0079316601399624,-2914.0,-2084.0,1184,0.1814042231916678,1.219603370611456
2,330.0,500,bus_1152,1,-0.0917275693272281,1.0505892997593202,679.0,-116.0,500,-0.0643925821745193,1.0497306513700826
13,11.0,785,bus_4452,4,0.9031201636975164,0.9972735039005132,-2117.0,-2487.0,785,-0.1244770637837971,1.2824239409889229
6,66.0,1001,bus_2220,2,-0.3735836254983918,1.031150233112996,393.0,-2982.0,1001,0.1079004242252144,1.6653368408333404
14,132.0,251,bus_4221,4,0.3098621048777407,1.0755469937532347,-921.0,-2976.0,251,0.3181425309691962,1.075561340855824
12,132.0,1770,bus_4174,4,0.9822013397097696,1.0421660518071552,-2561.0,-1437.0,1770,0.0878955616796482,1.531190509809334
15,110.0,1578,starbus_xf_5094_5202_5203_2,5,-0.158642562270776,1.047232319357497,1770.0,-6395.0,1578,0.4282151527875021,1.0437007347015037
2,132.0,170,bus_1189,1,-0.3265882940248438,1.0491512002520478,732.0,-450.0,170,-0.3570394666213602,0.9880114377837558
1,66.0,248,bus_1623,1,-0.1181954240914965,1.1000000032806605,1924.0,1854.0,248,0.0598259046634115,1.100233710957884
5,17.0,68,bus_2020,2,0.0295139406435041,0.9990258493550974,762.0,-1940.0,68,0.2508631106060685,1.0037839203896712
6,10.5,529,bus_2323,2,-0.257280979549334,1.0999998764304073,954.0,-3371.0,529,0.0851864474193462,1.1598362187285027
13,0.6899999999999998,656,bus_4047,4,1.108196354755841,1.10000000104742,-2544.0,-1578.0,656,0.1310217423149743,1.6019819485971736
8,132.0,850,bus_3160,3,-0.2399724826463119,1.0545887406010024,-282.0,5815.0,850,-0.0384161258154286,1.0542851299223737
6,220.0,890,bus_2177,2,-0.2577878238021362,1.057617712468361,193.0,-3223.0,890,0.1382987862888652,1.5159493775740225
12,33.0,1795,bus_4345,4,0.9850416564551217,1.03304994553088,-3575.0,-1572.0,1795,0.0558610435173136,1.615891842179793
14,15.75,76,bus_4053,4,1.1436202662366215,1.0515586652605755,-1976.0,-2688.0,76,0.2226107956858173,1.0515617932856818
9,275.0,186,bus_3640,3,0.0018472922242327,1.081361734213575,-70.0,4803.0,186,0.200408900135645,1.0345090154467869
9,66.0,1373,bus_3055,3,-0.1316572262100374,1.0879681671275263,681.0,5298.0,1373,0.1506437632520263,1.138204277476316
8,132.0,1172,bus_3628,3,-0.4642309972809993,1.005594955779003,-1363.0,6796.0,1172,-0.1144199143238728,1.0101671163005763
13,275.0,393,bus_4143,4,1.0190060654478543,1.050929526789938,-2306.0,-1996.0,393,0.1394703469069879,1.5355740209294264
15,110.0,103,bus_5087,5,-0.0946411832911447,1.0289527047520208,1939.0,-6349.0,103,0.4985950126495539,1.024154015267002
4,330.0,355,starbus_xf_1106_1167_1537_4,1,-0.095678381687959,1.083924832986157,925.0,-2259.0,355,0.0862921672413517,1.18479515672138
11,33.0,982,bus_3193,3,-0.3039051618304394,1.000814807548711,-546.0,3295.0,982,-0.1930951020520032,0.9789579932907015
1,11.0,716,bus_1618,1,-0.0494581622796114,1.056047983585802,2796.0,2885.0,716,0.1976214435975921,1.0615837787374691
8,132.0,1587,bus_3211,3,-0.2925364994832125,1.025755173126864,-728.0,6939.0,1587,-0.1700552012068088,1.0249715557255272
3,132.0,870,bus_1219,1,-0.3335458348991383,1.049668907535496,1322.0,-618.0,870,-0.3736694525585969,0.9829550504211786
7,11.0,155,bus_2065,2,-0.3824904305150007,1.0450653206465002,1372.0,-4478.0,155,0.1031128172778217,1.2029099880925351
14,66.0,53,bus_4306,4,0.9712397701181096,1.0439237890336623,-1608.0,-3338.0,53,0.1226781595322994,1.479518844069521
2,11.0,650,bus_1558,1,-0.4449463847757653,1.0013963180793093,76.0,981.0,650,-0.1487788618862621,1.063623298398642
9,66.0,963,bus_3118,3,-0.2127506203587927,1.0625149659182382,66.0,5577.0,963,0.0299171981862625,1.0655872590241453
5,15.0,1560,bus_2022,2,0.0297147456713098,0.9924945772719456,769.0,-1980.0,1560,0.2509092205628824,1.0038359991081705
8,66.0,1163,bus_3260,3,-0.3688181154711835,0.9959949479685176,-600.0,6461.0,1163,-0.1378501292500242,0.9904322635468216
15,13.8,566,bus_5005,5,0.1118890133203961,1.0304590903472943,1757.0,-5707.0,566,2.468356027276,1.054429616609201
9,275.0,1492,bus_3598,3,-0.0569837377881945,1.0725893344167143,-214.0,4483.0,1492,0.1459378340261146,1.085769255030358
1,132.0,111,bus_1283,1,-0.223820379514656,1.0681931088675378,872.0,1361.0,111,-0.0540150786927239,1.1172134279892338
11,110.0,721,bus_3048,3,-0.3238866979276004,1.0509966548871377,-53.0,3019.0,721,-0.2216362441043167,0.9945080159738486
2,132.0,1738,bus_1178,1,-0.303756665935689,1.048723837273413,524.0,-60.0,1738,-0.2543549728526168,1.0395908320517038
6,22.0,1469,bus_2328,2,-0.454984896647556,1.0421012235228386,689.0,-4097.0,1469,0.103112611985286,1.245922955867738
4,0.6899999999999998,1254,bus_1014,1,0.0457527091668601,1.012188261550398,346.0,-1233.0,1254,0.6735327904006113,1.0121882710843315
7,22.0,1529,bus_2336,2,-0.3958548760358232,0.9842859914859092,936.0,-4019.0,1529,0.3292519959903702,1.0038595563915838
11,110.0,1358,starbus_xf_3231_3644_3645_1,3,-0.2914251524499437,1.037541740156558,-648.0,3275.0,1358,-0.1701716942967878,1.0173435808918807
2,132.0,1499,bus_1284,1,-0.3707750292514116,1.047474053947426,295.0,758.0,1499,-0.2262904391600066,1.0773615280920497
14,11.0,1443,bus_4497,4,0.2648732698416799,1.0573893457083343,-867.0,-2792.0,1443,0.2684262243267076,1.1485047038930554
8,132.0,93,bus_3094,3,-0.5402970853932636,1.000670957207478,-1395.0,6824.0,93,-0.1215023787600991,1.04476524566857
15,6.6,1854,bus_5241,5,-0.1527652776329509,1.0271967271636382,1962.0,-6405.0,1854,0.4389881925829027,1.022584755238393
14,11.0,10,bus_4446,4,0.9584921614424768,1.0172075788408763,-2382.0,-3109.0,10,0.1053621115296161,1.523057055989975
13,11.0,1908,bus_4416,4,0.9592808788118132,0.988674284919407,-2434.0,-2245.0,1908,0.004722183677535,1.347710633953363
8,132.0,1771,bus_3077,3,-0.3352582608114184,1.024455763859147,-574.0,6928.0,1771,-0.1757161431283967,1.0198942752375448
1,33.0,1351,bus_1589,1,-0.2192989604893104,1.0812559339677894,2052.0,2095.0,1351,-0.0628405396446331,1.1314827339019686
9,20.0,305,bus_3425,3,0.1454235810125263,1.07021276112892,229.0,3717.0,305,0.0163944218990887,1.1638521132045467
3,132.0,770,bus_1604,1,-0.3456986888800621,1.051065259809064,1498.0,-532.0,770,-0.4072510369356995,0.9719773958416084
7,20.0,1130,bus_2047,2,-0.3407000565081066,1.0239454099268392,1791.0,-4306.0,1130,0.1438696663355001,1.229080206245596
9,20.5,1580,bus_3444,3,0.1934439304666947,1.0316913403963113,193.0,3700.0,1580,0.018386773913457,1.1132146369433211
5,11.0,1520,bus_2334,2,-0.1678126587040918,1.0184814007896574,791.0,-2400.0,1520,-0.1585185735339198,0.9091005325798304
15,110.0,701,bus_5114,5,-0.1260305795823681,1.031161841620135,1875.0,-5837.0,701,0.6622101841978527,1.0336318837265874
11,33.0,321,bus_3472,3,-0.3611964130450539,1.0172713917449772,11.0,2977.0,321,-0.2930020112599792,0.9435416460896752
8,11.0,1353,bus_3449,3,-0.5225348395963224,1.0046480759664569,-1219.0,7565.0,1353,-0.2147685210611923,1.007894900794638
9,132.0,1440,bus_3028,3,-0.2871961237628797,1.0641454153918224,-733.0,4114.0,1440,-0.0547067653949917,1.0787814994159213
5,0.6899999999999998,1395,bus_2058,2,0.0939708386375153,1.034094657607213,-267.0,-3784.0,1395,0.1350334770124472,1.429891863979764
15,22.0,1185,bus_5206,5,-0.1391920037734627,1.022565375333608,2246.0,-6186.0,1185,0.4670041330334584,1.0292866068082176
13,165.0,1919,bus_2355,2,0.4061276590461376,0.9242757979141756,-1506.0,-942.0,1919,-0.6417113847953358,0.9242759370022422
15,11.0,62,bus_5021,5,-0.0388977927551203,1.0433409686196238,2200.0,-6283.0,62,0.5766378213406745,1.0433410306165511
3,132.0,665,bus_1169,1,-0.3447416806752665,1.0509756737161298,1269.0,-521.0,665,-0.4045553919548351,0.9724097729205295
14,66.0,1241,bus_4253,4,1.0416489671191809,1.0038343036669086,-1941.0,-3307.0,1241,0.1219433776870281,1.5174142399182249
2,11.0,446,bus_1084,1,-0.2223034966909975,1.0416474310929975,-696.0,490.0,446,-0.2430334735641133,1.1183535079120417
13,132.0,857,bus_4206,4,0.9070490963692684,1.0092456165308783,-1840.0,-1583.0,857,0.0601837218745818,1.4359341827142198
7,20.0,1994,bus_2094,2,-0.2849747280215445,0.9866147858912556,965.0,-4006.0,1994,0.5118241798127565,0.986614576850175
12,132.0,1633,bus_4167,4,0.9919542458196448,1.0526102065465093,-3222.0,-1469.0,1633,0.1100865053617546,1.7435312126527085
6,15.5,1347,bus_2014,2,0.1005460417536458,1.01028329049166,922.0,-3110.0,1347,0.2583442368630042,1.0804458338387088
13,11.0,1518,bus_4413,4,0.9803277960689896,1.0744404084584398,-2093.0,-2592.0,1518,0.1075050283979185,1.371884072913219
5,22.0,390,bus_2314,2,-0.3038387925420048,1.0007698695604337,-424.0,-3362.0,390,-0.1244074567823478,1.2886318178719678
11,110.0,1144,bus_3385,3,-0.3431928336970309,1.0380728973350946,4.0,2609.0,1144,-0.2336246091119556,0.9813529885858944
2,132.0,632,bus_1467,1,-0.3064737765711926,1.0489002548275752,430.0,146.0,632,-0.2711836982632657,1.034713943019545
15,110.0,833,bus_5065,5,-0.1908039287079281,1.0488907452953955,2301.0,-5533.0,833,0.7409693795415531,1.0597437354136348
13,66.0,1473,starbus_xf_4031_4030_4029_1,4,0.982537437339702,1.0503277370302675,-2214.0,-2738.0,1473,0.1138430803616955,1.295816054679021
9,10.5,86,bus_3139,3,-0.1210912988838416,1.025905603812447,1052.0,4200.0,86,-0.3296526145413966,0.989355432973515
9,275.0,523,bus_3549,3,-0.1279664211624367,1.100000010156541,-415.0,4345.0,523,0.0722186013435765,1.0999989467469582
6,220.0,1591,bus_2111,2,-0.4137380524245212,1.025184495356206,540.0,-4107.0,1591,0.1224631590098164,1.2105144290579186
4,330.0,1890,bus_1125,1,-0.0606862777489815,1.0504738640700926,978.0,-738.0,1890,0.0322943696925118,1.0469044267921557
14,1.0,152,bus_4083,4,0.4371781915363631,1.1000000073307443,-908.0,-3252.0,152,0.5796388046894458,1.0787110192541012
9,19.5,910,bus_3442,3,0.2060272183931094,1.0631065455551283,325.0,4565.0,910,0.6024250012873237,1.063106507638654
6,10.5,1921,bus_2325,2,-0.198444021567065,1.0999999542544856,967.0,-3314.0,1921,0.085235990119695,1.1598504380514696
1,500.0,2009,bus_fxf_CNSW NNSW Option 2 (Hub5 switching + Bayswater),1,0.0,1.0,,,2009,-0.0154001514502314,1.09767534578272
4,66.0,399,bus_1507,1,-0.2426699602811083,1.0398592271142382,814.0,-2288.0,399,0.0249202607930659,1.1580721927420905
6,500.0,245,bus_2199,2,-0.3330326234488831,1.0730997952876256,1007.0,-3430.0,245,0.1524745190371575,1.2857246998310432
14,11.5,469,bus_4075,4,0.276334896665774,1.0353458795360362,-932.0,-2764.0,469,0.2711306430702918,1.1214265933537464
11,13.8,521,bus_3428,3,-0.174998696849819,1.0320223617245128,-112.0,3661.0,521,-0.0174721517241871,1.0320293190098455
4,11.0,487,bus_1499,1,-0.464197698640507,1.042571125045101,664.0,-701.0,487,-0.5062353018537706,0.974597952805676
9,132.0,268,starbus_xf_3492_3565_3494_2,3,-0.1760108667529633,1.085786641687092,-50.0,5289.0,268,0.0545999437833156,1.0843086826389394
9,66.0,658,bus_3053,3,-0.0404545721940025,1.0821388704230634,733.0,5132.0,658,0.2271998040822898,1.1199816525336688
15,220.0,702,bus_5169,5,-0.1529018023669734,1.06407088421318,1851.0,-5654.0,702,0.6140498112718318,1.068445810502234
4,132.0,970,bus_1274,1,-0.0410959804115646,1.0874911502715805,925.0,-1481.0,970,0.0984102183841477,1.1047476568388732
8,19.1,1618,bus_3488,3,-0.3160462921706602,0.9944320172649588,-729.0,6494.0,1618,-0.092640484357907,0.9939113673336064
12,132.0,577,bus_4223,4,0.9939545028771918,1.0169805438048474,-3363.0,-1658.0,577,0.0748071934798877,1.5986521877635165
2,132.0,776,bus_1341,1,-0.3578111735378338,1.0472194238396284,294.0,913.0,776,-0.2198307788890754,1.0768555814674088
8,66.0,829,bus_3267,3,-0.2933625291894663,1.0643538802823609,-472.0,7187.0,829,-0.2290925264006767,1.0232264006571616
11,110.0,1091,starbus_xf_3358_3360_3361_1,3,-0.3467134749859578,1.014418098163686,-1083.0,3546.0,1091,-0.2665890642015696,0.9640801072084018
15,110.0,1426,bus_5067,5,-0.1854852442365448,1.0518626454526303,2250.0,-5558.0,1426,0.7668761214001049,1.0518646005529757
9,275.0,1047,bus_3554,3,-0.0633002668399791,1.0682078505336667,-369.0,4570.0,1047,0.143870570406066,1.083219171594609
11,11.0,379,bus_3136,3,-0.5189423765409037,1.0072613555769958,-568.0,2461.0,379,-0.5191660139241413,0.9205247218725976
2,132.0,187,bus_1354,1,-0.3338125187095481,1.0361546029517357,-379.0,380.0,187,-0.2242070038021339,1.060082035874778
13,66.0,1437,bus_4235,4,0.9842356396143824,1.0233575440946587,-2456.0,-2217.0,1437,0.0640282376206084,1.415102980481272
8,132.0,1010,bus_3189,3,-0.4192916495594614,1.0206649884414536,-869.0,7106.0,1010,-0.2002766332197052,1.0220907360029865
13,275.0,261,bus_4114,4,1.1469414624149383,1.0327436676843895,-2627.0,-1902.0,261,0.1472884285002112,1.4777466947660716
13,11.5,938,bus_4035,4,0.9836521052631936,0.9724991711676034,-2721.0,-2716.0,938,0.0664416588103017,1.3183354099623403
4,0.6899999999999998,1544,bus_1025,1,0.054478526429513,1.081447571485006,1612.0,-1106.0,1544,0.1682641792892022,1.08144757750174
6,500.0,2036,connection V7,2,0.0,1.0,,,2036,0.0,0.9999999994465234
6,11.5,486,bus_2061,2,0.1551049883245203,1.0127038052808508,1082.0,-3101.0,486,0.6610714533379041,1.012703934027053
2,11.0,1218,bus_1085,1,-0.3985368124794074,1.0114487070601823,-711.0,452.0,1218,-0.243027402162908,1.1183578573454067
11,275.0,107,bus_3572,3,-0.253357437243799,1.062415063757992,-102.0,2881.0,107,-0.0873143612236479,1.0533325024255564
15,22.0,102,bus_5187,5,-0.2128974684094702,1.0367219582281293,2432.0,-5585.0,102,0.7036973546306673,1.0545371808144974
7,66.0,69,bus_2277,2,-0.5501549079452858,1.0649595403645902,1059.0,-3919.0,69,0.0322782384370201,1.0649590249386114
1,132.0,282,bus_1364,1,-0.2520656324481088,1.0688791150283514,985.0,1738.0,282,-0.0663558167037799,1.1206043797233096
9,500.0,2020,connection Q9,3,0.0,1.0,,,2020,0.3070575578565496,1.1461037475558962
4,132.0,1278,bus_1108,1,0.0155500088525569,1.08292190904288,2426.0,-1595.0,1278,0.1537969013385103,1.0876341991508771
2,132.0,874,bus_1377,1,-0.2188293652239042,1.048420930743431,-466.0,-304.0,874,-0.0674946291903516,1.1071456307129544
11,110.0,1769,bus_3205,3,-0.2963870903178795,1.0517165692573855,-512.0,3485.0,1769,-0.183090922407646,1.0501392172028257
6,220.0,634,bus_2107,2,-0.0593195950535833,1.07761803927027,955.0,-3011.0,634,0.2585971858024873,1.1832487360577717
1,66.0,1041,bus_1554,1,0.0993183087116612,1.0461816068905287,2279.0,1953.0,1041,0.5201963933603814,1.0210355460093734
15,110.0,1156,bus_5089,5,-0.1173982466054453,1.029350912392254,1946.0,-6037.0,1156,0.4985298820947049,1.0324386999920647
13,13.2,741,bus_4039,4,1.0578588284278865,0.9989252074066408,-2452.0,-1688.0,741,0.1310217381157266,1.4941063285540788
11,11.0,13,bus_3400,3,-0.3988572378652586,1.0617715360098734,-1328.0,2098.0,13,-0.2365635191912961,1.125177847461209
12,33.0,895,bus_4366,4,0.9450389690341467,1.0424916491817615,-2772.0,-1272.0,895,-0.0919258291860416,1.4033164030716545
2,330.0,1332,bus_1091,1,-0.119669416560592,1.036109134968962,759.0,719.0,1332,-0.0315770280960975,1.0361164272017385
5,0.6899999999999998,1415,bus_2059,2,0.2691787807156292,1.0525098275702234,-275.0,-3768.0,1415,0.1350334780206295,1.4298918588195495
6,66.0,1053,bus_2291,2,-0.517605537531158,1.0123601657932064,669.0,-4017.0,1053,0.0686362245103285,1.012377565471884
13,11.0,1045,bus_4481,4,0.9790558125223304,1.0527514542395937,-1853.0,-2061.0,1045,0.1271180668467444,1.4138620263949688
5,17.0,1319,bus_2021,2,0.0288989286024157,1.02788320535323,771.0,-1954.0,1319,0.2506574078976116,1.003555676851974
15,110.0,38,bus_5105,5,-0.2140164459673586,0.9716159287125512,1421.0,-6579.0,38,0.3681431687114735,0.9663686897599332
8,132.0,845,bus_3096,3,-0.3509104358037359,1.029971922484526,-513.0,6597.0,845,-0.1704083024945363,1.0259225602652555
2,132.0,1165,bus_1430,1,-0.273973795757377,1.0475880925641656,243.0,911.0,1165,-0.1090998481351156,1.0734949681982855
13,132.0,1606,bus_4179,4,0.7513460722263302,0.9679386752230494,-2161.0,-1186.0,1606,-0.1590685918156759,1.1798698949497932
4,132.0,957,bus_1292,1,-0.1279133143072377,1.0967596555910133,863.0,-2165.0,957,0.0450575999412122,1.1683062614364763
6,15.75,1454,bus_2040,2,-0.1740804506984384,1.0163056182309378,440.0,-4194.0,1454,0.1603876141231307,1.2633851951123338
9,132.0,188,bus_3167,3,-0.2293002210125996,1.0458174687720876,-173.0,5521.0,188,0.0053612006030638,1.042350173908111
9,132.0,199,bus_3150,3,-0.1623269994413086,1.0634501920138026,510.0,5394.0,199,0.0942448304838169,1.0910019334053942
6,33.0,1980,bus_2005,2,-0.1646578135579721,1.0670216321461563,172.0,-4271.0,1980,0.25888343503613,1.1103749801289038
11,330.0,697,bus_3563,3,-0.0514918060821477,1.062333074463939,408.0,2939.0,697,-0.0397354551439349,1.1363323202279314
11,110.0,763,starbus_xf_3302_3304_3303_2,3,-0.3703365533234902,1.0235316634420446,657.0,3136.0,763,-0.3165842102801641,0.8781107343891793
15,110.0,66,bus_5062,5,-0.1664592558053472,1.0610931970107178,2489.0,-5561.0,66,0.7502243718852538,1.0786379169081657
2,132.0,1999,bus_1313,1,-0.2938018702840841,1.039384421457889,173.0,819.0,1999,-0.1211373432175579,1.0689598544610586
1,500.0,2032,connection N2,1,0.0,1.0,,,2032,0.0,0.9999999994465384
15,11.0,468,bus_5022,5,0.0906804507282781,1.019583025085207,2099.0,-6237.0,468,0.5765627896590582,1.0008799636767234
6,66.0,1250,bus_2269,2,0.2180658459245649,1.0734714258336564,94.0,-4418.0,1250,0.3119492953659898,1.1094036843907205
6,11.5,1692,bus_2060,2,0.1665524926690154,1.01177795371929,1089.0,-3056.0,1692,0.2585099861405873,1.0824864737477662
11,275.0,2018,connection Q7,3,0.0,1.0,,,2018,-0.0434786104213979,1.0828282058093637
15,22.0,477,bus_5217,5,-0.2095654693176648,1.0409812122103743,1213.0,-5730.0,477,0.5808174939701436,1.0450169995524747
11,110.0,548,bus_3344,3,-0.3291212630169192,1.0504636461538155,217.0,3067.0,548,-0.231211132388848,0.970907298670878
13,33.0,1576,bus_4384,4,1.026449460322582,1.067630771030924,-2774.0,-1830.0,1576,0.1327940728325891,1.6960134990639169
8,132.0,1680,bus_3277,3,-0.294177117202906,1.0306528338111272,-535.0,5731.0,1680,-0.0600165053315036,1.0286079400425354
8,132.0,388,bus_3247,3,-0.3141548844883535,1.033152078623215,-908.0,6145.0,388,-0.0206198024764126,1.026850177671496
14,132.0,729,bus_4224,4,0.2058529986421322,1.0197223494977028,-973.0,-2291.0,729,0.1560326761295065,1.2940100807173585
13,0.6899999999999998,762,bus_4020,4,1.3419289044071916,0.9926114173201268,-2827.0,-1995.0,762,0.2580397759813995,0.9926120988975314
13,275.0,402,bus_4112,4,1.037256255109364,1.052981098518803,-2004.0,-2596.0,402,0.1406812600024405,1.5230689191102678
15,11.0,236,bus_5201,5,-0.1314199211237958,1.0455358731883102,1650.0,-6309.0,236,0.4528816766525632,1.0412091326638973
2,132.0,764,bus_1463,1,-0.2033922130209801,1.0541648276891316,703.0,849.0,764,-0.0587106293867798,1.063238012716587
6,220.0,564,starbus_xf_2145_2243_2306_2,2,-0.3098233964183487,1.0100392319043237,343.0,-3026.0,564,0.1295086364427623,1.498707674109027
13,33.0,698,bus_4032,4,0.9282313204007976,1.0043609293657894,-2369.0,-1377.0,698,-0.0046567899750454,1.3685356729668372
4,0.6899999999999998,1376,bus_1012,1,0.0200966423573185,1.0090605223935885,327.0,-1203.0,1376,0.6503518732652409,0.9729708377295404
2,132.0,1408,bus_1396,1,-0.0242510174931919,1.0612120989690004,1641.0,1447.0,1408,-0.0141465899792849,1.1027562807998308
12,0.4,1866,bus_4004,4,1.2158529585335405,0.997062002051399,-3878.0,-1892.0,1866,0.6889908651599372,1.4106853432905284
15,11.0,814,bus_5208,5,-0.1346776716130129,1.029935111529794,1443.0,-6447.0,814,0.449563041946629,1.0257116384417966
8,33.0,1831,bus_3200,3,-0.3933225974572453,0.9714752118037906,-409.0,6699.0,1831,-0.2115477659273399,0.9679652969339568
11,11.0,578,bus_3135,3,-0.5098262076252468,1.0227278491322425,-559.0,2437.0,578,-0.4967125218061292,0.953131711206805
8,132.0,451,bus_3083,3,-0.4942756895528405,1.0078515075305805,-967.0,7293.0,451,-0.2257289513017599,1.0087708813603806
15,110.0,866,starbus_xf_5087_5175_5176_3,5,-0.0995059577797423,1.0160299535451467,1952.0,-6389.0,866,0.4936067602391427,1.01123250432418
3,132.0,1483,bus_1350,1,-0.3456750560041468,1.0503509092011698,1684.0,-523.0,1483,-0.4071156979627205,0.9702750667554229
2,11.5,115,bus_1088,1,0.0267570692265762,1.100000010172706,1869.0,1222.0,115,-0.003611244946706,1.1289307338979606
10,11.0,1647,bus_3155,3,0.1970834552465557,1.0864226256167748,1118.0,4166.0,1647,-0.3507646580530646,0.9930693184203776
11,110.0,1519,bus_3231,3,-0.2652331932645291,1.0485654423297088,-564.0,3231.0,1519,-0.1241468513180841,1.0404478038179965
9,132.0,1548,bus_3157,3,-0.0879509514341081,1.0521951662031477,-892.0,4828.0,1548,0.1747765086582247,1.0628086438425233
14,11.0,351,bus_4436,4,0.9843898780342628,0.9832106488531804,-2029.0,-4085.0,351,0.1109213083231084,1.5171843605103732
4,132.0,960,bus_1414,1,-0.0977162807829934,1.0707676762122318,867.0,-1501.0,960,0.0669220613083053,1.1959261445115177
10,66.0,339,bus_3127,3,-0.1005970974667595,1.0829021277251285,1594.0,4307.0,339,-0.8511872800854443,0.7584480012355521
7,22.0,1097,bus_2310,2,-0.3713887859053202,1.0291680739401403,1429.0,-4466.0,1097,0.1119254036510547,1.1887757992945305
2,33.0,674,bus_1585,1,-0.3389434081260626,1.01922329114646,107.0,881.0,674,-0.1295526134280121,1.0652615669683694
11,33.0,1479,bus_3466,3,0.1614020578761185,1.0372677140315896,-1062.0,2879.0,1479,-0.1025994287197239,1.0932539597979851
2,132.0,609,bus_1186,1,-0.3225125859884355,1.0428691268985268,567.0,-53.0,609,-0.3030337101846648,1.011498307306984
15,11.0,1850,bus_5233,5,0.0714582757179389,1.00060510636923,1569.0,-6046.0,1850,0.5493948379935013,1.0114783232655165
11,110.0,1072,starbus_xf_3302_3304_3303_1,3,-0.3656058656394708,1.0250538915720049,657.0,3136.0,1072,-0.3058755487636473,0.8881589438334796
11,11.0,1801,bus_3388,3,-0.4187082660894118,1.0246703529514312,-951.0,2507.0,1801,-0.3052911967649977,0.9983144852879972
15,110.0,1015,bus_5070,5,-0.3189297041618565,1.0597874705048207,1578.0,-5332.0,1015,0.5323862045324306,1.0599670446262792
4,12.0,1487,bus_1062,1,-0.0089755408982122,1.0949822551412194,707.0,-1482.0,1487,2.0568561642507923,0.3732100472077793
15,1.0,370,bus_5226,5,-0.136027065526417,1.0484998039337718,1754.0,-6264.0,370,0.4588510977758607,1.0495198059719033
8,132.0,206,bus_3128,3,-0.217339624026611,1.0731316532482018,-775.0,6726.0,206,-0.0281009451034642,1.075543497807144
12,1.0,595,bus_4423,4,0.981194111744126,1.0972048144748674,-2868.0,-465.0,595,0.2738443817476383,1.142828310691213
3,132.0,279,bus_1483,1,-0.2679888834220316,1.0379405782146482,927.0,178.0,279,-0.3036509674371377,0.9858864522590955
2,33.0,1224,bus_1531,1,0.0261732248209084,1.1189890323780725,1701.0,1233.0,1224,-0.0037254152199516,1.149119909806283
13,0.6899999999999998,1597,bus_4084,4,1.14089772802263,1.1000000044419953,-2532.0,-1823.0,1597,0.227756208775991,1.1000002938111055
8,132.0,801,bus_3078,3,-0.3352623431599222,1.024523763684921,-584.0,6940.0,801,-0.1757354218169833,1.01999006147523
2,66.0,1133,bus_1568,1,-0.2399974485133336,1.0827462115916742,3.0,-187.0,1133,-0.0554987676243197,1.125949900740021
1,330.0,581,bus_1011,1,-0.0238148649912773,1.0976752615608003,1091.0,2184.0,581,-0.0154001516266077,1.0976753458933026
6,220.0,1420,bus_2178,2,-0.4665120727334491,1.037808599627651,900.0,-3575.0,1420,0.1030469528559618,1.1306197637238218
4,22.0,754,bus_1048,1,-0.0186107790290079,1.0518837737379076,733.0,-1490.0,754,1.9968088282375127,0.3477972386636738
2,132.0,259,bus_1446,1,-0.3709236844123319,1.047477303925787,870.0,910.0,259,-0.2263682516730215,1.0776386119074657
2,11.0,129,bus_1556,1,-0.4742465489853964,1.0225321199007331,507.0,-416.0,129,-0.420534483398621,0.9785853355998736
6,21.0,1668,bus_2044,2,-0.3407254495809523,1.0516379747356517,1776.0,-4257.0,1668,0.1486976295337563,1.051635620184973
2,132.0,1809,bus_1305,1,-0.3386920136796504,1.0451935381448778,853.0,-451.0,1809,-0.3709857069219018,0.9822166537322812
6,66.0,1728,bus_2257,2,-0.2372236842444684,0.9762170623155074,869.0,-2937.0,1728,0.1605770353790348,1.2096033926893492
5,22.0,684,bus_2080,2,-0.079522782036782,0.9544900062505972,-476.0,-3517.0,684,0.7702406322372323,0.9936239153841874
15,33.0,430,bus_5237,5,-0.1452497621883205,1.0056914665382886,1763.0,-6343.0,430,0.4419059505979729,1.0023995467475657
11,33.0,1512,bus_3016,3,-0.127939600634207,1.1000000102287633,-431.0,2995.0,1512,-0.1086992046567679,1.1837444266222903
1,132.0,1857,bus_1336,1,-0.2268434481690703,1.0668586451901172,901.0,1394.0,1857,-0.0550994940052802,1.1171302303526554
8,22.0,853,bus_3145,3,-0.5702060145654388,0.8890719524105792,-1116.0,7306.0,853,-0.2603301506876183,0.8898649182892422
2,500.0,207,starbus_xf_1092_1093_1525_1,1,-0.2056553358328037,1.00445983109828,713.0,45.0,207,-0.1809876191499655,0.9893681536462376
12,33.0,1131,bus_4025,4,1.0729271506365077,1.0990508791584408,-2959.0,-1413.0,1131,0.1048987890712861,1.6465384495396442
6,500.0,47,bus_2207,2,-0.3607619935671586,1.0628131502887084,729.0,-3348.0,47,0.1437096946092715,1.3600914463377782
5,22.0,917,bus_1054,1,-0.000648701006056,1.078906575502426,320.0,-3090.0,917,0.2965699996793774,1.1239935674149717
6,66.0,1323,bus_2221,2,-0.4801410884118373,1.047832513684495,411.0,-4225.0,1323,0.1324450344693526,1.323284096053401
12,11.0,216,bus_4401,4,1.0706059215731911,0.9698756769384488,-3745.0,-1757.0,216,0.2760640611281134,1.428462373058187
4,132.0,1058,bus_1061,1,-0.0164348837661504,1.0655296844739026,970.0,-1623.0,1058,0.1697377062814409,1.1893967504717249
13,66.0,511,bus_4319,4,0.9757673385505338,1.0582325137790085,-1827.0,-2251.0,511,0.1188988074479728,1.436479737587505
11,275.0,1261,bus_3605,3,-0.2086553328436824,1.068231352842082,-257.0,3287.0,1261,-0.013118185491127,1.0746620169825662
6,220.0,1883,bus_2164,2,-0.4635104870103187,1.0276071920938945,937.0,-3740.0,1883,0.1218699143119645,1.051876870182478
7,220.0,238,bus_2186,2,-0.3478088156812471,1.0121140264317945,933.0,-3922.0,238,0.3784735781996138,1.0329809084918768
8,132.0,209,bus_3486,3,-0.3341337560036215,1.028054984393151,-711.0,6608.0,209,-0.1543174222732536,1.0272235076019118
6,10.5,959,bus_2324,2,-0.2162611492528308,1.0999999353730403,970.0,-3337.0,959,0.2828587574877664,1.1000001222125164
13,132.0,1283,starbus_xf_4187_4230_4495_2,4,0.4386145976435935,0.905315364637092,-2122.0,-986.0,1283,-0.7309143729692773,0.9053154190322724
8,66.0,1482,bus_3147,3,-0.3605440975489456,1.0444408204922224,-328.0,6943.0,1482,-0.1973701629384135,1.0427143733727264
13,66.0,1787,bus_4238,4,0.9927309664793972,1.0287121183508314,-2202.0,-2504.0,1787,0.0785038625988571,1.4477926079328125
2,500.0,941,starbus_xf_1092_1093_1526_2,1,-0.1888689873225428,1.0022232801545918,713.0,257.0,941,-0.164544933698913,0.9914407292894418
6,11.5,1410,bus_2091,2,0.1586815452712628,1.0122097552041596,928.0,-3032.0,1410,0.4614182866800895,1.0122099962647806
2,132.0,1441,bus_1378,1,-0.220089273072006,1.0479232900729052,-457.0,-330.0,1441,-0.0677261200413742,1.1070676732715166
2,132.0,979,bus_1198,1,-0.3229254615790332,1.054397907941647,528.0,664.0,979,-0.2049796102605285,1.07496182647486
8,132.0,1291,bus_3518,3,-0.3031748976012003,1.0417387838644785,-655.0,6151.0,1291,-0.0173594921736466,1.0304536121151395
8,66.0,222,bus_3176,3,-0.0839298873838825,1.0527350743420716,-594.0,5419.0,222,0.131254288761427,0.7251141000393595
3,132.0,1129,bus_1373,1,-0.3454849401276775,1.0531420820519946,1380.0,-431.0,1129,-0.401663500662606,0.975429923087594
4,330.0,343,bus_1103,1,-0.023498099030819,1.0406343683645485,1446.0,-1310.0,343,0.1102380495624689,1.0441354081024117
12,132.0,1240,bus_4126,4,0.9457938470959636,1.0507462818685074,-2594.0,-940.0,1240,0.046120752004966,1.2444816043827724
12,0.6899999999999998,1524,bus_4051,4,0.9943442488037908,1.0999999952537975,-3008.0,-349.0,1524,0.3422894123610934,1.1000000449204357
9,15.75,608,bus_3421,3,0.1208442870700695,1.0511172063961134,-550.0,4874.0,608,0.1411325253228054,1.0513153857164743
11,19.0,60,bus_3655,3,0.1173787434867066,0.9785178430309004,911.0,2945.0,60,-0.0590186014953233,1.056247978693457
9,19.0,158,bus_3494,3,-0.1760108667529633,1.091501308222287,4.0,5364.0,158,0.0545999450058384,1.0900155710042194
2,132.0,766,bus_1187,1,-0.3305410236823443,1.035242037829874,37.0,680.0,766,-0.1889170044059324,1.0435276544141143
8,66.0,1201,bus_3095,3,-0.5682390663731046,1.0711219032627546,-1476.0,6884.0,1201,-0.1461725108395427,1.118594144716706
7,220.0,229,bus_2136,2,-0.3723325586636918,1.0165520878347776,900.0,-4034.0,229,0.3176681677013975,1.061436448319468
2,500.0,661,starbus_xf_1090_1091_1523_9,1,-0.1073464185353759,0.9892780195299724,769.0,719.0,661,-0.0352411271402997,0.9933068555893692
14,11.0,587,bus_4073,4,0.2058530004114995,0.9825061590410884,-1003.0,-2330.0,587,0.1560326835077611,1.2467833596844553
10,15.0,1571,bus_3436,3,0.0397093970044938,1.0355149720904206,1108.0,3514.0,1571,-0.1042142820501247,1.054660943610677
11,110.0,11,bus_3213,3,0.0133527723221052,1.0245658064948024,-992.0,2904.0,11,-0.0747375033224495,1.143858586803593
2,132.0,540,bus_1458,1,-0.3017791203416584,1.037554727391866,82.0,758.0,540,-0.133093797152906,1.0645275949839856
1,66.0,978,bus_1357,1,-0.3625592497759778,1.0260516276141154,-1074.0,1989.0,978,-0.1568211363583871,1.1237547116615791
15,110.0,483,bus_5066,5,-0.1879983255354187,1.0512691005456676,2286.0,-5546.0,483,0.7437628243693275,1.062134651432625
9,20.0,1701,bus_3424,3,0.1424794216361131,1.069757457059253,289.0,3633.0,1701,0.0166221977488392,1.1637859768496428
7,10.5,1944,bus_2033,2,-0.1517940678185343,0.9875052133280764,1313.0,-4240.0,1944,0.3034020808820986,0.987504368180494
1,66.0,277,bus_1596,1,-0.107503121212421,1.026530744717026,2982.0,2814.0,277,0.1207376501394897,1.0449722905401737
1,132.0,1895,bus_1447,1,-0.1426270696088529,1.075529417323442,2034.0,2210.0,1895,-0.0258405020644368,1.0967141392793829
7,11.0,398,bus_2067,2,-0.3000297824420486,1.0840868173042306,1245.0,-3952.0,398,0.1715442979327496,1.25903166296014
12,132.0,1302,bus_4156,4,0.9912064685051388,1.0150036664155435,-3361.0,-1633.0,1302,0.0690208057075366,1.5913627293010542
15,11.0,1819,bus_5200,5,-0.1327991220569597,1.0443820330757352,1634.0,-6302.0,1819,0.4514680921707464,1.0400292758500669
12,132.0,331,starbus_xf_4160_4097_4400_2,4,1.0694624662951846,0.9958607104358492,-3732.0,-1731.0,331,0.2749970757186549,1.4665781453085696
15,14.5,1472,bus_5017,5,-0.1527200908170218,1.0566315408318154,1653.0,-5363.0,1472,0.8432403712496711,1.0566313258315254
9,20.0,1289,bus_3587,3,0.0154815220725619,1.0400142109683077,-57.0,4889.0,1289,0.1964079218738097,1.00341952745545
4,33.0,627,bus_1536,1,-0.0956413248328925,1.0837924673433943,902.0,-2246.0,627,0.0893243126127782,1.172428622520732
14,11.0,851,bus_4487,4,0.9859553385425732,0.9830711760019548,-2070.0,-4112.0,851,0.1110449799607957,1.5172731293545416
2,15.0,769,bus_1050,1,-0.1718319855132536,1.036604106344159,788.0,582.0,769,-0.0456544587482604,1.0369716419347197
5,500.0,1623,starbus_xf_2200_2196_2305_2,2,-0.1540922835188351,1.0231766941565994,-267.0,-2958.0,1623,0.1203654143718286,1.52181256428546
8,132.0,1716,bus_3626,3,-0.3229525441777935,0.9729757217770072,-935.0,6262.0,1716,0.2737491484411191,1.089988177208438
11,33.0,1003,bus_3355,3,-0.403557956486127,1.0331074855296984,247.0,3222.0,1003,-0.3870173234938754,0.9066855540767664
14,275.0,95,bus_4138,4,0.4616275162100701,0.9307584558905164,-955.0,-2336.0,95,0.1224428799779545,1.5132027431623825
14,66.0,1614,bus_4301,4,0.967405400015102,1.0468837032853135,-1695.0,-2902.0,1614,0.1221682161382294,1.4647446349075892
6,11.0,1349,bus_2339,2,-0.3282811326428885,0.9971379463425528,334.0,-3043.0,1349,0.124056198087654,1.4936270831897227
15,110.0,1366,bus_5116,5,-0.0775325642651037,1.0429853172893198,1993.0,-5956.0,1366,0.5736560561680909,1.0450595084283758
2,132.0,1971,bus_1205,1,-0.1519767782789807,1.071966265280852,141.0,-289.0,1971,-0.0533303424687226,1.1005611683971313
8,33.0,294,bus_3003,3,-0.3111385769473238,1.0369200169288113,-973.0,6366.0,294,0.0005209416813683,1.0294934656940429
2,66.0,1152,bus_1560,1,-0.1623987948825538,1.0538016036734532,473.0,-20.0,1152,-0.0503779726925404,1.0603067977681468
13,275.0,2024,connection S8,4,0.0,1.0,,,2024,0.1278560096711656,1.7819798468948351
6,10.5,1213,bus_2322,2,-0.3991269878879459,1.091606505763164,961.0,-3351.0,1213,0.1157086064057006,1.0916066927202084
8,132.0,965,bus_3332,3,-0.5565083506297367,0.9988842370763368,-1594.0,6974.0,965,-0.1135744644641335,1.0718292139447652
11,11.0,153,bus_3228,3,-0.3878438029481857,1.008284873853183,-612.0,3466.0,153,-0.3434588302764412,0.9632951958816076
6,66.0,1269,bus_2214,2,-0.3781512354044459,1.018379490183149,241.0,-3841.0,1269,0.0979380396395418,1.5320521347448093
8,66.0,1471,bus_3305,3,-0.3581538935130056,1.0395126275315745,-508.0,7062.0,1471,-0.2075148248117841,1.032766503197926
12,0.6899999999999998,464,bus_4022,4,1.2629826862417133,1.0097669518646508,-3032.0,-1224.0,464,0.1331141191615915,1.5437250698228098
13,275.0,1683,starbus_xf_4104_4043_4044_3,4,1.0578588289453734,0.9989252067458284,-2392.0,-1656.0,1683,0.1310217384408362,1.4941063250518476
13,11.0,1859,bus_4415,4,0.9824688245848542,1.074536948640213,-2064.0,-2666.0,1859,0.1136560436961215,1.372253567410208
11,33.0,299,bus_3007,3,-0.022625441480756,1.0227452794609089,-909.0,2892.0,299,-0.1473123123580618,1.0862671727904305
11,110.0,557,bus_3226,3,-0.2937059703944921,1.0533543736780455,-530.0,3422.0,557,-0.1758080840997354,1.0427969553127958
2,132.0,967,bus_1332,1,-0.151859740887987,1.0752808983721969,639.0,19.0,967,-0.0559514000061702,1.0719905247200798
2,330.0,159,bus_1123,1,-0.0795909309732195,1.0519134038254356,554.0,-7.0,159,-0.0545195927664503,1.05356976976378
7,10.5,1948,bus_2086,2,-0.4618754060506599,0.9431734024156476,861.0,-4054.0,1948,0.1592347936698203,0.9431733396400868
5,132.0,844,bus_2151,2,-0.0343988044632109,0.9791562505000904,-210.0,-3519.0,844,0.1350334654446971,1.3762710212546838
3,132.0,1101,bus_1184,1,-0.2781232835006225,1.0342019329350338,966.0,371.0,1101,-0.3227503280530437,0.9875046203889076
8,33.0,536,bus_3294,3,-0.3501295260905401,0.9433155657404576,-625.0,6585.0,536,-0.119648149497935,0.9376213148517338
10,15.0,1150,bus_3435,3,0.1862303856247268,1.0492441327810778,1099.0,3571.0,1150,-0.1049824168436604,1.054621753852344
15,11.0,842,bus_5030,5,0.0625431407571313,0.9837743386498414,2111.0,-6355.0,842,0.6627939712788365,0.9837744182895032
14,132.0,931,bus_4220,4,0.2763348932062008,1.0612296006684871,-898.0,-2745.0,931,0.2711306339185542,1.1494626191085764
9,33.0,1834,bus_3394,3,-0.3368407853895933,1.0367089997273538,-161.0,4211.0,1834,-0.0955733452835687,1.0480659564423676
2,33.0,223,bus_1656,1,-0.4008996975344158,1.008604060629085,-607.0,496.0,223,-0.2430177899021194,1.0700715785354982
9,33.0,817,bus_3370,3,-0.3623805733208696,1.0418595475161812,-8.0,4387.0,817,-0.110709871884365,1.0454146296097355
11,19.0,1219,bus_3656,3,0.1142916720123271,0.9793992727446652,922.0,2892.0,1219,-0.0595356052817712,1.0559513543930938
6,66.0,531,bus_2248,2,-0.5357016981023351,1.015436421835596,482.0,-3920.0,531,0.0967730154625456,1.3636562946560828
2,132.0,1488,bus_1236,1,-0.3131262039206195,1.049703806904925,645.0,137.0,1488,-0.3250432588288179,1.0201718505111592
8,11.0,1087,bus_3455,3,-0.4652679346739019,0.9307960546381092,-1433.0,6862.0,1087,-0.1151294295636742,0.9270844064294724
12,132.0,26,bus_4168,4,0.9919924829132608,1.0519500807160378,-3294.0,-1435.0,26,0.1102027038253252,1.7412801258396309
1,330.0,952,bus_1104,1,-0.0695896942914952,1.0936954708257465,1748.0,2235.0,952,0.0066866199938664,1.1017760268721324
10,11.0,1996,bus_3156,3,-0.0435609800513804,1.0083570203626548,1071.0,4159.0,1996,-0.2756750129084219,0.9636853221289065
13,275.0,989,bus_4144,4,1.0264494598109075,1.0676307955596305,-2706.0,-1816.0,989,0.1327940721968273,1.6960135357496853
2,330.0,1139,bus_1146,1,-0.1596058059892442,1.0214714201449313,1058.0,1182.0,1139,-0.0226921848008337,1.061347563487607
8,22.0,230,bus_3090,3,-0.565900751440347,1.0774467080320618,-1297.0,7360.0,230,-0.256329320003904,1.0777644060355942
15,33.0,1191,bus_5134,5,-0.1485523758807834,1.0264098564050848,2076.0,-6144.0,1191,0.4558536461904507,1.0446355152174784
11,33.0,1725,bus_3403,3,-0.3711461638376941,1.01176511254292,483.0,3237.0,1725,-0.3166739265743025,0.896774218682599
12,132.0,394,bus_4196,4,0.9497068447464618,1.053223375588173,-2527.0,-1019.0,394,0.0598701829915599,1.2590937220590843
15,11.0,258,bus_5019,5,-0.0389441145889841,1.0471422236198789,2328.0,-6369.0,258,0.5761894912163503,1.0473062843875354
6,22.0,328,bus_2299,2,-0.3555589820521376,1.0166384154037218,401.0,-2962.0,328,0.1129553351617008,1.6444249291710988
9,33.0,1029,bus_3320,3,-0.3541955675787259,1.041311846928674,-114.0,4125.0,1029,-0.1064119150129695,1.0557239116984412
4,132.0,149,bus_1310,1,-0.2163729005896991,1.050466436017896,431.0,-841.0,149,-0.0704674055545365,1.0812028596763454
12,11.0,666,bus_4006,4,1.0208084964503406,0.925655861452768,-4015.0,-1769.0,666,0.135830458553974,1.319723854093784
3,33.0,773,bus_1032,1,-0.4188154588508908,1.060222308053549,1292.0,-309.0,773,-0.6211787950866641,0.9620955790785138
1,66.0,1645,bus_1601,1,-0.0946839875801214,1.0461370792571691,2833.0,2717.0,1645,0.1058999840810129,1.0568004133595177
3,132.0,1620,bus_1472,1,-0.1140053617687305,0.9837674328328664,1145.0,-823.0,1620,-0.231881583593725,0.939522806770935
6,220.0,1579,bus_2189,2,-0.4054479604562484,1.0331340120551904,399.0,-3860.0,1579,0.1383803471769555,1.3594487857676874
13,11.0,122,bus_4414,4,0.9818246822942696,1.073833046449698,-2087.0,-2646.0,122,0.1118040075352793,1.3696786011310826
4,132.0,302,bus_1208,1,-0.0191740496169409,1.077585753701982,2398.0,-1573.0,302,0.1229196401827952,1.0839677684211615
2,330.0,1926,bus_1157,1,-0.0256272125932292,1.070604761202805,518.0,61.0,1926,-0.0324002504163768,1.0793455653452646
13,275.0,175,bus_4142,4,0.9729034482291756,1.051048177980219,-1751.0,-2289.0,175,0.1370750632942582,1.5190190058753297
15,11.0,1772,bus_5172,5,-0.1882631707900416,1.0654733461595356,2302.0,-5586.0,1772,0.7435049371319643,1.0764784619248795
6,220.0,1413,bus_2128,2,-0.3580999804497254,1.038921795644583,415.0,-3387.0,1413,0.1329786833507094,1.4399625344180451
8,132.0,1328,bus_3162,3,-0.3020568201232498,1.0362328357685295,-460.0,5877.0,1328,-0.0756356885429746,1.036161684032558
11,110.0,143,bus_3519,3,-0.2799859192439419,1.0612453115322211,-385.0,3246.0,143,-0.1493436289703205,1.0471763422259668
15,11.0,1086,bus_5234,5,-0.0881466901942907,0.9902001740472848,1377.0,-6079.0,1086,0.5493948540668044,1.0134170806926175
11,11.0,1252,bus_3409,3,-0.4356637931424246,1.0204799087425325,-780.0,3508.0,1252,-0.4447844167031066,0.918333273035112
6,22.0,1740,bus_2009,2,-0.4449512319412281,0.99629217115058,263.0,-4291.0,1740,0.1010996115654276,1.4467609800325292
2,22.0,501,bus_1037,1,0.2417031430042689,0.986487415464672,1227.0,1192.0,501,0.401618381892707,0.9864874358021172
4,33.0,1995,bus_1615,1,-0.0391689054264206,1.0382744277411655,2611.0,-1775.0,1995,0.1032015581075601,1.0427456767369625
9,275.0,1762,bus_3550,3,-0.0277692042713042,1.070907043422534,-418.0,4796.0,1762,0.1440120604795847,1.0709113569482622
13,275.0,825,bus_4136,4,0.9962906006906316,1.052563704692682,-2015.0,-2389.0,825,0.1288968210656612,1.515709791482882
13,66.0,1190,bus_4321,4,0.9747143365935772,1.0650803808057347,-1880.0,-2134.0,1190,0.1092575223573148,1.408482454130549
14,132.0,1421,bus_4216,4,0.1576806867349107,1.0141065870933212,-864.0,-2495.0,1421,0.1582583225528302,1.3412227003941963
4,12.5,318,bus_1076,1,0.0636483792604376,0.9874435990761948,1462.0,-1510.0,318,0.2312566583558445,0.9997017848049028
2,23.0,292,bus_1004,1,0.118346893855634,0.967066169575893,687.0,561.0,292,-0.0492690844725978,1.0166027492364458
14,66.0,20,bus_4265,4,1.014753436167427,1.0029647594963729,-2167.0,-3907.0,20,0.113415129338277,1.5216394889114997
11,11.0,1848,bus_3380,3,-0.3819040233039233,1.0913591143290131,111.0,2652.0,1848,-0.3244027281109097,1.0073423494297842
11,33.0,1193,bus_3130,3,-0.2542318967932768,1.0526746879660382,-806.0,3114.0,1193,-0.1918657330783307,1.0680409775097954
6,33.0,708,bus_2008,2,-0.1411401083014581,1.0823512114496725,148.0,-4380.0,708,0.3086309368628525,1.0823523425059036
13,132.0,533,bus_4176,4,0.9228184229833148,1.0345281745832684,-2223.0,-1226.0,533,0.0385736146817433,1.4110727163689931
4,330.0,837,starbus_xf_2191_2025_2026_2,2,0.0297147457196765,0.9924945767922304,1050.0,-1889.0,837,0.2509092197287503,1.003836001520851
4,330.0,749,bus_1113,1,-0.0962425332127361,1.052149956551776,1263.0,-2064.0,749,0.1756040955070711,1.0521567364673834
6,66.0,1098,bus_2249,2,-0.5051769695387883,1.0365096221813683,472.0,-3932.0,1098,0.1080615451568956,1.3667320178029347
14,66.0,1705,bus_4313,4,0.9678954930998184,1.0415135626971668,-1550.0,-3113.0,1705,0.1225537691654498,1.475571905021207
15,22.0,1733,bus_5192,5,-0.3430324608725242,1.0288420662411002,1522.0,-5364.0,1733,0.5079046011610151,1.028945663404226
5,33.0,1480,bus_2348,2,-0.3346836998156401,1.0010686169863043,-437.0,-3349.0,1480,-0.2239982516869511,1.239214714689357
7,66.0,622,bus_2254,2,-0.0697178902698597,1.076254230940898,1442.0,-4399.0,622,0.3820513201209884,1.1499024446719766
2,33.0,1711,bus_1652,1,-0.3383701188091418,1.0541300391738233,16.0,475.0,1711,-0.2245234404448826,1.0775098714703972
5,220.0,1788,bus_2129,2,-0.1736780090745084,1.0799437918915316,15.0,-2671.0,1788,0.1064191734904207,1.4770886327636634
13,66.0,123,starbus_xf_4031_4028_4027_2,4,0.9825374371923044,1.0508044061813138,-2231.0,-2722.0,123,0.113843080597968,1.334713320224257
15,220.0,616,bus_5163,5,-0.121033925125975,1.065127215758608,1846.0,-5970.0,616,0.5257760328922986,1.0665073086305104
4,132.0,1867,bus_1314,1,-0.1484473133640753,1.031001158462075,711.0,-970.0,1867,0.5118333398251652,0.8844425630532196
12,0.6899999999999998,1849,bus_4013,4,1.0833958350397537,1.0890401438303257,-3078.0,-1895.0,1849,0.2293755799092054,1.6887533632266247
8,66.0,300,bus_3107,3,-0.0755000106617259,1.0584627392208437,-549.0,5444.0,300,0.1493945977018023,0.7428621905431316
12,132.0,1000,bus_4183,4,0.98697856720662,1.038400619418652,-2652.0,-1307.0,1000,0.0771258906873578,1.505523237393296
9,6.6,1024,bus_3033,3,-0.0932026304442662,1.059020549569177,-1000.0,5135.0,1024,0.1715183321212553,1.067091600344552
14,132.0,1018,bus_4213,4,0.7752382379487064,0.9574572494066086,-1378.0,-1956.0,1018,0.0943414232750604,1.4456033470805674
14,11.0,1794,bus_4450,4,0.9271848029152856,1.0082487778134486,-2358.0,-3007.0,1794,0.0960839977364817,1.5125992881680412
13,132.0,1875,bus_4211,4,0.8515084822106441,0.9782700329085028,-1506.0,-1837.0,1875,0.062174948877697,1.411347709268182
9,15.75,1216,bus_3419,3,-0.0567608399180042,1.0856332501388022,-944.0,4973.0,1216,0.3477444752641174,1.0856331538311952
12,132.0,1992,bus_4190,4,0.9344533557829212,1.0489276820522315,-2378.0,-1162.0,1992,0.0540457953029783,1.3865590575140687
1,66.0,601,bus_1622,1,-0.1661761952403806,1.0423980954277092,2287.0,2279.0,601,-0.0379212797887994,1.0712182888730009
12,11.0,1687,bus_4491,4,1.0223061992500286,0.9387673649966152,-3913.0,-1767.0,1687,0.1399746048218281,1.3401240542880966
11,110.0,1896,starbus_xf_3231_3644_3645_2,3,-0.2980471071460245,1.0346916410675122,-648.0,3275.0,1896,-0.1819528609640048,1.0115482975018526
15,110.0,1217,bus_5137,5,-0.140461503528466,1.0266691096579124,2525.0,-5846.0,1217,0.6589185387897186,1.0326619451519607
8,132.0,1751,bus_3069,3,-0.2836595372990941,1.0352198592191362,-225.0,6053.0,1751,-0.1000998936304349,1.0312726020131855
15,22.0,1494,bus_5193,5,-0.1875238606749273,1.015420111015651,2190.0,-5771.0,1494,0.6054140909463978,1.0202372575944874
13,10.5,1170,bus_4045,4,1.0578588284124684,0.9989252108001028,-2451.0,-1601.0,1170,0.1310217380793245,1.4941063332019129
7,10.5,1913,bus_2037,2,-0.1679835770574665,1.0263949906929717,1274.0,-4304.0,1913,0.5225488628368785,1.0263945920437851
3,132.0,423,bus_1372,1,-0.3458969394330197,1.0533103455416462,1378.0,-394.0,423,-0.4019871573073326,0.9755117344394714
15,13.8,1511,bus_5047,5,-0.1242976515138329,0.992182545543574,2637.0,-5960.0,1511,0.6775708450413925,0.9980191961763608
8,132.0,1741,bus_3172,3,-0.3111385796070227,1.036920087833526,-834.0,6180.0,1741,0.0005209353994168,1.0294935350471062
15,6.6,317,bus_5034,5,-0.1447393968038669,1.009992652425121,1729.0,-5929.0,317,0.6308956717043387,1.0122958666859685
11,33.0,1274,bus_3396,3,-0.361800271712191,1.0026976771950669,-530.0,3726.0,1274,-0.2865614583931998,0.9490779325072518
13,275.0,863,bus_4110,4,1.1040580638590491,1.0390632654540972,-2493.0,-1830.0,863,0.1382265826400199,1.5130807936620196
11,110.0,1462,starbus_xf_3177_3179_3178_1,3,-0.367398805886037,1.0394601752376036,-739.0,2385.0,1462,-0.1954424115434561,1.0950075466783902
15,11.0,316,bus_5026,5,0.0893803667615391,1.019371006744718,2117.0,-6224.0,316,0.5765627899839644,1.0008799644595454
4,15.75,463,bus_1069,1,-0.088162857873609,1.0561971685438305,794.0,-2014.0,463,0.1835036505675221,1.0562014621778617
2,132.0,617,bus_1246,1,-0.3595026209900812,1.0506324777000964,459.0,-475.0,617,-0.3844660675688439,0.9937972185367712
9,19.0,1294,bus_3495,3,-0.1788363538858597,1.0915212830863104,-11.0,5376.0,1294,0.053059761111221,1.0908006078950574
9,132.0,1458,bus_3149,3,-0.1812221607071641,1.044943804529576,81.0,5506.0,1458,0.0517208118242864,1.0449437618277158
11,110.0,263,bus_3307,3,-0.3409517394808692,1.046219420076015,-1099.0,2101.0,263,-0.149672477433299,1.1235082821080935
9,11.0,1603,bus_3013,3,-0.2941831159423512,1.035797732512988,-906.0,4123.0,1603,-0.0508862138954782,1.0535300123928335
13,275.0,2021,connection S2,4,0.0,1.0,,,2021,0.1272783484424171,1.5861991156147168
1,132.0,295,bus_1203,1,-0.2289616431065564,1.0619195413433278,786.0,1440.0,295,-0.0564137504747401,1.1134326049692238
1,11.0,1038,bus_1631,1,-0.1827564403800269,1.0448288202753182,2122.0,2243.0,1038,-0.0429908802245823,1.0682393667657593
1,132.0,181,bus_1256,1,-0.0899672368423221,1.053121919264955,1914.0,1815.0,181,0.0418044481295665,1.056969744740211
15,110.0,386,starbus_xf_5093_5202_5203_1,5,-0.1582057575952033,1.0473505359390354,1805.0,-6295.0,386,0.4286620801388919,1.0438203893746547
9,11.8,368,bus_3041,3,-0.0242399295728672,1.057838056628721,602.0,5025.0,368,0.2369576808288938,1.0935455153835103
1,132.0,802,starbus_xf_1273_1572_1573_2,1,-0.1363014613942026,1.0763879871153443,2130.0,2328.0,802,-0.0228641193667327,1.0947363445094755
9,132.0,913,bus_3540,3,-0.1103738495849291,1.073319206756403,1932.0,2887.0,913,-0.7481359836072758,1.073330119507223
13,66.0,1016,bus_4343,4,0.9810269674543148,1.0172405712639765,-2613.0,-2221.0,1016,0.0550457942670713,1.3954671228712108
15,13.8,1987,bus_5010,5,-0.1730755431505683,1.0128611173128583,1846.0,-5556.0,1987,0.7244348757309804,1.0128644254375831
8,66.0,85,bus_3066,3,-0.2941362758558927,1.059034403338995,-390.0,5735.0,85,-0.0588625740057313,1.0567529503946544
14,11.0,1782,bus_4429,4,0.9837348796786264,0.9851555017625568,-1987.0,-3446.0,1782,0.1150912993766048,1.5312804581251525
11,11.0,568,bus_3366,3,-0.3292331763189677,1.0910498863934468,-882.0,2533.0,568,-0.15049888425298,1.1028376107616498
4,16.0,30,bus_1022,1,0.0258167272119545,0.99275293014502,1461.0,-880.0,30,0.0658280968621709,0.9927528240765844
2,132.0,309,bus_1374,1,-0.3550556622084452,1.0511641521809494,467.0,-265.0,309,-0.3830246480766769,0.9928719674824172
5,330.0,1644,bus_2192,2,-0.3593466838129467,1.0498437058197712,847.0,-2705.0,1644,0.1339187047349137,1.2554340831916535
5,20.0,569,bus_2064,2,-0.2625269322214746,1.047442014405709,-91.0,-3176.0,569,0.1304508506304472,1.047444067420335
3,66.0,1422,bus_1590,1,-0.2988273002711188,1.027417981082381,1022.0,203.0,1422,-0.3908774527676795,0.9552248417933084
15,110.0,1438,bus_5049,5,-0.0948140125895526,1.066865059817544,1542.0,-5731.0,1438,1.028161361597005,0.931535683236465
9,66.0,1060,bus_3062,3,-0.2169073470768849,1.0661973304480543,349.0,5482.0,1060,0.0431167160711371,1.0878356729745946
9,500.0,2002,bus_txf_275 kV double-circuit shunt reactors,3,0.0,1.0,,,2002,0.0218502149817711,1.197020362547918
2,132.0,1391,bus_1195,1,-0.2575354334557913,1.0566565111851736,349.0,757.0,1391,-0.1071792299843013,1.0743726192289549
2,23.0,1845,bus_1003,1,-0.0261051592729974,1.0633699740172584,769.0,804.0,1845,-0.0327585372421357,1.0410783310866354
13,66.0,642,bus_4031,4,0.982537437853312,1.100000009999487,-2169.0,-2688.0,642,0.1138430798154246,1.401448992349331
11,110.0,828,bus_3253,3,-0.007650094373237,1.0288467387349185,-900.0,2824.0,828,-0.0714314448562285,1.1457389057664795
5,0.6899999999999998,589,bus_2055,2,0.1584532389258912,1.0464348056816273,-314.0,-3692.0,589,0.240009480073027,1.046435981664438
11,330.0,930,bus_3652,3,0.0336764081720529,1.0618566570681691,728.0,2866.0,930,-0.050955997555873,1.123111773698295
15,220.0,1137,bus_5149,5,-0.1714518391601471,1.0764297233015838,1955.0,-5495.0,1137,0.7234722221969074,1.118906614779661
5,22.0,1286,bus_1055,1,-0.0021091661678343,1.079636219530172,261.0,-3078.0,1286,0.289092031517709,1.1259487545824034
15,22.0,75,bus_5221,5,-0.1894358995036841,1.0221913776607936,1931.0,-5961.0,75,0.5856755756474346,1.0242289315756714
6,33.0,1617,bus_2228,2,-0.1476515156178709,1.045941340317663,16.0,-3858.0,1617,0.3140402129203629,1.3096207465780971
11,132.0,1936,bus_3651,3,0.0183568789893884,1.064542174821664,1221.0,2854.0,1936,-0.0746910977571982,1.111589752576245
7,66.0,1270,bus_2255,2,-0.3581835919944405,1.0508522017709232,1320.0,-4352.0,1270,0.1227799705243011,1.207469472060224
15,220.0,669,bus_5142,5,-0.0726529647218524,1.0946713623708404,1813.0,-5622.0,669,1.057161258243279,0.9615668639206776
9,33.0,1207,bus_3239,3,-0.3534290875531036,1.013894424445455,54.0,4346.0,1207,-0.1048350641904238,1.0168930468385955
8,132.0,460,bus_3201,3,-0.2701556150962964,1.038769651591121,-259.0,5917.0,460,-0.0869653883829019,1.0345722686486294
11,11.0,1642,bus_3414,3,-0.4891731547072617,1.0129403995409858,375.0,2966.0,1642,-0.6013480334724697,0.8181739181228761
1,132.0,1626,bus_1302,1,-0.2279872001649238,1.065136001688868,565.0,1391.0,1626,-0.0606310097818358,1.108070846217673
8,500.0,2000,bus_txf_500 kV NQCQ backbone double-circuit,3,0.0,1.0,,,2000,0.0029506011410219,1.0770434753766347
11,110.0,1595,bus_3506,3,-0.2908606935749788,1.0522179596085128,-555.0,3399.0,1595,-0.1626104998252074,1.031604227703724
2,23.0,537,bus_1082,1,-0.1610717148803305,1.0259188893214204,809.0,725.0,537,-0.0261068163389384,1.0253438134673816
13,66.0,1500,bus_4280,4,0.9657976935919848,1.0231031378186348,-2056.0,-2473.0,1500,0.0440279990568222,1.3886535995354266
8,132.0,1550,bus_3209,3,-0.3516833991874854,1.0288032531113516,-381.0,6734.0,1550,-0.1728539816286191,1.02471406509647
9,66.0,858,bus_3186,3,0.0043747812227196,1.0722184668594286,-1053.0,4615.0,858,0.1098284749871493,1.0718151144429775
6,11.0,1268,bus_2012,2,-0.136017555524817,1.033403555838729,1039.0,-2934.0,1268,0.239717858362904,1.033403607837542
12,33.0,208,bus_4358,4,1.0799797403225466,1.053451095166707,-2996.0,-1862.0,208,0.2293755731502806,1.6646284026817235
15,11.0,688,bus_5222,5,-0.1250983727092837,1.070952580878762,1346.0,-6661.0,688,0.459402470120563,1.066244877893793
8,33.0,840,bus_3407,3,-0.3237524619644535,1.0296864553255385,-1030.0,6296.0,840,-0.0117910094248443,1.0224884851639735
4,330.0,855,starbus_xf_1118_1042_1043_3,1,0.1122586807305818,0.9767764897890632,1317.0,-1628.0,855,0.3322350200178206,0.9860816849956516
2,33.0,1596,bus_1634,1,-0.0789011191681935,1.0522509665649349,639.0,56.0,1596,0.1377088195487176,1.0358702697651374
13,66.0,1651,bus_4324,4,0.98332001489765,1.0594649485954484,-1830.0,-2105.0,1651,0.1381901736389277,1.4265347568649676
8,275.0,1790,bus_3591,3,-0.2610550121330435,1.0597116825256347,-570.0,5934.0,1790,-0.0506842392130153,1.0597116309902248
2,33.0,224,bus_1436,1,-0.189892099400213,1.017548694159116,-674.0,-304.0,224,-0.0544815521606118,1.0877732494634296
11,11.0,1873,bus_3415,3,-0.4844088287588585,1.0266102420253624,373.0,2990.0,1873,-0.5829378537987522,0.8514883300046427
11,110.0,1961,bus_3056,3,-0.1162326407017438,1.035337764804086,-496.0,2948.0,1961,-0.0735456995042511,1.1242165325949915
4,132.0,711,bus_1315,1,-0.0383433061748325,1.1000000106957544,695.0,-1458.0,711,1.83365371070832,0.368512401884463
1,33.0,1442,bus_1607,1,-0.0576914791964726,0.9789011743757856,2576.0,2235.0,1442,0.0529558743879747,0.9738851536112731
9,110.0,797,bus_3319,3,-0.2971285461118336,1.062193400324838,-111.0,4070.0,797,-0.0708833896057026,1.0687944026364224
6,66.0,867,bus_2218,2,-0.4768849226419727,1.0502231217719962,407.0,-4312.0,867,0.1337721275939326,1.3236144726459098
1,66.0,1257,bus_1510,1,-0.1034117718003608,1.0332898678839144,1869.0,1745.0,1257,-0.0088317965914853,1.0483476181885076
11,110.0,1258,bus_3014,3,-0.0932602240367817,1.0333791157221364,-391.0,2956.0,1258,-0.0568832329065727,1.1301155428645808
15,22.0,1911,bus_5190,5,-0.2428697881179859,1.0540383250007628,2331.0,-5566.0,1911,0.6891462508986316,1.0650561474544695
5,500.0,2016,bus_txf_Western Victoria Grid Reinforcement,2,0.0,1.0,,,2016,-0.0261068160421708,1.0253438134489288
9,20.0,1858,bus_3423,3,0.1443632014859107,1.0694323900877698,257.0,3682.0,1858,0.0167795990597814,1.16376255842801
11,110.0,1903,bus_3534,3,-0.2658797807217347,1.0548350460811975,-438.0,3182.0,1903,-0.1235779420568526,1.0480905540070045
6,66.0,1337,bus_2275,2,-0.3017504108858251,1.0318695283479835,637.0,-3026.0,1337,0.117348256408751,1.330372822412937
13,66.0,1575,bus_4123,4,1.0006019692503627,1.016343278966448,-2190.0,-2878.0,1575,0.0893215454683868,1.475306923713579
11,110.0,738,starbus_xf_3413_3415_3414_2,3,-0.3847583677954574,1.0547457801739777,385.0,2966.0,738,-0.3471635537801002,0.9241089575230296
9,132.0,879,bus_3535,3,0.0205237988985772,1.0607534695939902,984.0,3585.0,879,-0.0691268737253195,1.1157074497075354
1,66.0,1099,bus_1648,1,-0.1558990876326847,1.0477679901682777,2236.0,2578.0,1099,-0.001286118139884,1.0583647991144731
4,132.0,699,bus_1293,1,-0.026124031709639,1.0748945987065717,2279.0,-1561.0,699,0.1143009524131479,1.0792926480972065
8,132.0,1829,bus_3114,3,-0.3345079121147921,1.017590850360506,-873.0,6081.0,1829,-0.0647011311098206,1.0128611057261838
8,275.0,687,bus_3596,3,-0.4781640099765651,1.0393188458993816,-1053.0,6892.0,687,-0.1606656121552683,1.0382259498519797
9,132.0,225,bus_3101,3,-0.240324005445742,1.0483993117560564,-938.0,4311.0,225,-0.0073948118958503,1.0623217370039242
9,132.0,830,bus_3220,3,-0.0976036737774588,1.0510622444888362,-1291.0,4951.0,830,0.1684471407581348,1.064424918195857
2,132.0,1860,bus_1253,1,-0.3345838394268962,1.0576635028763088,244.0,419.0,1860,-0.2238092994030553,1.078255178094245
14,11.0,1586,bus_4460,4,0.8757662119443571,0.9848909693451816,-1886.0,-2512.0,1586,0.0275420732449868,1.3614386874419953
7,220.0,1732,bus_2158,2,-0.4714861723810841,1.0229192945641228,988.0,-3853.0,1732,0.1174165575067584,1.0228732767923552
9,275.0,1840,bus_3158,3,0.0596500181222668,1.080432893833546,807.0,3563.0,1840,-0.0466693600736659,1.1327229902878415
7,11.0,1036,bus_2066,2,-0.3941313589959201,1.0513830473161494,1381.0,-4708.0,1036,0.0944897758722487,1.2055655407855697
1,132.0,1192,bus_1202,1,-0.252107252921373,1.0693455799449092,1080.0,1914.0,1192,-0.0663974370552667,1.1210934177894454
14,66.0,161,bus_4249,4,1.0386857773931322,1.0025688293140305,-2040.0,-3485.0,161,0.1196413313366802,1.5169575786168772
8,66.0,1401,bus_3270,3,-0.3570895109535014,1.0405884841495994,-545.0,6993.0,1401,-0.206486934552365,1.0341065821407576
14,7.6,1526,bus_4434,4,1.0192504430535774,0.9890138415337242,-2098.0,-4013.0,1526,0.1149597767242375,1.4999846230131502
5,330.0,692,bus_2190,2,-0.104466750562561,1.041585196335417,961.0,-2406.0,692,0.2003726560961542,1.1298209450911183
2,330.0,712,bus_1115,1,0.0482888595495721,1.0494051462123728,1161.0,1128.0,712,0.0005634564363589,1.0602216305911183
11,275.0,1327,bus_3545,3,-0.2546502267785985,1.0639368339734927,-100.0,3049.0,1327,-0.0986567654429074,1.0440358879888203
11,110.0,1430,starbus_xf_3359_3360_3361_2,3,-0.3493709395284632,1.0137479120453343,-1009.0,3506.0,1430,-0.2714529806085481,0.9617707789970948
1,132.0,1925,bus_1360,1,-0.0817885269899673,1.0268658615549338,3055.0,2923.0,1925,0.157087840150402,1.037272205153856
2,33.0,1833,bus_1523,1,-0.1073464185353759,1.03424520223588,736.0,625.0,1833,-0.0352411265642579,1.0384571663236313
9,132.0,142,bus_3187,3,-0.2102905799241038,1.060833198101229,-847.0,4373.0,142,0.0131861171900235,1.069823268192018
2,132.0,1465,bus_1223,1,-0.2119908355497632,1.0511449384797835,-253.0,-282.0,1465,-0.0661117906946642,1.10698794760312
5,15.0,637,bus_2024,2,0.1292858346627142,1.0358146673213429,779.0,-1936.0,637,0.3495234977362164,1.0358146237897232
11,275.0,995,bus_3560,3,-0.1749986971040175,1.0747105742132266,-87.0,3475.0,995,-0.0174721519658821,1.074717821080377
1,330.0,968,bus_1109,1,0.0040496220813169,1.0944012618284944,963.0,2437.0,968,-0.0333757095926212,1.0944043093213232
5,22.0,1359,bus_2304,2,-0.157502899759364,1.0244014877436112,-388.0,-2854.0,1359,0.1201301470300935,1.5223388748937026
15,22.0,1599,bus_5185,5,-0.1026590012485132,1.0566852475768969,2608.0,-5646.0,1599,0.814064985812051,1.070221185197918
15,110.0,432,bus_5059,5,-0.0713783222596265,1.0707207414411477,2561.0,-5608.0,432,0.8450535371252658,1.084293822440896
4,330.0,1972,starbus_xf_1148_1073_1074_1,1,0.0668301797861581,0.986141993020981,1436.0,-1494.0,1972,0.2497510478185023,0.9953269642531714
3,23.0,113,bus_1020,1,0.2214018688331439,1.0463560018111002,911.0,407.0,113,-0.0356221850757114,1.0143517027376088
4,12.5,492,bus_1077,1,0.0693161813096328,1.0331962162321786,1438.0,-1461.0,492,0.2312547668733402,1.0481703927724213
5,33.0,445,bus_2267,2,0.0571310827691589,1.0630054509549345,-2.0,-3673.0,445,0.8365760593398477,1.3813893882124173
8,132.0,322,bus_3001,3,-0.2784463465267816,1.0322317139019397,-418.0,5722.0,322,-0.0436904453371328,1.0298222083342612
2,330.0,269,bus_1111,1,-0.267384011197891,1.0511203219140135,228.0,214.0,269,-0.2111457650351158,1.0511326646003885
9,33.0,1988,bus_3011,3,-0.2810907340898768,1.0099361116414798,-896.0,4072.0,1988,-0.0426765705034869,1.022247554549328
5,220.0,1380,starbus_xf_2077_2205_2349_3,2,-0.2510928059705473,0.9951710382183326,-347.0,-3142.0,1380,0.026336308668084,1.320184342667731
11,110.0,588,bus_3635,3,-0.3530532465992796,1.0329672757990476,-187.0,2591.0,588,-0.2344246995021016,0.9879082006064128
2,23.0,555,bus_1044,1,0.0752050343651239,1.0040436128258885,551.0,47.0,555,-0.0556622803541074,1.041190392892817
2,132.0,892,bus_1433,1,-0.2273215206548246,1.04788369729395,263.0,-555.0,892,-0.0719611684147431,1.0931579652836607
15,110.0,1281,bus_5086,5,-0.0394427547645499,1.051525458785351,2261.0,-6328.0,1281,0.5760181044748217,1.0470205942034223
3,132.0,1111,bus_1404,1,-0.2781440724070406,1.034263363501135,1160.0,345.0,1111,-0.3227711163127809,0.98756327762048
12,132.0,794,bus_4166,4,1.0416928123469902,0.954027067520788,-3848.0,-1764.0,794,0.1903266581464956,1.3768286122124913
13,10.5,663,bus_4042,4,1.057858828375316,0.9989252148529868,-2470.0,-1647.0,663,0.1310217380081028,1.494106338806289
9,15.75,1315,bus_3418,3,0.0285539907901526,1.0415403870095643,-411.0,4889.0,1315,0.1404092097631525,1.051681324530698
9,110.0,1326,bus_3369,3,-0.3343577613428835,1.0531862644872494,-12.0,4317.0,1326,-0.0930753430267231,1.0559517118945885
8,11.0,873,bus_3452,3,-0.3522177086327765,1.0374132690372215,-379.0,6634.0,873,-0.1458347170609412,1.0319686813792757
9,20.0,628,bus_3426,3,0.1477214438554325,1.0572809241666647,156.0,3718.0,628,0.0161789863284421,1.1491303161155362
14,11.0,171,bus_4472,4,0.9331449546207712,1.022381209982492,-1519.0,-3336.0,171,0.1176553130604501,1.4760510959671742
15,110.0,646,bus_5050,5,-0.0962503655715107,1.0644790909754962,1565.0,-5745.0,646,1.0263864493510533,0.9286259584531794
9,132.0,653,bus_3232,3,-0.2178791302441229,1.0419122614737608,383.0,5514.0,653,0.0420227465797802,1.063549857785637
8,132.0,345,bus_3194,3,-0.3178912915020374,1.0171431181809367,-1002.0,6107.0,345,-0.0683707093858716,1.0143409043508131
1,132.0,1154,bus_1026,1,-0.1019627669434323,1.0737695234199485,1948.0,2390.0,1154,-0.0141295315410153,1.0835569569626289
14,11.0,1764,bus_4470,4,0.9502295872376452,1.008634182462994,-1578.0,-3039.0,1764,0.1203769946131555,1.4340680505419356
14,11.5,1904,bus_4067,4,1.25280508191277,0.9319229066579664,-1983.0,-3394.0,1904,0.1215048766593889,1.4995353592155498
9,132.0,1505,bus_3498,3,-0.0056318621062126,1.0435269792169,404.0,3624.0,1505,0.0985448226528639,1.613313374492494
15,16.0,319,bus_5038,5,-0.1391272419519143,0.9874834231127834,1882.0,-5891.0,319,0.6365080840490125,0.9897353561791546
15,11.5,478,bus_5015,5,-0.3189297012004907,1.013709654443238,1365.0,-5371.0,478,0.532386164724061,1.0138816542850049
11,275.0,502,bus_3570,3,-0.2610007425965445,1.0631334766979443,35.0,3045.0,502,-0.1087712513098295,1.0371331963932309
8,132.0,748,bus_3089,3,-0.5189813115455717,1.0071935857456389,-1150.0,7315.0,748,-0.2112147535496958,1.0076168634660785
14,11.0,312,bus_4072,4,0.2037313317240637,1.039449962970876,-993.0,-2257.0,312,0.1621193868383709,1.039449797312455
4,330.0,758,bus_1158,1,-0.0353886991941571,1.047238776246006,1136.0,-1159.0,758,0.061101810828158,1.0522467155001014
13,275.0,1551,bus_4107,4,1.0174742349122765,1.0403632930073323,-2794.0,-1647.0,1551,0.121520130583393,1.7165371387625428
8,132.0,567,starbus_xf_3516_3584_3517_1,3,-0.4620051299674373,1.043552227268378,-1226.0,6747.0,567,-0.1141346213962642,1.048347096571279
13,33.0,1055,bus_4380,4,0.9561077357353198,1.023416014707176,-2074.0,-2338.0,1055,0.0189846568484415,1.3936180765467114
13,132.0,621,bus_4207,4,0.8811440058161899,0.9933016359664676,-1727.0,-1560.0,621,0.0589833051200992,1.4211822530656664
5,22.0,67,bus_1561,1,-0.0630945976895424,1.035991866464995,686.0,-2685.0,67,0.0497544666382948,1.190043005188914
4,132.0,831,starbus_xf_1296_1504_1505_2,1,-0.1410594149973799,1.086434804344482,603.0,-1175.0,831,-0.0259109724485324,1.0631921544844547
4,66.0,344,bus_1482,1,-0.1038241249378747,1.0495925418034815,860.0,-1643.0,344,0.1346672369086263,1.4428886883402634
4,33.0,1414,bus_1576,1,-0.3988898141780324,1.0494376321241956,861.0,-757.0,1414,-0.4446384010841929,0.9786933574426656
11,21.0,1638,bus_3445,3,-0.2185098015807581,1.0221868009277904,-277.0,2968.0,1638,-0.0315364310665642,1.036202229072199
6,0.6899999999999998,1739,bus_2002,2,-0.1492385449350989,1.0429335522671483,51.0,-4179.0,1739,0.1129627850456538,1.477588588327691
6,220.0,535,bus_2105,2,-0.3216407682288247,1.0446811005842624,364.0,-3128.0,535,0.1220410679347906,1.5573131390078785
10,132.0,1456,bus_3539,3,-0.1030484031737315,1.0753615090014146,1829.0,4401.0,1456,-0.7340703472568572,0.9653910373641464
1,132.0,1523,bus_1473,1,-0.2758900283254285,1.0399493675716578,1459.0,1657.0,1523,-0.0795484666664627,1.113569676560633
15,110.0,452,bus_5136,5,-0.1236581844875596,1.0200327842979684,1451.0,-6556.0,452,0.4608658024526382,1.0155834253664002
2,17.5,639,bus_1047,1,-0.1711833230671427,1.0017986471343925,792.0,555.0,639,-0.045525620424156,1.001794830973286
2,132.0,109,bus_1409,1,-0.3202316274777795,1.036549858393296,-38.0,-133.0,109,-0.3170245807750376,0.9976709906224476
11,11.0,320,bus_3328,3,-0.4496936889817006,1.0032366433000617,-888.0,2149.0,320,-0.3130086709362344,1.066106705991908
2,22.0,1119,bus_1036,1,0.147138048341147,0.9741242237559468,1257.0,1143.0,1119,0.1029102464909704,0.9741243137175576
10,132.0,217,bus_3288,3,-0.1150982911963263,1.069310593387503,1830.0,4476.0,217,-0.9681973993617022,0.7182727702620026
11,11.0,1187,bus_3398,3,-0.4208121822339326,1.0072678023240105,-1321.0,2053.0,1187,-0.2698833128598177,1.064895865308891
14,15.0,1789,bus_4057,4,1.0425040610494496,0.9998354674169004,-2100.0,-3196.0,1789,0.1230026486814347,1.4996188269209174
8,132.0,1063,bus_3152,3,-0.0432065313769157,1.0547698686532176,-685.0,5417.0,1063,0.1599412099290379,0.9229869921182298
13,66.0,821,bus_4325,4,0.980642555661022,1.0621884431144903,-1886.0,-1930.0,821,0.1285412148948401,1.41396291286899
13,275.0,2023,connection S7,4,0.0,1.0,,,2023,0.1203721795876645,1.731393229039338
14,66.0,1698,bus_4225,4,1.02109162523063,1.0006974775956257,-1983.0,-3864.0,1698,0.115271869199557,1.5202227612842714
2,132.0,1341,bus_1478,1,-0.3544728069213809,1.0508617417520452,597.0,-481.0,1341,-0.3867352346815207,0.9899049331941174
1,66.0,1726,bus_1600,1,-0.3648411697278478,1.0233133674423531,-1106.0,2014.0,1726,-0.1576665311997986,1.12264692258311
4,12.5,1960,bus_1075,1,0.1784858967276002,0.96689830339783,1455.0,-1491.0,1960,0.23122525534834,0.999666157186642
5,500.0,1891,bus_2203,2,-0.3331696804991536,1.0551643037053646,149.0,-3261.0,1891,0.1393839114695189,1.4481780222131904
4,11.5,933,bus_1060,1,0.3300151470327603,1.099999996591006,2211.0,-1861.0,933,0.0471106267642208,1.0999999592987686
15,220.0,2040,connection T5,5,0.0,1.0,,,2040,0.0,0.999999999399112
4,330.0,760,bus_1154,1,-0.0370008861767854,1.0367633553061375,1751.0,-1387.0,760,0.0996431682977037,1.0368151388829434
8,6.6,1478,bus_3433,3,-0.0401397936357989,1.0423253191191002,-787.0,5502.0,1478,0.1633890567361973,0.9100738393222524
13,66.0,1300,bus_4296,4,0.9646846837754942,1.024117188985438,-1884.0,-2362.0,1300,0.0407722817052376,1.3831745393901855
1,33.0,1621,bus_1629,1,-0.2693586568622987,1.0761008882860046,1875.0,1982.0,1621,-0.0815989272590047,1.1440096606449692
13,275.0,789,starbus_xf_4104_4045_4046_4,4,1.0578588284124684,0.9989252108001028,-2448.0,-1623.0,789,0.1310217379277044,1.4941063304863476
14,66.0,1600,bus_4252,4,1.0428925776106088,1.0067629386824593,-1965.0,-3341.0,1600,0.1221063428889749,1.51792705470465
5,22.0,820,bus_2079,2,-0.0604812637658978,0.9539021785133032,-465.0,-3534.0,820,0.8976015796910052,0.9430104585355537
11,110.0,1640,bus_3074,3,-0.0836565422635997,1.0455508413444714,-451.0,2806.0,1640,-0.0459774073754175,1.15443493327026
15,220.0,1517,bus_5168,5,-0.1177211695577784,1.0607537713963928,1771.0,-5848.0,1517,0.5683526793270183,1.0647779297090716
6,20.0,1853,bus_2046,2,-0.3405676746793104,1.024208327168653,1779.0,-4315.0,1853,0.1470017124812171,1.2315774452580053
3,132.0,765,bus_1349,1,-0.3455809979656964,1.0515013271446878,1492.0,-482.0,765,-0.4051637399909272,0.972507832251302
7,66.0,1689,bus_2244,2,0.0200276198070202,1.100000009590809,1502.0,-4440.0,1689,0.4731560162252367,1.135731551757099
15,13.8,1385,bus_5006,5,0.1194239890961916,1.0454662206866665,1874.0,-5702.0,1385,1.5010431331478995,1.045475303931688
8,132.0,1484,bus_3258,3,-0.2834881556662901,1.0380537153498852,-131.0,5997.0,1484,-0.0942134650546233,1.0379857697384545
15,110.0,1209,bus_5055,5,-0.097849153650614,1.062810168315004,1384.0,-5883.0,1209,1.024309850554301,0.9265941877500552
2,15.0,662,bus_1052,1,-0.1717268518860997,1.0366967119876718,771.0,602.0,662,-0.0456333917749663,1.0369901864648592
2,132.0,1564,bus_1128,1,-0.3604223281080917,1.0504383885764212,396.0,-547.0,1564,-0.3846971973195827,0.9938097457132532
9,66.0,659,bus_3121,3,-0.172511962172868,1.0402800076194323,-14.0,5595.0,659,0.0547425167355821,1.0402800077018788
1,66.0,1956,starbus_xf_1617_1027_1619_2,1,-0.0377730076710193,1.0285494702092532,2839.0,2850.0,1956,0.2027983842572331,1.0285494882315582
14,275.0,358,bus_4149,4,0.7890335322755946,0.9787890762553162,-1481.0,-2118.0,358,0.1256816534552994,1.5043613175773216
15,22.0,1061,bus_5240,5,-0.1628287167464265,1.0206458836274368,1925.0,-5907.0,1061,0.6125886609105053,1.0226291497973303
6,220.0,783,bus_2114,2,-0.4531853296572611,1.047427244427049,860.0,-3472.0,783,0.1010154584316857,1.1681850700403518
4,330.0,541,starbus_xf_2191_2029_2030_4,2,0.0364743882735615,0.9949908600102572,790.0,-1912.0,541,0.2645681266285104,0.994989789227532
15,16.0,862,bus_5041,5,-0.0256561701933768,1.0167840871672609,1749.0,-5712.0,862,0.7408956212781255,1.0167843253326725
13,66.0,1643,bus_4230,4,0.43397642047167,0.903709606821805,-2163.0,-830.0,1643,-0.7516171400269508,0.890945062996579
4,12.5,1365,bus_1074,1,0.1615966122042589,0.965371245779661,1419.0,-1517.0,1365,0.4377259929090411,0.9653709296692594
12,132.0,234,bus_4195,4,0.9664104460772572,1.0534248912821331,-2613.0,-1157.0,234,0.0684757708164269,1.290492589186926
14,66.0,1673,bus_4258,4,1.0159302473044904,1.0023286418696915,-2137.0,-3869.0,1673,0.113929803907279,1.5178233619605668
8,132.0,1878,bus_3483,3,-0.2337754220048105,1.0459063985078811,-322.0,5732.0,1878,-0.0324419425848831,1.0459064195508505
1,132.0,205,bus_1164,1,-0.1213047987431986,1.0788083881422366,1958.0,2291.0,205,-0.0154896278652966,1.0920357793232662
15,11.0,1304,bus_5198,5,-0.1598916813838495,1.01012559660622,1906.0,-6069.0,1304,0.455614689947501,1.0130908717690423
6,220.0,1747,bus_2122,2,-0.2625138787145463,1.0332599932298012,829.0,-3277.0,1747,0.1808413363338547,1.1798069181527029
7,66.0,298,bus_2068,2,-0.3508542849019797,1.0670430807013804,1328.0,-4651.0,298,0.1727993500398181,1.0670428455583667
5,0.65,816,bus_2074,2,0.1259124288195819,1.0137912743521351,-14.0,-3759.0,816,1.0444016258517246,1.3624720076934305
6,66.0,927,bus_2283,2,-0.3671257436045779,1.0198173039566152,132.0,-4155.0,927,0.0936663069452622,1.521577667791717
2,66.0,164,bus_1509,1,-0.3248897810024858,1.0313459681781223,93.0,860.0,164,-0.126993056855227,1.067481913544801
15,33.0,1378,bus_5133,5,-0.1486251806986272,1.0262362673510828,1850.0,-6217.0,1378,0.4575347025295198,1.032976476227971
4,16.0,380,bus_1029,1,-0.0993605191830963,1.0311464908998802,1319.0,-847.0,380,-0.0619952050549701,1.0027272881060212
6,66.0,1203,bus_2289,2,-0.5406634697130913,1.0341213791747277,809.0,-3443.0,1203,0.05717798967091,1.184463929664724
13,33.0,126,bus_4363,4,1.2787727904125596,0.9906050681564106,-2757.0,-1977.0,126,0.1814042132227153,1.219603463060552
14,132.0,226,bus_4215,4,0.4949805948195266,0.947835938571247,-1229.0,-2017.0,226,0.1122645317374817,1.405515897814853
8,132.0,1230,bus_3165,3,-0.2977558034463631,1.0385282086956815,-549.0,5738.0,1230,-0.0633504696558206,1.0361636024419243
6,11.0,553,bus_2340,2,-0.3282811322736795,0.9971379531306602,356.0,-3049.0,553,0.124056198422017,1.4936270934736549
8,66.0,951,bus_3071,3,-0.3378162320224493,1.0206981401348854,-1007.0,6335.0,951,0.2624904499324526,1.1447777413087776
12,33.0,985,bus_4372,4,1.0659150429240651,1.0430152106099846,-2924.0,-1824.0,985,0.1320579237264146,1.6736220828105786
2,500.0,2008,bus_txf_CNSW NNSW Option 1 (500/330 kV Hub 1 upgrades)_1,1,0.0,1.0,,,2008,0.0005634568788632,1.0602216306007903
11,11.0,1030,bus_3132,3,-0.3207540498047624,1.0290530387977057,-595.0,3285.0,1030,-0.221112450720077,1.004276673520531
3,66.0,644,bus_1538,1,-0.2900164946337579,0.9796829104432028,880.0,-123.0,644,-0.386315772869876,0.902947604829088
13,66.0,1776,bus_4071,4,0.9880086975304688,1.061405120998456,-1851.0,-1994.0,1776,0.150551919194507,1.425300395220355
3,11.0,689,bus_1555,1,-0.4031804817075688,1.023446616721662,1451.0,-458.0,689,-0.5835645976515893,0.8822564357248218
8,66.0,1161,bus_3046,3,-0.085383006084926,1.1000000100971563,-488.0,5391.0,1161,0.1278194432557223,0.752377064323599
13,132.0,1096,bus_4212,4,0.8814672283022017,0.9901377264870332,-1560.0,-1923.0,1096,0.0752609635970886,1.425390302566646
2,330.0,1173,bus_1126,1,0.0338152009332639,1.0493236826675787,1335.0,1359.0,1173,-0.0029590480553409,1.0634481698258098
11,10.5,1182,bus_3464,3,0.1568705381434683,0.9679155532035068,-1101.0,2924.0,1182,-0.0799244952596785,1.1078253769809243
14,11.0,1521,bus_4439,4,0.9889224944638554,1.0013380821340374,-2177.0,-3163.0,1521,0.1085292582757829,1.5006582460543525
8,132.0,512,starbus_xf_3629_3454_3456_2,3,-0.4653742385181844,0.9263843094491416,-1363.0,6871.0,512,-0.1155192298832104,0.9291036320134058
14,33.0,1371,bus_4153,4,0.3903004993334025,1.1000000106408856,-1009.0,-3162.0,1371,0.3434732971718477,1.074910095143816
15,11.0,471,bus_5238,5,-0.1802959018332863,1.077269683539932,1715.0,-6284.0,471,0.4139414363747255,1.0780298272908375
6,66.0,493,bus_2225,2,-0.4798705217972482,0.9829272382639248,341.0,-4144.0,493,0.1057895028025297,1.399446184579997
6,22.0,1390,bus_2326,2,-0.4478941967476579,1.037066920308325,672.0,-4086.0,1390,0.1063379388850731,1.2321803128626032
8,132.0,361,bus_3285,3,-0.3003870632221224,1.0300400058636123,-565.0,5797.0,361,-0.0705875523609492,1.030040023251641
14,0.6899999999999998,1874,bus_4079,4,0.634211806563858,1.1000000092393611,-952.0,-2920.0,1874,0.2694379880055083,1.1604334518203696
9,132.0,1884,bus_3054,3,-0.1061294288424718,1.0626043519910244,620.0,5207.0,1884,0.1654344209691288,1.1087856469427957
4,15.75,1397,bus_1071,1,-0.0881628578695439,1.056281622430689,795.0,-1987.0,1397,0.1835036506114142,1.0562859482155722
9,20.0,1140,bus_3588,3,0.0147365463250194,1.0407853849630182,-36.0,4897.0,1140,0.1940173941420009,1.0050045363891906
2,33.0,397,bus_1526,1,-0.1888689873225428,1.047778883797983,695.0,159.0,397,-0.1645449323541444,1.036506220648154
13,132.0,1503,bus_4204,4,0.928409250052623,1.022499312059361,-1944.0,-1667.0,1503,0.0686253989420918,1.4524174964282297
7,66.0,808,bus_2242,2,-0.1575868185845766,1.0684372213415887,1398.0,-4306.0,808,0.3005710612336602,1.168575244372264
5,15.0,1026,bus_2026,2,0.0297147457196765,0.9924945767922304,792.0,-1904.0,1026,0.2509092206801348,1.003835999103934
13,132.0,1452,bus_4194,4,0.9546373719914628,1.0345310002596304,-2042.0,-1799.0,1452,0.0816256012883167,1.4694352576672962
3,132.0,4,bus_1530,1,-0.3546414265864551,1.0511173027068492,952.0,-714.0,4,-0.4038829737543098,0.9810158775783188
14,11.0,1955,bus_4433,4,0.9844158723304552,1.0003640377224274,-2221.0,-3419.0,1955,0.1103668988540009,1.5310005573972472
1,132.0,221,bus_1207,1,-0.2305165143767162,1.0696783665713685,1327.0,1555.0,221,-0.0571310057411752,1.1280797023955922
15,0.6899999999999998,1357,bus_5043,5,0.0289367924164892,1.0819916087464907,2804.0,-5764.0,1357,0.9484972685851788,1.092598396460149
6,66.0,1646,bus_2295,2,-0.4718987827842026,1.0367168920351215,400.0,-3956.0,1646,0.1132840583343306,1.381173710576704
4,11.5,210,bus_1059,1,0.3253530534821151,1.100000001589038,2213.0,-1829.0,210,0.0418046952811701,1.0999999618059253
12,0.6899999999999998,750,bus_4026,4,0.98694039215709,1.0143817082794764,-2919.0,-1065.0,750,0.0770876705388529,1.4706994802092626
1,66.0,1491,bus_1599,1,-0.3617986901786365,1.0257164589487764,-1094.0,1961.0,1491,-0.1565366007124237,1.1236214415161971
3,132.0,690,bus_1282,1,-0.3600353852574149,1.0496754662616752,989.0,-639.0,690,-0.4247522938804562,0.9696902654569128
12,33.0,134,bus_4357,4,1.0752835562747711,1.0552258878593572,-2980.0,-1919.0,134,0.2212405748811629,1.670690272656678
15,110.0,133,starbus_xf_5090_5200_5201_5,5,-0.1147120356426431,1.044262367631709,1708.0,-6262.0,133,0.4699942835226797,1.0400312278694397
8,132.0,240,bus_3153,3,-0.0399675416377509,1.0534228240909769,-520.0,5304.0,240,0.2185257956187484,0.7423470292080881
7,20.0,329,bus_2093,2,-0.2139884399295207,0.9958969453727308,966.0,-3987.0,329,0.6496536131410461,0.9958967075840623
1,132.0,1400,bus_1477,1,-0.2063216176403489,1.0786904638026873,1237.0,1469.0,1400,-0.0444498212606308,1.1293779095091947
14,132.0,1537,bus_4219,4,0.1980507802108814,1.0194975430688875,-907.0,-2658.0,1537,0.1949996069215653,1.2536199046510272
1,33.0,373,bus_1642,1,-0.0066818981131322,1.099999971966625,1409.0,2464.0,373,-0.0269732840431049,1.0999995957033095
15,220.0,2026,connection T1,5,0.0,1.0,,,2026,0.562761017026358,1.0599516253691723
12,33.0,574,bus_4365,4,0.946932820695176,1.040380108996351,-2798.0,-1260.0,574,-0.0883153517945675,1.3995271702058842
2,132.0,246,bus_1393,1,-0.3542901001778047,1.0508718293325443,580.0,-475.0,246,-0.3883084178130516,0.9881728434993756
6,66.0,466,bus_2287,2,-0.4293450110923635,1.0523071158405923,927.0,-3297.0,466,0.0855909061702613,1.148919275743156
9,33.0,753,bus_3251,3,-0.1106172589866647,1.0278357218933438,-1399.0,5093.0,753,0.1604559993350769,1.0450277628933624
14,33.0,560,bus_4096,4,0.4371968768607294,1.0997127122136223,-929.0,-3281.0,560,0.5796386813716482,1.0787111897215171
5,15.0,679,bus_2027,2,0.0388113797295503,0.9952041254178184,743.0,-1962.0,679,0.2776385895157127,1.001403247138001
14,275.0,375,bus_4139,4,0.4458410421868402,0.9297328692034296,-952.0,-2323.0,375,0.1223581778460507,1.5133764625493846
1,33.0,1637,bus_1581,1,-0.4503952646330956,1.0905487075007056,27.0,1398.0,1637,-0.2412564704360779,1.127105863280899
6,11.0,1714,bus_2337,2,-0.3113705991002599,1.0442380759420151,513.0,-3245.0,1714,0.1161056950582443,1.5880588391553256
1,132.0,307,bus_1322,1,-0.0819811579641929,1.039586998527219,1778.0,1737.0,307,0.0004822750459402,1.0510540719898935
15,22.0,880,bus_5180,5,-0.098626960511075,1.0522373060952208,1266.0,-5914.0,880,1.02432065394499,0.9174378454141708
13,11.0,1773,bus_4412,4,0.9801530800090118,1.074870350397911,-2075.0,-2656.0,1773,0.1070083465190512,1.3734499760024557
4,33.0,565,bus_1614,1,-0.0385968541338894,1.0388107255082994,2581.0,-1815.0,565,0.1036791533812402,1.043195150969184
6,11.0,538,bus_2341,2,-0.3282811325437057,0.9971379483227708,343.0,-3061.0,538,0.1240561981766721,1.4936270861899297
2,132.0,411,bus_1627,1,-0.3335241677788207,1.0363600131842572,-334.0,403.0,411,-0.2242157775198422,1.0602138848439338
14,11.0,1392,bus_4474,4,0.9523363521731856,1.0243954642775224,-1654.0,-2994.0,1392,0.12081788942142,1.4496029947297038
14,132.0,1706,bus_4218,4,0.1737070341145521,1.0127279040253288,-897.0,-2567.0,1706,0.1699606679995468,1.2989626562686043
4,66.0,1826,starbus_xf_1587_1328_1067_1,1,-0.0342292030930196,0.951509141709567,1763.0,-2399.0,1826,-0.0107081933607305,0.8374056789546097
8,132.0,1275,bus_3190,3,-0.3516880368611527,1.028825756620975,-291.0,6837.0,1275,-0.172858618010461,1.0247364794648233
2,11.0,132,bus_1086,1,-0.4011729765348427,1.064462696818856,-670.0,558.0,132,-0.2432910588052939,1.1293344189730266
12,33.0,1457,bus_4242,4,0.9245716403989716,1.0511539573715396,-2580.0,-975.0,1457,-0.0342075524481071,1.2457707156669282
14,66.0,470,bus_4303,4,0.9712713875080043,1.0438544945930532,-1601.0,-3239.0,470,0.1227097772063115,1.479420633544824
3,132.0,1694,bus_1232,1,-0.3302360884821974,1.0494748311387885,1097.0,-538.0,1694,-0.3658015246874107,0.9854258133647412
4,132.0,1481,bus_1229,1,-0.1138577713828094,1.062114341768995,1022.0,-1940.0,1481,0.1482280726667897,1.2647209875216592
13,275.0,800,bus_4133,4,1.0342358444533748,1.04988816587539,-2072.0,-2841.0,800,0.1408371733231495,1.5335630603354844
2,132.0,1040,bus_1333,1,-0.2029909623840511,1.0702547470186137,735.0,61.0,1040,-0.1653790183270461,1.0399355107261088
1,132.0,1893,bus_1027,1,-0.0377730101706834,1.0285495843604824,2751.0,2808.0,1893,0.2027983878044804,1.0285496030975845
6,66.0,618,bus_2276,2,-0.4733452936982139,1.0422397567690769,853.0,-3239.0,618,0.0746627150728638,1.1652108617058017
2,330.0,1709,bus_1149,1,-0.1554395651878936,1.0371142775890394,721.0,682.0,1709,-0.0249827150489626,1.0371163594078132
2,132.0,733,bus_1240,1,-0.3243035127036369,1.039969627579308,374.0,-435.0,733,-0.3295000373057131,0.9940656478223436
14,11.0,119,bus_4473,4,0.8861090543363248,1.03004872449764,-1505.0,-3127.0,119,0.1112278664496629,1.5152544652921691
12,0.48,839,bus_4016,4,1.0799797403114857,1.0540822112067072,-3064.0,-1874.0,839,0.2293755731279495,1.6656256715357898
6,66.0,42,bus_2281,2,-0.1910603829725322,1.0385461173462371,170.0,-3126.0,42,0.1776882868223659,1.2798472644194063
5,220.0,28,bus_1211,1,-0.0517219248131969,1.0879857865708882,698.0,-2614.0,28,0.0916735339335673,1.2511611681668826
15,110.0,781,bus_5092,5,-0.1208783099782196,1.0291242850729507,1797.0,-6215.0,781,0.4742138340657115,1.030223921113556
6,220.0,381,bus_2150,2,-0.3298577187407229,1.021632912714573,1692.0,-4392.0,381,0.1519408799969016,1.2217096926376334
9,15.75,439,bus_3527,3,0.1983629488458053,1.0262575169904855,890.0,3598.0,439,-0.0472457497672777,1.0660167885689944
15,110.0,347,bus_5071,5,-0.320698452656705,1.0579278558204834,1689.0,-5317.0,347,0.5308566825944205,1.0581206107507963
6,66.0,1670,bus_2219,2,-0.3817702210183024,1.0060839189527784,120.0,-4188.0,1670,0.0893507476946045,1.5161303633679233
4,132.0,897,bus_1308,1,-0.19028501962548,1.0463820573338398,863.0,-2112.0,897,0.0787891095074119,1.1703992813557706
2,15.0,290,bus_1051,1,-0.1717523174865881,1.0366864380307066,776.0,532.0,290,-0.0456384780990666,1.036988149731272
1,66.0,409,starbus_xf_1616_1027_1618_1,1,-0.0450279191438521,1.0228093511140577,2761.0,2808.0,409,0.1995781076545122,1.0260224670269409
8,132.0,314,bus_3245,3,-0.3268053357617507,1.0351416688430102,-781.0,6365.0,314,-0.0460340488373946,1.026393829637148
4,330.0,1730,starbus_xf_1106_1167_1536_3,1,-0.0956413248328925,1.0837924673433943,854.0,-2351.0,1730,0.0864672003265543,1.184555256999773
9,33.0,1622,bus_3316,3,-0.3353775438144535,1.0602243636477302,-428.0,4294.0,1622,-0.089275699256061,1.0822790296988611
15,220.0,1507,bus_5150,5,-0.2899347873109069,1.0569199095041095,1704.0,-5344.0,1507,0.5631390853019883,1.0569388472841823
11,11.0,163,bus_3446,3,-0.2733989888183017,1.007170769838067,-3.0,2553.0,163,-0.0830726821200226,0.9462873092192464
13,275.0,1697,bus_4115,4,1.0456323996213135,1.0451109676674997,-2628.0,-1613.0,1697,0.1135001123524594,1.5846177999579434
6,66.0,481,bus_2243,2,-0.3145344118377411,1.012429541675663,333.0,-3026.0,481,0.1277400745476641,1.5028263492399063
12,33.0,281,bus_4348,4,1.0449225030250977,0.9169890204391424,-4001.0,-1850.0,281,0.1899882605985187,1.354092947268832
9,66.0,847,bus_3493,3,-0.2103427343406722,1.0510839058326351,102.0,5494.0,847,0.0334849735289369,1.0616070979441008
11,110.0,730,bus_3441,3,-0.33889257841735,1.048195753738958,-943.0,2173.0,730,-0.1469044137844023,1.1272208222577935
15,220.0,2027,connection T2,5,0.0,1.0,,,2027,0.4780880641555491,1.0495817587683125
4,0.6899999999999998,25,bus_1023,1,0.0703806011365565,1.0992479426526929,1660.0,-1072.0,25,0.2541717856628119,1.099247547784368
13,11.0,114,bus_4485,4,0.9225662474689836,1.021005652723051,-2511.0,-2370.0,114,-0.096543557445967,1.3313322268738943
14,66.0,1338,bus_4309,4,0.9672004232644515,1.041718094415535,-1668.0,-2916.0,1338,0.1228916688477362,1.468577544506724
15,110.0,681,bus_5123,5,-0.1864675104352199,1.016933555105883,2087.0,-5684.0,681,0.6044407784627706,1.0214432236942923
15,110.0,1461,bus_5223,5,-0.039094233233224,1.0511762153956694,2091.0,-6185.0,1461,0.576562819305106,1.0463199949152953
8,132.0,1816,bus_3248,3,-0.3088493657508758,1.0433352987473363,-673.0,6240.0,1816,-0.0229519968965146,1.0320635136692151
5,220.0,31,bus_1167,1,-0.0891993679551986,1.0425849666554408,844.0,-2351.0,31,0.0889521083355513,1.1478817680632092
9,132.0,274,bus_3634,3,-0.2121802332738961,1.0642702187901196,-830.0,4261.0,274,0.0101921865807727,1.0717014942873195
15,110.0,865,bus_5121,5,-0.1557938772087521,1.021240929945139,1933.0,-5863.0,865,0.6197000163884976,1.023367229800881
13,66.0,888,bus_4236,4,0.984132707008711,1.0235315374257128,-2396.0,-2385.0,888,0.0671344912010167,1.3978224540732604
1,132.0,484,bus_1331,1,-0.053555746046304,1.06473035513081,2000.0,2110.0,484,0.069758535245369,1.0559887867288709
4,330.0,986,starbus_xf_2191_2023_2024_1,2,0.0336178692979245,0.9940816057363192,794.0,-1957.0,986,0.2547459605498726,1.0049929989271935
14,66.0,956,bus_4287,4,0.9698198258416684,1.0305435038228208,-1760.0,-2851.0,956,0.124009427779562,1.4713126031554469
4,15.4,1009,bus_1041,1,0.2040261956046714,0.9607551071699528,1354.0,-1585.0,1009,0.3851953135053909,0.9607549646073286
12,33.0,412,bus_4347,4,1.188831997478005,0.9946940418411628,-3833.0,-1851.0,412,0.6116426985124073,1.40227147151967
4,33.0,479,bus_1021,1,0.0755029762296866,1.0302121029097029,2749.0,-1684.0,479,0.2089502944908536,1.0341912519374037
13,66.0,352,bus_4334,4,0.9677182559460834,1.0259605154977929,-1759.0,-2530.0,352,0.0452842643749691,1.3900878083749328
8,13.8,150,bus_3459,3,-0.3509123098024969,1.0300165992398889,-412.0,6796.0,150,-0.1704101737574845,1.0259670615572232
6,33.0,1287,bus_2006,2,-0.1611903158595291,1.0651282151633477,159.0,-4273.0,1287,0.2616327578654107,1.1159420301290788
9,132.0,1691,bus_3117,3,-0.2023438485495834,1.0629297429539857,30.0,5484.0,1691,0.0364627288681272,1.0656615166153012
15,220.0,1436,bus_5144,5,-0.1517887755538773,1.0816782857310687,2022.0,-5533.0,1436,0.7621992218236425,1.0816881849815694
9,110.0,1975,bus_3019,3,-0.3321618743075262,1.045467918645665,-263.0,4172.0,1975,-0.0906092652023804,1.067345160139728
4,132.0,983,bus_1311,1,-0.0277492284674842,1.0623867294255378,968.0,-1737.0,983,0.1641243865867439,1.214484117298499
1,330.0,1292,bus_1116,1,-0.0679447653946959,1.0582272538280666,1984.0,2351.0,1292,0.0695548628502618,1.0654205437114854
1,132.0,756,bus_1453,1,-0.2297963492846041,1.0658908560317604,952.0,1463.0,756,-0.0563311720003159,1.116832866143311
1,132.0,330,bus_1273,1,-0.1343725631030056,1.0768928732576466,2120.0,2328.0,330,-0.022032282673605,1.0949507696187892
7,220.0,1352,bus_2140,2,-0.4754272017650374,1.0290853119969852,1017.0,-4276.0,1352,0.1002093200014726,1.1786633804932063
2,132.0,1455,bus_1438,1,-0.3530796377577627,1.0488805205029363,360.0,873.0,1455,-0.2176400633222423,1.07680530158884
2,330.0,864,bus_1147,1,-0.2218773921520016,1.0346537012659385,519.0,545.0,864,-0.1055637287116789,1.0391174821383953
7,220.0,310,bus_2121,2,-0.4618827151274631,1.0293840309810427,924.0,-3962.0,310,0.1178288779937105,1.1869803013503728
12,132.0,1025,bus_4198,4,0.9714025962108668,1.058482812062408,-2700.0,-678.0,1025,0.2082684475155762,1.126893238107498
11,330.0,1510,bus_3650,3,0.0327804887946558,1.072204706542384,747.0,2809.0,1510,-0.0520628714032083,1.117165688731975
8,19.1,1624,bus_3484,3,-0.2308889247754421,1.0859559173794342,-352.0,5607.0,1624,-0.02938749454269,1.0859560949073488
8,22.0,677,bus_3087,3,-0.5596036932542442,1.000054773105394,-1226.0,7292.0,677,-0.2501508650948734,1.00078563026113
6,0.6899999999999998,946,bus_2001,2,-0.1787949644621995,1.066927196946049,32.0,-4157.0,946,0.1020003693978708,1.5113996630981996
12,33.0,1324,bus_4383,4,0.9505599036507628,1.0417810728636714,-2578.0,-1258.0,1324,0.0525878493133653,1.442537664398579
9,11.0,377,bus_3447,3,-0.1815024605833402,1.125945210433097,-153.0,5533.0,377,0.0485519581303073,1.125737764134262
1,132.0,725,bus_1392,1,-0.1705562171052344,1.0697868697954822,2133.0,2144.0,725,-0.040442149547875,1.103181431612194
14,66.0,907,bus_4246,4,1.0329716900843309,1.0035251782515635,-1996.0,-3550.0,907,0.1181130359117162,1.5186866725955106
9,19.5,1448,bus_3443,3,0.0552776288409738,1.0488515390600803,291.0,4591.0,1448,0.307119683892944,1.0488515220883747
11,275.0,2019,connection Q8,3,0.0,1.0,,,2019,-0.0397354550635059,1.1363323205576796
11,11.0,585,bus_3364,3,-0.4556607870760715,1.0153706682965131,554.0,3191.0,585,-0.5116700896384025,0.8535821331566121
2,33.0,124,bus_1570,1,-0.2506973976271364,1.0815686194522447,691.0,-287.0,124,-0.0766037121154084,1.1323921499850735
15,1.0,1197,bus_5224,5,-0.1359029403450064,1.0486606884599077,1729.0,-6253.0,1197,0.4589769214132936,1.0496832563718157
15,22.0,939,bus_5044,5,0.1434897476087269,1.0480720053716046,2792.0,-5708.0,939,1.057807975719671,1.052193071331153
11,110.0,1330,starbus_xf_3226_3227_3228_1,3,-0.3258932499342923,1.0202411001615366,-591.0,3486.0,1330,-0.2321217346386816,1.0202413723188266
13,66.0,70,bus_4132,4,0.9808728677964996,1.0192262664937854,-2547.0,-2226.0,70,0.0552665501366101,1.4014914038278716
2,330.0,1572,bus_1150,1,-0.2593131855821189,1.0432859122033895,644.0,526.0,1572,-0.183916432738194,1.051163546930707
8,66.0,1042,bus_3076,3,-0.3610766726209012,1.0427776756922158,-447.0,6840.0,1042,-0.2002397222264284,1.040120157288242
6,22.0,1818,bus_2320,2,-0.7343970919305012,1.0242481347468095,869.0,-3729.0,1818,-0.0406530472282184,1.1211380148144383
14,66.0,1978,bus_4317,4,0.9671543652023612,1.041553405330211,-1644.0,-2907.0,1978,0.1228794384744784,1.468552646759073
5,300.0,2041,bus_ec_t1,1,0.0,1.0,,,2041,0.1224969829837371,1.5300575138092545
11,110.0,1116,bus_3378,3,-0.3282872562925674,1.039843674313505,78.0,2700.0,1116,-0.2195878371922024,0.9848514039007932
7,20.0,1889,bus_2095,2,-0.2872316690475644,0.9872736098712124,959.0,-4023.0,1889,0.5798897213399471,0.9872734472457984
11,110.0,1215,bus_3058,3,-0.3027466355820523,1.0476530614119484,-808.0,3419.0,1215,-0.1849308177209507,1.024193523845653
4,66.0,903,bus_1083,1,-0.0303128785451807,1.0790614071264333,989.0,-1679.0,903,0.1604468917451633,1.2076743915416948
12,132.0,1869,bus_4158,4,1.0089290499721797,1.0103992559819344,-3496.0,-1689.0,1869,0.1188517646571402,1.530687913393592
6,66.0,338,bus_2285,2,-0.5512818795403104,1.0283572536763652,927.0,-3645.0,338,0.0564253460039298,1.1360882940849957
8,66.0,198,bus_3310,3,-0.3295406937229514,1.0524001419774087,-511.0,7028.0,198,-0.2136649583097667,1.0306175582603838
14,66.0,1234,bus_4318,4,0.967393126405609,1.045633281402117,-1715.0,-2814.0,1234,0.1227555433014371,1.4642879802731243
4,132.0,1856,bus_1247,1,-0.1351131379571716,1.0589883265490898,1128.0,-2184.0,1856,0.1423386370478875,1.1127313716248528
15,18.0,1123,bus_5033,5,1.2907178525270335e-32,0.9398585168372516,1409.0,-6237.0,1123,-1.6851145394195942e-07,0.9398587263214684
2,11.0,1737,bus_1640,1,-0.4902268167367883,0.9777273070699471,553.0,-564.0,1737,-0.4155748941466656,0.976759624614798
14,13.8,1927,bus_4059,4,1.2415081647992332,1.0211951161592785,-2022.0,-2689.0,1927,0.1404173883802718,1.4365292667699794
1,0.6899999999999998,1006,bus_1015,1,-0.0581307741952357,1.029964821558535,2802.0,2320.0,1006,0.052802103126723,1.024757420181381
4,33.0,348,bus_1181,1,-0.0154143946971171,1.0138957187286133,1020.0,-850.0,348,0.1214713369027475,1.013895424496103
14,66.0,1335,bus_4275,4,0.995585596688038,1.0177437947609145,-2291.0,-2954.0,1335,0.1047914012856737,1.4808278324561808
2,500.0,1929,starbus_xf_1099_1100_1532_10,1,0.0543371939499112,1.007960491657229,920.0,619.0,1929,-0.0049598062080407,1.0157134832907868
9,66.0,144,bus_3032,3,-0.1049924467206007,1.1000000084623829,-1167.0,5002.0,144,0.163889086341078,1.113540111770366
14,66.0,649,bus_4257,4,1.0204581736721752,1.0019132423716164,-2063.0,-3911.0,649,0.1151052114260496,1.518831608463466
8,66.0,1008,bus_3113,3,-0.2954326772302419,1.0641463088046523,-429.0,5934.0,1008,-0.0805501099698197,1.0647207721432272
1,66.0,271,bus_1498,1,-0.3634329249335973,1.0245315127879802,-1114.0,1955.0,271,-0.157143423051727,1.1231399106032678
11,500.0,2004,bus_txf_500 kV backbone,1,0.0,1.0,,,2004,-0.0154001515483788,1.0976753458637416
11,11.0,1416,bus_3399,3,-0.4314483136139136,1.0027403329200524,-1330.0,2075.0,1416,-0.2864029255841637,1.056613058834462
15,220.0,2028,connection T3,5,0.0,1.0,,,2028,1.0572954021654388,0.9605543431332952
2,132.0,434,bus_1437,1,-0.2358968667621631,1.0154709341311636,-579.0,-293.0,434,-0.0640599834031644,1.087858446819871
14,11.0,604,bus_4448,4,0.9691791588951154,0.9848008771087108,-2503.0,-3300.0,604,0.1069976979289414,1.4521601870111611
2,132.0,1627,bus_1188,1,-0.3395045558124802,1.0350734883428143,166.0,565.0,1627,-0.2070713542000087,1.038718203040121
5,0.6899999999999998,1107,bus_2054,2,0.1662762714346705,1.0321487423529092,-309.0,-3712.0,1107,0.1679424503203145,1.2665639209740678
2,132.0,998,bus_1428,1,-0.2174210957784428,1.051043965891738,156.0,-160.0,998,-0.0544204623752239,1.0966423943866457
9,275.0,563,bus_3558,3,-0.2003525109520508,1.0770443639524594,-369.0,5466.0,563,0.0029506007249578,1.0770434751208535
2,132.0,655,bus_1400,1,-0.2060262600862803,1.0543865447246683,194.0,-324.0,655,-0.0585635538363947,1.0983934746264907
11,11.0,1777,bus_3363,3,-0.4877430755961973,1.0054057965480758,540.0,3209.0,1777,-0.5952299086715674,0.8202521083171312
2,132.0,1805,bus_1212,1,-0.3530782978945438,1.051031783092765,710.0,-618.0,1805,-0.3990773035565149,0.982020934389934
6,220.0,336,bus_2168,2,-0.4726637993942855,1.030672004008393,854.0,-3647.0,336,0.1095957229669024,1.0783316494272892
5,500.0,732,starbus_xf_2200_2196_2304_3,2,-0.1579866971559382,1.024668915453111,-378.0,-2854.0,732,0.1204380377323059,1.5225976247201034
13,11.5,603,bus_4028,4,0.982537435644378,1.058394755079717,-2241.0,-2722.0,603,0.1138430815249623,1.3347133279963652
11,110.0,414,bus_3390,3,-0.2694075928195167,1.051897148302163,-530.0,3163.0,414,-0.1296013060429309,1.0426543157976234
7,220.0,710,bus_2143,2,-0.3000297845628856,1.0840868875772816,1253.0,-4202.0,710,0.1715442959500828,1.2590317809384162
1,132.0,1138,starbus_xf_1273_1572_1573_1,1,-0.1355096573102799,1.0764302938360837,2203.0,2397.0,1138,-0.0225231864188804,1.094752381286162
12,132.0,1474,bus_4172,4,0.9958832496668968,1.0290048309633637,-2715.0,-1346.0,1474,0.0482379423719049,1.4508744872780013
11,275.0,306,bus_3593,3,-0.2006274409651271,1.0680907442464391,-113.0,3347.0,306,-0.0416497761921297,1.0681018518706031
