name,bus_name,rating,active_power,reactive_power,prime_mover_type,comp_type,x,y,base_kv,area
bus1646,bus_2295,0.0,0.6974425494021957,0.16465551989224816,0,PowerLoad,400,-3956,66.0,6
bus1714,bus_2337,0.0,0.06840015002572246,0.016783134569643428,0,PowerLoad,513,-3245,11.0,6
bus1498,bus_4074,0.0,0.00836731136500318,-0.011839203960858635,0,PowerLoad,-921,-2853,33.0,14
gen_RUGBYR1,bus_3549,0.0,0.0,-0.7957050950398917,21,RenewableDispatch,-915,4345,275.0,9
gen_KEPSF1,bus_3549,0.0,0.0,-0.7957050950398918,21,RenewableDispatch,-915,4345,275.0,9
bus1157,bus_1513,0.0,0.03987224314389305,0.0057216706029186125,0,PowerLoad,710,62,66.0,2
bus1514,bus_3389,0.0,0.2948306114853882,0.07205376149574677,0,PowerLoad,-1451,2464,11.0,11
bus4,bus_1530,0.0,0.23390227491710314,-0.04468757126376361,0,PowerLoad,952,-714,132.0,3
bus1368,bus_4409,0.0,0.02418265365158555,0.00933265444916624,0,PowerLoad,-2543,-3249,11.0,14
bus1288,bus_2332,0.0,1.223834920103195,0.4055512912449421,0,PowerLoad,765,-2329,22.0,5
bus996,bus_4403,0.0,1.0054649211742748,0.08087304622937355,0,PowerLoad,-3248,-1756,11.0,12
bus1773,bus_4412,0.0,0.015161966898314328,-0.0105052456476951,0,PowerLoad,-2075,-2656,11.0,13
bus1352,bus_2140,0.0,0.2899776731461731,0.11433713745025965,0,PowerLoad,1017,-4276,220.0,7
gen_1080_8,bus_1080,1.6079171907400556,1.0000000096478565,-0.1245091745120508,22,RenewableDispatch,1435,-1548,12.5,4
bus1649,bus_1080,0.0,0.0003214960607465735,0.0003285647785307775,0,PowerLoad,1435,-1548,12.5,4
bus522,bus_5215,0.0,0.29570320325252014,0.05383033691844965,0,PowerLoad,711,-5677,22.0,15
gen_5037_2,bus_5037,0.5769991334482227,0.700000009772817,-0.13751895350899956,16,HydroDispatch,1044,-5875,16.0,15
gen_5037_1,bus_5037,0.5769991334482227,0.700000009772817,-0.13751895350899956,16,HydroDispatch,1044,-5875,16.0,15
bus1484,bus_3258,0.0,0.01770278062613678,-0.07081333580263575,0,PowerLoad,-631,5997,132.0,8
BBATTERY1,bus_3482,1.0,1.0,0.0,1,EnergyReservoirStorage,-982,5236,132.0,8
bus524,bus_3026,0.0,0.101165503706338,0.020697092522621703,0,PowerLoad,180,3842,33.0,9
gen_1173_1,bus_1173,0.0273906388320029,0.0,-0.4212696568727615,21,RenewableDispatch,2300,2524,132.0,1
bus401,bus_5210,0.0,0.0438565947900068,0.012435550755156162,0,PowerLoad,712,-6485,11.0,15
gen_MSTUART2,bus_3280,0.4654274682836907,-8.515848799878692e-9,-0.1108248833417338,22,RenewableDispatch,631,4333,132.0,9
gen_DULAWF1,bus_3280,0.9118865969469508,-8.821856916465007e-9,0.012738575734369002,22,RenewableDispatch,631,4333,132.0,9
gen_MSTUART3,bus_3280,0.4654274682836907,-8.515848799878692e-9,-0.1108248833417338,22,RenewableDispatch,631,4333,132.0,9
bus591,bus_3280,0.0,0.2714347145818768,0.04396264965769334,0,PowerLoad,631,4333,132.0,9
Shallow_storage_13,bus_4125,0.15795799999999996,0.15795799999999996,0.0,1,EnergyReservoirStorage,-2074,-2389,275.0,13
Shallow_storage_39,bus_4125,0.055160000000000015,0.055160000000000015,0.0,1,EnergyReservoirStorage,-2074,-2389,275.0,13
Shallow_storage_8,bus_4125,0.159942,0.159942,0.0,1,EnergyReservoirStorage,-2074,-2389,275.0,13
Shallow_storage_30,bus_4125,0.15162999999999996,0.15162999999999996,0.0,1,EnergyReservoirStorage,-2074,-2389,275.0,13
Shallow_storage_2,bus_4125,0.158738,0.158738,0.0,1,EnergyReservoirStorage,-2074,-2389,275.0,13
TIB1,bus_4125,1.6,1.6,0.0,1,EnergyReservoirStorage,-2074,-2389,275.0,13
Shallow_storage_28,bus_4125,0.15042599999999998,0.15042599999999998,0.0,1,EnergyReservoirStorage,-2074,-2389,275.0,13
Shallow_storage_20,bus_4125,0.15295799999999996,0.15295799999999996,0.0,1,EnergyReservoirStorage,-2074,-2389,275.0,13
Shallow_storage_32,bus_4125,0.12535599999999994,0.12535599999999994,0.0,1,EnergyReservoirStorage,-2074,-2389,275.0,13
Shallow_storage_35,bus_4125,0.08655999999999998,0.08655999999999998,0.0,1,EnergyReservoirStorage,-2074,-2389,275.0,13
gen_3109_1,bus_3108,0.0,0.0,-0.2845722980519717,21,RenewableDispatch,-693,5928,132.0,8
bus1656,bus_4454,0.0,0.33406244209156877,0.15518910902897262,0,PowerLoad,-2158,-2672,11.0,13
bus1129,bus_1373,0.0,0.4454952327614518,0.23403324368590575,0,PowerLoad,1380,-431,132.0,3
bus367,bus_1519,0.0,0.018286507565529523,0.006885670152499978,0,PowerLoad,-62,-589,11.0,2
gen_5233_3,bus_5233,0.2174349746690133,0.4000000097693037,-0.0089620315412714,22,RenewableDispatch,769,-6046,11.0,15
gen_2058_5,bus_2058,0.38671057102386736,-6.698170243052383e-9,0.10000000632865702,22,RenewableDispatch,-267,-3784,0.6899999999999998,5
bus1478,bus_3433,0.0,0.0038769911428520962,0.003917465864496958,0,PowerLoad,-1287,5502,6.6,8
bus1586,bus_4460,0.0,0.07583721081616665,0.016656288749055843,0,PowerLoad,-1886,-2512,11.0,14
bus689,bus_1555,0.0,0.6430612718955849,0.2609906546330928,0,PowerLoad,1451,-458,11.0,3
bus1031,bus_4419,0.0,0.41327560283461906,0.12786986152462387,0,PowerLoad,-2569,-2611,11.0,13
gen_CSPVPS1,bus_3560,0.47216256734307094,0.0,-0.795705095039892,21,RenewableDispatch,-587,3475,275.0,11
gen_HUGSF1,bus_3560,0.0,0.0,-0.7957050950398918,21,RenewableDispatch,-587,3475,275.0,11
bus1667,bus_1215,0.0,0.6906960838338734,0.3620056863038094,0,PowerLoad,876,-435,132.0,3
bus1739,bus_2002,0.0,-0.12385293517922485,0.0,0,PowerLoad,51,-4179,0.6899999999999998,6
bus695,bus_2264,0.0,1.331409404413965,0.48357260743450053,0,PowerLoad,1031,-3962,66.0,7
bus1670,bus_2219,0.0,0.06921790101196058,0.036600460779604514,0,PowerLoad,120,-4188,66.0,6
gen_1034_1,bus_1034,1.9021185697149476,3.3011360695904814,-0.31143663760338725,4,ThermalStandard,1244,1161,22.0,2
bus52,bus_1034,0.0,0.03684675741112077,0.020819849741858246,0,PowerLoad,1244,1161,22.0,2
bus43,bus_3304,0.0,0.25286080576077447,0.2949028993366579,0,PowerLoad,138,3156,11.0,11
bus921,bus_1127,0.0,0.10475446332740466,-0.020930357390491233,0,PowerLoad,433,-576,132.0,2
bus128,bus_2236,0.0,0.6804361970393376,0.10507952789384747,0,PowerLoad,324,-3947,66.0,6
bus1804,bus_4443,0.0,0.02226026079791033,0.0069104870967347945,0,PowerLoad,-2318,-3521,11.0,14
gen_2325_2,bus_2325,0.32425196535518513,0.7000000097891392,0.16946884747641233,22,RenewableDispatch,967,-3314,10.5,6
bus1921,bus_2325,0.0,0.00127104279058853,0.0008061660311037892,0,PowerLoad,967,-3314,10.5,6
bus891,bus_4300,0.0,0.005844774669566752,-0.0006703015158918303,0,PowerLoad,-1720,-2576,66.0,14
gen_5045_1,bus_5045,0.8552308186018672,0.9000000097459946,0.031108554837098446,16,HydroDispatch,2045,-5746,1.0,15
gen_3656_1,bus_3656,3.7741935271721117,3.930555683056157,-0.8800174451277207,20,ThermalStandard,422,2892,19.0,11
gen_3656_2,bus_3656,3.7741935271721117,3.930555683056157,-0.8800174451277207,20,ThermalStandard,422,2892,19.0,11
bus1219,bus_3656,0.0,0.44107140112431287,0.33115115395737843,0,PowerLoad,422,2892,19.0,11
gen_2060_1,bus_2060,0.4509552213797987,1.1000000105156875,0.1999996290331235,22,RenewableDispatch,1089,-3056,11.5,6
bus1692,bus_2060,0.0,0.0005407515131767589,0.0005611509350893348,0,PowerLoad,1089,-3056,11.5,6
gen_4083_4,bus_4083,0.5801339555142916,-9.690878810778837e-9,0.0015256767998686,22,RenewableDispatch,-908,-3252,1.0,14
bus1002,bus_4340,0.0,0.010461288060542579,0.003007395623502545,0,PowerLoad,-1008,-2283,33.0,14
gen_BAKING1,bus_3002,0.16331269976336807,0.0,-0.7957050950398918,21,RenewableDispatch,-1218,5893,132.0,8
CAPBES1,bus_1365,1.0,1.0,0.0,1,EnergyReservoirStorage,816,-1464,132.0,4
bus1997,bus_4442,0.0,0.038866711218976446,0.01020148710473842,0,PowerLoad,-2244,-3630,11.0,14
gen_BRAEMAR2,bus_3121,0.9514742513955986,-8.515848799878692e-9,-0.1108248833417338,22,RenewableDispatch,-514,5595,66.0,9
gen_BRAEMAR6,bus_3121,0.9514742513955986,-8.515848799878692e-9,-0.1108248833417338,22,RenewableDispatch,-514,5595,66.0,9
gen_BRAEMAR7,bus_3121,0.9514742513955986,-8.515848799878692e-9,-0.1108248833417338,22,RenewableDispatch,-514,5595,66.0,9
gen_BRAEMAR3,bus_3121,0.9514742513955986,-8.515848799878692e-9,-0.1108248833417338,22,RenewableDispatch,-514,5595,66.0,9
gen_BRAEMAR5,bus_3121,0.9514742513955986,-8.515848799878692e-9,-0.1108248833417338,22,RenewableDispatch,-514,5595,66.0,9
gen_BRAEMAR1,bus_3121,0.9514742513955986,-8.515848799878692e-9,-0.1108248833417338,22,RenewableDispatch,-514,5595,66.0,9
bus659,bus_3121,0.0,-0.030522327925917015,0.0394563665118157,0,PowerLoad,-514,5595,66.0,9
bus1104,bus_3287,0.0,3.0630988503915173,0.5335151989728093,0,PowerLoad,1311,4487,132.0,10
gen_2040_1,bus_2040,0.8579509418341494,2.100000012257214,0.1884007473516043,4,ThermalStandard,440,-4194,15.75,6
gen_2040_3,bus_2040,0.8579509418341494,2.100000012257214,0.1884007473516043,4,ThermalStandard,440,-4194,15.75,6
gen_2040_2,bus_2040,0.8579509418341494,2.100000012257214,0.1884007473516043,4,ThermalStandard,440,-4194,15.75,6
bus1825,bus_5202,0.0,0.10550626323284834,0.03511832303953921,0,PowerLoad,941,-6397,11.0,15
bus1723,bus_5177,0.0,0.38246733471552924,0.12077798006764537,0,PowerLoad,981,-6261,33.0,15
gen_4051_1,bus_4051,1.4227288077132207,6.791209800197034e-8,-0.19999975213340584,22,RenewableDispatch,-3008,-349,0.6899999999999998,12
bus1524,bus_4051,0.0,-0.6726204796007909,0.0,0,PowerLoad,-3008,-349,0.6899999999999998,12
bus940,bus_4461,0.0,1.6668002342911432,0.2121554505482161,0,PowerLoad,-2012,-2461,11.0,13
bus829,bus_3267,0.0,0.27347744052545203,0.038015685884459936,0,PowerLoad,-972,7187,66.0,8
bus1589,bus_1544,0.0,0.006769419469477987,0.004979283979509045,0,PowerLoad,1393,1164,33.0,2
bus1483,bus_1350,0.0,0.6044089925844649,0.2783595791575856,0,PowerLoad,1684,-523,132.0,3
bus489,bus_4356,0.0,0.6058542461563351,0.16549355968345794,0,PowerLoad,-3940,-1763,33.0,12
gen_MOLNGSF1,bus_1142,0.0,0.0,-1.6999999719524248,21,RenewableDispatch,1349,2391,330.0,1
bus498,bus_1535,0.0,0.20355976452110344,-0.03057154019462117,0,PowerLoad,2018,2379,66.0,1
gen_2063_1,bus_2063,8.239825492765886,-9.28565923580248e-9,1.300000003664417,16,HydroDispatch,-101,-3147,20.0,5
gen_2063_2,bus_2063,8.239825492765886,-9.28565923580248e-9,1.300000003664417,16,HydroDispatch,-101,-3147,20.0,5
bus1348,bus_2063,0.0,0.09799357020251831,0.04346005855908041,0,PowerLoad,-101,-3147,20.0,5
bus1401,bus_3270,0.0,0.1062827080084249,0.03336924023694055,0,PowerLoad,-1045,6993,66.0,8
KEPBG1,bus_3626,0.04,0.04,0.0,1,EnergyReservoirStorage,-1435,6262,132.0,8
bus434,bus_1437,0.0,0.07304845176418086,-0.006821196058626553,0,PowerLoad,-579,-293,132.0,2
bus1969,bus_5182,0.0,0.005951721925830991,0.0016449302765646067,0,PowerLoad,569,-5783,22.0,15
bus1441,bus_1378,0.0,0.024178978607956883,0.000844009810027594,0,PowerLoad,-457,-330,132.0,2
BRNDBES1,bus_3498,3.0,3.0,0.0,1,EnergyReservoirStorage,-96,3624,132.0,9
bus1103,bus_2252,0.0,0.4930740879620747,0.13267875294367115,0,PowerLoad,416,-4320,66.0,6
bus676,bus_3410,0.0,0.38613124043071295,0.15987347308931135,0,PowerLoad,-1267,3530,11.0,11
bus350,bus_3206,0.0,1.7251482972728354,0.35395708537900783,0,PowerLoad,-1033,3534,33.0,11
bus1120,bus_3387,0.0,0.2926333115932296,0.07927322523241108,0,PowerLoad,-1456,2485,11.0,11
bus1231,bus_3283,0.0,0.07998202092500407,0.002749311861074387,0,PowerLoad,-997,6898,66.0,8
bus148,bus_4390,0.0,0.015493225230364671,0.005997956464938979,0,PowerLoad,-1258,-2001,33.0,14
bus1621,bus_1629,0.0,0.2333681754582497,0.03191219990285516,0,PowerLoad,1875,1982,33.0,1
gen_1041_4,bus_1041,0.20688829876551737,2.3975511500195017,-0.37193114470625477,16,HydroDispatch,1354,-1585,15.4,4
bus1009,bus_1041,0.0,0.000755607374716691,0.0007858840458430509,0,PowerLoad,1354,-1585,15.4,4
pv_V6_1,bus_2125,6.124031173377549,0.0,0.0,21,RenewableDispatch,504,-3172,220.0,6
bus1640,bus_3074,0.0,0.28884164325202794,0.0341019481036805,0,PowerLoad,-951,2806,110.0,11
bus771,bus_1416,0.0,0.06094791221885626,0.01920101155343483,0,PowerLoad,1700,1483,132.0,2
wtg_Q1_1,bus_3332,0.6876301830291222,0.0,0.0,22,RenewableDispatch,-2094,6974,132.0,8
bus965,bus_3332,0.0,0.1198673995684422,0.01631534978915161,0,PowerLoad,-2094,6974,132.0,8
bus1300,bus_4296,0.0,0.24894084202483943,-0.12969456484385553,0,PowerLoad,-1884,-2362,66.0,13
bus231,bus_2096,0.0,-0.17098678174185872,0.0,0,PowerLoad,144,-4164,66.0,6
bus430,bus_5237,0.0,0.32687145942174534,0.10649221098624945,0,PowerLoad,963,-6343,33.0,15
bus1968,bus_4457,0.0,1.3140469004450823,1.8508509573123577,0,PowerLoad,-2087,-2335,11.0,13
bus1252,bus_3409,0.0,0.42321044776123834,0.16781713041087523,0,PowerLoad,-1280,3508,11.0,11
bus764,bus_1463,0.0,0.03830437441550011,0.010684055830504595,0,PowerLoad,703,849,132.0,2
bus694,bus_2306,0.0,0.11340836609744327,0.07933934587948899,0,PowerLoad,339,-3574,22.0,6
bus948,bus_2303,0.0,0.10727920233452076,0.02619552435696312,0,PowerLoad,-404,-2893,22.0,5
bus593,bus_1550,0.0,0.031355883318067705,0.013230342556488054,0,PowerLoad,322,-48,66.0,2
WALGRV1,bus_1550,0.5,0.5,0.0,1,EnergyReservoirStorage,322,-48,66.0,2
WTAHB1,bus_1550,8.0,8.0,0.0,1,EnergyReservoirStorage,322,-48,66.0,2
bus1577,bus_4435,0.0,0.04513902724977333,0.015305466231417906,0,PowerLoad,-2180,-3969,11.0,14
bus344,bus_1482,0.0,0.3065207228522345,0.1196002287552731,0,PowerLoad,860,-1643,66.0,4
bus597,bus_4427,0.0,0.003325773767012591,0.004508252451248892,0,PowerLoad,-1900,-3493,7.6,14
Medium_storage_11,bus_2146,0.140000016472,0.140000016472,0.0,1,EnergyReservoirStorage,464,-3836,220.0,6
Medium_storage_3,bus_2146,0.14,0.14,0.0,1,EnergyReservoirStorage,464,-3836,220.0,6
Medium_storage_52,bus_2146,0.140000179548,0.140000179548,0.0,1,EnergyReservoirStorage,464,-3836,220.0,6
Medium_storage_32,bus_2146,0.140000178068,0.140000178068,0.0,1,EnergyReservoirStorage,464,-3836,220.0,6
Medium_storage_64,bus_2146,0.140000180428,0.140000180428,0.0,1,EnergyReservoirStorage,464,-3836,220.0,6
Medium_storage_77,bus_2146,0.140000182768,0.140000182768,0.0,1,EnergyReservoirStorage,464,-3836,220.0,6
Medium_storage_16,bus_2146,0.14000004095199997,0.14000004095199997,0.0,1,EnergyReservoirStorage,464,-3836,220.0,6
Medium_storage_47,bus_2146,0.140000178948,0.140000178948,0.0,1,EnergyReservoirStorage,464,-3836,220.0,6
Medium_storage_68,bus_2146,0.140000182016,0.140000182016,0.0,1,EnergyReservoirStorage,464,-3836,220.0,6
Medium_storage_8,bus_2146,0.140000012348,0.140000012348,0.0,1,EnergyReservoirStorage,464,-3836,220.0,6
Medium_storage_26,bus_2146,0.14000004291999998,0.14000004291999998,0.0,1,EnergyReservoirStorage,464,-3836,220.0,6
Medium_storage_21,bus_2146,0.14000004182399997,0.14000004182399997,0.0,1,EnergyReservoirStorage,464,-3836,220.0,6
gen_4081_2,bus_4081,0.3698279154190703,-9.68851251153455e-9,0.0377858736264067,22,RenewableDispatch,-993,-3168,1.0,14
gen_4081_1,bus_4081,0.3698279154190703,-9.68851251153455e-9,0.0377858736264067,22,RenewableDispatch,-993,-3168,1.0,14
bus543,bus_1395,0.0,0.09095534953449008,0.020718326820337828,0,PowerLoad,951,-2174,132.0,4
bus753,bus_3251,0.0,0.020492569663009753,0.014228897793896047,0,PowerLoad,-1899,5093,33.0,9
bus1081,bus_1259,0.0,0.05861369837874262,0.019861184072916798,0,PowerLoad,-164,-511,132.0,2
bus1316,bus_3203,0.0,0.0017019932507886554,-0.047594040072458134,0,PowerLoad,-995,3510,110.0,11
bus1728,bus_2257,0.0,0.08692373663409425,0.042159858363210324,0,PowerLoad,869,-2937,66.0,6
bus1381,bus_3438,0.0,0.011718188430650187,0.00536078303731578,0,PowerLoad,371,3639,15.75,9
bus1520,bus_2334,0.0,0.0046374745921045485,-0.0046405625760043015,0,PowerLoad,791,-2400,11.0,5
gen_5039_3,bus_5039,0.8485281374238571,0.7000000097749756,0.13271206701334365,16,HydroDispatch,910,-5711,16.0,15
bus1006,bus_1015,0.0,0.0025357575700744126,0.0,0,PowerLoad,2802,2320,0.6899999999999998,1
gen_2015_1,bus_2015,0.3242298567374695,6.44201331979792e-10,-0.01714650646554969,16,HydroDispatch,857,-3331,11.0,6
bus1899,bus_2262,0.0,0.9820491294909462,0.0897722540292642,0,PowerLoad,1307,-4462,66.0,7
bus782,bus_3422,0.0,0.09427237612263833,0.045336268234271906,0,PowerLoad,-963,4900,15.75,9
bus70,bus_4132,0.0,0.20703796492813178,0.007817286089423538,0,PowerLoad,-2547,-2226,66.0,13
bus1951,bus_3474,0.0,0.18173743615822505,0.040120997994269686,0,PowerLoad,-1309,2283,33.0,11
gen_EMERASF1,bus_3567,0.0,0.0,-0.795705095039892,21,RenewableDispatch,-813,3546,275.0,11
bus1357,bus_5043,0.0,-0.08829830424800084,0.0,0,PowerLoad,2004,-5764,0.6899999999999998,15
bus1512,bus_3016,0.0,0.25588438238582467,0.19675121568214057,0,PowerLoad,-931,2995,33.0,11
bus233,bus_4490,0.0,0.5435703912050684,0.24263446381533732,0,PowerLoad,-2624,-2161,11.0,13
bus1830,bus_3191,0.0,0.02150866660201252,0.004312707656656901,0,PowerLoad,-1368,7212,22.0,8
gen_1075_3,bus_1075,0.32121488645054413,1.2000000116479703,-0.1863283402821672,22,RenewableDispatch,1455,-1491,12.5,4
bus1960,bus_1075,0.0,0.0003788487016804738,0.0004029694433753057,0,PowerLoad,1455,-1491,12.5,4
bus887,bus_3035,0.0,0.4299591310339961,0.08122014565733232,0,PowerLoad,-1309,4480,66.0,9
gen_3273_1,bus_3273,0.0105775765322614,0.0,-0.095655600780611,21,RenewableDispatch,-22,5394,132.0,9
bus572,bus_3273,0.0,0.0006462405961286637,-0.020545869475924742,0,PowerLoad,-22,5394,132.0,9
bus26,bus_4168,0.0,0.049083346258308264,0.12702294755144142,0,PowerLoad,-3294,-1435,132.0,12
bus418,bus_5072,0.0,1.0950659302248333,0.05561716013019373,0,PowerLoad,819,-5329,110.0,15
bus1720,bus_1502,0.0,0.06611079448042385,0.015497566743489413,0,PowerLoad,178,981,66.0,2
bus1877,bus_1139,0.0,0.1206937817871532,0.04345935438655717,0,PowerLoad,1042,-2200,132.0,4
bus629,bus_4428,0.0,0.007867513479381144,-0.006725120737830473,0,PowerLoad,-2072,-3582,7.6,14
bus641,bus_4480,0.0,0.15835735425389783,0.0471782685773086,0,PowerLoad,-1918,-1872,11.0,13
bus1531,bus_4337,0.0,0.13330127772120492,0.019426038282719313,0,PowerLoad,-2440,-2336,66.0,13
bus1631,bus_3029,0.0,0.20907882950825488,0.011419138340593389,0,PowerLoad,-1272,4174,33.0,9
gen_5231_3,bus_5231,0.44721359549995804,0.4000000097691451,-0.0082089024802244,4,ThermalStandard,748,-6038,11.0,15
gen_5231_1,bus_5231,0.44721359549995804,0.4000000097691451,-0.0082089024802244,4,ThermalStandard,748,-6038,11.0,15
gen_5231_2,bus_5231,0.44721359549995804,0.4000000097691451,-0.0082089024802244,4,ThermalStandard,748,-6038,11.0,15
bus731,bus_5120,0.0,0.25520563022054704,0.04240875264757002,0,PowerLoad,1056,-5668,22.0,15
bus1474,bus_4172,0.0,0.12614966513402875,-0.06359885778260563,0,PowerLoad,-2715,-1346,132.0,12
gen_1002_1,bus_1002,7.198179700692405,7.59184936237757,2.227315438578727,20,ThermalStandard,752,809,23.0,2
bus130,bus_1002,0.0,0.05467149597181311,0.0461851872977905,0,PowerLoad,752,809,23.0,2
bus1133,bus_1568,0.0,0.14894010367985666,0.0011604414178941324,0,PowerLoad,3,-187,66.0,2
gen_1036_3,bus_1036,1.9108630535617812,3.314137132649325,-0.2813202555495043,4,ThermalStandard,1257,1143,22.0,2
bus1119,bus_1036,0.0,0.03497966867866997,0.021884818047492153,0,PowerLoad,1257,1143,22.0,2
bus1988,bus_3011,0.0,0.23725749748211047,0.03214070300409128,0,PowerLoad,-1396,4072,33.0,9
Snowy_2.0,bus_1118,34.980000000318,34.980000000318,0.0,1,EnergyReservoirStorage,1300,-1557,330.0,4
bus1637,bus_1581,0.0,0.07412890262348328,0.05145721573334022,0,PowerLoad,27,1398,33.0,1
bus304,bus_1318,0.0,3.619235319708503,0.6835987272618343,0,PowerLoad,671,-2297,33.0,5
bus102,bus_5187,0.0,0.32800216639508506,0.04935907869640796,0,PowerLoad,1632,-5585,22.0,15
bus678,bus_3012,0.0,0.03490486228446038,0.01436414148596062,0,PowerLoad,-1453,4074,11.0,9
bus813,bus_1244,0.0,0.02863401757892888,0.018863015572687287,0,PowerLoad,482,-493,132.0,2
bus1412,bus_1243,0.0,0.03573531192358216,0.019328921666388266,0,PowerLoad,658,-372,132.0,2
bus320,bus_3328,0.0,0.3784628297355859,0.03506304447087459,0,PowerLoad,-1388,2149,11.0,11
bus946,bus_2001,0.0,-0.09272203944041885,0.0,0,PowerLoad,32,-4157,0.6899999999999998,6
bus23,bus_4467,0.0,0.021901786039076,0.009215162783273686,0,PowerLoad,-1686,-3006,11.0,14
bus407,bus_4193,0.0,0.43605089078047304,0.3082573974902177,0,PowerLoad,-2249,-1373,132.0,13
bus1264,bus_4455,0.0,0.03466985122127477,0.01554618374524446,0,PowerLoad,-1789,-2936,11.0,14
bus1879,bus_4477,0.0,0.5254826606328038,0.15183555655122827,0,PowerLoad,-1971,-2187,11.0,13
bus1581,bus_4437,0.0,0.04492476932379892,0.022117892478035056,0,PowerLoad,-2164,-4133,11.0,14
bus365,bus_1529,0.0,1.2671583897784846,0.4512261340713011,0,PowerLoad,1191,-613,132.0,3
bus1182,bus_3464,0.0,0.08375539369577707,0.0,0,PowerLoad,-1601,2924,10.5,11
Coordinated_CER_storage_55,bus_2111,0.978770893495,0.978770893495,0.0,1,EnergyReservoirStorage,540,-4107,220.0,6
Coordinated_CER_storage_30,bus_2111,0.334900748028,0.334900748028,0.0,1,EnergyReservoirStorage,540,-4107,220.0,6
Coordinated_CER_storage_45,bus_2111,0.674015139555,0.674015139555,0.0,1,EnergyReservoirStorage,540,-4107,220.0,6
Coordinated_CER_storage_5,bus_2111,0.07042865599999999,0.07042865599999999,0.0,1,EnergyReservoirStorage,540,-4107,220.0,6
Coordinated_CER_storage_13,bus_2111,0.134120752,0.134120752,0.0,1,EnergyReservoirStorage,540,-4107,220.0,6
Coordinated_CER_storage_65,bus_2111,1.336871589895,1.336871589895,0.0,1,EnergyReservoirStorage,540,-4107,220.0,6
Coordinated_CER_storage_7,bus_2111,0.10137945,0.10137945,0.0,1,EnergyReservoirStorage,540,-4107,220.0,6
Coordinated_CER_storage_75,bus_2111,1.7295863085000003,1.7295863085000003,0.0,1,EnergyReservoirStorage,540,-4107,220.0,6
Coordinated_CER_storage_18,bus_2111,0.18624701999999999,0.18624701999999999,0.0,1,EnergyReservoirStorage,540,-4107,220.0,6
Coordinated_CER_storage_40,bus_2111,0.5427105384650001,0.5427105384650001,0.0,1,EnergyReservoirStorage,540,-4107,220.0,6
Coordinated_CER_storage_100,bus_2111,2.9472422912000003,2.9472422912000003,0.0,1,EnergyReservoirStorage,540,-4107,220.0,6
Coordinated_CER_storage_80,bus_2111,1.94414320415,1.94414320415,0.0,1,EnergyReservoirStorage,540,-4107,220.0,6
Coordinated_CER_storage_85,bus_2111,2.1724102096499998,2.1724102096499998,0.0,1,EnergyReservoirStorage,540,-4107,220.0,6
Coordinated_CER_storage_90,bus_2111,2.41400020585,2.41400020585,0.0,1,EnergyReservoirStorage,540,-4107,220.0,6
Coordinated_CER_storage_50,bus_2111,0.823376391175,0.823376391175,0.0,1,EnergyReservoirStorage,540,-4107,220.0,6
Coordinated_CER_storage_60,bus_2111,1.150745506345,1.150745506345,0.0,1,EnergyReservoirStorage,540,-4107,220.0,6
Coordinated_CER_storage_70,bus_2111,1.526889143975,1.526889143975,0.0,1,EnergyReservoirStorage,540,-4107,220.0,6
Coordinated_CER_storage_95,bus_2111,2.6729835936,2.6729835936,0.0,1,EnergyReservoirStorage,540,-4107,220.0,6
Coordinated_CER_storage_35,bus_2111,0.430731847905,0.430731847905,0.0,1,EnergyReservoirStorage,540,-4107,220.0,6
Coordinated_CER_storage_24,bus_2111,0.254268833826,0.254268833826,0.0,1,EnergyReservoirStorage,540,-4107,220.0,6
bus905,bus_4468,0.0,0.014108298402512065,0.006150693130744558,0,PowerLoad,-1452,-3242,11.0,14
bus973,bus_3154,0.0,0.008428565165932744,0.0,0,PowerLoad,631,4150,11.0,10
bus1506,bus_3311,0.0,0.02535032765073437,0.026383391594174365,0,PowerLoad,-668,4073,110.0,9
bus171,bus_4472,0.0,0.02285542394007237,0.010004028374465457,0,PowerLoad,-1519,-3336,11.0,14
bus1828,bus_3179,0.0,0.2913725748244517,0.05018948367939438,0,PowerLoad,-1336,2364,11.0,11
wtg_S3_1,bus_4107,4.8358613023495,0.0,0.0,22,RenewableDispatch,-2794,-1647,275.0,13
wtg_S3_2,bus_4107,2.859976732822518,0.0,0.0,22,RenewableDispatch,-2794,-1647,275.0,13
ADPBA1,bus_4107,0.05,0.05,0.0,1,EnergyReservoirStorage,-2794,-1647,275.0,13
gen_TABMILL2,bus_3237,0.12651181181991336,-8.515848799878692e-9,-0.11082488334173382,22,RenewableDispatch,-472,4285,110.0,9
bus1639,bus_3463,0.0,0.030833702716942416,0.0,0,PowerLoad,-928,7430,10.5,8
bus1289,bus_3587,0.0,0.09831358804901193,0.11569304481515649,0,PowerLoad,-557,4889,20.0,9
bus645,bus_2237,0.0,1.2322444335253055,0.27307189519133757,0,PowerLoad,336,-3883,66.0,6
gen_1003_2,bus_1003,8.126472601754708,5.794312176400977,1.5886136566205242,20,ThermalStandard,769,804,23.0,2
bus1845,bus_1003,0.0,0.07092608401304934,0.05130175936124025,0,PowerLoad,769,804,23.0,2
DALNTH1,bus_4143,0.5,0.5,0.0,1,EnergyReservoirStorage,-2306,-1996,275.0,13
gen_1004_3,bus_1004,7.168530589517941,8.463717536066333,-0.5388492326357163,20,ThermalStandard,687,561,23.0,2
bus292,bus_1004,0.0,0.07301723447235493,0.05113268463517148,0,PowerLoad,687,561,23.0,2
bus8,bus_1611,0.0,0.030599611012003047,0.005298184912058066,0,PowerLoad,2223,2165,11.0,1
bus273,bus_3264,0.0,0.004267078439072344,0.0,0,PowerLoad,-1446,4647,15.0,9
bus1467,bus_1522,0.0,0.01697038494482788,0.011760572207178337,0,PowerLoad,-24,1461,33.0,1
bus1920,bus_5214,0.0,0.10669761776977031,0.02718674676037801,0,PowerLoad,1122,-6320,22.0,15
gen_1044_1,bus_1044,16.670932787339762,8.400000075184948,-1.0807269730475024,20,ThermalStandard,551,47,23.0,2
bus555,bus_1044,0.0,0.06331729363565809,0.052177477987888195,0,PowerLoad,551,47,23.0,2
bus196,bus_1226,0.0,0.009759887471779534,0.00012879328854209144,0,PowerLoad,1876,1777,132.0,1
gen_5018_2,bus_5018,1.0985900054160334,1.0000000097873458,-0.03937461844909328,16,HydroDispatch,860,-5378,13.2,15
bus1098,bus_2249,0.0,1.368154055391998,0.4604485408245871,0,PowerLoad,472,-3932,66.0,6
bus1099,bus_1648,0.0,0.010201932562094345,0.002620456180925673,0,PowerLoad,2236,2578,66.0,1
bus300,bus_3107,0.0,0.21196332584764133,-0.012652739495372772,0,PowerLoad,-1049,5444,66.0,8
bus1499,bus_1284,0.0,0.4095709296849612,0.05147357869860223,0,PowerLoad,295,758,132.0,2
gen_5033_2,bus_5033,1.657790667181406,-8.022317589679727e-9,-0.15123618519266352,16,HydroDispatch,609,-6237,18.0,15
gen_5033_1,bus_5033,1.657790667181406,-8.022317589679727e-9,-0.15123618519266352,16,HydroDispatch,609,-6237,18.0,15
gen_1024_2,bus_1024,0.0,0.8000000096513299,0.0,21,RenewableDispatch,1660,-1046,0.6899999999999998,4
gen_NYNGAN1,bus_1025,1.133523452847377,0.0,-1.6999999719524246,21,RenewableDispatch,1612,-1106,0.6899999999999998,4
gen_JEMALNG1,bus_1025,0.0,0.0,-1.6999999719524244,21,RenewableDispatch,1612,-1106,0.6899999999999998,4
gen_NEVERSF1,bus_1025,0.0,0.0,-1.6999999719524246,21,RenewableDispatch,1612,-1106,0.6899999999999998,4
gen_1025_1,bus_1025,0.0,0.6000000096552432,-0.20000000678890953,21,RenewableDispatch,1612,-1106,0.6899999999999998,4
bus1544,bus_1025,0.0,0.0,-0.12395927537241072,0,PowerLoad,1612,-1106,0.6899999999999998,4
gen_2016_2,bus_2016,0.4532144565033888,6.441172006024599e-10,-0.2999973256011513,22,RenewableDispatch,845,-3349,11.0,6
gen_TOORAWF,bus_2278,0.06823503771292312,-8.515848799878694e-9,-0.11082488334173381,22,RenewableDispatch,1051,-3940,66.0,7
bus1629,bus_2278,0.0,1.6211601452687219,0.08820883926143841,0,PowerLoad,1051,-3940,66.0,7
gen_4024_1,bus_4024,0.0,1.1999975384650994,-0.09999964176102975,21,RenewableDispatch,-3059,-1328,0.6899999999999998,12
gen_4027_1,bus_4027,0.28384950829762123,-9.791539588555685e-9,0.04503866611528381,22,RenewableDispatch,-2243,-2743,11.5,13
gen_3453_1,bus_3453,0.40138616360536444,-8.821856916465004e-9,0.012738575734368998,22,RenewableDispatch,-1945,6842,11.0,8
gen_WHILL1,bus_3453,0.024664398063124714,-8.821856916465006e-9,0.012738575734369002,22,RenewableDispatch,-1945,6842,11.0,8
bus45,bus_3453,0.0,0.007410848299115006,0.0,0,PowerLoad,-1945,6842,11.0,8
bus1405,bus_1486,0.0,0.43314680103111736,0.06810638991551299,0,PowerLoad,1527,-552,132.0,3
bus913,bus_3540,0.0,0.1641034907896261,0.03759456385616174,0,PowerLoad,1432,4487,132.0,9
gen_SRSF1,starbus_xf_3483_3558_3484_3,0.0,0.0,-0.7957050950398917,21,RenewableDispatch,-822,5732,132.0,8
gen_3559_1,bus_3558,0.0,0.0,0.1950640364302244,21,RenewableDispatch,-869,5466,275.0,9
bus212,bus_2241,0.0,3.0671350170564566,0.4129175172804348,0,PowerLoad,1104,-4052,66.0,7
bus472,bus_1163,0.0,0.005413497855697936,0.010055702242969606,0,PowerLoad,1359,-538,132.0,3
gen_5030_1,bus_5030,0.48074017006186537,0.6000000097642098,-0.020103353435724464,16,HydroDispatch,1311,-6355,11.0,15
bus254,bus_3005,0.0,0.04346576534511192,0.06822990656879194,0,PowerLoad,-1475,6850,66.0,8
bus232,bus_5209,0.0,0.036606794976067523,0.0026809772702420394,0,PowerLoad,677,-6458,11.0,15
bus413,bus_5199,0.0,0.047654868131449576,-0.0035744541427914665,0,PowerLoad,1131,-6078,11.0,15
bus1340,bus_4398,0.0,2.798953728747594,2.0204185590056505,0,PowerLoad,-3482,-1608,33.0,12
bus1782,bus_4429,0.0,0.0376306056363771,0.018835043525215773,0,PowerLoad,-1987,-3446,11.0,14
bus1816,bus_3248,0.0,0.06268957264466371,0.007773543915213787,0,PowerLoad,-1173,6240,132.0,8
bus1844,bus_3478,0.0,0.9663555262567861,0.2417904057281252,0,PowerLoad,-1071,4053,132.0,9
gen_CBWF1,starbus_xf_2191_2023_2024_1,0.0643358927007561,-8.515848799878694e-9,-0.11082488334173381,22,RenewableDispatch,740,-1889,330.0,4
bus390,bus_2314,0.0,1.6540861115632368,0.2289274955680704,0,PowerLoad,-424,-3362,22.0,5
bus100,bus_2290,0.0,1.649713861038346,0.49491353469493515,0,PowerLoad,810,-3479,66.0,6
gen_4029_1,bus_4029,0.30655746896143093,-9.791539588555685e-9,0.0483844407548777,22,RenewableDispatch,-2227,-2760,11.5,13
bus1983,bus_3439,0.0,0.015146046823559307,0.006233949325076715,0,PowerLoad,377,3571,15.75,9
bus1136,bus_5213,0.0,0.12744513528616072,0.009332360583744311,0,PowerLoad,1161,-6181,22.0,15
bus799,bus_3404,0.0,0.20239193995740454,0.04773629656739995,0,PowerLoad,-1277,2249,110.0,11
bus1024,bus_3033,0.0,0.011327801553552745,-0.0162741476627002,0,PowerLoad,-1500,5135,6.6,9
bus299,bus_3007,0.0,0.4127947595923063,0.09190080844151853,0,PowerLoad,-1409,2892,33.0,11
bus1331,bus_2197,0.0,2.2495803343098837,0.3686391945911962,0,PowerLoad,888,-4181,66.0,7
bus1998,bus_3500,0.0,0.19390407475896476,0.08445970255605406,0,PowerLoad,-139,3745,66.0,9
bus1657,bus_4466,0.0,0.007535901414431556,0.0031988574428388913,0,PowerLoad,-1915,-2749,11.0,14
gen_4031_2,bus_4031,1.3829316685939332,0.8819804222750354,1.5310325958484785,21,RenewableDispatch,-2169,-2688,66.0,13
gen_4031_1,bus_4031,1.3829316685939332,0.8819804222750354,1.5310325958484785,21,RenewableDispatch,-2169,-2688,66.0,13
bus642,bus_4031,0.0,0.18781555220645868,-0.005576404201030999,0,PowerLoad,-2169,-2688,66.0,13
bus932,bus_3173,0.0,0.0012265361183943768,0.0010398258225584338,0,PowerLoad,-1258,4095,132.0,9
bus453,bus_5196,0.0,0.03916021498111407,0.011288999554018431,0,PowerLoad,1288,-6358,22.0,15
bus1901,bus_1321,0.0,0.050345683679374344,0.015060665352669667,0,PowerLoad,-293,402,132.0,2
bus1071,bus_5127,0.0,0.012451336092929097,-0.006639360021787122,0,PowerLoad,708,-5350,110.0,15
bus1265,bus_1255,0.0,1.4237172112524887,0.4251499869475932,0,PowerLoad,1977,-1315,132.0,4
bus962,bus_2286,0.0,0.4317572146607834,-0.4085732907694728,0,PowerLoad,275,-3385,66.0,5
gen_1058_1,bus_1058,0.8977032217721876,5.500000047170991,-0.9875262853009267,16,HydroDispatch,1202,-890,21.0,3
bus255,bus_1058,0.0,0.1799221322609107,0.060414717458127945,0,PowerLoad,1202,-890,21.0,3
bus1324,bus_4383,0.0,0.27030085000428833,0.11091453924174345,0,PowerLoad,-2578,-1258,33.0,12
bus1194,bus_5186,0.0,0.12787733395367024,0.04229436773964783,0,PowerLoad,1731,-5633,22.0,15
gen_SWAN_E,starbus_xf_3362_3364_3363_1,0.791316104525253,-8.515848799878692e-9,-0.1108248833417338,22,RenewableDispatch,-17,3141,110.0,11
bus1564,bus_1128,0.0,0.0945603810413565,-0.014912680224776854,0,PowerLoad,396,-547,132.0,2
bus1970,bus_1345,0.0,0.023190270529872964,0.004768545524387843,0,PowerLoad,708,82,132.0,2
bus1444,bus_3242,0.0,0.17771968668073435,-0.11354631476394669,0,PowerLoad,-803,5828,132.0,8
bus1152,bus_1560,0.0,0.05611512949756448,0.022924600056595336,0,PowerLoad,473,-20,66.0,2
bus969,bus_3434,0.0,0.24434800114151892,0.0,0,PowerLoad,619,3536,15.0,10
bus1613,bus_3188,0.0,0.14308933411745206,0.011060925629094887,0,PowerLoad,-1432,4432,66.0,9
bus1008,bus_3113,0.0,0.059104946343715284,0.029469638491494896,0,PowerLoad,-929,5934,66.0,8
gen_3419_4,bus_3419,0.20417134706402304,0.8479755663852845,-0.547746568513831,16,HydroDispatch,-1444,4973,15.75,9
gen_3419_5,bus_3419,0.20417134706402304,0.8479755663852845,-0.547746568513831,16,HydroDispatch,-1444,4973,15.75,9
gen_3419_1,bus_3419,0.20417134706402304,0.8479755663852845,-0.547746568513831,16,HydroDispatch,-1444,4973,15.75,9
gen_3419_3,bus_3419,0.20417134706402304,0.8479755663852845,-0.547746568513831,16,HydroDispatch,-1444,4973,15.75,9
gen_3419_2,bus_3419,0.20417134706402304,0.8479755663852845,-0.547746568513831,16,HydroDispatch,-1444,4973,15.75,9
bus1216,bus_3419,0.0,0.0713375939385683,0.07441396160006189,0,PowerLoad,-1444,4973,15.75,9
bus1121,bus_4422,0.0,1.1971112168157003,0.23826080466303776,0,PowerLoad,-2467,-2697,11.0,13
bus27,bus_2293,0.0,0.42190084187414384,0.08140327426255817,0,PowerLoad,779,-2299,66.0,4
bus202,bus_3335,0.0,0.7957399362850999,0.1632617630196664,0,PowerLoad,52,3029,11.0,11
bus1304,bus_5198,0.0,0.07001868138179673,0.006339526318359255,0,PowerLoad,1106,-6069,11.0,15
bus1521,bus_4439,0.0,0.004236757052460541,0.0019052063567964453,0,PowerLoad,-2177,-3163,11.0,14
bus270,bus_4226,0.0,0.01953858298644766,0.014208753319493948,0,PowerLoad,-2009,-3012,66.0,14
Coordinated_CER_storage_81,bus_4226,0.6651883482534999,0.6651883482534999,0.0,1,EnergyReservoirStorage,-2009,-3012,66.0,14
Coordinated_CER_storage_31,bus_4226,0.17140751644599997,0.17140751644599997,0.0,1,EnergyReservoirStorage,-2009,-3012,66.0,14
Coordinated_CER_storage_96,bus_4226,0.8633336547929997,0.8633336547929997,0.0,1,EnergyReservoirStorage,-2009,-3012,66.0,14
Coordinated_CER_storage_16,bus_4226,0.08516847599,0.08516847599,0.0,1,EnergyReservoirStorage,-2009,-3012,66.0,14
Coordinated_CER_storage_76,bus_4226,0.6051986798925,0.6051986798925,0.0,1,EnergyReservoirStorage,-2009,-3012,66.0,14
Coordinated_CER_storage_56,bus_4226,0.3854957091455,0.3854957091455,0.0,1,EnergyReservoirStorage,-2009,-3012,66.0,14
Coordinated_CER_storage_86,bus_4226,0.727527946911,0.727527946911,0.0,1,EnergyReservoirStorage,-2009,-3012,66.0,14
Coordinated_CER_storage_46,bus_4226,0.292608465284,0.292608465284,0.0,1,EnergyReservoirStorage,-2009,-3012,66.0,14
Coordinated_CER_storage_91,bus_4226,0.7939990156954999,0.7939990156954999,0.0,1,EnergyReservoirStorage,-2009,-3012,66.0,14
Coordinated_CER_storage_26,bus_4226,0.139213928712,0.139213928712,0.0,1,EnergyReservoirStorage,-2009,-3012,66.0,14
Coordinated_CER_storage_2,bus_4226,0.037418188008,0.037418188008,0.0,1,EnergyReservoirStorage,-2009,-3012,66.0,14
Coordinated_CER_storage_6,bus_4226,0.04929442399799999,0.04929442399799999,0.0,1,EnergyReservoirStorage,-2009,-3012,66.0,14
Coordinated_CER_storage_21,bus_4226,0.11085784693900001,0.11085784693900001,0.0,1,EnergyReservoirStorage,-2009,-3012,66.0,14
Coordinated_CER_storage_36,bus_4226,0.2074732824545,0.2074732824545,0.0,1,EnergyReservoirStorage,-2009,-3012,66.0,14
Coordinated_CER_storage_41,bus_4226,0.24856663671800003,0.24856663671800003,0.0,1,EnergyReservoirStorage,-2009,-3012,66.0,14
Coordinated_CER_storage_61,bus_4226,0.43978813637450004,0.43978813637450004,0.0,1,EnergyReservoirStorage,-2009,-3012,66.0,14
Coordinated_CER_storage_11,bus_4226,0.06264856599399998,0.06264856599399998,0.0,1,EnergyReservoirStorage,-2009,-3012,66.0,14
Coordinated_CER_storage_51,bus_4226,0.3365313319735,0.3365313319735,0.0,1,EnergyReservoirStorage,-2009,-3012,66.0,14
Coordinated_CER_storage_66,bus_4226,0.4931900139525,0.4931900139525,0.0,1,EnergyReservoirStorage,-2009,-3012,66.0,14
Coordinated_CER_storage_71,bus_4226,0.5483602616765,0.5483602616765,0.0,1,EnergyReservoirStorage,-2009,-3012,66.0,14
bus1342,bus_1252,0.0,9.299229257881146,0.8010557537940416,0,PowerLoad,875,144,132.0,3
bus1073,bus_5218,0.0,0.10362451149924849,-0.00048565865037798034,0,PowerLoad,1292,-5726,22.0,15
bus847,bus_3493,0.0,0.35282821370268236,0.2912515981711163,0,PowerLoad,-398,5494,66.0,9
bus1048,bus_2075,0.0,-0.9013585550150516,0.0,0,PowerLoad,-33,-3732,0.65,5
bus688,bus_5222,0.0,0.002684097843090748,0.003190998482496065,0,PowerLoad,546,-6661,11.0,15
bus33,bus_4210,0.0,0.12401927218049397,0.0886858024031486,0,PowerLoad,-1444,-1776,132.0,13
bus1768,bus_1224,0.0,0.015074539308747456,0.0024949327494921125,0,PowerLoad,515,156,132.0,2
bus1957,bus_3215,0.0,0.1741500763951543,0.06248620382246275,0,PowerLoad,-1170,6962,11.0,8
BUNGAMB1,bus_4117,1.0,1.0,0.0,1,EnergyReservoirStorage,-2144,-1797,275.0,13
bus574,bus_4365,0.0,0.5583422030955293,0.24045404620802152,0,PowerLoad,-2798,-1260,33.0,12
gen_GULLRSF1,bus_1109,0.0,0.0,-1.6999999719524246,21,RenewableDispatch,1063,2437,330.0,1
gen_WRSF1,bus_1109,0.22219414933791576,0.0,-1.6999999719524246,21,RenewableDispatch,1063,2437,330.0,1
bus1861,bus_1475,0.0,0.10081503368743303,0.020227852344202525,0,PowerLoad,2136,-1462,132.0,4
bus1302,bus_4156,0.0,0.3120978737390804,0.13803916651987186,0,PowerLoad,-3361,-1633,132.0,12
bus912,bus_3070,0.0,0.6342187303087231,0.14525780139021466,0,PowerLoad,-696,6159,33.0,8
bus769,bus_1050,0.0,0.002250060438074946,0.0014680854288468075,0,PowerLoad,788,582,15.0,2
bus747,bus_2081,0.0,-1.3510215472565523,0.0,0,PowerLoad,-490,-3510,22.0,5
bus1543,bus_3103,0.0,0.4540671874350025,0.06870174685253391,0,PowerLoad,-1510,4330,66.0,9
bus242,bus_1595,0.0,0.024889491741525376,0.0005798235939578725,0,PowerLoad,2865,2748,66.0,1
gen_CULLRGWF,bus_1647,0.03846726495899658,-8.515848799878692e-9,-0.1108248833417338,22,RenewableDispatch,-170,484,11.0,2
bus1329,bus_1647,0.0,0.05702663135632007,0.0146866859742103,0,PowerLoad,-170,484,11.0,2
bus1811,bus_3401,0.0,0.13701096506080251,0.06025997598620388,0,PowerLoad,-896,6940,66.0,8
bus1322,bus_1455,0.0,0.11537383866547354,0.04696178505238652,0,PowerLoad,438,792,132.0,2
bus1603,bus_3013,0.0,0.044049286920396724,0.015384005498887274,0,PowerLoad,-1406,4123,11.0,9
bus75,bus_5221,0.0,0.05509446647742697,-0.0029700624234532715,0,PowerLoad,1131,-5961,22.0,15
gen_WARWSF2,bus_3593,0.0,0.0,-0.7957050950398918,21,RenewableDispatch,-613,3347,275.0,11
gen_WARWSF1,bus_3593,0.0,0.0,-0.7957050950398918,21,RenewableDispatch,-613,3347,275.0,11
gen_3594_1,bus_3593,0.0,0.0,-0.599999932340424,21,RenewableDispatch,-613,3347,275.0,11
gen_1069_1,bus_1069,2.8633244533034534,-8.515848799878692e-9,-0.11082488334173381,22,RenewableDispatch,794,-2014,15.75,4
bus1725,bus_3403,0.0,0.760420219915506,0.4917292679073259,0,PowerLoad,-17,3237,33.0,11
gen_5004_1,bus_5004,1.7857032228228742,1.5000000147720551,0.3091927027553426,16,HydroDispatch,1010,-5711,13.8,15
bus683,bus_3282,0.0,6.720715528798135,0.6642864295230761,0,PowerLoad,1072,4315,132.0,10
gen_2246_1,bus_2246,0.0,0.7000000097221356,0.053133572835630305,21,RenewableDispatch,1510,-4562,33.0,7
gen_2055_2,bus_2055,0.3016045525559072,0.7000000097734485,0.2000000060667921,16,HydroDispatch,-314,-3692,0.6899999999999998,5
gen_VALDORA1,bus_3526,0.0,0.0,-0.7957050950398918,21,RenewableDispatch,389,3622,15.75,9
bus1663,bus_3526,0.0,0.012277158340372732,0.006222808794328763,0,PowerLoad,389,3622,15.75,9
bus1255,bus_3202,0.0,0.4022783700444053,-0.000629710157285123,0,PowerLoad,-751,6043,66.0,8
bus691,bus_4080,0.0,-0.23472923340096657,0.0,0,PowerLoad,-969,-3162,0.6899999999999998,14
gen_1039_2,bus_1039,0.19654388382724147,2.19103942539227,-0.3794980413102803,16,HydroDispatch,1345,-1629,15.4,4
bus1386,bus_1039,0.0,0.0007397895467611722,0.0007663320650196237,0,PowerLoad,1345,-1629,15.4,4
bus826,bus_3586,0.0,0.16178865284930222,0.07701173801914378,0,PowerLoad,-576,4901,20.0,9
bus1989,bus_1575,0.0,3.1689195885944326,0.03835876626299657,0,PowerLoad,1044,-449,33.0,3
bus305,bus_3425,0.0,0.1795979084501935,0.07813953249534425,0,PowerLoad,-271,3717,20.0,9
bus861,bus_4500,0.0,0.14757556460118915,0.06340138318746802,0,PowerLoad,-2424,-1109,33.0,12
bus1043,bus_5184,0.0,0.0010210456248799147,-0.0007620414802661011,0,PowerLoad,565,-5918,11.0,15
bus170,bus_1189,0.0,0.1576323380935478,0.007037421613342299,0,PowerLoad,732,-450,132.0,2
Passive_CER_storage_34,bus_1189,0.29269204487,0.29269204487,0.0,1,EnergyReservoirStorage,732,-450,132.0,2
Passive_CER_storage_49,bus_1189,0.37187092771,0.37187092771,0.0,1,EnergyReservoirStorage,732,-450,132.0,2
Passive_CER_storage_79,bus_1189,0.44551197381,0.44551197381,0.0,1,EnergyReservoirStorage,732,-450,132.0,2
Passive_CER_storage_69,bus_1189,0.4372279039100001,0.4372279039100001,0.0,1,EnergyReservoirStorage,732,-450,132.0,2
Passive_CER_storage_84,bus_1189,0.44617808527,0.44617808527,0.0,1,EnergyReservoirStorage,732,-450,132.0,2
Passive_CER_storage_7,bus_1189,0.16633038041000003,0.16633038041000003,0.0,1,EnergyReservoirStorage,732,-450,132.0,2
Passive_CER_storage_89,bus_1189,0.44487281833,0.44487281833,0.0,1,EnergyReservoirStorage,732,-450,132.0,2
Passive_CER_storage_18,bus_1189,0.21141239063,0.21141239063,0.0,1,EnergyReservoirStorage,732,-450,132.0,2
Passive_CER_storage_39,bus_1189,0.31625172544,0.31625172544,0.0,1,EnergyReservoirStorage,732,-450,132.0,2
Passive_CER_storage_99,bus_1189,0.4506948688400001,0.4506948688400001,0.0,1,EnergyReservoirStorage,732,-450,132.0,2
Passive_CER_storage_54,bus_1189,0.39090992367,0.39090992367,0.0,1,EnergyReservoirStorage,732,-450,132.0,2
Passive_CER_storage_94,bus_1189,0.44718526773,0.44718526773,0.0,1,EnergyReservoirStorage,732,-450,132.0,2
Passive_CER_storage_23,bus_1189,0.24147184948,0.24147184948,0.0,1,EnergyReservoirStorage,732,-450,132.0,2
Passive_CER_storage_74,bus_1189,0.44297914904,0.44297914904,0.0,1,EnergyReservoirStorage,732,-450,132.0,2
Passive_CER_storage_4,bus_1189,0.140147317634,0.140147317634,0.0,1,EnergyReservoirStorage,732,-450,132.0,2
Passive_CER_storage_59,bus_1189,0.40943518428,0.40943518428,0.0,1,EnergyReservoirStorage,732,-450,132.0,2
Passive_CER_storage_29,bus_1189,0.26767795713000003,0.26767795713000003,0.0,1,EnergyReservoirStorage,732,-450,132.0,2
Passive_CER_storage_13,bus_1189,0.18538442209000003,0.18538442209000003,0.0,1,EnergyReservoirStorage,732,-450,132.0,2
Passive_CER_storage_64,bus_1189,0.42559968591999997,0.42559968591999997,0.0,1,EnergyReservoirStorage,732,-450,132.0,2
Passive_CER_storage_44,bus_1189,0.34373682882000006,0.34373682882000006,0.0,1,EnergyReservoirStorage,732,-450,132.0,2
gen_4064_1,bus_4064,2.8417896921371106,2.79999986269762,0.751542542280486,4,ThermalStandard,-1778,-2620,16.0,14
gen_4064_2,bus_4064,2.8417896921371106,2.79999986269762,0.751542542280486,4,ThermalStandard,-1778,-2620,16.0,14
bus1882,bus_4064,0.0,0.00910103743861703,0.0045299721416612706,0,PowerLoad,-1778,-2620,16.0,14
bus1434,bus_3505,0.0,1.2224149752035385,0.42385997760334976,0,PowerLoad,-444,2787,33.0,11
bus1378,bus_5133,0.0,0.06306052063064127,0.0035222076092710952,0,PowerLoad,1050,-6217,33.0,15
bus437,bus_4178,0.0,0.05852484926204529,-0.020477492825347457,0,PowerLoad,-2148,-1243,132.0,13
bus473,bus_1508,0.0,0.2348475963038245,-0.015069715062660199,0,PowerLoad,373,-902,66.0,4
bus1251,bus_4432,0.0,0.0003126128769147172,3.654567371323864e-5,0,PowerLoad,-2306,-3822,7.6,14
bus554,bus_1650,0.0,0.33020387877712865,0.03578651634996735,0,PowerLoad,911,-2041,33.0,4
gen_2056_3,bus_2056,0.20043403078005387,0.5000000097710117,0.1000000061694875,22,RenewableDispatch,-297,-3716,0.6899999999999998,5
bus658,bus_3053,0.0,0.11093420012738525,-0.005078556934433744,0,PowerLoad,233,5132,66.0,9
bus850,bus_3160,0.0,0.026168001110268766,-0.13524740792968085,0,PowerLoad,-782,5815,132.0,8
bus346,bus_5174,0.0,0.1409793694631736,0.0904329848913537,0,PowerLoad,1161,-6383,6.6,15
bus699,bus_1293,0.0,0.01021109999062798,-0.014791912646144769,0,PowerLoad,2279,-1561,132.0,4
bus399,bus_1507,0.0,0.3467139202637267,0.037154892132688036,0,PowerLoad,814,-2288,66.0,4
gen_MARYRSF1,bus_3584,0.0,0.0,-0.7957050950398918,21,RenewableDispatch,-1503,6658,275.0,8
MANNUMB1,bus_4114,1.0,1.0,0.0,1,EnergyReservoirStorage,-2627,-1902,275.0,13
bus57,bus_1602,0.0,0.0130349965259776,0.009997264133128373,0,PowerLoad,1770,1218,33.0,2
bus696,bus_1527,0.0,0.10085387269055351,0.008458376236594779,0,PowerLoad,1873,2274,66.0,1
bus617,bus_1246,0.0,0.03290905165519779,0.020077977167362936,0,PowerLoad,459,-475,132.0,2
bus1447,bus_1593,0.0,0.03163558885030612,0.027770308259461328,0,PowerLoad,2977,2908,132.0,1
gen_TIMWEST,bus_2030,0.04813983453553622,-8.515848799878692e-9,-0.11082488334173381,22,RenewableDispatch,769,-1904,15.0,5
gen_2030_2,bus_2030,0.9579031500314522,1.1000000106520977,0.499999984643284,22,RenewableDispatch,769,-1904,15.0,5
gen_DIAPURWF1,bus_2030,0.05348870503948469,-8.515848799878694e-9,-0.11082488334173383,22,RenewableDispatch,769,-1904,15.0,5
gen_FNWF1,bus_2030,0.08023305755922704,-8.515848799878692e-9,-0.11082488334173382,22,RenewableDispatch,769,-1904,15.0,5
gen_2030_1,bus_2030,0.9579031500314522,1.1000000106520977,0.499999984643284,22,RenewableDispatch,769,-1904,15.0,5
bus1433,bus_2030,0.0,0.0020748741482020895,0.0021143533181750968,0,PowerLoad,769,-1904,15.0,5
bus1094,bus_4097,0.0,0.09606017886971802,-0.17562150714320007,0,PowerLoad,-3742,-1731,66.0,12
bus201,bus_3230,0.0,0.7478841606904377,0.25109611633923273,0,PowerLoad,-639,3166,33.0,11
gen_GRANWF1,bus_5144,0.5455913313794958,0.4000000097693037,-0.00896203154127144,22,RenewableDispatch,1222,-5533,220.0,15
bus64,bus_1371,0.0,0.0786185953314538,0.034039095612883236,0,PowerLoad,683,-534,132.0,2
bus674,bus_1585,0.0,0.03819406654870232,0.014332800653201654,0,PowerLoad,107,881,33.0,2
TEMPB1,bus_4150,1.0,1.0,0.0,1,EnergyReservoirStorage,-2282,-1835,275.0,13
bus1608,bus_1613,0.0,0.10241407758122303,0.004521738960514025,0,PowerLoad,2144,1943,66.0,1
LIMBESS1,bus_1383,0.5,0.5,0.0,1,EnergyReservoirStorage,407,-1151,33.0,4
bus1905,bus_1288,0.0,0.37096012488633046,0.12278964780748995,0,PowerLoad,2161,-1359,132.0,4
bus1984,bus_4417,0.0,0.6766111661316672,0.20740667471369073,0,PowerLoad,-2522,-2247,11.0,13
gen_GLENMAG1,bus_2291,0.02110844418710199,-9.621017705979893e-9,0.0999999925620224,16,HydroDispatch,669,-4017,66.0,6
bus1053,bus_2291,0.0,2.0567890091714576,0.3896263533001412,0,PowerLoad,669,-4017,66.0,6
bus1238,bus_4449,0.0,0.0036871931201458204,0.001979365872114647,0,PowerLoad,-2474,-3131,11.0,14
bus746,bus_2266,0.0,0.32061414006644656,0.01889306259367228,0,PowerLoad,42,-3609,66.0,5
bus1045,bus_4481,0.0,0.1317394254968308,0.04142398485132672,0,PowerLoad,-1853,-2061,11.0,13
gen_1066_1,bus_1066,0.0,0.0,-1.6999999719524246,21,RenewableDispatch,679,322,330.0,2
bus977,bus_1638,0.0,0.18522021505200226,0.013350217748809812,0,PowerLoad,1531,1700,66.0,1
gen_KINGASF1,bus_3483,0.0,0.0,-0.795705095039892,21,RenewableDispatch,-822,5732,132.0,8
bus387,bus_4484,0.0,0.019338648930678798,0.0033307922475890655,0,PowerLoad,-1910,-3215,11.0,14
bus1108,bus_1249,0.0,0.40377436386085686,0.07100095992825473,0,PowerLoad,1098,-2068,132.0,4
bus1518,bus_4413,0.0,0.014363670731833127,-0.008056177494467234,0,PowerLoad,-2093,-2592,11.0,13
bus1504,bus_1338,0.0,0.08555827068209165,0.03165557512215316,0,PowerLoad,787,-513,132.0,2
bus314,bus_3245,0.0,0.0008933642096221098,-0.016440864851544175,0,PowerLoad,-1281,6365,132.0,8
gen_1038_1,bus_1038,0.29943429656467824,2.5068061806122532,-0.38582330503878337,16,HydroDispatch,1364,-1619,15.4,4
bus822,bus_1038,0.0,0.0007964056845868406,0.0007382440627071958,0,PowerLoad,1364,-1619,15.4,4
gen_5005_5,bus_5005,0.4525728211017537,1.5000000147717105,0.2991822970927146,16,HydroDispatch,957,-5707,13.8,15
gen_5005_3,bus_5005,0.4525728211017537,1.5000000147717105,0.2991822970927146,16,HydroDispatch,957,-5707,13.8,15
gen_5005_1,bus_5005,0.4525728211017537,1.5000000147717105,0.2991822970927146,16,HydroDispatch,957,-5707,13.8,15
gen_5005_2,bus_5005,0.4525728211017537,1.5000000147717105,0.2991822970927146,16,HydroDispatch,957,-5707,13.8,15
gen_5005_4,bus_5005,0.4525728211017537,1.5000000147717105,0.2991822970927146,16,HydroDispatch,957,-5707,13.8,15
bus282,bus_1364,0.0,0.104267906692879,0.0325098252070235,0,PowerLoad,985,1738,132.0,1
bus776,bus_1341,0.0,0.05314538361531715,0.004003055844096256,0,PowerLoad,294,913,132.0,2
gen_2003_1,bus_2003,0.3720679614011862,0.9000000095208436,0.19367325400966923,16,HydroDispatch,992,-3064,13.8,6
gen_2003_2,bus_2003,0.3720679614011862,0.9000000095208436,0.19367325400966923,16,HydroDispatch,992,-3064,13.8,6
gen_4034_1,bus_4034,0.635608663346725,-9.733512113389379e-9,-0.0056733546401561506,22,RenewableDispatch,-2703,-2725,11.5,13
bus488,bus_4447,0.0,0.03786097436509683,0.015949676169905235,0,PowerLoad,-2408,-3221,11.0,14
gen_1043_2,bus_1043,0.1755304497103286,2.505896434078071,-0.3767797566346519,16,HydroDispatch,1324,-1614,15.4,4
gen_1043_1,bus_1043,0.1755304497103286,2.505896434078071,-0.3767797566346519,16,HydroDispatch,1324,-1614,15.4,4
bus1892,bus_1043,0.0,0.0007973516070214264,0.0007453711743913134,0,PowerLoad,1324,-1614,15.4,4
bus1936,bus_3651,0.0,0.22046712658632156,-0.06941914088081386,0,PowerLoad,721,2854,132.0,11
bus1014,bus_3081,0.0,0.08955814059885542,0.024541740096370078,0,PowerLoad,-1452,7139,22.0,8
bus853,bus_3145,0.0,0.28011023111387967,0.08078217363115714,0,PowerLoad,-1616,7306,22.0,8
bus1946,bus_5207,0.0,0.01219524361520496,0.00141399450004078,0,PowerLoad,1425,-6195,22.0,15
bus182,bus_1651,0.0,0.025558596164976532,-0.010564739371295024,0,PowerLoad,-1124,2030,66.0,1
bus943,bus_1320,0.0,0.05323396478526381,-0.024796370629283384,0,PowerLoad,1005,-407,132.0,3
bus894,bus_1557,0.0,0.13458809201366242,0.026039583201661012,0,PowerLoad,844,1491,11.0,1
bus290,bus_1051,0.0,0.0019459930829913367,0.001190534149983012,0,PowerLoad,776,532,15.0,2
bus1074,bus_3331,0.0,0.3887875826698211,0.12455459641647065,0,PowerLoad,-1691,7364,22.0,8
RANGEB1,bus_2121,2.5,2.5,0.0,1,EnergyReservoirStorage,924,-3962,220.0,7
bus992,bus_4228,0.0,0.5414757805632747,0.18707695525841395,0,PowerLoad,-2150,-1130,66.0,13
gen_4065_3,bus_4065,0.5053491642199258,2.6999998617854413,0.6708307361328479,4,ThermalStandard,-1769,-2584,16.0,14
gen_4065_2,bus_4065,0.5053491642199258,2.6999998617854413,0.6708307361328479,4,ThermalStandard,-1769,-2584,16.0,14
gen_4065_4,bus_4065,0.5053491642199258,2.6999998617854413,0.6708307361328479,4,ThermalStandard,-1769,-2584,16.0,14
gen_4065_5,bus_4065,0.5053491642199258,2.6999998617854413,0.6708307361328479,4,ThermalStandard,-1769,-2584,16.0,14
gen_4065_1,bus_4065,0.5053491642199258,2.6999998617854413,0.6708307361328479,4,ThermalStandard,-1769,-2584,16.0,14
bus1033,bus_4065,0.0,0.008848436966784641,0.004504377937697599,0,PowerLoad,-1769,-2584,16.0,14
gen_CODRNGTON,bus_2168,0.12168680396482764,-8.515848799878692e-9,-0.1108248833417338,22,RenewableDispatch,854,-3647,220.0,6
bus415,bus_5096,0.0,0.04146353264220284,0.01226205662950458,0,PowerLoad,656,-6456,33.0,15
bus1414,bus_1576,0.0,0.32165672884232277,-0.005221544870962432,0,PowerLoad,861,-757,33.0,4
bus194,bus_3241,0.0,0.06397635874600881,-0.17796966352904903,0,PowerLoad,-826,5825,132.0,8
bus354,bus_1344,0.0,0.5222881613830531,0.16722232636112422,0,PowerLoad,1490,-430,132.0,3
bus551,bus_2271,0.0,4.4406969054882435,0.6480903716546493,0,PowerLoad,238,-3228,66.0,5
bus733,bus_1240,0.0,0.19507647602551192,-0.001455501084872299,0,PowerLoad,374,-435,132.0,2
Shallow_storage_6,bus_1240,0.37601856655699994,0.37601856655699994,0.0,1,EnergyReservoirStorage,374,-435,132.0,2
Shallow_storage_33,bus_1240,0.653698518555,0.653698518555,0.0,1,EnergyReservoirStorage,374,-435,132.0,2
Shallow_storage_10,bus_1240,0.522994032785,0.522994032785,0.0,1,EnergyReservoirStorage,374,-435,132.0,2
Shallow_storage,bus_1240,0.308278806424,0.308278806424,0.0,1,EnergyReservoirStorage,374,-435,132.0,2
Shallow_storage_36,bus_1240,0.6389853185550001,0.6389853185550001,0.0,1,EnergyReservoirStorage,374,-435,132.0,2
Shallow_storage_14,bus_1240,0.657385318555,0.657385318555,0.0,1,EnergyReservoirStorage,374,-435,132.0,2
Shallow_storage_21,bus_1240,0.668198518555,0.668198518555,0.0,1,EnergyReservoirStorage,374,-435,132.0,2
Shallow_storage_18,bus_1240,0.653485318555,0.653485318555,0.0,1,EnergyReservoirStorage,374,-435,132.0,2
Shallow_storage_31,bus_1240,0.643985318555,0.643985318555,0.0,1,EnergyReservoirStorage,374,-435,132.0,2
Shallow_storage_25,bus_1240,0.6606985185550001,0.6606985185550001,0.0,1,EnergyReservoirStorage,374,-435,132.0,2
Shallow_storage_12,bus_1240,0.532072918555,0.532072918555,0.0,1,EnergyReservoirStorage,374,-435,132.0,2
Shallow_storage_23,bus_1240,0.645985318555,0.645985318555,0.0,1,EnergyReservoirStorage,374,-435,132.0,2
Shallow_storage_40,bus_1240,0.5439185185550001,0.5439185185550001,0.0,1,EnergyReservoirStorage,374,-435,132.0,2
Shallow_storage_16,bus_1240,0.672098518555,0.672098518555,0.0,1,EnergyReservoirStorage,374,-435,132.0,2
gen_2095_2,bus_2095,1.1465214502324887,2.2685108480654534,-0.3595825302704559,22,RenewableDispatch,959,-4023,20.0,7
gen_2095_3,bus_2095,1.1465214502324887,2.2685108480654534,-0.3595825302704559,22,RenewableDispatch,959,-4023,20.0,7
gen_2095_1,bus_2095,1.1465214502324887,2.2685108480654534,-0.3595825302704559,22,RenewableDispatch,959,-4023,20.0,7
bus1889,bus_2095,0.0,0.39859700195769115,0.214179875416768,0,PowerLoad,959,-4023,20.0,7
gen_2004_8,bus_2004,1.9925109786397668,1.000000009520273,0.2469907659138511,16,HydroDispatch,997,-3037,13.8,6
bus1864,bus_2035,0.0,0.00045836117501487375,0.0004625441966731613,0,PowerLoad,1317,-4224,10.5,7
bus1416,bus_3399,0.0,0.2723471762663419,0.06944702757094709,0,PowerLoad,-1830,2075,11.0,11
bus1996,bus_3156,0.0,0.008077558967892745,0.0,0,PowerLoad,571,4159,11.0,10
bus1369,bus_3300,0.0,0.911049445474665,0.2680733145989019,0,PowerLoad,1342,4456,132.0,10
gen_1074_1,bus_1074,0.831714609559357,1.1000000106483183,-0.23009472693977473,22,RenewableDispatch,1419,-1517,12.5,4
gen_1074_2,bus_1074,0.831714609559357,1.1000000106483183,-0.23009472693977473,22,RenewableDispatch,1419,-1517,12.5,4
bus1365,bus_1074,0.0,0.0003663675314076685,0.0003693829848841572,0,PowerLoad,1419,-1517,12.5,4
gen_2092_1,bus_2092,5.377462291308461,3.111182606253472,0.4769761967336132,4,ThermalStandard,1230,-3851,20.0,7
bus1907,bus_2092,0.0,0.23282265717660885,0.1818342634327256,0,PowerLoad,1230,-3851,20.0,7
wtg_N8_1,bus_1238,0.14604682724264023,0.0,0.0,22,RenewableDispatch,1931,-1833,132.0,4
bus1529,bus_2336,0.0,0.12084230537476331,0.059970465713936896,0,PowerLoad,936,-4019,22.0,7
bus1566,bus_5197,0.0,0.0009840673762431021,-0.0015893286730765555,0,PowerLoad,1485,-6382,22.0,15
bus1863,bus_1572,0.0,0.013179354635210966,-0.0025590607363662967,0,PowerLoad,2213,2386,66.0,1
bus1270,bus_2255,0.0,0.2110651101776374,0.0,0,PowerLoad,1320,-4352,66.0,7
gen_1149_2,bus_1149,0.0,9.000000089644043,-1.7532864814854519,21,RenewableDispatch,721,682,330.0,2
gen_1149_1,bus_1149,0.0,9.000000089644043,-1.7532864814854519,21,RenewableDispatch,721,682,330.0,2
bus1854,bus_5241,0.0,0.15709225463842616,-0.04315504086555554,0,PowerLoad,1162,-6405,6.6,15
bus477,bus_5217,0.0,0.09062614873692693,0.022840831916868306,0,PowerLoad,413,-5730,22.0,15
gen_2059_6,bus_2059,0.9251022203223584,1.2000000117648983,0.20000000655936687,22,RenewableDispatch,-275,-3768,0.6899999999999998,5
gen_2044_1,bus_2044,6.343308220768834,-9.245051459779091e-9,-0.006448711003290266,8,ThermalStandard,676,-4257,21.0,6
gen_2044_2,bus_2044,6.343308220768834,-9.245051459779091e-9,-0.006448711003290266,8,ThermalStandard,676,-4257,21.0,6
bus1668,bus_2044,0.0,0.323548431972757,0.20372055147754253,0,PowerLoad,676,-4257,21.0,6
bus1418,bus_4251,0.0,0.014567127382454186,0.01334897951343635,0,PowerLoad,-2185,-3693,66.0,14
gen_4053_12,bus_4053,1.4080159232054161,1.999999834524425,0.8999997930007999,4,ThermalStandard,-1976,-2688,15.75,14
bus76,bus_4053,0.0,0.012968181184729297,0.0002238015237726044,0,PowerLoad,-1976,-2688,15.75,14
bus1986,bus_3125,0.0,0.2883805152828528,0.14494993334088715,0,PowerLoad,-1373,2400,11.0,11
bus1399,bus_4421,0.0,0.23869719242741558,-0.03198171467343425,0,PowerLoad,-2336,-2734,11.0,13
bus1253,bus_3392,0.0,1.1174479400856674,0.3631477166117747,0,PowerLoad,-1090,3172,33.0,11
bus700,bus_4426,0.0,0.01355641492751012,0.0024438151646207756,0,PowerLoad,-2020,-3653,7.6,14
bus1374,bus_3174,0.0,0.001290963564974112,-0.007604423954989078,0,PowerLoad,-1425,4091,132.0,9
Borumba,bus_3174,4.7951999999999995,4.7951999999999995,0.0,1,EnergyReservoirStorage,-1425,4091,132.0,9
gen_3649_1,bus_3158,0.0,0.0,-0.8999976816537634,21,RenewableDispatch,307,3563,275.0,9
bus792,bus_4424,0.0,0.0310860779651063,0.011526421577859778,0,PowerLoad,-1938,-3768,11.0,14
bus653,bus_3232,0.0,0.062238065824288945,0.009186220500814586,0,PowerLoad,-117,5514,132.0,9
bus155,bus_2065,0.0,0.07188796192085337,0.023433395339721507,0,PowerLoad,1372,-4478,11.0,7
bus823,bus_4420,0.0,0.4561823429030596,0.08043183636697773,0,PowerLoad,-2382,-2515,11.0,13
bus924,bus_3085,0.0,0.19967003904478012,0.049091862235166636,0,PowerLoad,-1460,7399,22.0,8
bus1105,bus_3271,0.0,1.4984623781455328,0.29374883530824863,0,PowerLoad,-580,2683,33.0,11
Deep_storage_27,bus_2208,1.8022320000000001e-6,1.8022320000000001e-6,0.0,1,EnergyReservoirStorage,453,-3333,500.0,6
MREHA2,bus_2208,2.0,2.0,0.0,1,EnergyReservoirStorage,453,-3333,500.0,6
Deep_storage_4,bus_2208,5.671199999999999e-8,5.671199999999999e-8,0.0,1,EnergyReservoirStorage,453,-3333,500.0,6
Deep_storage_22,bus_2208,1.783896e-6,1.783896e-6,0.0,1,EnergyReservoirStorage,453,-3333,500.0,6
Deep_storage_23,bus_2208,1.7874e-6,1.7874e-6,0.0,1,EnergyReservoirStorage,453,-3333,500.0,6
Deep_storage_14,bus_2208,1.77768e-6,1.77768e-6,0.0,1,EnergyReservoirStorage,453,-3333,500.0,6
Deep_storage_10,bus_2208,6.672e-8,6.672e-8,0.0,1,EnergyReservoirStorage,453,-3333,500.0,6
Deep_storage_8,bus_2208,6.287999999999999e-8,6.287999999999999e-8,0.0,1,EnergyReservoirStorage,453,-3333,500.0,6
MREHA1,bus_2208,2.0,2.0,0.0,1,EnergyReservoirStorage,453,-3333,500.0,6
MREHA3,bus_2208,4.0,4.0,0.0,1,EnergyReservoirStorage,453,-3333,500.0,6
Deep_storage_18,bus_2208,1.78128e-6,1.78128e-6,0.0,1,EnergyReservoirStorage,453,-3333,500.0,6
bus448,bus_3343,0.0,0.3173430791714873,0.0886523277725863,0,PowerLoad,-1230,3017,33.0,11
bus1546,bus_4385,0.0,0.6369813434721285,0.286512309388145,0,PowerLoad,-1450,-1717,33.0,13
bus1995,bus_1615,0.0,0.01989943075669012,-0.001809230156779868,0,PowerLoad,2611,-1775,33.0,4
bus227,bus_4394,0.0,0.010480508363556558,0.0027264671024898397,0,PowerLoad,-882,-2787,33.0,14
bus1400,bus_1477,0.0,0.40376689966230345,0.1350780381126915,0,PowerLoad,1237,1469,132.0,1
bus490,bus_1517,0.0,0.0008378114556879493,-0.006758190166183363,0,PowerLoad,894,-1382,66.0,4
bus817,bus_3370,0.0,0.22662340013474108,0.004964020322906924,0,PowerLoad,-508,4387,33.0,9
bus1701,bus_3424,0.0,0.18034502077340656,0.08369807935620636,0,PowerLoad,-211,3633,20.0,9
bus724,bus_3034,0.0,0.006506257511453709,-0.0056684098030322615,0,PowerLoad,-1239,4414,132.0,9
gen_1070_2,bus_1070,0.6711602337288408,-8.515848799926369e-9,-0.11319599491224104,22,RenewableDispatch,848,-2033,15.75,4
gen_1070_1,bus_1070,0.6711602337288408,-8.515848799926369e-9,-0.11319599491224104,22,RenewableDispatch,848,-2033,15.75,4
gen_1070_3,bus_1070,0.6711602337288408,-8.515848799926369e-9,-0.11319599491224104,22,RenewableDispatch,848,-2033,15.75,4
bus35,bus_4329,0.0,0.7012195331695159,0.18374265208356688,0,PowerLoad,-1670,-2053,66.0,13
bus851,bus_4487,0.0,0.017867821156356472,0.007694172443916733,0,PowerLoad,-2070,-4112,11.0,14
bus976,bus_3263,0.0,0.483076655783994,0.10197235532017271,0,PowerLoad,-1368,4590,132.0,9
bus583,bus_1563,0.0,0.031246966888108033,0.003065927717652263,0,PowerLoad,1432,1715,33.0,1
bus594,bus_3004,0.0,0.0915261017844946,0.022092967203016414,0,PowerLoad,-1417,6783,66.0,8
bus1612,bus_3520,0.0,1.3758656107926202,0.16509878486848384,0,PowerLoad,-936,3314,33.0,11
bus19,bus_3327,0.0,0.33265627007913,0.10752237559782545,0,PowerLoad,-1344,2103,11.0,11
gen_2038_3,bus_2038,1.308934645896073,1.1000000107920773,0.1699780902483673,22,RenewableDispatch,1263,-4302,10.5,7
bus289,bus_2038,0.0,0.0007260343814478959,0.0007905822173914063,0,PowerLoad,1263,-4302,10.5,7
gen_4062_3,bus_4062,0.29895506326053145,2.699999861286651,0.6496274924838896,4,ThermalStandard,-1815,-2614,16.0,14
gen_4062_9,bus_4062,0.29895506326053145,2.699999861286651,0.6496274924838896,4,ThermalStandard,-1815,-2614,16.0,14
gen_4062_7,bus_4062,0.29895506326053145,2.699999861286651,0.6496274924838896,4,ThermalStandard,-1815,-2614,16.0,14
gen_4062_10,bus_4062,0.29895506326053145,2.699999861286651,0.6496274924838896,4,ThermalStandard,-1815,-2614,16.0,14
gen_4062_2,bus_4062,0.29895506326053145,2.699999861286651,0.6496274924838896,4,ThermalStandard,-1815,-2614,16.0,14
gen_4062_6,bus_4062,0.29895506326053145,2.699999861286651,0.6496274924838896,4,ThermalStandard,-1815,-2614,16.0,14
gen_4062_8,bus_4062,0.29895506326053145,2.699999861286651,0.6496274924838896,4,ThermalStandard,-1815,-2614,16.0,14
gen_4062_1,bus_4062,0.29895506326053145,2.699999861286651,0.6496274924838896,4,ThermalStandard,-1815,-2614,16.0,14
gen_4062_4,bus_4062,0.29895506326053145,2.699999861286651,0.6496274924838896,4,ThermalStandard,-1815,-2614,16.0,14
gen_4062_5,bus_4062,0.29895506326053145,2.699999861286651,0.6496274924838896,4,ThermalStandard,-1815,-2614,16.0,14
bus1013,bus_4062,0.0,0.008855992309895604,0.00416151300804836,0,PowerLoad,-1815,-2614,16.0,14
bus1165,bus_1430,0.0,0.04202894940622242,0.004821075325204358,0,PowerLoad,243,911,132.0,2
bus1201,bus_3095,0.0,0.48232152159052455,0.00874029680177658,0,PowerLoad,-1976,6884,66.0,8
bus1315,bus_3418,0.0,0.0796532557353118,0.06205990305167928,0,PowerLoad,-911,4889,15.75,9
gen_2045_3,bus_2045,6.066216292806506,-9.245202508435553e-9,-0.0465286312184052,20,ThermalStandard,671,-4290,21.0,6
gen_2045_2,bus_2045,6.066216292806506,-9.245202508435553e-9,-0.0465286312184052,20,ThermalStandard,671,-4290,21.0,6
gen_2045_4,bus_2045,6.066216292806506,-9.245202508435553e-9,-0.0465286312184052,20,ThermalStandard,671,-4290,21.0,6
gen_2045_1,bus_2045,6.066216292806506,-9.245202508435553e-9,-0.0465286312184052,20,ThermalStandard,671,-4290,21.0,6
bus1827,bus_2045,0.0,0.2922777372942476,0.19103409528714174,0,PowerLoad,671,-4290,21.0,6
gen_TARALGA1_1,bus_1260,0.04564782108467594,-8.515848799878694e-9,-0.1108248833417338,22,RenewableDispatch,359,712,132.0,2
gen_TARALGA1_2,bus_1260,0.04564782108467594,-8.515848799878694e-9,-0.1108248833417338,22,RenewableDispatch,359,712,132.0,2
gen_TARALGA1_3,bus_1260,0.04564782108467594,-8.515848799878694e-9,-0.1108248833417338,22,RenewableDispatch,359,712,132.0,2
bus41,bus_1260,0.0,0.8645697679170137,0.10836798507125861,0,PowerLoad,359,712,132.0,2
bus252,bus_4302,0.0,0.014800432133406087,0.007341309621941325,0,PowerLoad,-1637,-3056,66.0,14
bus1130,bus_2047,0.0,0.4451029901748314,0.3125589111733462,0,PowerLoad,691,-4306,20.0,7
bus511,bus_4319,0.0,0.25178800834807374,-0.01451964672451223,0,PowerLoad,-1827,-2251,66.0,13
gen_4047_1,bus_4047,0.009103895200554983,0.3109665707914452,0.0203008059097691,21,RenewableDispatch,-2544,-1578,0.6899999999999998,13
KESSB1,bus_2145,1.85,1.85,0.0,1,EnergyReservoirStorage,326,-3443,220.0,6
bus1585,bus_4233,0.0,0.10487437287182716,-0.10563836212280121,0,PowerLoad,-2260,-2230,66.0,13
bus1480,bus_2348,0.0,22.45612396959547,4.557879020726679,0,PowerLoad,-437,-3349,33.0,5
bus787,bus_4346,0.0,0.3198427022466664,0.03827806135111107,0,PowerLoad,-3660,-1696,33.0,12
gen_4079_2,bus_4079,0.40319023459508513,0.7141254040842899,0.09178734218211829,22,RenewableDispatch,-952,-2920,0.6899999999999998,14
gen_4079_1,bus_4079,0.40319023459508513,0.7141254040842899,0.09178734218211829,22,RenewableDispatch,-952,-2920,0.6899999999999998,14
gen_4079_3,bus_4079,0.40319023459508513,0.7141254040842899,0.09178734218211829,22,RenewableDispatch,-952,-2920,0.6899999999999998,14
bus265,bus_4227,0.0,0.07324284546671338,-0.051048488976938415,0,PowerLoad,-2622,-1418,33.0,12
bus644,bus_1538,0.0,3.399522050902579,1.02303183177477,0,PowerLoad,880,-123,66.0,3
gen_3275_1,bus_3275,0.0109717493208591,0.0,-0.1989009900516641,21,RenewableDispatch,-1166,5437,132.0,8
bus425,bus_3275,0.0,0.0009771694004071297,0.08712077829421132,0,PowerLoad,-1166,5437,132.0,8
bus1834,bus_3394,0.0,0.310808544955569,0.0679947538763153,0,PowerLoad,-661,4211,33.0,9
gen_WILGB01,bus_1113,0.03900254845419742,-8.515848799878692e-9,-0.11082488334173381,22,RenewableDispatch,1263,-2064,330.0,4
gen_WILGB01_2,bus_1113,0.03900254845419742,-8.515848799878692e-9,-0.11082488334173381,22,RenewableDispatch,1263,-2064,330.0,4
gen_WILGAPK,bus_1113,0.03900254845419742,-8.515848799878692e-9,-0.11082488334173381,22,RenewableDispatch,1263,-2064,330.0,4
bus1259,bus_1258,0.0,0.04856381345112552,0.014193821551868175,0,PowerLoad,135,-454,132.0,2
bus1092,bus_4489,0.0,0.24887843959460212,0.14958976296834292,0,PowerLoad,-2685,-2259,11.0,13
bus1383,bus_3059,0.0,0.7743885484326805,0.059807553209637696,0,PowerLoad,-1401,3455,33.0,11
bus433,bus_1196,0.0,0.016465767870804622,-0.0014413316172506344,0,PowerLoad,582,839,132.0,2
bus531,bus_2248,0.0,1.7589073774140944,0.7665105991602555,0,PowerLoad,482,-3920,66.0,6
gen_2064_1,bus_2064,1.6585971314470687,-9.28566864030911e-9,1.3000000036773967,4,ThermalStandard,-91,-3176,20.0,5
gen_2064_2,bus_2064,1.6585971314470687,-9.28566864030911e-9,1.3000000036773967,4,ThermalStandard,-91,-3176,20.0,5
bus569,bus_2064,0.0,0.09347532095970285,0.04039220662257948,0,PowerLoad,-91,-3176,20.0,5
gen_5236_2,bus_5236,0.11739356881873894,0.400000009769383,-0.014332332298282508,16,HydroDispatch,423,-6111,11.0,15
wtg_S5_1,bus_4109,2.0141362324285663,0.0,0.0,22,RenewableDispatch,-2836,-1815,275.0,13
pv_S5_1,bus_4109,3.336660636025186,0.0,0.0,21,RenewableDispatch,-2836,-1815,275.0,13
TB2B1,bus_4109,0.6,0.6,0.0,1,EnergyReservoirStorage,-2836,-1815,275.0,13
LBB1,bus_4109,0.2,0.2,0.0,1,EnergyReservoirStorage,-2836,-1815,275.0,13
bus74,bus_5175,0.0,0.11181321661740724,0.05370824537711211,0,PowerLoad,1142,-6389,6.6,15
bus400,bus_1515,0.0,0.0009375710889021994,-3.2366950190897604e-5,0,PowerLoad,582,-50,11.0,2
bus293,bus_3367,0.0,0.51584586635068,0.18578455491076618,0,PowerLoad,-1314,2549,11.0,11
bus417,bus_1382,0.0,0.7680888705284109,0.4883951312327122,0,PowerLoad,1304,-378,132.0,3
bus814,bus_5208,0.0,0.026960796669056132,-0.005179201257895427,0,PowerLoad,643,-6447,11.0,15
bus604,bus_4448,0.0,0.023320883291696258,0.004788674907543673,0,PowerLoad,-2503,-3300,11.0,14
gen_4061_1,bus_4061,0.4366062299143246,-9.791274748520029e-9,0.0284330133615744,4,ThermalStandard,-2035,-2683,13.8,13
gen_4061_2,bus_4061,0.4366062299143246,-9.791274748520029e-9,0.0284330133615744,4,ThermalStandard,-2035,-2683,13.8,13
bus1402,bus_4061,0.0,0.07718612477568546,0.06387562942978652,0,PowerLoad,-2035,-2683,13.8,13
CBWWBA1,bus_4116,0.01,0.01,0.0,1,EnergyReservoirStorage,-2530,-1665,275.0,13
gen_2033_2,bus_2033,0.0,0.900000009791793,0.15090770110142657,21,RenewableDispatch,1313,-4240,10.5,7
gen_WOODLWN1,starbus_xf_1148_1073_1074_1,0.06193229658398447,-8.515848799878692e-9,-0.1108248833417338,22,RenewableDispatch,1369,-1490,330.0,4
bus971,bus_1192,0.0,0.4638452732814892,0.08867944354160864,0,PowerLoad,1626,1705,132.0,1
bus1767,bus_3137,0.0,0.28865375926521125,-0.029415934616169218,0,PowerLoad,493,4108,132.0,9
bus1729,bus_3303,0.0,0.3937387537099686,0.311987758572297,0,PowerLoad,147,3136,11.0,11
Deep_storage_25,bus_1119,3.02710025632,3.02710025632,0.0,1,EnergyReservoirStorage,912,-715,330.0,2
Deep_storage_19,bus_1119,3.0271001494000003,3.0271001494000003,0.0,1,EnergyReservoirStorage,912,-715,330.0,2
Deep_storage,bus_1119,0.6271000000000001,0.6271000000000001,0.0,1,EnergyReservoirStorage,912,-715,330.0,2
Deep_storage_17,bus_1119,3.0271001233840003,3.0271001233840003,0.0,1,EnergyReservoirStorage,912,-715,330.0,2
Deep_storage_7,bus_1119,3.0271000768,3.0271000768,0.0,1,EnergyReservoirStorage,912,-715,330.0,2
Deep_storage_26,bus_1119,4.227099979576001,4.227099979576001,0.0,1,EnergyReservoirStorage,912,-715,330.0,2
Deep_storage_20,bus_1119,3.0271002521679997,3.0271002521679997,0.0,1,EnergyReservoirStorage,912,-715,330.0,2
Deep_storage_13,bus_1119,3.02710008712,3.02710008712,0.0,1,EnergyReservoirStorage,912,-715,330.0,2
Deep_storage_3,bus_1119,3.0271000713519998,3.0271000713519998,0.0,1,EnergyReservoirStorage,912,-715,330.0,2
bus675,bus_2315,0.0,0.7083973773383266,0.2927656343680914,0,PowerLoad,227,-3247,22.0,5
bus1096,bus_4212,0.0,0.3339288785124821,0.19729966905918983,0,PowerLoad,-1560,-1923,132.0,13
bus770,bus_1604,0.0,0.5001588149632056,0.07991581971018699,0,PowerLoad,1498,-532,132.0,3
BULBES1,bus_2203,0.5,0.5,0.0,1,EnergyReservoirStorage,149,-3261,500.0,5
gen_3442_1,bus_3442,4.49243318911698,6.300000062641601,0.8923050228456322,8,ThermalStandard,-175,4565,19.5,9
gen_3442_2,bus_3442,4.49243318911698,6.300000062641601,0.8923050228456322,8,ThermalStandard,-175,4565,19.5,9
bus910,bus_3442,0.0,0.11774548201083618,0.13050601303627707,0,PowerLoad,-175,4565,19.5,9
bus735,bus_4382,0.0,0.18227837638885944,0.88808547022883,0,PowerLoad,-2428,-2099,66.0,13
gen_2014_1,bus_2014,1.3328328007721937,1.9000000185122932,0.2937069184934971,22,RenewableDispatch,922,-3110,15.5,6
bus1347,bus_2014,0.0,0.0005872455280587579,0.0005818351944490213,0,PowerLoad,922,-3110,15.5,6
bus61,bus_1016,0.0,-0.001162678932375636,0.0,0,PowerLoad,2806,2270,0.6899999999999998,1
bus1802,bus_1241,0.0,0.03717239769080294,0.009082703197069386,0,PowerLoad,450,985,132.0,2
bus1459,bus_1049,0.0,0.002050561119599497,0.0014742916792306775,0,PowerLoad,727,601,15.0,2
gen_4007_3,bus_4007,0.751632012256519,-9.790929601399425e-9,0.19999999277378186,22,RenewableDispatch,-2601,-564,1.0,12
gen_4007_2,bus_4007,0.751632012256519,-9.790929601399425e-9,0.19999999277378186,22,RenewableDispatch,-2601,-564,1.0,12
gen_4007_1,bus_4007,0.751632012256519,-9.790929601399425e-9,0.19999999277378186,22,RenewableDispatch,-2601,-564,1.0,12
bus1199,bus_3351,0.0,0.6069154794710756,0.08963832695643288,0,PowerLoad,-533,4111,33.0,9
gen_1072_1,bus_1072,0.1581780563816017,-8.515848799878692e-9,-0.1132798437275354,16,HydroDispatch,818,-2027,15.75,4
bus1286,bus_1055,0.0,-1.1184763089068612,0.0,0,PowerLoad,261,-3078,22.0,5
gen_1022_1,bus_1022,0.06338106842512788,1.1000000106608774,-0.3000000010636493,16,HydroDispatch,1461,-880,16.0,4
bus30,bus_1022,0.0,0.0003525505104416726,0.000334122387004274,0,PowerLoad,1461,-880,16.0,4
bus870,bus_1219,0.0,1.58746127882897,0.404223624558665,0,PowerLoad,1322,-618,132.0,3
gen_3548_1,bus_3547,0.0,0.0,-1.0999999788698853,21,RenewableDispatch,-906,4002,275.0,9
bus1375,bus_2103,0.0,0.3175471895230536,0.06672939931514463,0,PowerLoad,871,-4184,22.0,7
bus1726,bus_1600,0.0,0.08702028979048627,0.015446979402906139,0,PowerLoad,-1106,2014,66.0,1
bus1028,bus_2280,0.0,0.7161864093965693,0.11662717993691833,0,PowerLoad,149,-4060,66.0,6
gen_2090_1,bus_2090,0.0,1.3714205712199452,0.1999999992314731,21,RenewableDispatch,154,-3805,12.0,6
bus1700,bus_1168,0.0,0.15190557882628733,-0.033901876036664606,0,PowerLoad,887,-2086,132.0,4
bus1704,bus_3454,0.0,0.007527269035349269,0.0,0,PowerLoad,-1918,6944,11.0,8
bus859,bus_1201,0.0,0.16157808674566446,0.061923207385687885,0,PowerLoad,1053,1146,132.0,2
gen_5032_2,bus_5032,4.7274517448621305,1.8000000177653088,0.1932468299647501,16,HydroDispatch,600,-6227,18.0,15
bus1367,bus_1289,0.0,7.658609886397688,2.196756462081292,0,PowerLoad,970,-499,132.0,3
Coordinated_CER_storage_22,bus_1289,0.39007057522,0.39007057522,0.0,1,EnergyReservoirStorage,970,-499,132.0,3
Coordinated_CER_storage_37,bus_1289,0.797340924458,0.797340924458,0.0,1,EnergyReservoirStorage,970,-499,132.0,3
Coordinated_CER_storage_52,bus_1289,1.3755276535700003,1.3755276535700003,0.0,1,EnergyReservoirStorage,970,-499,132.0,3
Coordinated_CER_storage_72,bus_1289,2.3250350445584997,2.3250350445584997,0.0,1,EnergyReservoirStorage,970,-499,132.0,3
Coordinated_CER_storage_57,bus_1289,1.596113914801,1.596113914801,0.0,1,EnergyReservoirStorage,970,-499,132.0,3
Coordinated_CER_storage_77,bus_1289,2.587475191415,2.587475191415,0.0,1,EnergyReservoirStorage,970,-499,132.0,3
Coordinated_CER_storage_67,bus_1289,2.074787459832,2.074787459832,0.0,1,EnergyReservoirStorage,970,-499,132.0,3
Coordinated_CER_storage_3,bus_1289,0.09980390000199998,0.09980390000199998,0.0,1,EnergyReservoirStorage,970,-499,132.0,3
Coordinated_CER_storage_82,bus_1289,2.8664839310900003,2.8664839310900003,0.0,1,EnergyReservoirStorage,970,-499,132.0,3
Coordinated_CER_storage_17,bus_1289,0.288704160004,0.288704160004,0.0,1,EnergyReservoirStorage,970,-499,132.0,3
Coordinated_CER_storage_92,bus_1289,3.4710634036550005,3.4710634036550005,0.0,1,EnergyReservoirStorage,970,-499,132.0,3
Coordinated_CER_storage_47,bus_1289,1.1747745485275,1.1747745485275,0.0,1,EnergyReservoirStorage,970,-499,132.0,3
Coordinated_CER_storage_12,bus_1289,0.201603359994,0.201603359994,0.0,1,EnergyReservoirStorage,970,-499,132.0,3
Coordinated_CER_storage_27,bus_1289,0.506222559,0.506222559,0.0,1,EnergyReservoirStorage,970,-499,132.0,3
Coordinated_CER_storage_62,bus_1289,1.8372239140715,1.8372239140715,0.0,1,EnergyReservoirStorage,970,-499,132.0,3
Coordinated_CER_storage_42,bus_1289,0.976417577073,0.976417577073,0.0,1,EnergyReservoirStorage,970,-499,132.0,3
Coordinated_CER_storage_97,bus_1289,3.798055813745,3.798055813745,0.0,1,EnergyReservoirStorage,970,-499,132.0,3
Coordinated_CER_storage_10,bus_1289,0.14708599999400002,0.14708599999400002,0.0,1,EnergyReservoirStorage,970,-499,132.0,3
Coordinated_CER_storage_32,bus_1289,0.6420464932759999,0.6420464932759999,0.0,1,EnergyReservoirStorage,970,-499,132.0,3
Coordinated_CER_storage_87,bus_1289,3.15933298948,3.15933298948,0.0,1,EnergyReservoirStorage,970,-499,132.0,3
bus1202,bus_1574,0.0,0.09151403742472565,0.02425132046785543,0,PowerLoad,-422,428,33.0,2
gen_KABANWF1,starbus_xf_3628_3455_3453_1,0.8265438372234344,-8.821856916465006e-9,0.012738575734369002,22,RenewableDispatch,-1863,6796,132.0,8
bus1562,bus_3647,0.0,1.6098407003158142,0.47870020063382385,0,PowerLoad,-837,3342,33.0,11
Deep_storage_29,bus_4112,4.5168e-8,4.5168e-8,0.0,1,EnergyReservoirStorage,-2004,-2596,275.0,13
Deep_storage_24,bus_4112,4.1088000000000004e-8,4.1088000000000004e-8,0.0,1,EnergyReservoirStorage,-2004,-2596,275.0,13
Deep_storage_2,bus_4112,1.8744e-8,1.8744e-8,0.0,1,EnergyReservoirStorage,-2004,-2596,275.0,13
Deep_storage_12,bus_4112,2.436e-8,2.436e-8,0.0,1,EnergyReservoirStorage,-2004,-2596,275.0,13
Deep_storage_16,bus_4112,2.9304e-8,2.9304e-8,0.0,1,EnergyReservoirStorage,-2004,-2596,275.0,13
BOWWBA1,bus_4112,0.01,0.01,0.0,1,EnergyReservoirStorage,-2004,-2596,275.0,13
gen_2012_1,bus_2012,0.14230249470757705,-9.621017705979892e-9,0.0999999925620224,16,HydroDispatch,1039,-2934,11.0,6
bus1455,bus_1438,0.0,0.1613603568646119,0.007472974707352576,0,PowerLoad,360,873,132.0,2
gen_5041_5,bus_5041,1.0455021321299571,0.7000000097749194,0.1320891858015257,22,RenewableDispatch,949,-5712,16.0,15
bus153,bus_3228,0.0,0.2046335689685284,0.11414407284616064,0,PowerLoad,-1112,3466,11.0,11
bus1191,bus_5134,0.0,0.06391189164227626,0.003212618425333207,0,PowerLoad,1276,-6144,33.0,15
bus720,bus_4127,0.0,0.30553062355234095,0.13110958222139613,0,PowerLoad,-2654,-894,33.0,12
bus1323,bus_2221,0.0,1.0031631938104981,0.3066761441571879,0,PowerLoad,411,-4225,66.0,6
bus108,bus_5188,0.0,0.04966830831807739,0.023111608380600515,0,PowerLoad,1749,-5589,11.0,15
bus1089,bus_3541,0.0,0.3022320303780785,-0.537723459269954,0,PowerLoad,741,3944,22.0,10
bus1435,bus_1621,0.0,0.46236712172565153,0.18554828105949095,0,PowerLoad,875,1476,132.0,1
gen_4054_18,bus_4054,2.284731931759173,-9.791259614386029e-9,0.8999997855423278,4,ThermalStandard,-1964,-2673,15.75,14
bus1801,bus_3388,0.0,0.2724003567528019,0.1019995728066341,0,PowerLoad,-1451,2507,11.0,11
gen_2039_1,bus_2039,0.0,0.0,0.09775241785015172,21,RenewableDispatch,305,-3604,220.0,6
bus384,bus_4089,0.0,0.06705633828894396,-0.6395595029208155,0,PowerLoad,-3041,-1585,132.0,12
bus1570,bus_5179,0.0,0.2810814150916246,0.17085670715499096,0,PowerLoad,762,-5772,44.0,15
bus1950,bus_2272,0.0,3.2520120468416267,0.6482925174030967,0,PowerLoad,900,-4187,66.0,7
gen_1011_1,bus_1011,0.0,0.0,-1.4999999907958297,21,RenewableDispatch,1491,2184,330.0,1
gen_ROYALLA1,bus_1011,0.0,0.0,-1.6999999719524246,21,RenewableDispatch,1491,2184,330.0,1
bus217,bus_3288,0.0,1.8719250082637031,0.3376121318956322,0,PowerLoad,1330,4476,132.0,10
bus1046,bus_4177,0.0,0.06167184370467547,0.044919485078477456,0,PowerLoad,-2135,-1327,132.0,13
bus1561,bus_4012,0.0,-1.1344443974415876,0.0,0,PowerLoad,-3043,-1993,0.6899999999999998,12
bus1377,bus_2260,0.0,1.6705522515701743,0.2309222186664528,0,PowerLoad,1368,-4310,66.0,7
bus984,bus_3298,0.0,0.05785312937727087,-0.02384622035476685,0,PowerLoad,-66,5611,132.0,9
bus1356,bus_3023,0.0,0.23423506931817722,0.10780672134084228,0,PowerLoad,-1314,5960,132.0,8
bus601,bus_1622,0.0,0.021710526166755187,0.005570491905478616,0,PowerLoad,2287,2279,66.0,1
bus997,bus_1592,0.0,0.4766703831701171,0.04830657352471592,0,PowerLoad,926,1474,33.0,1
bus1952,bus_4408,0.0,0.8380004416615838,0.2551299457502578,0,PowerLoad,-3396,-1813,11.0,12
bus1682,bus_4405,0.0,0.5452343667327655,0.08195485676622277,0,PowerLoad,-3395,-1862,11.0,12
bus178,bus_5189,0.0,0.11883113091726023,0.022418972775987346,0,PowerLoad,1759,-5548,22.0,15
gen_3588_4,bus_3588,4.790980570038372,0.5914500836745517,-0.21444112280840127,20,ThermalStandard,-536,4897,20.0,9
bus1140,bus_3588,0.0,0.15745149511471504,0.07742203012540874,0,PowerLoad,-536,4897,20.0,9
gen_5012_1,bus_5012,0.06708203932499368,0.40000000867379704,0.07377406156710335,16,HydroDispatch,1636,-5524,11.0,15
gen_4072_1,bus_4072,0.5143922372044885,-9.640031956110484e-9,0.3000000090172112,22,RenewableDispatch,-993,-2257,11.0,14
gen_4072_2,bus_4072,0.5143922372044885,-9.640031956110484e-9,0.3000000090172112,22,RenewableDispatch,-993,-2257,11.0,14
WDBESS2,bus_3605,3.5,3.5,0.0,1,EnergyReservoirStorage,-757,3287,275.0,11
WDBESS1,bus_3605,3.5,3.5,0.0,1,EnergyReservoirStorage,-757,3287,275.0,11
bus1353,bus_3449,0.0,0.009785714889524667,0.0,0,PowerLoad,-1719,7565,11.0,8
bus161,bus_4249,0.0,0.05794323770085225,0.044641155420462555,0,PowerLoad,-2040,-3485,66.0,14
bus1870,bus_1577,0.0,2.294411783031483,-0.1652888317565141,0,PowerLoad,1032,-710,33.0,3
bus1284,bus_2235,0.0,0.2849498570220045,0.11077454107078614,0,PowerLoad,821,-2923,66.0,6
bus1150,bus_3435,0.0,0.24878685148389013,0.0,0,PowerLoad,599,3571,15.0,10
bus880,bus_5180,0.0,0.022915356443458434,-0.0021923336853140766,0,PowerLoad,466,-5914,22.0,15
bus117,bus_3057,0.0,0.3963278985053236,0.1434384893053828,0,PowerLoad,-1079,2961,33.0,11
gen_5031_1,bus_5031,1.2501647891378158,-8.022317589635213e-9,-0.1440557615389961,16,HydroDispatch,630,-6240,18.0,15
gen_5031_2,bus_5031,1.2501647891378158,-8.022317589635213e-9,-0.1440557615389961,16,HydroDispatch,630,-6240,18.0,15
bus756,bus_1453,0.0,0.0438475753598662,0.0020868580884687436,0,PowerLoad,952,1463,132.0,1
bus72,bus_4438,0.0,0.0962015625657002,0.045110244853966135,0,PowerLoad,-2191,-3149,11.0,14
bus1812,bus_1388,0.0,0.41967675888973366,0.37280445183420824,0,PowerLoad,1114,-526,132.0,3
gen_HAMISF1,bus_3496,0.0,0.0,-0.7957050950398917,21,RenewableDispatch,-944,3422,110.0,11
bus12,bus_3496,0.0,0.9458434564216069,0.41830661736256775,0,PowerLoad,-944,3422,110.0,11
bus366,bus_3082,0.0,4.850137709225984e-5,0.0,0,PowerLoad,-1973,6964,22.0,8
bus1095,bus_3020,0.0,0.49959473703886026,0.23067894756192406,0,PowerLoad,-776,4267,33.0,9
gen_2071_1,bus_2068,0.0,0.0,-0.038570520871856306,21,RenewableDispatch,1328,-4651,66.0,7
bus693,bus_4322,0.0,0.029541970883615848,-0.0221220513679007,0,PowerLoad,-1850,-2218,66.0,13
bus277,bus_1596,0.0,0.06681082421410688,0.001220536614105765,0,PowerLoad,2982,2814,66.0,1
bus1067,bus_3417,0.0,0.09041526280321892,0.05265981162305734,0,PowerLoad,-1011,4895,15.75,9
bus388,bus_3247,0.0,0.0018899728076824081,0.026765912239134774,0,PowerLoad,-1408,6145,132.0,8
bus1876,bus_5195,0.0,0.01127163112536941,-0.001310401166442058,0,PowerLoad,1325,-6234,22.0,15
gen_4082_1,bus_4082,0.7949755398062994,1.100000010350988,-0.027743415530660172,22,RenewableDispatch,-947,-3276,1.0,14
gen_4082_2,bus_4082,0.7949755398062994,1.100000010350988,-0.027743415530660172,22,RenewableDispatch,-947,-3276,1.0,14
bus230,bus_3090,0.0,0.16648454018267894,-0.017888659284383997,0,PowerLoad,-1797,7360,22.0,8
bus1355,bus_3462,0.0,0.05561755021942125,0.0,0,PowerLoad,-1234,7046,11.0,8
bus1675,bus_2072,0.0,-0.09390093008807182,0.0,0,PowerLoad,35,-4579,0.6899999999999998,6
gen_4020_2,bus_4020,0.0,1.3999990649650367,-0.09993548097362501,21,RenewableDispatch,-2827,-1995,0.6899999999999998,13
bus1193,bus_3130,0.0,0.45472492240586954,0.15268469552624525,0,PowerLoad,-1306,3114,33.0,11
bus119,bus_4473,0.0,0.06294623301086623,0.02193416430195248,0,PowerLoad,-1505,-3127,11.0,14
gen_2036_1,bus_2036,1.0085969018034806,1.1000000107921688,0.1704799855745879,22,RenewableDispatch,1284,-4291,10.5,7
bus1115,bus_2036,0.0,0.0007564450802199584,0.000743366612443873,0,PowerLoad,1284,-4291,10.5,7
bus1003,bus_3355,0.0,1.1947588342670823,0.5081326880964849,0,PowerLoad,-253,3222,33.0,11
bus59,bus_1330,0.0,1.0007638365295628,0.5525205438819699,0,PowerLoad,1322,-444,132.0,3
bus1011,bus_3302,0.0,0.18465041728684387,-0.286227729567498,0,PowerLoad,66,3102,110.0,11
bus1975,bus_3019,0.0,0.047961794298576076,-0.0018506903722923537,0,PowerLoad,-763,4172,110.0,9
gen_KSP1,bus_3161,0.5554853733447893,0.0,-0.795705095039892,21,RenewableDispatch,-946,5782,132.0,8
bus1200,bus_1451,0.0,0.030963644855632296,-0.0006374847150423573,0,PowerLoad,545,492,132.0,2
bus727,bus_3159,0.0,0.01810254964764606,-0.20873822406717743,0,PowerLoad,-655,6010,132.0,8
bus1278,bus_1108,0.0,0.0008824475059667099,-0.014558272104072496,0,PowerLoad,2426,-1595,132.0,4
bus504,bus_3347,0.0,1.7946961251796416,0.4641258200321288,0,PowerLoad,-249,3097,33.0,11
HPR1,bus_4133,0.8,0.8,0.0,1,EnergyReservoirStorage,-2072,-2841,275.0,13
Passive_CER_storage_87,bus_4257,0.15111431429299998,0.15111431429299998,0.0,1,EnergyReservoirStorage,-2063,-3911,66.0,14
Passive_CER_storage_92,bus_4257,0.151199187631,0.151199187631,0.0,1,EnergyReservoirStorage,-2063,-3911,66.0,14
Passive_CER_storage_47,bus_4257,0.131888660238,0.131888660238,0.0,1,EnergyReservoirStorage,-2063,-3911,66.0,14
Passive_CER_storage_52,bus_4257,0.136270090532,0.136270090532,0.0,1,EnergyReservoirStorage,-2063,-3911,66.0,14
Passive_CER_storage_82,bus_4257,0.15195280835799999,0.15195280835799999,0.0,1,EnergyReservoirStorage,-2063,-3911,66.0,14
Passive_CER_storage_32,bus_4257,0.11023414787099999,0.11023414787099999,0.0,1,EnergyReservoirStorage,-2063,-3911,66.0,14
Passive_CER_storage_97,bus_4257,0.15117573185300004,0.15117573185300004,0.0,1,EnergyReservoirStorage,-2063,-3911,66.0,14
Passive_CER_storage_57,bus_4257,0.141064523117,0.141064523117,0.0,1,EnergyReservoirStorage,-2063,-3911,66.0,14
Passive_CER_storage_62,bus_4257,0.145628153659,0.145628153659,0.0,1,EnergyReservoirStorage,-2063,-3911,66.0,14
Passive_CER_storage_37,bus_4257,0.117019384947,0.117019384947,0.0,1,EnergyReservoirStorage,-2063,-3911,66.0,14
Passive_CER_storage_17,bus_4257,0.08471807479599999,0.08471807479599999,0.0,1,EnergyReservoirStorage,-2063,-3911,66.0,14
Passive_CER_storage_12,bus_4257,0.072884896944,0.072884896944,0.0,1,EnergyReservoirStorage,-2063,-3911,66.0,14
Passive_CER_storage_21,bus_4257,0.094615228844,0.094615228844,0.0,1,EnergyReservoirStorage,-2063,-3911,66.0,14
Passive_CER_storage,bus_4257,0.05575649213299999,0.05575649213299999,0.0,1,EnergyReservoirStorage,-2063,-3911,66.0,14
Passive_CER_storage_77,bus_4257,0.152179821363,0.152179821363,0.0,1,EnergyReservoirStorage,-2063,-3911,66.0,14
Passive_CER_storage_27,bus_4257,0.10281640167400001,0.10281640167400001,0.0,1,EnergyReservoirStorage,-2063,-3911,66.0,14
Passive_CER_storage_72,bus_4257,0.15164448886900003,0.15164448886900003,0.0,1,EnergyReservoirStorage,-2063,-3911,66.0,14
Passive_CER_storage_6,bus_4257,0.06476101579600001,0.06476101579600001,0.0,1,EnergyReservoirStorage,-2063,-3911,66.0,14
Passive_CER_storage_67,bus_4257,0.149805914136,0.149805914136,0.0,1,EnergyReservoirStorage,-2063,-3911,66.0,14
Passive_CER_storage_42,bus_4257,0.12478490528799999,0.12478490528799999,0.0,1,EnergyReservoirStorage,-2063,-3911,66.0,14
bus684,bus_2080,0.0,-1.1455604628727991,0.0,0,PowerLoad,-476,-3517,22.0,5
gen_MANSLR1,bus_1299,0.0,0.0,-1.6999999719524246,21,RenewableDispatch,2630,2721,132.0,1
bus1583,bus_1299,0.0,0.017620358524317665,0.004858909781921722,0,PowerLoad,2630,2721,132.0,1
bus376,bus_4440,0.0,0.04648338198988953,0.022707570894663794,0,PowerLoad,-2215,-3825,11.0,14
bus903,bus_1083,0.0,0.15150351966624312,0.07613018943018078,0,PowerLoad,989,-1679,66.0,4
bus1764,bus_4470,0.0,0.010960043209109678,0.004188419675552745,0,PowerLoad,-1578,-3039,11.0,14
bus1404,bus_4407,0.0,0.6172776817098351,0.06972670420270345,0,PowerLoad,-3407,-1849,11.0,12
gen_1030_4,bus_1030,0.055901699437494755,1.0000000096606665,-0.3000000009982632,16,HydroDispatch,1305,-872,16.0,4
bus1635,bus_1030,0.0,0.0006648251560014033,0.0006534492781450436,0,PowerLoad,1305,-872,16.0,4
gen_3544_1,bus_3543,0.0,0.0,-1.0999999410599068,21,RenewableDispatch,-685,3675,275.0,11
TARBESS1,bus_3543,5.0,5.0,0.0,1,EnergyReservoirStorage,-685,3675,275.0,11
bus295,bus_1203,0.0,0.3081806929988478,0.13493363634745695,0,PowerLoad,786,1440,132.0,1
bus698,bus_4032,0.0,0.43321810371257763,0.1279220526690379,0,PowerLoad,-2369,-1377,33.0,13
bus918,bus_4411,0.0,0.012494051481211403,-0.007923088252602248,0,PowerLoad,-2096,-2617,11.0,13
bus1390,bus_2326,0.0,0.17079816283573201,0.0498885020082095,0,PowerLoad,672,-4086,22.0,6
bus1851,bus_1217,0.0,0.8228428564311369,0.06710683741568897,0,PowerLoad,433,-2941,220.0,5
bus1549,bus_1237,0.0,0.13330003317643818,0.010492637649260235,0,PowerLoad,2110,-1334,132.0,4
bus955,bus_1445,0.0,0.07137842833650533,-0.013173224722504802,0,PowerLoad,808,963,132.0,2
Deep_storage_5,bus_1445,0.143635670472,0.143635670472,0.0,1,EnergyReservoirStorage,808,963,132.0,2
bus742,bus_1591,0.0,0.16974794357419473,0.035116166955118676,0,PowerLoad,2140,2475,66.0,1
gen_JUNEESF1,bus_1133,0.0,0.0,-1.6999999719524244,21,RenewableDispatch,824,420,330.0,2
bus765,bus_1349,0.0,0.478956277249303,0.13091190707567502,0,PowerLoad,1492,-482,132.0,3
bus609,bus_1186,0.0,0.4337658390144314,0.16383515293426193,0,PowerLoad,567,-53,132.0,2
bus608,bus_3421,0.0,0.06284937806562049,0.07351963184310069,0,PowerLoad,-1050,4874,15.75,9
gen_2041_5,bus_2041,0.5644414091014142,2.1000000122947,0.19511240931049906,4,ThermalStandard,460,-4211,15.75,6
gen_2041_3,bus_2041,0.5644414091014142,2.1000000122947,0.19511240931049906,4,ThermalStandard,460,-4211,15.75,6
gen_2041_6,bus_2041,0.5644414091014142,2.1000000122947,0.19511240931049906,4,ThermalStandard,460,-4211,15.75,6
gen_2041_1,bus_2041,0.5644414091014142,2.1000000122947,0.19511240931049906,4,ThermalStandard,460,-4211,15.75,6
gen_2041_4,bus_2041,0.5644414091014142,2.1000000122947,0.19511240931049906,4,ThermalStandard,460,-4211,15.75,6
gen_2041_2,bus_2041,0.5644414091014142,2.1000000122947,0.19511240931049906,4,ThermalStandard,460,-4211,15.75,6
bus869,bus_4458,0.0,0.5086694832933233,0.18070663280531835,0,PowerLoad,-2045,-2244,11.0,13
bus491,bus_2240,0.0,0.45206285991434414,-0.06991079591920797,0,PowerLoad,94,-3685,66.0,5
bus1724,bus_4377,0.0,0.005711929790420905,0.003951136241195716,0,PowerLoad,-2307,-3803,33.0,14
bus360,bus_4169,0.0,2.2212687655602763,-0.7187636086404852,0,PowerLoad,-3172,-1760,132.0,12
bus224,bus_1436,0.0,-0.10452946645445911,0.0,0,PowerLoad,-674,-304,33.0,2
bus471,bus_5238,0.0,0.4950930239852289,0.16239892429551495,0,PowerLoad,915,-6284,11.0,15
bus867,bus_2218,0.0,0.001345470968631745,-0.003755396766069552,0,PowerLoad,407,-4312,66.0,6
bus10,bus_4446,0.0,0.025427149851128837,0.013638955276916586,0,PowerLoad,-2382,-3109,11.0,14
bus565,bus_1614,0.0,0.016916051018716342,-0.003922130314204822,0,PowerLoad,2581,-1815,33.0,4
gen_INVICTA,starbus_xf_3226_3227_3228_1,0.13178313731240981,-8.515848799878692e-9,-0.11082488334173382,22,RenewableDispatch,-1030,3422,110.0,11
bus1001,bus_2220,0.0,0.7795741286814981,0.092920972076449,0,PowerLoad,393,-3482,66.0,6
bus129,bus_1556,0.0,0.07543460864029732,0.010027455220690849,0,PowerLoad,507,-416,11.0,2
bus1337,bus_2275,0.0,1.565646216028607,0.2515814199015273,0,PowerLoad,637,-3026,66.0,6
bus1422,bus_1590,0.0,1.0249976479761922,0.32120843109297226,0,PowerLoad,1022,203,66.0,3
bus834,bus_4371,0.0,0.7733023928901703,0.3988905150157505,0,PowerLoad,-2321,-1420,33.0,13
gen_MAROOWF1,bus_2206,0.04613400809655555,-8.515848799878692e-9,-0.11082488334173381,22,RenewableDispatch,880,-3494,500.0,6
gen_2091_1,bus_2091,1.468057399184638,1.1000000105157017,0.19999956498950705,22,RenewableDispatch,928,-3032,11.5,6
bus1410,bus_2091,0.0,0.0003108772748627888,0.00030599094340198556,0,PowerLoad,928,-3032,11.5,6
pv_Q3_1,bus_3561,4.887261975022415,0.0,0.0,21,RenewableDispatch,-1250,6362,275.0,8
gen_3562_1,bus_3561,0.0,0.0,-0.163762210297494,21,RenewableDispatch,-1250,6362,275.0,8
gen_YSWF1,starbus_xf_2191_2029_2030_4,0.19189072932915133,-8.51584879987869e-9,-0.11082488334173381,22,RenewableDispatch,740,-1889,330.0,4
Deep_storage_11,bus_5169,6.00028e-7,6.00028e-7,0.0,1,EnergyReservoirStorage,1051,-5654,220.0,15
Deep_storage_21,bus_5169,2.1642535307040003,2.1642535307040003,0.0,1,EnergyReservoirStorage,1051,-5654,220.0,15
Deep_storage_6,bus_5169,4.42632e-7,4.42632e-7,0.0,1,EnergyReservoirStorage,1051,-5654,220.0,15
Deep_storage_28,bus_5169,3.2807999862719996,3.2807999862719996,0.0,1,EnergyReservoirStorage,1051,-5654,220.0,15
Deep_storage_15,bus_5169,0.49002109611200007,0.49002109611200007,0.0,1,EnergyReservoirStorage,1051,-5654,220.0,15
Deep_storage_9,bus_5169,4.7786e-7,4.7786e-7,0.0,1,EnergyReservoirStorage,1051,-5654,220.0,15
bus1875,bus_4211,0.0,0.2884590009821411,0.15476785092967338,0,PowerLoad,-1506,-1837,132.0,13
bus1392,bus_4474,0.0,0.009891404017903982,0.0025377789243428116,0,PowerLoad,-1654,-2994,11.0,14
gen_2024_2,bus_2024,1.4437960522213193,1.1000000106522343,0.4999999849088299,22,RenewableDispatch,779,-1936,15.0,5
gen_YAMBUKWF,bus_2024,0.20058264389806757,-8.515848799878692e-9,-0.11082488334173381,22,RenewableDispatch,779,-1936,15.0,5
gen_CHPSTWF1,bus_2024,0.041119441999103855,-8.51584879987869e-9,-0.11082488334173381,22,RenewableDispatch,779,-1936,15.0,5
bus637,bus_2024,0.0,0.0020948827389020465,0.0022609731811411553,0,PowerLoad,779,-1936,15.0,5
bus806,bus_1624,0.0,0.07268011119515587,0.013907688565588716,0,PowerLoad,-566,379,11.0,2
gen_CPSA_2,bus_3628,0.14839746167980067,-8.515848799878692e-9,-0.1108248833417338,22,RenewableDispatch,-1863,6796,132.0,8
gen_CPSA_1,bus_3628,0.14839746167980067,-8.515848799878692e-9,-0.1108248833417338,22,RenewableDispatch,-1863,6796,132.0,8
bus1469,bus_2328,0.0,0.21144178195467148,0.10608250852733027,0,PowerLoad,689,-4097,22.0,6
bus481,bus_2243,0.0,0.295301057127538,-0.013942437525684782,0,PowerLoad,333,-3526,66.0,6
bus1226,bus_3178,0.0,0.31844376058815693,0.05312277140497442,0,PowerLoad,-1332,2344,11.0,11
gen_3430_2,bus_3430,1.8913581900678758,1.50747882062366e-8,0.010798253149822672,4,ThermalStandard,-147,4530,20.0,9
gen_3430_1,bus_3430,1.8913581900678758,1.50747882062366e-8,0.010798253149822672,4,ThermalStandard,-147,4530,20.0,9
bus1177,bus_3430,0.0,0.14705488200268768,0.1012580308163659,0,PowerLoad,-147,4530,20.0,9
Medium_storage_17,bus_1120,2.252668013648,2.252668013648,0.0,1,EnergyReservoirStorage,692,-193,330.0,2
Medium_storage_36,bus_1120,2.252668042652,2.252668042652,0.0,1,EnergyReservoirStorage,692,-193,330.0,2
Medium_storage_81,bus_1120,1.684192239604,1.684192239604,0.0,1,EnergyReservoirStorage,692,-193,330.0,2
Medium_storage_20,bus_1120,2.236660013648,2.236660013648,0.0,1,EnergyReservoirStorage,692,-193,330.0,2
Medium_storage_63,bus_1120,2.2366601239560002,2.2366601239560002,0.0,1,EnergyReservoirStorage,692,-193,330.0,2
Medium_storage_51,bus_1120,2.236660116688,2.236660116688,0.0,1,EnergyReservoirStorage,692,-193,330.0,2
Medium_storage_55,bus_1120,2.236660118624,2.236660118624,0.0,1,EnergyReservoirStorage,692,-193,330.0,2
Medium_storage_38,bus_1120,2.2366600479599996,2.2366600479599996,0.0,1,EnergyReservoirStorage,692,-193,330.0,2
Medium_storage_46,bus_1120,2.2526681121039998,2.2526681121039998,0.0,1,EnergyReservoirStorage,692,-193,330.0,2
Medium_storage_72,bus_1120,2.25266814142,2.25266814142,0.0,1,EnergyReservoirStorage,692,-193,330.0,2
Medium_storage_76,bus_1120,2.2366601576439997,2.2366601576439997,0.0,1,EnergyReservoirStorage,692,-193,330.0,2
Medium_storage,bus_1120,0.788475938256,0.788475938256,0.0,1,EnergyReservoirStorage,692,-193,330.0,2
Medium_storage_4,bus_1120,1.0958600400279999,1.0958600400279999,0.0,1,EnergyReservoirStorage,692,-193,330.0,2
Medium_storage_25,bus_1120,2.2526680188199997,2.2526680188199997,0.0,1,EnergyReservoirStorage,692,-193,330.0,2
Medium_storage_12,bus_1120,1.095860077208,1.095860077208,0.0,1,EnergyReservoirStorage,692,-193,330.0,2
Medium_storage_30,bus_1120,2.236660024492,2.236660024492,0.0,1,EnergyReservoirStorage,692,-193,330.0,2
Medium_storage_67,bus_1120,2.236660129212,2.236660129212,0.0,1,EnergyReservoirStorage,692,-193,330.0,2
Medium_storage_42,bus_1120,2.236660049552,2.236660049552,0.0,1,EnergyReservoirStorage,692,-193,330.0,2
Medium_storage_59,bus_1120,2.2366601204680006,2.2366601204680006,0.0,1,EnergyReservoirStorage,692,-193,330.0,2
gen_5040_4,bus_5040,1.129956636336103,0.7000000097751266,0.12236305133877669,16,HydroDispatch,883,-5645,16.0,15
gen_1079_7,bus_1079,0.05385164807134506,1.0000000096480142,-0.14070362141951634,16,HydroDispatch,1451,-1534,12.5,4
bus909,bus_1079,0.0,0.0003275379201811482,0.00032447438276943,0,PowerLoad,1451,-1534,12.5,4
bus1783,bus_3504,0.0,1.0352873289602,0.26697656452403334,0,PowerLoad,-479,2780,110.0,11
bus79,bus_1610,0.0,1.752153312353252,-0.12628659163360295,0,PowerLoad,1095,-676,33.0,3
gen_3443_1,bus_3443,4.504663599052098,1.4879827640775539e-8,0.006479301539074412,8,ThermalStandard,-209,4591,19.5,9
gen_3443_2,bus_3443,4.504663599052098,1.4879827640775539e-8,0.006479301539074412,8,ThermalStandard,-209,4591,19.5,9
bus1448,bus_3443,0.0,0.12208993272327127,0.13577687003852368,0,PowerLoad,-209,4591,19.5,9
bus1491,bus_1599,0.0,0.004541008767632181,0.001588155113934748,0,PowerLoad,-1094,1961,66.0,1
bus838,bus_2284,0.0,1.168082728801371,0.2778880382982845,0,PowerLoad,935,-3619,66.0,6
bus879,bus_3535,0.0,1.053303542093679,0.15044932962749108,0,PowerLoad,484,3585,132.0,9
gen_SKSF1,bus_1145,0.15442493378985145,0.0,-1.6999999719524248,21,RenewableDispatch,1363,1597,330.0,2
gen_GNNDHSF1,bus_1145,0.0,0.0,-1.6999999719524244,21,RenewableDispatch,1363,1597,330.0,2
gen_HYMIVC06 Belgrave-Hallam Rd Micro Hydro,bus_2238,0.002777426866723947,-9.621017705979895e-9,0.09999999256202242,16,HydroDispatch,314,-4087,66.0,6
bus1736,bus_2238,0.0,0.07924896857553061,0.020139864216699162,0,PowerLoad,314,-4087,66.0,6
bus1873,bus_3415,0.0,0.3411463612031638,0.06640094555220667,0,PowerLoad,-127,2990,11.0,11
bus816,bus_2074,0.0,-0.7464083749834668,0.0,0,PowerLoad,-14,-3759,0.65,5
VBB1,bus_2108,2.5,2.5,0.0,1,EnergyReservoirStorage,380,-3402,220.0,6
bus422,bus_2251,0.0,0.007802310319476,-0.022402039702348095,0,PowerLoad,923,-2947,66.0,6
bus338,bus_2285,0.0,0.6242516423153648,0.1643350310710961,0,PowerLoad,927,-3645,66.0,6
bus1465,bus_1223,0.0,0.024442519609880996,0.00841097326452171,0,PowerLoad,-253,-282,132.0,2
bus275,bus_2210,0.0,0.26630385543851554,0.02087590726886919,0,PowerLoad,430,-4263,66.0,6
Coordinated_CER_storage_49,bus_3633,0.7828944273145,0.7828944273145,0.0,1,EnergyReservoirStorage,-1147,2506,110.0,11
Coordinated_CER_storage_74,bus_3633,1.5786409711674994,1.5786409711674994,0.0,1,EnergyReservoirStorage,-1147,2506,110.0,11
Coordinated_CER_storage_25,bus_3633,0.2502287975205,0.2502287975205,0.0,1,EnergyReservoirStorage,-1147,2506,110.0,11
Coordinated_CER_storage_29,bus_3633,0.3287534315995,0.3287534315995,0.0,1,EnergyReservoirStorage,-1147,2506,110.0,11
Coordinated_CER_storage_99,bus_3633,2.6327937109970003,2.6327937109970003,0.0,1,EnergyReservoirStorage,-1147,2506,110.0,11
Coordinated_CER_storage_44,bus_3633,0.646359364413,0.646359364413,0.0,1,EnergyReservoirStorage,-1147,2506,110.0,11
Coordinated_CER_storage,bus_3633,0.057884209992,0.057884209992,0.0,1,EnergyReservoirStorage,-1147,2506,110.0,11
Coordinated_CER_storage_59,bus_3633,1.067445551126,1.067445551126,0.0,1,EnergyReservoirStorage,-1147,2506,110.0,11
Coordinated_CER_storage_20,bus_3633,0.18037942000600002,0.18037942000600002,0.0,1,EnergyReservoirStorage,-1147,2506,110.0,11
Coordinated_CER_storage_9,bus_3633,0.08606469991200001,0.08606469991200001,0.0,1,EnergyReservoirStorage,-1147,2506,110.0,11
Coordinated_CER_storage_84,bus_3633,1.965960681648,1.965960681648,0.0,1,EnergyReservoirStorage,-1147,2506,110.0,11
Coordinated_CER_storage_79,bus_3633,1.7667721709329995,1.7667721709329995,0.0,1,EnergyReservoirStorage,-1147,2506,110.0,11
Coordinated_CER_storage_15,bus_3633,0.120323959996,0.120323959996,0.0,1,EnergyReservoirStorage,-1147,2506,110.0,11
Coordinated_CER_storage_34,bus_3633,0.4212584367290001,0.4212584367290001,0.0,1,EnergyReservoirStorage,-1147,2506,110.0,11
Coordinated_CER_storage_94,bus_3633,2.3976947240474997,2.3976947240474997,0.0,1,EnergyReservoirStorage,-1147,2506,110.0,11
Coordinated_CER_storage_39,bus_3633,0.5276506938305,0.5276506938305,0.0,1,EnergyReservoirStorage,-1147,2506,110.0,11
Coordinated_CER_storage_89,bus_3633,2.1756048055855,2.1756048055855,0.0,1,EnergyReservoirStorage,-1147,2506,110.0,11
Coordinated_CER_storage_69,bus_3633,1.4000440640855,1.4000440640855,0.0,1,EnergyReservoirStorage,-1147,2506,110.0,11
Coordinated_CER_storage_64,bus_3633,1.232696452002,1.232696452002,0.0,1,EnergyReservoirStorage,-1147,2506,110.0,11
Coordinated_CER_storage_54,bus_3633,0.9178736623485,0.9178736623485,0.0,1,EnergyReservoirStorage,-1147,2506,110.0,11
bus444,bus_3376,0.0,0.026650534911818475,-0.03287900370774751,0,PowerLoad,-964,7085,66.0,8
bus923,bus_1403,0.0,0.0004705976549624914,-0.006565560468155793,0,PowerLoad,287,140,132.0,2
wtg_Q4_1,bus_3591,0.6205301856236813,0.0,0.0,22,RenewableDispatch,-1070,5934,275.0,8
gen_3592_1,bus_3591,0.0,0.0,-0.795705095039892,21,RenewableDispatch,-1070,5934,275.0,8
pv_Q4_1,bus_3591,6.936841883198723,0.0,0.0,21,RenewableDispatch,-1070,5934,275.0,8
gen_3444_4,bus_3444,3.7471153841885023,6.477506029201183,1.2729506936195132,20,ThermalStandard,-307,3700,20.5,9
gen_3444_1,bus_3444,3.7471153841885023,6.477506029201183,1.2729506936195132,20,ThermalStandard,-307,3700,20.5,9
gen_3444_2,bus_3444,3.7471153841885023,6.477506029201183,1.2729506936195132,20,ThermalStandard,-307,3700,20.5,9
gen_3444_3,bus_3444,3.7471153841885023,6.477506029201183,1.2729506936195132,20,ThermalStandard,-307,3700,20.5,9
bus1580,bus_3444,0.0,0.13591195142503448,0.08995584943757953,0,PowerLoad,-307,3700,20.5,9
gen_1020_1,bus_1020,1.9534336408724224,8.200000010014195,1.6957859545700886,4,ThermalStandard,911,407,23.0,3
gen_1020_3,bus_1020,1.9534336408724224,8.200000010014195,1.6957859545700886,4,ThermalStandard,911,407,23.0,3
gen_1020_2,bus_1020,1.9534336408724224,8.200000010014195,1.6957859545700886,4,ThermalStandard,911,407,23.0,3
gen_1020_4,bus_1020,1.9534336408724224,8.200000010014195,1.6957859545700886,4,ThermalStandard,911,407,23.0,3
bus113,bus_1020,0.0,0.8448048568607166,0.6252904244504586,0,PowerLoad,911,407,23.0,3
bus883,bus_4444,0.0,0.017367921722982325,0.004734101614809575,0,PowerLoad,-2351,-3218,11.0,14
bus309,bus_1374,0.0,0.024255181914520772,0.006186738300841344,0,PowerLoad,467,-265,132.0,2
gen_2247_2,bus_2247,0.0,0.6000000097277676,0.02199613533462595,21,RenewableDispatch,1534,-4493,33.0,7
bus37,bus_2256,0.0,0.042696460532355186,0.0029633108563732035,0,PowerLoad,907,-2953,66.0,6
gen_1071_1,bus_1071,0.07974653725448921,-8.51584879992637e-9,-0.11053371168818277,16,HydroDispatch,795,-1987,15.75,4
bus1976,bus_1356,0.0,0.03238729361671484,-0.00039931048818200973,0,PowerLoad,1264,1484,132.0,1
bus1159,bus_2234,0.0,0.23819173243348332,0.054944176649152826,0,PowerLoad,766,-2913,66.0,6
bus71,bus_4379,0.0,0.004628974982083188,0.0019087867831376407,0,PowerLoad,-2084,-4020,33.0,14
bus1406,bus_1559,0.0,0.03204971143364299,0.0053888798272048654,0,PowerLoad,1771,1914,66.0,1
gen_WONWP,bus_2277,0.08023305755922704,-8.515848799878692e-9,-0.11082488334173382,22,RenewableDispatch,1059,-3919,66.0,7
gen_HEPWIND1,bus_2277,0.0274129613327359,-8.515848799878692e-9,-0.11082488334173381,22,RenewableDispatch,1059,-3919,66.0,7
bus69,bus_2277,0.0,2.0769580116132236,0.4222136900083548,0,PowerLoad,1059,-3919,66.0,7
pv_Q2_1,bus_3225,0.944403310297036,0.0,0.0,21,RenewableDispatch,-2013,6902,132.0,8
wtg_Q2_1,bus_3225,0.08935634672981015,0.0,0.0,22,RenewableDispatch,-2013,6902,132.0,8
bus1655,bus_3225,0.0,0.016186733565000437,-0.04934738524423438,0,PowerLoad,-2013,6902,132.0,8
gen_1078_6,bus_1078,0.24729682399773326,1.0000000096478883,-0.14256395731259952,22,RenewableDispatch,1459,-1470,12.5,4
bus442,bus_1078,0.0,0.00032093361953448434,0.0003431462393219101,0,PowerLoad,1459,-1470,12.5,4
Medium_storage_27,bus_4137,2.0502000000000002e-7,2.0502000000000002e-7,0.0,1,EnergyReservoirStorage,-1782,-2384,275.0,13
Medium_storage_7,bus_4137,4.0980000000000014e-8,4.0980000000000014e-8,0.0,1,EnergyReservoirStorage,-1782,-2384,275.0,13
Medium_storage_43,bus_4137,2.37612e-7,2.37612e-7,0.0,1,EnergyReservoirStorage,-1782,-2384,275.0,13
Medium_storage_78,bus_4137,0.22345224278,0.22345224278,0.0,1,EnergyReservoirStorage,-1782,-2384,275.0,13
Medium_storage_14,bus_4137,1.9269600000000002e-7,1.9269600000000002e-7,0.0,1,EnergyReservoirStorage,-1782,-2384,275.0,13
Medium_storage_37,bus_4137,2.26148e-7,2.26148e-7,0.0,1,EnergyReservoirStorage,-1782,-2384,275.0,13
Medium_storage_33,bus_4137,2.1526e-7,2.1526e-7,0.0,1,EnergyReservoirStorage,-1782,-2384,275.0,13
Medium_storage_56,bus_4137,2.43444e-7,2.43444e-7,0.0,1,EnergyReservoirStorage,-1782,-2384,275.0,13
Medium_storage_73,bus_4137,0.22345223698799996,0.22345223698799996,0.0,1,EnergyReservoirStorage,-1782,-2384,275.0,13
Medium_storage_9,bus_4137,5.216e-8,5.216e-8,0.0,1,EnergyReservoirStorage,-1782,-2384,275.0,13
Medium_storage_22,bus_4137,1.9596799999999997e-7,1.9596799999999997e-7,0.0,1,EnergyReservoirStorage,-1782,-2384,275.0,13
Medium_storage_69,bus_4137,2.6431199999999996e-7,2.6431199999999996e-7,0.0,1,EnergyReservoirStorage,-1782,-2384,275.0,13
Medium_storage_60,bus_4137,2.4663200000000003e-7,2.4663200000000003e-7,0.0,1,EnergyReservoirStorage,-1782,-2384,275.0,13
BLYTHB1,bus_4137,1.0,1.0,0.0,1,EnergyReservoirStorage,-1782,-2384,275.0,13
Medium_storage_48,bus_4137,2.41832e-7,2.41832e-7,0.0,1,EnergyReservoirStorage,-1782,-2384,275.0,13
Medium_storage_65,bus_4137,2.532e-7,2.532e-7,0.0,1,EnergyReservoirStorage,-1782,-2384,275.0,13
Medium_storage_39,bus_4137,2.30768e-7,2.30768e-7,0.0,1,EnergyReservoirStorage,-1782,-2384,275.0,13
bus904,bus_5204,0.0,0.029131446538580637,-0.0020222490483494246,0,PowerLoad,1418,-6149,11.0,15
bus625,bus_4479,0.0,0.054547028598970225,-0.010505970308547522,0,PowerLoad,-1940,-1963,11.0,13
bus1051,bus_1257,0.0,0.09606881868384183,-0.0015071631866767467,0,PowerLoad,731,1347,132.0,1
bus1061,bus_5240,0.0,0.017104494148909705,0.02648146951808843,0,PowerLoad,1125,-5907,22.0,15
bus1932,bus_2352,0.0,0.002698294937134742,0.0005457546124381606,0,PowerLoad,947,-4029,11.0,7
bus503,bus_1361,0.0,0.3326384465384388,-0.0007195398213171735,0,PowerLoad,2186,-1475,132.0,4
bus248,bus_1623,0.0,0.1551870730134494,0.01095922730700859,0,PowerLoad,1924,1854,66.0,1
gen_4003_1,bus_4003,0.27642351725114356,-9.791364103849414e-9,-0.067369610535639,22,RenewableDispatch,-4058,-1874,0.6899999999999998,12
bus1351,bus_1589,0.0,0.10359153937863998,0.005324165897835671,0,PowerLoad,2052,2095,33.0,1
bus1542,bus_4453,0.0,0.11002045074207358,0.02907701377140015,0,PowerLoad,-2227,-2610,11.0,13
bus1945,bus_2312,0.0,0.28658788760510484,0.0114312723831155,0,PowerLoad,1064,-4051,22.0,7
bus1794,bus_4450,0.0,0.04429462517823021,0.0185528262596724,0,PowerLoad,-2358,-3007,11.0,14
bus1954,bus_1130,0.0,0.09404422473908737,-0.012116421460602083,0,PowerLoad,734,-379,132.0,2
bus1350,bus_3645,0.0,0.22403248957842167,0.0771942364919268,0,PowerLoad,-1163,3254,11.0,11
bus1274,bus_3396,0.0,1.8734320592021367,0.5113470514986878,0,PowerLoad,-1030,3726,33.0,11
bus166,bus_3456,0.0,0.004720744815665879,0.0,0,PowerLoad,-1938,6945,11.0,8
SMTHBES1,bus_1634,1.0,1.0,0.0,1,EnergyReservoirStorage,639,56,33.0,2
bus351,bus_4436,0.0,0.021216520022713476,0.008194387444329586,0,PowerLoad,-2029,-4085,11.0,14
bus1445,bus_3624,0.0,0.01013058779791501,0.013642962013217524,0,PowerLoad,-25,3843,275.0,9
SNB01,bus_3624,6.2,6.2,0.0,1,EnergyReservoirStorage,-25,3843,275.0,9
gen_3295_4,bus_3295,3.923008464002056,1.7931772339966294,-0.4091886388250841,8,ThermalStandard,562,3886,21.0,10
gen_3295_1,bus_3295,3.923008464002056,1.7931772339966294,-0.4091886388250841,8,ThermalStandard,562,3886,21.0,10
gen_3295_3,bus_3295,3.923008464002056,1.7931772339966294,-0.4091886388250841,8,ThermalStandard,562,3886,21.0,10
gen_3295_2,bus_3295,3.923008464002056,1.7931772339966294,-0.4091886388250841,8,ThermalStandard,562,3886,21.0,10
bus1616,bus_3295,0.0,2.907757113189598,0.6478545735592143,0,PowerLoad,562,3886,21.0,10
bus487,bus_1499,0.0,0.300880351786296,-0.00280060603051685,0,PowerLoad,664,-701,11.0,4
bus542,bus_3100,0.0,0.3750759949105082,0.08611276247034198,0,PowerLoad,-1000,2976,33.0,11
gen_5036_2,bus_5036,0.648459713474939,-5.3838022337744505e-9,-0.09999996981895652,4,ThermalStandard,759,-5693,11.0,15
QBYNB1,bus_1199,0.1,0.1,0.0,1,EnergyReservoirStorage,944,-1807,132.0,4
bus1769,bus_3205,0.0,0.001613113026037436,-0.04505157794220763,0,PowerLoad,-1012,3485,110.0,11
Coordinated_CER_storage_33,bus_5116,0.022095865797,0.022095865797,0.0,1,EnergyReservoirStorage,1193,-5956,110.0,15
Coordinated_CER_storage_93,bus_5116,0.19677240241000005,0.19677240241000005,0.0,1,EnergyReservoirStorage,1193,-5956,110.0,15
Coordinated_CER_storage_48,bus_5116,0.049132745136500004,0.049132745136500004,0.0,1,EnergyReservoirStorage,1193,-5956,110.0,15
Coordinated_CER_storage_83,bus_5116,0.155830362915,0.155830362915,0.0,1,EnergyReservoirStorage,1193,-5956,110.0,15
Coordinated_CER_storage_58,bus_5116,0.07362502754649998,0.07362502754649998,0.0,1,EnergyReservoirStorage,1193,-5956,110.0,15
Coordinated_CER_storage_38,bus_5116,0.029602159735,0.029602159735,0.0,1,EnergyReservoirStorage,1193,-5956,110.0,15
Coordinated_CER_storage_73,bus_5116,0.120007817454,0.120007817454,0.0,1,EnergyReservoirStorage,1193,-5956,110.0,15
Coordinated_CER_storage_19,bus_5116,0.00827841,0.00827841,0.0,1,EnergyReservoirStorage,1193,-5956,110.0,15
Coordinated_CER_storage_88,bus_5116,0.17559272887,0.17559272887,0.0,1,EnergyReservoirStorage,1193,-5956,110.0,15
Coordinated_CER_storage_23,bus_5116,0.0117184911745,0.0117184911745,0.0,1,EnergyReservoirStorage,1193,-5956,110.0,15
Coordinated_CER_storage_28,bus_5116,0.016067945559000003,0.016067945559000003,0.0,1,EnergyReservoirStorage,1193,-5956,110.0,15
Coordinated_CER_storage_43,bus_5116,0.0386051891815,0.0386051891815,0.0,1,EnergyReservoirStorage,1193,-5956,110.0,15
Coordinated_CER_storage_98,bus_5116,0.219208867365,0.219208867365,0.0,1,EnergyReservoirStorage,1193,-5956,110.0,15
Coordinated_CER_storage_68,bus_5116,0.10390082998200001,0.10390082998200001,0.0,1,EnergyReservoirStorage,1193,-5956,110.0,15
Coordinated_CER_storage_63,bus_5116,0.08842023801,0.08842023801,0.0,1,EnergyReservoirStorage,1193,-5956,110.0,15
Coordinated_CER_storage_78,bus_5116,0.13727725243449998,0.13727725243449998,0.0,1,EnergyReservoirStorage,1193,-5956,110.0,15
Coordinated_CER_storage_14,bus_5116,0.005392376,0.005392376,0.0,1,EnergyReservoirStorage,1193,-5956,110.0,15
Coordinated_CER_storage_53,bus_5116,0.0605749165915,0.0605749165915,0.0,1,EnergyReservoirStorage,1193,-5956,110.0,15
Coordinated_CER_storage_8,bus_5116,0.0036039559999999997,0.0036039559999999997,0.0,1,EnergyReservoirStorage,1193,-5956,110.0,15
Coordinated_CER_storage_4,bus_5116,0.0022332047999999998,0.0022332047999999998,0.0,1,EnergyReservoirStorage,1193,-5956,110.0,15
gen_4022_1,bus_4022,0.1655719254583941,1.1999977458316644,-0.0999996439130205,21,RenewableDispatch,-3032,-1224,0.6899999999999998,12
gen_4022_2,bus_4022,0.1655719254583941,1.1999977458316644,-0.0999996439130205,21,RenewableDispatch,-3032,-1224,0.6899999999999998,12
bus244,bus_1254,0.0,0.050747738789571076,0.003995608460008149,0,PowerLoad,673,-588,132.0,2
bus650,bus_1558,0.0,0.08436916761558093,0.012641566808935441,0,PowerLoad,76,981,11.0,2
bus1030,bus_3132,0.0,0.13116324506477292,0.03574468804217299,0,PowerLoad,-1095,3285,11.0,11
bus1370,bus_2239,0.0,1.3951702041220637,-0.11687316563131223,0,PowerLoad,105,-3527,66.0,5
gen_3431_1,bus_3431,1.3390290759401573,4.200000041641623,0.503958674525737,4,ThermalStandard,-250,4608,20.0,9
gen_3431_2,bus_3431,1.3390290759401573,4.200000041641623,0.503958674525737,4,ThermalStandard,-250,4608,20.0,9
bus1417,bus_3431,0.0,0.1640150416015999,0.07552612163633049,0,PowerLoad,-250,4608,20.0,9
bus1587,bus_3211,0.0,0.0009640974732491712,-0.0049566984160757,0,PowerLoad,-1228,6939,132.0,8
bus1908,bus_4416,0.0,0.26454780390139815,0.10107226271085491,0,PowerLoad,-2434,-2245,11.0,13
bus1858,bus_3423,0.0,0.17306969206157766,0.08386077096602937,0,PowerLoad,-243,3682,20.0,9
bus83,bus_1625,0.0,0.1159742209361594,0.028504885280742454,0,PowerLoad,329,-115,66.0,2
bus873,bus_3452,0.0,0.0013874850364122956,-0.023922181854799954,0,PowerLoad,-879,6634,11.0,8
bus945,bus_5000,0.0,-0.21765247850115774,0.0,0,PowerLoad,1877,-5949,33.0,15
"gen_[ANGAST1, ANGAST1]",bus_4204,0.43608192596441414,-8.515848799878692e-9,-0.1108248833417338,22,RenewableDispatch,-1944,-1667,132.0,13
bus1503,bus_4204,0.0,0.11009695139326327,0.005909849083410624,0,PowerLoad,-1944,-1667,132.0,13
bus1055,bus_4380,0.0,0.31527504229466724,-0.24024630624859408,0,PowerLoad,-2074,-2338,33.0,13
bus546,bus_1459,0.0,6.1799835736560045,1.293929303896859,0,PowerLoad,1135,-792,132.0,3
gen_2028_3,bus_2028,0.7302130701306319,1.2000000116517344,0.49999998501873094,22,RenewableDispatch,749,-1979,15.0,5
gen_2028_1,bus_2028,0.7302130701306319,1.2000000116517344,0.49999998501873094,22,RenewableDispatch,749,-1979,15.0,5
gen_KIATAWF1,bus_2028,0.1008903771898221,-8.51584879987869e-9,-0.11082488334173378,22,RenewableDispatch,749,-1979,15.0,5
gen_2028_2,bus_2028,0.7302130701306319,1.2000000116517344,0.49999998501873094,22,RenewableDispatch,749,-1979,15.0,5
bus846,bus_2028,0.0,0.0022280140894041594,0.002072859914028886,0,PowerLoad,749,-1979,15.0,5
bus462,bus_1007,0.0,1.6577895037406882,0.3330621708366516,0,PowerLoad,260,-3033,22.0,5
gen_Barcaldine Remote Community Solar Farm,bus_3243,0.0,0.0,-0.795705095039892,21,RenewableDispatch,-629,6039,132.0,8
bus1036,bus_2066,0.0,0.03004929661709121,0.0255798537003057,0,PowerLoad,1381,-4708,11.0,7
bus703,bus_3477,0.0,5.159346726443718,2.967875608045407,0,PowerLoad,-1022,4658,132.0,9
bus67,bus_1561,0.0,0.14175762300417466,0.0014190102362853637,0,PowerLoad,686,-2685,22.0,5
bus1222,bus_3365,0.0,1.686336084358963,0.3779943491336486,0,PowerLoad,-1266,2451,33.0,11
bus1886,bus_1630,0.0,0.1383407618497394,0.013593942357460271,0,PowerLoad,907,1571,132.0,1
bus321,bus_3472,0.0,1.4130030935070985,0.3879633287251196,0,PowerLoad,-489,2977,33.0,11
bus1131,bus_4025,0.0,0.8393434448444147,0.0,0,PowerLoad,-2959,-1413,33.0,12
bus1982,bus_4393,0.0,0.08054531597268183,0.02771952718535876,0,PowerLoad,-942,-2695,33.0,14
bus1488,bus_1236,0.0,0.011209881221010281,-0.013690806231611785,0,PowerLoad,645,137,132.0,2
bus682,bus_4418,0.0,0.24964113593676945,0.06992595426701356,0,PowerLoad,-2466,-2423,11.0,13
gen_4026_1,bus_4026,0.0061302664382373905,3.353203238118548e-7,0.0,21,RenewableDispatch,-2919,-1065,0.6899999999999998,12
gen_MOREESF1,bus_1159,0.0,0.0,-1.6999999719524244,21,RenewableDispatch,1823,2202,132.0,1
bus1809,bus_1305,0.0,0.11356479667944877,0.046324336985329916,0,PowerLoad,853,-451,132.0,2
wtg_S1_1,bus_4101,1.5692369926124126,0.0,0.0,22,RenewableDispatch,-707,-2550,275.0,14
pv_S1_1,bus_4101,2.514458440698513,0.0,0.0,21,RenewableDispatch,-707,-2550,275.0,14
gen_2093_2,bus_2093,1.4356854351476966,4.200000041790948,0.06704894598830839,22,RenewableDispatch,966,-3987,20.0,7
gen_2093_1,bus_2093,1.4356854351476966,4.200000041790948,0.06704894598830839,22,RenewableDispatch,966,-3987,20.0,7
bus329,bus_2093,0.0,0.22760114782182736,0.18587098391368154,0,PowerLoad,966,-3987,20.0,7
bus1180,bus_4482,0.0,0.00028798486311502083,-0.0019160807287372534,0,PowerLoad,-2016,-3389,11.0,14
bus1733,bus_5192,0.0,0.09252520393577213,0.01284643301393056,0,PowerLoad,722,-5364,22.0,15
bus1906,bus_2211,0.0,0.041712522750599404,0.003579394839309065,0,PowerLoad,411,-4354,66.0,6
bus288,bus_5173,0.0,0.1994792540134963,0.047835843445462975,0,PowerLoad,301,-5861,22.0,15
gen_3272_1,bus_3272,0.010997547345701597,0.0,-0.23491234292745433,21,RenewableDispatch,-134,5468,132.0,9
bus1574,bus_3272,0.0,0.000604402786206765,-0.1064662538882351,0,PowerLoad,-134,5468,132.0,9
bus1642,bus_3414,0.0,0.3779569339935058,0.11300556581726674,0,PowerLoad,-125,2966,11.0,11
bus96,bus_4402,0.0,0.9322325006397177,0.07243639606177703,0,PowerLoad,-3245,-1797,11.0,12
bus101,bus_4209,0.0,0.2504340832343593,0.13933241759652373,0,PowerLoad,-1518,-1647,132.0,13
Passive_CER_storage_43,bus_5100,0.02745897582,0.02745897582,0.0,1,EnergyReservoirStorage,1251,-6125,110.0,15
Passive_CER_storage_83,bus_5100,0.0320578239,0.0320578239,0.0,1,EnergyReservoirStorage,1251,-6125,110.0,15
Passive_CER_storage_38,bus_5100,0.02567577379,0.02567577379,0.0,1,EnergyReservoirStorage,1251,-6125,110.0,15
Passive_CER_storage_63,bus_5100,0.03151260352,0.03151260352,0.0,1,EnergyReservoirStorage,1251,-6125,110.0,15
Passive_CER_storage_15,bus_5100,0.013750005329999999,0.013750005329999999,0.0,1,EnergyReservoirStorage,1251,-6125,110.0,15
Passive_CER_storage_33,bus_5100,0.02379867043,0.02379867043,0.0,1,EnergyReservoirStorage,1251,-6125,110.0,15
Passive_CER_storage_48,bus_5100,0.02917428381,0.02917428381,0.0,1,EnergyReservoirStorage,1251,-6125,110.0,15
Passive_CER_storage_22,bus_5100,0.01932702954,0.01932702954,0.0,1,EnergyReservoirStorage,1251,-6125,110.0,15
Passive_CER_storage_58,bus_5100,0.030855858610000002,0.030855858610000002,0.0,1,EnergyReservoirStorage,1251,-6125,110.0,15
Passive_CER_storage_93,bus_5100,0.03138485823,0.03138485823,0.0,1,EnergyReservoirStorage,1251,-6125,110.0,15
Passive_CER_storage_2,bus_5100,0.009768121880000001,0.009768121880000001,0.0,1,EnergyReservoirStorage,1251,-6125,110.0,15
Passive_CER_storage_9,bus_5100,0.0118456153,0.0118456153,0.0,1,EnergyReservoirStorage,1251,-6125,110.0,15
Passive_CER_storage_73,bus_5100,0.03206088915000001,0.03206088915000001,0.0,1,EnergyReservoirStorage,1251,-6125,110.0,15
Passive_CER_storage_88,bus_5100,0.03172154396,0.03172154396,0.0,1,EnergyReservoirStorage,1251,-6125,110.0,15
Passive_CER_storage_98,bus_5100,0.0310254679,0.0310254679,0.0,1,EnergyReservoirStorage,1251,-6125,110.0,15
Passive_CER_storage_28,bus_5100,0.021696293579999998,0.021696293579999998,0.0,1,EnergyReservoirStorage,1251,-6125,110.0,15
Passive_CER_storage_68,bus_5100,0.03168256843,0.03168256843,0.0,1,EnergyReservoirStorage,1251,-6125,110.0,15
Passive_CER_storage_78,bus_5100,0.0321831249,0.0321831249,0.0,1,EnergyReservoirStorage,1251,-6125,110.0,15
Passive_CER_storage_53,bus_5100,0.03004759233,0.03004759233,0.0,1,EnergyReservoirStorage,1251,-6125,110.0,15
Passive_CER_storage_20,bus_5100,0.01662229273,0.01662229273,0.0,1,EnergyReservoirStorage,1251,-6125,110.0,15
bus1881,bus_1479,0.0,0.5306470785246081,-0.008803943800256038,0,PowerLoad,893,-1656,132.0,4
gen_2323_4,bus_2323,0.2518447954746305,0.500000009789967,0.132871517845747,22,RenewableDispatch,954,-3371,10.5,6
bus529,bus_2323,0.0,0.0013758314736273078,0.000807355498614034,0,PowerLoad,954,-3371,10.5,6
HBESS1,bus_2127,1.5,1.5,0.0,1,EnergyReservoirStorage,786,-2975,220.0,6
gen_2037_3,bus_2037,0.42309041823335364,1.1000000107921457,0.17127393198584898,22,RenewableDispatch,1274,-4304,10.5,7
gen_2037_1,bus_2037,0.42309041823335364,1.1000000107921457,0.17127393198584898,22,RenewableDispatch,1274,-4304,10.5,7
gen_2037_2,bus_2037,0.42309041823335364,1.1000000107921457,0.17127393198584898,22,RenewableDispatch,1274,-4304,10.5,7
bus1913,bus_2037,0.0,0.0007254521305705604,0.0007296120179021405,0,PowerLoad,1274,-4304,10.5,7
gen_2085_2,bus_2085,0.0,0.0,-0.6999998912766418,21,RenewableDispatch,1029,-3844,10.5,7
bus1659,bus_4389,0.0,0.018002079228227393,0.0075938140185070535,0,PowerLoad,-1243,-1976,33.0,14
bus1772,bus_5172,0.0,0.0009998706049335858,-0.00133244020179657,0,PowerLoad,1502,-5586,11.0,15
bus1681,bus_3278,0.0,0.18708556123296835,0.04362381144836606,0,PowerLoad,485,4116,132.0,9
bus1738,bus_1178,0.0,0.28075899635714563,0.04108146569028003,0,PowerLoad,524,-60,132.0,2
bus898,bus_3171,0.0,0.3639252315656798,0.1564388760171451,0,PowerLoad,-866,2904,110.0,11
gen_5020_1,bus_5020,0.3015692291995323,-8.381809951516742e-9,-0.03954699005529894,16,HydroDispatch,1454,-6257,11.0,15
bus121,bus_4486,0.0,0.032635115474970715,0.0080387093527345,0,PowerLoad,-1784,-2804,11.0,14
bus405,bus_2279,0.0,1.6131918827839171,0.39408146179739845,0,PowerLoad,1031,-4245,66.0,7
bus1088,bus_2300,0.0,0.354425524712368,0.19312422505741872,0,PowerLoad,490,-4179,22.0,6
bus1648,bus_3308,0.0,0.3780179684798103,0.1273882306912865,0,PowerLoad,-1705,2130,11.0,11
bus1859,bus_4415,0.0,0.00028725918481037826,-0.007872848173161381,0,PowerLoad,-2064,-2666,11.0,13
gen_LONSDALE,starbus_xf_4187_4230_4495_2,0.15756320362396045,-8.515848799878692e-9,-0.11082488334173381,22,RenewableDispatch,-2161,-871,132.0,13
bus191,bus_1397,0.0,0.6656398614543494,-0.01682163272222997,0,PowerLoad,927,1615,132.0,1
gen_1040_3,bus_1040,0.6195192342717479,2.590470181851592,-0.384282820039043,16,HydroDispatch,1374,-1592,15.4,4
bus46,bus_1040,0.0,0.0007692576468291918,0.0007827218728353326,0,PowerLoad,1374,-1592,15.4,4
bus147,bus_3356,0.0,0.4300053478027212,0.12714779098900225,0,PowerLoad,-226,3209,33.0,11
gen_2076_1,bus_2076,0.007154404457942581,0.8000000093544476,-0.018440349669238996,21,RenewableDispatch,79,-4685,0.6899999999999998,6
bus772,bus_3353,0.0,0.16208567414233033,0.005077830899478873,0,PowerLoad,-386,2501,33.0,11
bus1758,bus_3437,0.0,0.005637212066318557,0.0,0,PowerLoad,600,3549,15.0,10
gen_3524_1,bus_3329,0.0,0.0,0.13447166070755429,21,RenewableDispatch,-1687,7268,132.0,8
bus236,bus_5201,0.0,0.06354471813674617,0.011042884807097562,0,PowerLoad,850,-6309,11.0,15
bus1718,bus_4361,0.0,0.005772023733017055,-0.009297602804581482,0,PowerLoad,-3182,-1502,33.0,12
gen_BAPS_2,bus_2265,0.0677692155480643,-9.621017705979893e-9,0.0999999925620224,16,HydroDispatch,77,-4396,66.0,6
gen_BAPS_1,bus_2265,0.0677692155480643,-9.621017705979893e-9,0.0999999925620224,16,HydroDispatch,77,-4396,66.0,6
gen_1023_2,bus_1023,0.0,0.8000000096605855,0.0,21,RenewableDispatch,1660,-1072,0.6899999999999998,4
gen_BOMENSF1,bus_1023,0.0,0.0,-1.6999999719524244,21,RenewableDispatch,1660,-1072,0.6899999999999998,4
gen_1023_1,bus_1023,0.0,0.8000000096605855,0.0,21,RenewableDispatch,1660,-1072,0.6899999999999998,4
bus493,bus_2225,0.0,0.11236226521259728,0.005737813208349858,0,PowerLoad,341,-4144,66.0,6
bus677,bus_3087,0.0,0.4290367441519014,0.1330082408476925,0,PowerLoad,-1726,7292,22.0,8
bus1501,bus_1406,0.0,0.3141277316531037,0.0760974901020078,0,PowerLoad,485,488,132.0,2
gen_2069_1,bus_2069,0.6499824134889985,0.052041078007600626,0.0006357160656000571,22,RenewableDispatch,1355,-4754,11.0,7
bus1807,bus_3326,0.0,0.9898140914777529,0.19846439426157064,0,PowerLoad,-1331,2135,33.0,11
bus981,bus_3122,0.0,0.18807572440754378,0.02533476520232504,0,PowerLoad,-1335,5018,66.0,9
bus9,bus_1501,0.0,0.07508733761067242,0.007607191834338573,0,PowerLoad,73,-156,66.0,2
bus516,bus_3133,0.0,0.09894963527472055,0.00011604474644750762,0,PowerLoad,-1085,3311,11.0,11
bus137,bus_5176,0.0,0.012324984562177753,0.0052167702532720526,0,PowerLoad,1127,-6405,6.6,15
bus189,bus_1553,0.0,1.3315068758401725,0.39102572685428333,0,PowerLoad,1168,-486,11.0,3
gen_5035_3,bus_5035,0.3959797974644666,0.4000000097818709,-0.29999997370251186,16,HydroDispatch,750,-5680,11.0,15
bus1962,bus_4430,0.0,0.02778712460844136,0.014657155183996065,0,PowerLoad,-1942,-3404,11.0,14
bus187,bus_1354,0.0,0.09587421789628714,0.02073149974873765,0,PowerLoad,-379,380,132.0,2
bus455,bus_1435,0.0,0.06489285112208436,0.009075207300706718,0,PowerLoad,-444,-283,132.0,2
gen_4066_1,bus_4066,0.9656603957913983,1.799999969081917,-0.39999996826518475,4,ThermalStandard,-2002,-3402,15.75,14
bus284,bus_4066,0.0,0.003620474775643692,0.001891199255400715,0,PowerLoad,-2002,-3402,15.75,14
bus122,bus_4414,0.0,0.004282315940988476,-0.0038381047411212067,0,PowerLoad,-2087,-2646,11.0,13
bus978,bus_1357,0.0,0.09533679641416262,0.01101510182208637,0,PowerLoad,-1074,1989,66.0,1
bus1379,bus_3354,0.0,0.197291397633408,0.056657854374949475,0,PowerLoad,-564,4081,110.0,9
gen_BROKENH1,bus_1104,0.5888144957454767,0.0,-1.6999999719524246,21,RenewableDispatch,1748,2235,330.0,1
bus203,bus_4386,0.0,0.6252820739878024,0.2644013573047674,0,PowerLoad,-1471,-1726,33.0,13
bus624,bus_4463,0.0,0.048821714502043534,0.015740631377772457,0,PowerLoad,-1720,-2989,11.0,14
pv_Q5_1,bus_3432,0.15652475842498528,0.0,0.0,21,RenewableDispatch,-1221,5429,132.0,8
bus785,bus_4452,0.0,0.7087840143801081,0.23853632989273746,0,PowerLoad,-2117,-2487,11.0,13
bus990,bus_3240,0.0,0.030591222550674684,-0.009700548202914749,0,PowerLoad,-1445,7178,132.0,8
bus1838,bus_1369,0.0,0.3689149525031889,0.08234391920666628,0,PowerLoad,-473,449,33.0,2
bus1818,bus_2320,0.0,0.49017486767918955,0.07984251548176731,0,PowerLoad,869,-3729,22.0,6
bus54,bus_4464,0.0,0.030832776705011986,0.011198196131845964,0,PowerLoad,-1626,-3336,11.0,14
gen_DDPS1_2,bus_3529,1.6986846399569624,-8.515848799878692e-9,-0.11082488334173381,22,RenewableDispatch,-1282,6854,132.0,8
gen_DDPS1_1,bus_3529,1.6986846399569624,-8.515848799878692e-9,-0.11082488334173381,22,RenewableDispatch,-1282,6854,132.0,8
bus200,bus_4374,0.0,0.09149710043091976,-0.011722811126446731,0,PowerLoad,-2669,-784,33.0,12
gen_2021_14,bus_2021,1.781074552763022,-9.47261519190635e-9,0.4999999856744627,4,ThermalStandard,771,-1954,17.0,5
bus1319,bus_2021,0.0,0.0035566871235103224,0.003776678482075573,0,PowerLoad,771,-1954,17.0,5
bus323,bus_3361,0.0,0.5915908824192819,0.19321826965296945,0,PowerLoad,-1600,3528,11.0,11
bus1924,bus_1488,0.0,0.08888177097719768,0.04997052546719926,0,PowerLoad,318,946,132.0,2
bus885,bus_5181,0.0,-0.06227736484186923,0.018557569554967672,0,PowerLoad,443,-5908,11.0,15
bus585,bus_3364,0.0,0.27326100730826364,0.07838383239367161,0,PowerLoad,54,3191,11.0,11
gen_ERGT01,bus_1136,0.1804114726576941,-8.515848799878692e-9,-0.1108248833417338,22,RenewableDispatch,2127,-1817,132.0,4
bus1533,bus_1547,0.0,0.06470409276231273,0.016267674960752862,0,PowerLoad,668,1050,11.0,2
bus345,bus_3194,0.0,0.0629331864512032,0.07576364679379398,0,PowerLoad,-1502,6107,132.0,8
gen_4019_1,bus_4019,0.00988983168276027,0.999999002224776,0.074295845970026,21,RenewableDispatch,-2914,-2084,0.6899999999999998,13
bus868,bus_3276,0.0,0.2815058391307809,0.07549821693323124,0,PowerLoad,-942,6940,66.0,8
bus1206,bus_1209,0.0,0.28869412798510075,0.01917754072195916,0,PowerLoad,2478,-1579,66.0,4
bus730,bus_3441,0.0,0.18110729044675658,0.07174359139745844,0,PowerLoad,-1443,2173,110.0,11
bus1297,bus_3381,0.0,0.3007765634739986,0.11349390788303083,0,PowerLoad,-410,2650,11.0,11
bus550,bus_5205,0.0,0.031992389554726004,-0.0003062209114188432,0,PowerLoad,1049,-6287,11.0,15
bus1262,bus_4483,0.0,0.023577348522768996,0.008802635135200099,0,PowerLoad,-2056,-3852,7.6,14
bus327,bus_1626,0.0,0.049821924872909096,0.007105656319054137,0,PowerLoad,355,-490,66.0,2
BALB1,bus_2102,0.5,0.5,0.0,1,EnergyReservoirStorage,855,-1853,132.0,4
bus588,bus_3635,0.0,0.7027220046724455,0.2526125639561868,0,PowerLoad,-687,2591,110.0,11
bus1599,bus_5185,0.0,0.14886607803852842,0.055016830491396745,0,PowerLoad,1808,-5646,22.0,15
bus6,bus_4266,0.0,0.02120605789010382,0.009245692912852545,0,PowerLoad,-2234,-3018,66.0,14
bus1711,bus_1652,0.0,0.005315199052482665,0.004398507406500516,0,PowerLoad,16,475,33.0,2
bus1290,bus_1578,0.0,0.08230351933287354,0.024324985252889852,0,PowerLoad,2502,2560,66.0,1
bus257,bus_4404,0.0,0.42686212541523116,-0.024034545601199896,0,PowerLoad,-3241,-1776,11.0,12
bus1643,bus_4230,0.0,2.7790706214010665,0.5279574952840809,0,PowerLoad,-2163,-830,66.0,13
bus950,bus_2274,0.0,1.5831465739869919,0.3136115833048855,0,PowerLoad,860,-3741,66.0,6
bus163,bus_3446,0.0,-0.2429301294430447,0.0,0,PowerLoad,-503,2553,11.0,11
HVWWBA1,bus_4094,0.035,0.035,0.0,1,EnergyReservoirStorage,-2143,-2100,275.0,13
bus271,bus_1498,0.0,0.06455774196393897,0.016955589157968715,0,PowerLoad,-1114,1955,66.0,1
gen_KEPWF1,bus_3279,0.2277212612758442,-8.821856916465007e-9,0.012738575734369002,22,RenewableDispatch,569,4242,132.0,9
bus605,bus_3279,0.0,0.28269710299960443,0.05187270723557422,0,PowerLoad,569,4242,132.0,9
gen_1012_1,bus_1012,1.281893505717226,-9.493516978234296e-9,-0.0209959835784098,4,ThermalStandard,327,-1203,0.6899999999999998,4
bus1661,bus_5203,0.0,0.0795081332485472,0.017325554216725866,0,PowerLoad,960,-6395,11.0,15
bus1509,bus_2215,0.0,0.38390919441026045,0.09286692414197989,0,PowerLoad,167,-3906,66.0,6
bus1819,bus_5200,0.0,0.06814007199704267,0.015285622597963809,0,PowerLoad,834,-6302,11.0,15
bus1230,bus_3165,0.0,0.023824949744405313,-0.1759840102613757,0,PowerLoad,-1049,5738,132.0,8
gen_CHALLHWF,bus_2164,0.3510196268216183,-8.515848799878692e-9,-0.11082488334173381,22,RenewableDispatch,937,-3740,220.0,6
gen_Ballarat Base Hospital Plant,bus_2164,0.1754615255475168,-8.515848799878692e-9,-0.1108248833417338,22,RenewableDispatch,937,-3740,220.0,6
LVES1,bus_2164,1.0,1.0,0.0,1,EnergyReservoirStorage,937,-3740,220.0,6
bus1298,bus_3525,0.0,0.011009186416061094,0.005657363398013589,0,PowerLoad,348,3653,15.75,9
bus1102,bus_1261,0.0,0.10105547218179321,0.01991804215685869,0,PowerLoad,323,829,132.0,2
gen_OAKEY2SF,bus_3080,0.0,0.0,-0.7957050950398918,21,RenewableDispatch,-1426,7042,132.0,8
gen_OAKEY1SF,bus_3080,0.0,0.0,-0.7957050950398918,21,RenewableDispatch,-1426,7042,132.0,8
bus539,bus_4392,0.0,0.042174653522859235,0.009756984546479566,0,PowerLoad,-926,-2601,33.0,14
gen_5017_1,bus_5017,1.2128379941278224,2.000000019787434,-0.06429743240349915,4,ThermalStandard,853,-5363,14.5,15
gen_5017_2,bus_5017,1.2128379941278224,2.000000019787434,-0.06429743240349915,4,ThermalStandard,853,-5363,14.5,15
bus1472,bus_5017,0.0,0.053384746391362266,0.018443709050518352,0,PowerLoad,853,-5363,14.5,15
bus85,bus_3066,0.0,0.2849568791438403,0.08294945592799495,0,PowerLoad,-890,5735,66.0,8
bus917,bus_1054,0.0,-1.1299866916789367,0.0,0,PowerLoad,320,-3090,22.0,5
gen_TATIARA1,bus_4131,0.003907817550197433,-8.515848799878694e-9,-0.11082488334173383,22,RenewableDispatch,-1843,-2005,275.0,13
gen_HEZ1,bus_1536,0.8277559611619885,-8.515848799878692e-9,-0.11082488334173381,22,RenewableDispatch,902,-2246,33.0,4
gen_3655_1,bus_3655,8.003632587873128,4.2545602006470205,-0.959945771871904,20,ThermalStandard,411,2945,19.0,11
bus60,bus_3655,0.0,0.4352482561805935,0.32905040247092304,0,PowerLoad,411,2945,19.0,11
ULPBESS1,bus_3546,2.0,2.0,0.0,1,EnergyReservoirStorage,-981,2560,275.0,11
bus1257,bus_1510,0.0,0.10431647490385525,0.028369125786718675,0,PowerLoad,1869,1745,66.0,1
bus1486,bus_1620,0.0,0.24743876079107563,0.04439879696971721,0,PowerLoad,836,-1563,66.0,4
bus706,bus_1474,0.0,0.005834275724987769,0.004405332499381716,0,PowerLoad,2182,2350,132.0,1
bus773,bus_1032,0.0,4.418550802965806,-0.10283607300397575,0,PowerLoad,1292,-309,33.0,3
gen_1031_1,bus_1031,1.8896954781128097,1.000000009638057,-0.0033932666979379082,4,ThermalStandard,1078,-1731,11.0,4
gen_2061_2,bus_2061,1.5246934422942884,1.1000000105153187,0.1999995452803375,16,HydroDispatch,1082,-3101,11.5,6
gen_2061_1,bus_2061,1.5246934422942884,1.1000000105153187,0.1999995452803375,16,HydroDispatch,1082,-3101,11.5,6
bus486,bus_2061,0.0,0.000529687334195906,0.000534192333318202,0,PowerLoad,1082,-3101,11.5,6
bus131,bus_3642,0.0,0.2661982253896445,0.10297267355483936,0,PowerLoad,-990,6975,66.0,8
bus167,bus_2216,0.0,0.07125702832731223,0.02051857391591982,0,PowerLoad,91,-3833,66.0,6
bus1215,bus_3058,0.0,0.07522877093943792,0.009816180763111628,0,PowerLoad,-1308,3419,110.0,11
bus1487,bus_1062,0.0,-0.13221614464896575,0.0,0,PowerLoad,707,-1482,12.0,4
bus895,bus_4366,0.0,1.772215564156598,0.3477612072016981,0,PowerLoad,-2772,-1272,33.0,12
bus1309,bus_4475,0.0,0.024346059468710893,0.0054513902816022905,0,PowerLoad,-1738,-2895,11.0,14
bus1866,bus_4004,0.0,-2.4836855320164504,0.0,0,PowerLoad,-3878,-1892,0.4,12
bus1777,bus_3363,0.0,0.370254224786403,0.0949712634785516,0,PowerLoad,40,3209,11.0,11
gen_WSTWYSF1,bus_1124,0.0,0.0,-1.6999999719524244,21,RenewableDispatch,697,535,330.0,2
gen_BROOKLYN,bus_2224,0.018921629407717706,-8.515848799878692e-9,-0.11082488334173381,22,RenewableDispatch,1013,-4025,66.0,7
bus29,bus_2224,0.0,3.50060985271684,1.101699503680719,0,PowerLoad,1013,-4025,66.0,7
bus1148,bus_3284,0.0,0.0076465538435502274,-0.0372438893169655,0,PowerLoad,-1358,5009,132.0,9
pv_V2_1,bus_2106,6.977873730585844,0.0,0.0,21,RenewableDispatch,146,-3531,220.0,5
bus1641,bus_4391,0.0,0.02706498157248328,0.010519064882498737,0,PowerLoad,-1119,-2113,33.0,14
bus266,bus_4192,0.0,0.6824921866178718,0.25141426030989483,0,PowerLoad,-2129,-1569,132.0,13
bus1388,bus_3183,0.0,0.22484278470456587,0.00426335822937342,0,PowerLoad,-1551,7483,22.0,8
bus1869,bus_4158,0.0,0.679633123804313,-0.03679364621158612,0,PowerLoad,-3496,-1689,132.0,12
bus858,bus_3186,0.0,0.2186209782326999,0.051624864872332026,0,PowerLoad,-1553,4615,66.0,9
gen_3426_4,bus_3426,0.4060989820474248,4.1999991268389545,0.6474976078589602,4,ThermalStandard,-344,3718,20.0,9
bus628,bus_3426,0.0,0.18338333737447438,0.08216498648499211,0,PowerLoad,-344,3718,20.0,9
bus902,bus_1528,0.0,0.5833527146693193,0.22523325126335048,0,PowerLoad,1203,-624,132.0,3
bus1507,bus_5150,0.0,7.614256074494261,0.9435162992370365,0,PowerLoad,904,-5344,220.0,15
bus333,bus_4493,0.0,0.7650639534432762,-0.14709105884398888,0,PowerLoad,-3398,-1834,11.0,12
bus1495,bus_4471,0.0,0.04294666769168651,0.014066006769699248,0,PowerLoad,-1565,-3205,11.0,14
bus1787,bus_4238,0.0,0.33337886144251255,0.10050956025768693,0,PowerLoad,-2202,-2504,66.0,13
bus1007,bus_3112,0.0,0.06751530354756743,0.015743809760856157,0,PowerLoad,-955,5932,66.0,8
bus852,bus_3611,0.0,0.012057885549727665,-0.10565291766786014,0,PowerLoad,-954,4846,275.0,9
bus841,bus_4456,0.0,0.6276005075064619,0.19835332754797202,0,PowerLoad,-2245,-2834,11.0,13
bus1703,bus_2073,0.0,0.18667560312574483,0.13003506694292394,0,PowerLoad,577,-4314,24.0,6
bus24,bus_3124,0.0,0.30916931459440883,0.12737677690400329,0,PowerLoad,-1374,2374,11.0,11
bus1925,bus_1360,0.0,0.01194234697911606,0.015674756886182358,0,PowerLoad,3055,2923,132.0,1
bus220,bus_3292,0.0,-0.2085954095952972,0.0,0,PowerLoad,-1362,6928,22.0,8
gen_1014_1,bus_1014,0.026352313834736497,0.30000000964402834,-0.016456644184680885,16,HydroDispatch,346,-1233,0.6899999999999998,4
Shallow_storage_29,bus_2109,0.5938608812380001,0.5938608812380001,0.0,1,EnergyReservoirStorage,224,-3741,220.0,6
Shallow_storage_4,bus_2109,0.41157813894100004,0.41157813894100004,0.0,1,EnergyReservoirStorage,224,-3741,220.0,6
Shallow_storage_5,bus_2109,0.601387999993,0.601387999993,0.0,1,EnergyReservoirStorage,224,-3741,220.0,6
Shallow_storage_19,bus_2109,0.6295119999930001,0.6295119999930001,0.0,1,EnergyReservoirStorage,224,-3741,220.0,6
Shallow_storage_17,bus_2109,0.637887999993,0.637887999993,0.0,1,EnergyReservoirStorage,224,-3741,220.0,6
Shallow_storage_15,bus_2109,0.6003879999930001,0.6003879999930001,0.0,1,EnergyReservoirStorage,224,-3741,220.0,6
Shallow_storage_22,bus_2109,0.6398608812380001,0.6398608812380001,0.0,1,EnergyReservoirStorage,224,-3741,220.0,6
Shallow_storage_9,bus_2109,0.5999579999929999,0.5999579999929999,0.0,1,EnergyReservoirStorage,224,-3741,220.0,6
Shallow_storage_11,bus_2109,0.5989979999930002,0.5989979999930002,0.0,1,EnergyReservoirStorage,224,-3741,220.0,6
Shallow_storage_38,bus_2109,0.5439308812379999,0.5439308812379999,0.0,1,EnergyReservoirStorage,224,-3741,220.0,6
Shallow_storage_42,bus_2109,0.498648881238,0.498648881238,0.0,1,EnergyReservoirStorage,224,-3741,220.0,6
Shallow_storage_24,bus_2109,0.6411808812380002,0.6411808812380002,0.0,1,EnergyReservoirStorage,224,-3741,220.0,6
Shallow_storage_27,bus_2109,0.6388608812380001,0.6388608812380001,0.0,1,EnergyReservoirStorage,224,-3741,220.0,6
Shallow_storage_34,bus_2109,0.5826108812380001,0.5826108812380001,0.0,1,EnergyReservoirStorage,224,-3741,220.0,6
gen_1027_2,bus_1027,0.0,1.1000000106462295,-0.03201285206496508,21,RenewableDispatch,2751,2808,132.0,1
gen_1027_1,bus_1027,0.0,1.1000000106462295,-0.03201285206496508,21,RenewableDispatch,2751,2808,132.0,1
bus596,bus_3323,0.0,1.2440617891051666,0.41838140127537904,0,PowerLoad,-357,2729,33.0,11
gen_2086_1,bus_2086,0.0,0.0,-0.7000000029133298,21,RenewableDispatch,861,-4054,10.5,7
PIBESS1,bus_2086,0.5,0.5,0.0,1,EnergyReservoirStorage,861,-4054,10.5,7
bus1636,bus_4011,0.0,-1.3346420857566945,0.0,0,PowerLoad,-3080,-1869,0.6899999999999998,12
gen_3285_1,bus_3285,0.0,0.0,-0.26295569621427556,21,RenewableDispatch,-1065,5797,132.0,8
bus361,bus_3285,0.0,0.15998526999072257,-0.1995202390100381,0,PowerLoad,-1065,5797,132.0,8
bus915,bus_1033,0.0,-0.030900453506919903,0.0,0,PowerLoad,960,-1530,11.0,4
gen_2010_3,bus_2010,0.28039152982927285,1.0000000058916105,-0.008915795247053108,16,HydroDispatch,-25,-3913,0.6899999999999998,6
gen_2010_4,bus_2010,0.28039152982927285,1.0000000058916105,-0.008915795247053108,16,HydroDispatch,-25,-3913,0.6899999999999998,6
gen_2010_5,bus_2010,0.28039152982927285,1.0000000058916105,-0.008915795247053108,16,HydroDispatch,-25,-3913,0.6899999999999998,6
gen_2010_1,bus_2010,0.28039152982927285,1.0000000058916105,-0.008915795247053108,16,HydroDispatch,-25,-3913,0.6899999999999998,6
gen_2010_2,bus_2010,0.28039152982927285,1.0000000058916105,-0.008915795247053108,16,HydroDispatch,-25,-3913,0.6899999999999998,6
gen_4084_1,bus_4084,0.0,0.5173540138828265,0.0,21,RenewableDispatch,-2532,-1823,0.6899999999999998,13
gen_WYASF1,bus_1138,0.0,0.0,-1.6999999719524248,21,RenewableDispatch,597,315,330.0,2
bus1555,bus_1265,0.0,0.21165337490643057,0.037581288878037765,0,PowerLoad,785,983,132.0,2
bus884,bus_1524,0.0,0.017211230632582116,0.011291693906678951,0,PowerLoad,-46,1448,33.0,1
bus466,bus_2287,0.0,0.43202960134109747,0.08194520015446452,0,PowerLoad,927,-3297,66.0,6
bus1796,bus_3075,0.0,0.941630136017417,0.669451838203592,0,PowerLoad,-1029,2801,33.0,11
CHBESS1,bus_3075,1.0,1.0,0.0,1,EnergyReservoirStorage,-1029,2801,33.0,11
bus213,bus_3091,0.0,0.17438123687549467,-0.018618820679195073,0,PowerLoad,-1678,7426,22.0,8
bus1203,bus_2289,0.0,1.3362691334155654,0.30913242395639895,0,PowerLoad,809,-3443,66.0,6
bus1679,bus_2232,0.0,2.3984996888092627,0.5632027201060038,0,PowerLoad,929,-4072,66.0,7
gen_4033_1,bus_4033,0.24870623584172522,-9.791131303591112e-9,-0.004920414470304899,22,RenewableDispatch,-2699,-2747,11.5,13
gen_1085_2,bus_1085,0.08988585318928687,-7.999999925901295e-9,-0.1264141874128206,22,RenewableDispatch,-711,452,11.0,2
gen_1085_1,bus_1085,0.08988585318928687,-7.999999925901295e-9,-0.1264141874128206,22,RenewableDispatch,-711,452,11.0,2
gen_5016_6,bus_5016,0.9764170471678585,6.77854267595201e-9,-0.1219502949568618,16,HydroDispatch,581,-5395,11.5,15
bus1625,bus_4410,0.0,0.013733478847866458,-0.009907047013547794,0,PowerLoad,-2080,-2629,11.0,13
bus1237,bus_3336,0.0,0.8034163918913491,0.16992366450901997,0,PowerLoad,44,3051,11.0,11
bus1534,bus_3168,0.0,0.009714528615839376,-0.09815018194183472,0,PowerLoad,-650,5604,132.0,9
bus371,bus_2294,0.0,0.0006292399958069818,-0.013055712512246985,0,PowerLoad,426,-4322,66.0,6
gen_3585_2,bus_3585,0.4390259265377566,4.200000041647239,0.3019279933766468,4,ThermalStandard,-522,4877,20.0,9
gen_3585_1,bus_3585,0.4390259265377566,4.200000041647239,0.3019279933766468,4,ThermalStandard,-522,4877,20.0,9
bus1064,bus_3585,0.0,0.15370801859210237,0.08142995848117768,0,PowerLoad,-522,4877,20.0,9
bus514,bus_2311,0.0,0.1038583239745177,-0.005717237710894144,0,PowerLoad,1421,-4724,22.0,7
bus1598,bus_1129,0.0,0.0015490842029475163,0.0010749150894010784,0,PowerLoad,764,-346,132.0,2
bus65,bus_4451,0.0,0.8975909130769598,0.3115708762801052,0,PowerLoad,-2149,-2453,11.0,13
bus235,bus_2078,0.0,-3.3190196003214667,0.0,0,PowerLoad,-482,-3533,22.0,5
bus308,bus_3372,0.0,0.2410212909024482,0.040193362215100586,0,PowerLoad,-1609,3477,11.0,11
bus369,bus_3126,0.0,0.33641825876136094,-0.009250371716081092,0,PowerLoad,1102,4287,66.0,10
bus461,bus_1584,0.0,0.006613557696264132,0.0015924187565199263,0,PowerLoad,2131,2306,66.0,1
bus1456,bus_3539,0.0,1.6614670376947565,0.3522833762923859,0,PowerLoad,1329,4401,132.0,10
Medium_storage_45,bus_5168,2.6796e-8,2.6796e-8,0.0,1,EnergyReservoirStorage,971,-5848,220.0,15
Medium_storage_71,bus_5168,3.1616e-8,3.1616e-8,0.0,1,EnergyReservoirStorage,971,-5848,220.0,15
Medium_storage_80,bus_5168,4.22e-8,4.22e-8,0.0,1,EnergyReservoirStorage,971,-5848,220.0,15
Medium_storage_35,bus_5168,2.4804e-8,2.4804e-8,0.0,1,EnergyReservoirStorage,971,-5848,220.0,15
Medium_storage_10,bus_5168,1.0387999999999998e-8,1.0387999999999998e-8,0.0,1,EnergyReservoirStorage,971,-5848,220.0,15
Medium_storage_75,bus_5168,4.1308e-8,4.1308e-8,0.0,1,EnergyReservoirStorage,971,-5848,220.0,15
Medium_storage_15,bus_5168,1.9952e-8,1.9952e-8,0.0,1,EnergyReservoirStorage,971,-5848,220.0,15
Medium_storage_62,bus_5168,2.9636e-8,2.9636e-8,0.0,1,EnergyReservoirStorage,971,-5848,220.0,15
Medium_storage_58,bus_5168,2.8720000000000002e-8,2.8720000000000002e-8,0.0,1,EnergyReservoirStorage,971,-5848,220.0,15
Medium_storage_41,bus_5168,2.5956e-8,2.5956e-8,0.0,1,EnergyReservoirStorage,971,-5848,220.0,15
Medium_storage_54,bus_5168,2.8316e-8,2.8316e-8,0.0,1,EnergyReservoirStorage,971,-5848,220.0,15
Medium_storage_29,bus_5168,2.2751999999999998e-8,2.2751999999999998e-8,0.0,1,EnergyReservoirStorage,971,-5848,220.0,15
Medium_storage_6,bus_5168,8.328e-9,8.328e-9,0.0,1,EnergyReservoirStorage,971,-5848,220.0,15
Medium_storage_50,bus_5168,2.7904e-8,2.7904e-8,0.0,1,EnergyReservoirStorage,971,-5848,220.0,15
Medium_storage_24,bus_5168,2.0968e-8,2.0968e-8,0.0,1,EnergyReservoirStorage,971,-5848,220.0,15
gen_WILLHOV1,bus_2342,0.019997473440412417,-9.621017705979892e-9,0.0999999925620224,16,HydroDispatch,-281,-3625,33.0,5
bus120,bus_2233,0.0,1.5981802973797223,0.4353301827029892,0,PowerLoad,609,-4180,66.0,6
bus716,bus_1618,0.0,0.016557435576395826,0.011932533212170662,0,PowerLoad,2796,2885,11.0,1
bus1068,bus_3261,0.0,0.33591111250868994,0.06533864357151953,0,PowerLoad,405,3966,132.0,9
bus886,bus_3142,0.0,0.33033239105269535,0.017317329963499443,0,PowerLoad,-1072,6873,66.0,8
bus1494,bus_5193,0.0,0.06816317201938218,0.016648848346620185,0,PowerLoad,1390,-5771,22.0,15
bus1680,bus_3277,0.0,0.0009346352260805018,0.001932704075047601,0,PowerLoad,-1035,5731,132.0,8
bus775,bus_3049,0.0,0.7531399972745301,0.21335945870648682,0,PowerLoad,-551,3089,33.0,11
bus1602,bus_1307,0.0,0.3877028669221834,0.1309247089749696,0,PowerLoad,1900,-1313,132.0,4
bus1187,bus_3398,0.0,0.24678510053548755,0.061261125132169324,0,PowerLoad,-1821,2053,11.0,11
bus1060,bus_3062,0.0,0.38493456419307137,0.02876534469228406,0,PowerLoad,-151,5482,66.0,9
gen_RACOMIL1,bus_3640,0.014387565536822725,-8.515848799878692e-9,-0.1108248833417338,22,RenewableDispatch,-570,4803,275.0,9
gen_CESF1,bus_1091,0.02221941493379158,0.0,-1.699999971952425,21,RenewableDispatch,759,719,330.0,2
gen_HILLSTN1,bus_1091,0.0,0.0,-1.6999999719524244,21,RenewableDispatch,759,719,330.0,2
bus1408,bus_1396,0.0,0.10824500648284713,0.026282712114501717,0,PowerLoad,1641,1447,132.0,2
bus206,bus_3128,0.0,0.012776231326604572,0.00409690885485345,0,PowerLoad,-1275,6726,132.0,8
bus272,bus_5212,0.0,0.03435688461636355,0.012058380086088574,0,PowerLoad,593,-6670,11.0,15
bus1041,bus_1554,0.0,0.005990351583214089,0.005278707082722222,0,PowerLoad,2279,1953,66.0,1
bus1662,bus_1548,0.0,0.30856903200905733,0.011023634150049245,0,PowerLoad,686,-221,66.0,2
gen_5008_1,bus_5008,0.4553679830642466,0.6000000097782464,0.059657517763320705,16,HydroDispatch,1267,-5579,11.0,15
bus1069,bus_4001,0.0,0.8048182062749386,0.33643655477506257,0,PowerLoad,-2078,-2282,11.0,13
bus1515,bus_1301,0.0,0.591889195780804,-0.05375074313231515,0,PowerLoad,681,-960,132.0,4
gen_5229_1,bus_5229,0.8692861016550377,0.7000000097767731,0.09535439434522727,16,HydroDispatch,1118,-5569,11.0,15
bus222,bus_3176,0.0,0.3164288095708709,0.10939941818765982,0,PowerLoad,-1094,5419,66.0,8
gen_1082_6,bus_1082,8.005623023850173,3.5367441221246475e-8,0.1473948457493155,20,ThermalStandard,809,725,23.0,2
bus537,bus_1082,0.0,0.05616753669305201,0.029294692994199907,0,PowerLoad,809,725,23.0,2
gen_NASF1,bus_1081,0.10220930869544124,0.0,-1.6999999719524246,21,RenewableDispatch,787,739,23.0,2
gen_1081_5,bus_1081,8.005623023850173,3.5638637708802675e-8,0.1508669773825184,20,ThermalStandard,787,739,23.0,2
bus1272,bus_1081,0.0,0.05285454447998303,0.03003528125051923,0,PowerLoad,787,739,23.0,2
bus435,bus_5178,0.0,0.15340385923885513,0.001796915125986619,0,PowerLoad,1068,-6138,33.0,15
bus1049,bus_3262,0.0,0.1917517554485279,0.08790756276628815,0,PowerLoad,-1234,5910,132.0,8
bus786,bus_2213,0.0,0.00742626893319283,0.012906342522388895,0,PowerLoad,97,-3966,66.0,6
bus162,bus_3064,0.0,0.02223301515343361,-0.002808829711209623,0,PowerLoad,-1253,5859,66.0,8
bus1132,bus_1504,0.0,0.11525824069306126,-0.04212532153741752,0,PowerLoad,593,-1175,66.0,4
gen_CHILDSF1,bus_3582,0.0,0.0,-0.7957050950398918,21,RenewableDispatch,-935,2649,275.0,11
WANDB1,bus_3582,1.5,1.5,0.0,1,EnergyReservoirStorage,-935,2649,275.0,11
bus1471,bus_3305,0.0,0.1447233047673804,0.05468719536692959,0,PowerLoad,-1008,7062,66.0,8
BHB1,bus_1324,0.5,0.5,0.0,1,EnergyReservoirStorage,758,-1418,132.0,4
gen_5010_1,bus_5010,1.5203257981578748,-5.742392172289627e-9,0.03852805437519817,16,HydroDispatch,1046,-5556,13.8,15
bus1987,bus_5010,0.0,0.014371324309257572,0.0,0,PowerLoad,1046,-5556,13.8,15
bus1158,bus_2344,0.0,0.0409519278299972,0.025500071653317028,0,PowerLoad,1404,-4399,11.0,7
bus1037,bus_1456,0.0,0.24989463995696012,0.1084467978129616,0,PowerLoad,1663,1434,132.0,2
bus954,bus_3659,0.0,0.2051553649940291,0.04283091336272981,0,PowerLoad,-586,6101,33.0,8
gen_5023_1,bus_5023,0.08049844718999243,0.4000000097567494,0.04209109408336035,16,HydroDispatch,1281,-6229,11.0,15
gen_5023_2,bus_5023,0.08049844718999243,0.4000000097567494,0.04209109408336035,16,HydroDispatch,1281,-6229,11.0,15
gen_2322_3,bus_2322,0.37335412264925605,0.09053658653667314,0.07839355523619167,22,RenewableDispatch,961,-3351,10.5,6
bus1213,bus_2322,0.0,0.0014339662267928938,0.0008608726452494529,0,PowerLoad,961,-3351,10.5,6
bus1063,bus_3152,0.0,0.012672944336300142,-0.06970623152009744,0,PowerLoad,-1185,5417,132.0,8
bus1746,bus_1512,0.0,0.04245213635408622,0.0017874372320045263,0,PowerLoad,2085,2129,66.0,1
gen_3590_1,bus_3589,0.0,0.0,-1.0999999561349971,21,RenewableDispatch,-744,2835,275.0,11
SWANBBF1,bus_3589,5.0,5.0,0.0,1,EnergyReservoirStorage,-744,2835,275.0,11
gen_1084_1,bus_1084,0.20476470070457167,0.6000000096707852,-0.024072426121756797,22,RenewableDispatch,-696,490,11.0,2
bus34,bus_4248,0.0,0.664466278055879,0.23269562779577307,0,PowerLoad,-2385,-2413,66.0,13
bus1737,bus_1640,0.0,0.08083519042863341,0.03425945025140479,0,PowerLoad,553,-564,11.0,2
bus1871,bus_1549,0.0,0.03051972189230867,0.012903629531629495,0,PowerLoad,332,-22,66.0,2
bus754,bus_1048,0.0,-0.058523360143634226,0.0,0,PowerLoad,733,-1490,22.0,4
bus1020,bus_1583,0.0,0.12696790954958095,0.003763842462188114,0,PowerLoad,822,-2180,66.0,4
gen_1018_2,bus_1018,16.89348252368934,7.756789578591114,0.48333594594426293,16,HydroDispatch,1011,651,23.0,2
bus94,bus_1018,0.0,0.06570139131170917,0.049950137413035896,0,PowerLoad,1011,651,23.0,2
bus1856,bus_1247,0.0,0.6084700062791275,0.07731049761597122,0,PowerLoad,1128,-2184,132.0,4
bus454,bus_1518,0.0,0.13614879403604155,0.036704848949051856,0,PowerLoad,400,-304,11.0,2
gen_5028_1,bus_5028,0.23749999999999993,0.4000000082959243,-0.09796016125774838,16,HydroDispatch,435,-6210,11.0,15
bus92,bus_1264,0.0,0.1008722676544576,0.05364322489710029,0,PowerLoad,470,465,132.0,2
gen_1181_1,bus_1181,0.0,1.0000000096577322,-0.1999999916628984,21,RenewableDispatch,1020,-850,33.0,4
gen_1181_2,bus_1181,0.0,1.0000000096577322,-0.1999999916628984,21,RenewableDispatch,1020,-850,33.0,4
wtg_V3_2,bus_2200,3.055764138545578,0.0,0.0,22,RenewableDispatch,-277,-2958,500.0,5
wtg_V3_1,bus_2200,3.269945573617525,0.0,0.0,22,RenewableDispatch,-277,-2958,500.0,5
wtg_V4_2,bus_2200,3.269945573617525,0.0,0.0,22,RenewableDispatch,-277,-2958,500.0,5
wtg_V4_1,bus_2200,3.269945573617525,0.0,0.0,22,RenewableDispatch,-277,-2958,500.0,5
wtg_V4_3,bus_2200,1.4344270247787998,0.0,0.0,22,RenewableDispatch,-277,-2958,500.0,5
bus610,bus_3006,0.0,0.08255035121679627,-0.04982420024781151,0,PowerLoad,-1458,6865,66.0,8
bus1922,bus_3022,0.0,0.04424409272842572,0.008467005907713385,0,PowerLoad,-1385,4213,66.0,9
gen_2094_1,bus_2094,3.153866643053533,2.254104899898349,-0.3747212976716439,4,ThermalStandard,965,-4006,20.0,7
gen_2094_2,bus_2094,3.153866643053533,2.254104899898349,-0.3747212976716439,4,ThermalStandard,965,-4006,20.0,7
bus1994,bus_2094,0.0,0.3546276216772785,0.2016981382288912,0,PowerLoad,965,-4006,20.0,7
bus1207,bus_3239,0.0,0.19958909531800623,0.03911486040032507,0,PowerLoad,-446,4346,33.0,9
bus655,bus_1400,0.0,0.008674719354148826,0.0010354136352503985,0,PowerLoad,194,-324,132.0,2
gen_4067_2,bus_4067,0.010943175335328988,0.8999999551541579,-0.1999999655691542,16,HydroDispatch,-1983,-3394,11.5,14
bus1904,bus_4067,0.0,0.005253868884413913,0.002621893925397539,0,PowerLoad,-1983,-3394,11.5,14
bus1800,bus_4010,0.0,-0.11469096317686711,0.0,0,PowerLoad,-3048,-1968,0.6899999999999998,12
bus791,bus_3542,0.0,0.008498274063011546,-0.009226521547090694,0,PowerLoad,-1363,4082,132.0,9
bus1481,bus_1229,0.0,0.05342193695217419,0.027457714225598676,0,PowerLoad,1022,-1940,132.0,4
bus533,bus_4176,0.0,0.005162479666979868,-0.022929573987492614,0,PowerLoad,-2223,-1226,132.0,13
bus519,bus_1645,0.0,0.12621553714878908,0.059652277621834046,0,PowerLoad,861,-1721,66.0,4
bus1664,bus_2222,0.0,0.01671361929956501,0.06155423924916262,0,PowerLoad,479,-4185,66.0,6
bus578,bus_3135,0.0,0.38524319404245083,0.0472349830875978,0,PowerLoad,-1059,2437,11.0,11
bus190,bus_1653,0.0,0.039271682582185684,0.010247013691724462,0,PowerLoad,3,451,11.0,2
bus237,bus_5125,0.0,0.008440465109147477,0.008110858166627452,0,PowerLoad,1608,-5594,110.0,15
Passive_CER_storage_46,bus_3534,0.259637467441,0.259637467441,0.0,1,EnergyReservoirStorage,-938,3182,110.0,11
Passive_CER_storage_41,bus_3534,0.237721142796,0.237721142796,0.0,1,EnergyReservoirStorage,-938,3182,110.0,11
Passive_CER_storage_66,bus_3534,0.309413243935,0.309413243935,0.0,1,EnergyReservoirStorage,-938,3182,110.0,11
Passive_CER_storage_31,bus_3534,0.20085687471100003,0.20085687471100003,0.0,1,EnergyReservoirStorage,-938,3182,110.0,11
Passive_CER_storage_61,bus_3534,0.29797357591400003,0.29797357591400003,0.0,1,EnergyReservoirStorage,-938,3182,110.0,11
Passive_CER_storage_81,bus_3534,0.32511767615799997,0.32511767615799997,0.0,1,EnergyReservoirStorage,-938,3182,110.0,11
Passive_CER_storage_96,bus_3534,0.333443793939,0.333443793939,0.0,1,EnergyReservoirStorage,-938,3182,110.0,11
Passive_CER_storage_10,bus_3534,0.0981787565122,0.0981787565122,0.0,1,EnergyReservoirStorage,-938,3182,110.0,11
Passive_CER_storage_14,bus_3534,0.11300680713509997,0.11300680713509997,0.0,1,EnergyReservoirStorage,-938,3182,110.0,11
Passive_CER_storage_71,bus_3534,0.317048313173,0.317048313173,0.0,1,EnergyReservoirStorage,-938,3182,110.0,11
Passive_CER_storage_5,bus_3534,0.0806067363775,0.0806067363775,0.0,1,EnergyReservoirStorage,-938,3182,110.0,11
Passive_CER_storage_76,bus_3534,0.322139490486,0.322139490486,0.0,1,EnergyReservoirStorage,-938,3182,110.0,11
Passive_CER_storage_86,bus_3534,0.32653740769899997,0.32653740769899997,0.0,1,EnergyReservoirStorage,-938,3182,110.0,11
Passive_CER_storage_91,bus_3534,0.328621524387,0.328621524387,0.0,1,EnergyReservoirStorage,-938,3182,110.0,11
Passive_CER_storage_19,bus_3534,0.13545135441099998,0.13545135441099998,0.0,1,EnergyReservoirStorage,-938,3182,110.0,11
Passive_CER_storage_36,bus_3534,0.21929539795,0.21929539795,0.0,1,EnergyReservoirStorage,-938,3182,110.0,11
Passive_CER_storage_24,bus_3534,0.16000446395,0.16000446395,0.0,1,EnergyReservoirStorage,-938,3182,110.0,11
Passive_CER_storage_51,bus_3534,0.272395533339,0.272395533339,0.0,1,EnergyReservoirStorage,-938,3182,110.0,11
Passive_CER_storage_56,bus_3534,0.28547862116600004,0.28547862116600004,0.0,1,EnergyReservoirStorage,-938,3182,110.0,11
Passive_CER_storage_26,bus_3534,0.18122495692899998,0.18122495692899998,0.0,1,EnergyReservoirStorage,-938,3182,110.0,11
bus1853,bus_2046,0.0,0.27227176790339774,0.20508039897631275,0,PowerLoad,679,-4315,20.0,6
bus1029,bus_3320,0.0,0.6913104600027691,0.1803028700800695,0,PowerLoad,-614,4125,33.0,9
bus1843,bus_3039,0.0,0.019560171660633105,-0.0028629317231270014,0,PowerLoad,43,4965,132.0,9
Shallow_storage_3,bus_3039,0.294212,0.294212,0.0,1,EnergyReservoirStorage,43,4965,132.0,9
Shallow_storage_41,bus_3039,0.17421199999999998,0.17421199999999998,0.0,1,EnergyReservoirStorage,43,4965,132.0,9
Shallow_storage_26,bus_3039,0.304212,0.304212,0.0,1,EnergyReservoirStorage,43,4965,132.0,9
Shallow_storage_7,bus_3039,0.324212,0.324212,0.0,1,EnergyReservoirStorage,43,4965,132.0,9
Shallow_storage_37,bus_3039,0.264212,0.264212,0.0,1,EnergyReservoirStorage,43,4965,132.0,9
bus458,bus_4406,0.0,0.8512505062799586,0.24407798522609706,0,PowerLoad,-3384,-1875,11.0,12
bus192,bus_2335,0.0,0.11804850838509007,0.06196091011620457,0,PowerLoad,950,-4005,22.0,7
gen_CRWASF1,bus_1335,0.0,0.0,-1.6999999719524244,21,RenewableDispatch,2031,2351,132.0,1
bus579,bus_3405,0.0,0.20593066682524547,0.0607030873236199,0,PowerLoad,-1302,2259,110.0,11
gen_4023_2,bus_4023,0.08392030879192394,0.6290505606647061,-0.1999996383067443,21,RenewableDispatch,-3049,-1272,0.6899999999999998,12
gen_4023_3,bus_4023,0.08392030879192394,0.6290505606647061,-0.1999996383067443,21,RenewableDispatch,-3049,-1272,0.6899999999999998,12
gen_4023_1,bus_4023,0.08392030879192394,0.6290505606647061,-0.1999996383067443,21,RenewableDispatch,-3049,-1272,0.6899999999999998,12
gen_4050_3,bus_4050,0.0,1.7887951819074237e-7,0.0,21,RenewableDispatch,-2747,-1032,0.6899999999999998,12
gen_4050_2,bus_4050,0.0,1.7887951819074237e-7,0.0,21,RenewableDispatch,-2747,-1032,0.6899999999999998,12
gen_4050_1,bus_4050,0.0,1.7887951819074237e-7,0.0,21,RenewableDispatch,-2747,-1032,0.6899999999999998,12
gen_4050_4,bus_4050,0.0,1.7887951819074237e-7,0.0,21,RenewableDispatch,-2747,-1032,0.6899999999999998,12
bus287,bus_3169,0.0,0.0008949254571970502,-0.06405940579148506,0,PowerLoad,-1204,5918,132.0,8
bus1565,bus_1309,0.0,0.010106680823345511,0.11119680943399332,0,PowerLoad,816,-697,132.0,3
bus1606,bus_4179,0.0,0.04336388683703857,-0.09039413761694576,0,PowerLoad,-2161,-1186,132.0,13
gen_2324_1,bus_2324,0.5303401363482926,0.6000000097896369,0.14938372400924993,22,RenewableDispatch,970,-3337,10.5,6
bus959,bus_2324,0.0,0.001410970576620137,0.000806036055079116,0,PowerLoad,970,-3337,10.5,6
bus450,bus_3110,0.0,0.17230641634758,0.00611704769329224,0,PowerLoad,-686,6022,33.0,8
bus963,bus_3118,0.0,0.07683934145897293,0.0018668330163357652,0,PowerLoad,-434,5577,66.0,9
bus621,bus_4207,0.0,0.009961531549879912,0.09487246802536385,0,PowerLoad,-1727,-1560,132.0,13
gen_1019_2,bus_1019,4.054435805685441,8.30000000824392,1.6756887209969675,4,ThermalStandard,915,383,23.0,3
gen_1019_1,bus_1019,4.054435805685441,8.30000000824392,1.6756887209969675,4,ThermalStandard,915,383,23.0,3
bus1584,bus_1019,0.0,0.8234809445398448,0.621105699709626,0,PowerLoad,915,383,23.0,3
bus144,bus_3032,0.0,0.08794740789669926,-0.015329650397948263,0,PowerLoad,-1667,5002,66.0,9
bus138,bus_2333,0.0,0.005066407432619079,-0.004775027166407088,0,PowerLoad,800,-2378,11.0,5
bus1774,bus_5216,0.0,0.059891994819124134,0.023040861761088712,0,PowerLoad,1116,-5827,22.0,15
bus183,bus_3257,0.0,0.2686102202718224,0.10464317003942158,0,PowerLoad,-1591,2968,33.0,11
bus438,bus_4459,0.0,1.5075076428939793,0.39979305516760555,0,PowerLoad,-1894,-2326,11.0,13
bus1781,bus_2298,0.0,0.17160551175283195,0.02677625837073439,0,PowerLoad,380,-3478,22.0,6
bus508,bus_1056,0.0,0.31514619123400156,0.03871430352954867,0,PowerLoad,989,-1806,11.0,4
bus1653,bus_5191,0.0,0.3703047201512499,0.13556464535760965,0,PowerLoad,1454,-5600,22.0,15
bus1955,bus_4433,0.0,0.02181557771426982,0.008379218121212857,0,PowerLoad,-2221,-3419,11.0,14
bus1432,bus_3115,0.0,0.2332102743022357,-0.005626036771185332,0,PowerLoad,-1450,6140,66.0,8
bus1776,bus_4071,0.0,-1.0116835632948722,0.17812951673709862,0,PowerLoad,-1851,-1994,66.0,13
gen_1582_1,bus_1582,0.0,0.7000000096223669,0.009519598687599313,21,RenewableDispatch,2380,1969,22.0,1
gen_1582_2,bus_1582,0.0,0.7000000096223669,0.009519598687599313,21,RenewableDispatch,2380,1969,22.0,1
gen_MIDDLSF1,bus_3601,0.0,0.0,-0.7957050950398918,21,RenewableDispatch,-747,2974,275.0,11
gen_WESTILL1_2,bus_1191,0.07244668233944357,-8.515848799878692e-9,-0.1108248833417338,22,RenewableDispatch,313,384,132.0,2
gen_WESTILL1_1,bus_1191,0.07244668233944357,-8.515848799878692e-9,-0.1108248833417338,22,RenewableDispatch,313,384,132.0,2
bus1059,bus_1191,0.0,0.048433520699386536,0.012605338505637156,0,PowerLoad,313,384,132.0,2
bus378,bus_1464,0.0,0.14508995467057995,0.0019339760680195466,0,PowerLoad,1318,1531,132.0,1
gen_BPLANDF1_1,bus_3149,0.005745744786821066,-8.515848799878694e-9,-0.11082488334173381,22,RenewableDispatch,-419,5506,132.0,9
gen_BPLANDF1_2,bus_3149,0.005745744786821066,-8.515848799878694e-9,-0.11082488334173381,22,RenewableDispatch,-419,5506,132.0,9
bus1458,bus_3149,0.0,0.008451438442911206,-0.09284172640746297,0,PowerLoad,-419,5506,132.0,9
bus982,bus_3193,0.0,1.3333036912354423,0.53450547628127,0,PowerLoad,-1046,3295,33.0,11
bus606,bus_3339,0.0,1.7309869083315172,0.3878191030859892,0,PowerLoad,-390,2893,33.0,11
pv_N3_2,bus_1132,5.5453367808006035,0.0,0.0,21,RenewableDispatch,897,993,330.0,2
pv_N3_1,bus_1132,11.180339887498949,0.0,0.0,21,RenewableDispatch,897,993,330.0,2
wtg_N3_1,bus_1132,0.33386371808171333,0.0,0.0,22,RenewableDispatch,897,993,330.0,2
bus324,bus_4375,0.0,0.13068636122979077,0.09739393107791758,0,PowerLoad,-2759,-629,33.0,12
gen_2082_1,bus_2082,0.0,2.9000000285227814,-1.4249061492534238,21,RenewableDispatch,220,-3218,165.0,5
GANNB1,bus_2082,0.5,0.5,0.0,1,EnergyReservoirStorage,220,-3218,165.0,5
bus379,bus_3136,0.0,0.4166325305181353,0.09218974867417509,0,PowerLoad,-1068,2461,11.0,11
gen_2008_2,bus_2008,0.0,0.8000000097743581,0.09184155155618523,21,RenewableDispatch,148,-4380,33.0,6
bus1831,bus_3200,0.0,0.6213675024938414,0.09964880517352757,0,PowerLoad,-909,6699,33.0,8
gen_2057_1,bus_2057,0.4764830648733605,1.2000000117723357,0.2000000064176187,4,ThermalStandard,-256,-3780,0.6899999999999998,5
gen_2057_2,bus_2057,0.4764830648733605,1.2000000117723357,0.2000000064176187,4,ThermalStandard,-256,-3780,0.6899999999999998,5
bus1645,bus_1601,0.0,0.03329779250659916,0.014055074435759651,0,PowerLoad,2833,2717,66.0,1
bus1795,bus_4345,0.0,0.0056687581999490914,-0.14165474361476935,0,PowerLoad,-3575,-1572,33.0,12
bus109,bus_1409,0.0,0.14910750377399787,0.04430662077721822,0,PowerLoad,-38,-133,132.0,2
bus1044,bus_4431,0.0,0.0003038192157348182,-0.0009543586317558451,0,PowerLoad,-1978,-3523,11.0,14
gen_LRSF1,bus_3648,0.1666456120034368,0.0,-0.7957050950398918,21,RenewableDispatch,503,3236,330.0,11
bus181,bus_1256,0.0,0.015935449560795182,0.0056930496706620645,0,PowerLoad,1914,1815,132.0,1
bus872,bus_2273,0.0,1.0782445443553914,0.23811301112802608,0,PowerLoad,849,-3735,66.0,6
bus979,bus_1198,0.0,0.31807380477594943,0.061800757827682753,0,PowerLoad,528,664,132.0,2
bus1650,bus_3644,0.0,0.23638739817727403,0.06144642423532555,0,PowerLoad,-1158,3275,11.0,11
bus784,bus_1053,0.0,-0.028333130460732703,0.0,0,PowerLoad,1057,-928,0.55,4
bus707,bus_4469,0.0,0.01502569388119212,0.00960865613232036,0,PowerLoad,-1639,-2861,11.0,14
bus1057,bus_3177,0.0,0.003035099172294572,0.021551872501669993,0,PowerLoad,-1249,2385,110.0,11
bus1647,bus_3155,0.0,0.2167384138133548,0.0,0,PowerLoad,618,4166,11.0,10
bus328,bus_2299,0.0,0.15198843633544606,0.036224749214954444,0,PowerLoad,401,-3462,22.0,6
bus998,bus_1428,0.0,0.21806461150157858,-0.004456637102058719,0,PowerLoad,156,-160,132.0,2
bus1054,bus_5183,0.0,0.02864234204427176,0.009176084711700627,0,PowerLoad,535,-5915,22.0,15
bus1525,bus_4441,0.0,0.02423942419030581,0.013734697326150784,0,PowerLoad,-2214,-4008,11.0,14
bus1185,bus_5206,0.0,0.012300881763125326,0.0014845384460402322,0,PowerLoad,1446,-6186,22.0,15
gen_GB01,bus_1195,0.18170653724464703,-8.515848799878692e-9,-0.11082488334173381,22,RenewableDispatch,349,757,132.0,2
bus1391,bus_1195,0.0,0.08273699548314166,0.0352093110988803,0,PowerLoad,349,757,132.0,2
gen_1059_1,bus_1059,1.9494296601826901,0.5000000096218645,0.07228631519846385,4,ThermalStandard,2213,-1829,11.5,4
bus552,bus_1598,0.0,0.03986834175534627,0.012194959553574953,0,PowerLoad,2909,2742,66.0,1
bus779,bus_1190,0.0,0.13269328662800678,0.026800439415776905,0,PowerLoad,529,439,132.0,2
gen_MLWF1,bus_2158,0.13037871853374394,-8.515848799878692e-9,-0.11082488334173381,22,RenewableDispatch,988,-3853,220.0,7
bus1760,bus_1546,0.0,0.00656513531562934,0.005356977952700575,0,PowerLoad,1251,1182,33.0,2
bus1269,bus_2214,0.0,0.3800725429687304,0.10045537201196869,0,PowerLoad,241,-3841,66.0,6
Passive_CER_storage_55,bus_2214,0.3189698406,0.3189698406,0.0,1,EnergyReservoirStorage,241,-3841,66.0,6
Passive_CER_storage_75,bus_2214,0.3742192257,0.3742192257,0.0,1,EnergyReservoirStorage,241,-3841,66.0,6
Passive_CER_storage_40,bus_2214,0.2513853626,0.2513853626,0.0,1,EnergyReservoirStorage,241,-3841,66.0,6
Passive_CER_storage_85,bus_2214,0.3863506886,0.3863506886,0.0,1,EnergyReservoirStorage,241,-3841,66.0,6
Passive_CER_storage_80,bus_2214,0.3812954788,0.3812954788,0.0,1,EnergyReservoirStorage,241,-3841,66.0,6
Passive_CER_storage_95,bus_2214,0.3979732746,0.3979732746,0.0,1,EnergyReservoirStorage,241,-3841,66.0,6
Passive_CER_storage_25,bus_2214,0.1907490639,0.1907490639,0.0,1,EnergyReservoirStorage,241,-3841,66.0,6
Passive_CER_storage_65,bus_2214,0.3523386246,0.3523386246,0.0,1,EnergyReservoirStorage,241,-3841,66.0,6
Passive_CER_storage_60,bus_2214,0.33744107399999995,0.33744107399999995,0.0,1,EnergyReservoirStorage,241,-3841,66.0,6
Passive_CER_storage_3,bus_2214,0.11341227970000001,0.11341227970000001,0.0,1,EnergyReservoirStorage,241,-3841,66.0,6
Passive_CER_storage_100,bus_2214,0.40730978739999996,0.40730978739999996,0.0,1,EnergyReservoirStorage,241,-3841,66.0,6
Passive_CER_storage_45,bus_2214,0.27484843519999996,0.27484843519999996,0.0,1,EnergyReservoirStorage,241,-3841,66.0,6
Passive_CER_storage_16,bus_2214,0.1676288795,0.1676288795,0.0,1,EnergyReservoirStorage,241,-3841,66.0,6
Passive_CER_storage_11,bus_2214,0.1478692677,0.1478692677,0.0,1,EnergyReservoirStorage,241,-3841,66.0,6
Passive_CER_storage_35,bus_2214,0.2315724739,0.2315724739,0.0,1,EnergyReservoirStorage,241,-3841,66.0,6
Passive_CER_storage_70,bus_2214,0.3652148201,0.3652148201,0.0,1,EnergyReservoirStorage,241,-3841,66.0,6
Passive_CER_storage_30,bus_2214,0.2116808767,0.2116808767,0.0,1,EnergyReservoirStorage,241,-3841,66.0,6
Passive_CER_storage_90,bus_2214,0.3905769127,0.3905769127,0.0,1,EnergyReservoirStorage,241,-3841,66.0,6
Passive_CER_storage_8,bus_2214,0.1337089559,0.1337089559,0.0,1,EnergyReservoirStorage,241,-3841,66.0,6
Passive_CER_storage_50,bus_2214,0.3001444305,0.3001444305,0.0,1,EnergyReservoirStorage,241,-3841,66.0,6
bus1622,bus_3316,0.0,0.18181949422228608,0.057521194041607514,0,PowerLoad,-928,4294,33.0,9
bus1791,bus_3227,0.0,0.20193726769829243,0.028644924350620115,0,PowerLoad,-1101,3486,11.0,11
bus820,bus_2079,0.0,-2.3673935890207845,0.0,0,PowerLoad,-465,-3534,22.0,5
bus1101,bus_1184,0.0,6.13194783591699,2.1257540126993177,0,PowerLoad,966,371,132.0,3
bus892,bus_1433,0.0,0.05636177537285409,0.01480127044137821,0,PowerLoad,263,-555,132.0,2
bus1575,bus_4123,0.0,0.9872744481296545,0.4388955165106781,0,PowerLoad,-2190,-2878,66.0,13
bus618,bus_2276,0.0,1.311454886410516,0.2421955365444096,0,PowerLoad,853,-3239,66.0,6
bus1372,bus_1649,0.0,0.06030635952520615,0.008783841714853219,0,PowerLoad,537,1061,11.0,2
bus278,bus_1294,0.0,0.33886412866856214,0.10374385764307775,0,PowerLoad,2122,-1315,132.0,4
gen_PTSTAN1_2,bus_4002,0.28774199147932905,-8.515848799878692e-9,-0.11082488334173378,22,RenewableDispatch,-2616,-1803,275.0,13
gen_PTSTAN1_1,bus_4002,0.28774199147932905,-8.515848799878692e-9,-0.11082488334173378,22,RenewableDispatch,-2616,-1803,275.0,13
bus1847,bus_1228,0.0,0.16479516029059346,0.044929654592550404,0,PowerLoad,-219,-287,132.0,2
bus889,bus_4465,0.0,0.022850961537729017,0.007712654135951577,0,PowerLoad,-1608,-3485,11.0,14
bus135,bus_3000,0.0,0.0016261556430137141,-0.020788131653048623,0,PowerLoad,-172,5490,132.0,9
bus459,bus_4336,0.0,0.5013316694255134,0.07207931710345736,0,PowerLoad,-1859,-1516,33.0,13
bus1571,bus_3436,0.0,0.23942377049259453,0.0,0,PowerLoad,608,3514,15.0,10
bus114,bus_4485,0.0,0.6393213968219411,0.22151499682755874,0,PowerLoad,-2511,-2370,11.0,13
bus660,bus_1636,0.0,0.024750123969515557,0.012294916840232673,0,PowerLoad,1,805,11.0,2
bus1398,bus_4388,0.0,0.017091230249611913,0.0030903305687053615,0,PowerLoad,-1410,-1956,33.0,14
bus479,bus_1021,0.0,-0.7689399027829721,0.0,0,PowerLoad,2749,-1684,33.0,4
bus665,bus_1169,0.0,7.053404276872476,2.6812693412371544,0,PowerLoad,1269,-521,132.0,3
bus1360,bus_4425,0.0,0.029537336484224404,0.0116548069074539,0,PowerLoad,-1919,-3912,11.0,14
bus1848,bus_3380,0.0,0.2868255211841577,0.10591034992704557,0,PowerLoad,-389,2652,11.0,11
bus1038,bus_1631,0.0,0.03329282698291517,0.001489427105155809,0,PowerLoad,2122,2243,11.0,1
bus1779,bus_4349,0.0,0.8033537246906142,0.03466123711222513,0,PowerLoad,-3038,-1544,33.0,12
bus670,bus_4160,0.0,0.15984534209962992,-0.5835548360555779,0,PowerLoad,-3689,-1737,132.0,12
gen_GUNNING1_2,bus_1060,0.029812130343222356,-8.51584879987869e-9,-0.11082488334173378,22,RenewableDispatch,2211,-1861,11.5,4
gen_1060_2,bus_1060,1.0318177598779,0.5000000096215693,0.18857091477817978,22,RenewableDispatch,2211,-1861,11.5,4
gen_GUNNING1_1,bus_1060,0.029812130343222356,-8.51584879987869e-9,-0.11082488334173378,22,RenewableDispatch,2211,-1861,11.5,4
bus1912,bus_3360,0.0,0.3783163413962396,0.05479984714662022,0,PowerLoad,-1593,3546,11.0,11
bus1727,bus_1567,0.0,0.3730367197880023,0.1594998638727366,0,PowerLoad,1050,1444,33.0,1
bus423,bus_1372,0.0,0.7096444808689495,0.20925821146929227,0,PowerLoad,1378,-394,132.0,3
gen_3420_1,bus_3420,0.3825480271542186,0.8204994815211015,-0.5213921649146753,16,HydroDispatch,-1407,5020,15.75,9
gen_3420_2,bus_3420,0.3825480271542186,0.8204994815211015,-0.5213921649146753,16,HydroDispatch,-1407,5020,15.75,9
bus1839,bus_3420,0.0,0.07615448930863665,0.07231462868381165,0,PowerLoad,-1407,5020,15.75,9
bus1923,bus_3309,0.0,0.42306021676716987,0.15105595505498923,0,PowerLoad,-1686,2079,11.0,11
gen_1017_1,bus_1017,7.41366314975255,8.202627384211086,0.620308869575966,20,ThermalStandard,1001,674,23.0,2
bus899,bus_1017,0.0,0.06611828520046291,0.04964405335586623,0,PowerLoad,1001,674,23.0,2
bus1806,bus_5220,0.0,0.16132788736752857,0.033964948229044126,0,PowerLoad,627,-5695,22.0,15
bus116,bus_1594,0.0,-0.009268239557489778,0.05454561144274337,0,PowerLoad,2721,2689,66.0,1
bus1220,bus_3402,0.0,0.52317449644788,0.05684037980592177,0,PowerLoad,-65,3166,110.0,11
bus662,bus_1052,0.0,0.001887876152778819,0.0011773054069295827,0,PowerLoad,771,602,15.0,2
gen_2345_12,bus_2000,0.0,0.0,0.10000000516196614,21,RenewableDispatch,66,-4685,33.0,6
bus545,bus_5211,0.0,0.1130901087235612,0.03436959785626213,0,PowerLoad,662,-6530,11.0,15
bus1931,bus_4364,0.0,0.19773363273952596,0.10298566474899108,0,PowerLoad,-2734,-1292,33.0,12
bus1814,bus_3221,0.0,0.19217413516446222,0.07257851217910664,0,PowerLoad,-1863,4969,11.0,9
gen_1037_2,bus_1037,3.246605064439536,6.30000006264597,0.5116647828208224,16,HydroDispatch,1227,1192,22.0,2
gen_1037_1,bus_1037,3.246605064439536,6.30000006264597,0.5116647828208224,16,HydroDispatch,1227,1192,22.0,2
bus501,bus_1037,0.0,0.037330287066242564,0.021207544933391755,0,PowerLoad,1227,1192,22.0,2
bus1303,bus_3373,0.0,0.37269279922113197,-0.024433276272171605,0,PowerLoad,-1606,3457,11.0,11
bus957,bus_1292,0.0,0.04124970454224342,-0.019180836119900447,0,PowerLoad,863,-2165,132.0,4
bus1686,bus_3359,0.0,0.09772890839292751,0.0035303430820281833,0,PowerLoad,-1519,3506,110.0,11
bus364,bus_1200,0.0,0.036674575605157765,0.017754963358822328,0,PowerLoad,528,-55,132.0,2
gen_4030_1,bus_4030,0.29019211248536136,-9.791539588555681e-9,0.05099293524257623,22,RenewableDispatch,-2224,-2738,11.5,13
bus1313,bus_3375,0.0,0.014650581996103156,0.013939197465785657,0,PowerLoad,-857,7043,66.0,8
bus1333,bus_1534,0.0,0.10818172738261725,0.024188415053377047,0,PowerLoad,504,-544,11.0,2
gen_4059_3,bus_4059,0.5802306280524798,1.5999998502828339,0.35963256204617855,22,RenewableDispatch,-2022,-2689,13.8,14
gen_4059_2,bus_4059,0.5802306280524798,1.5999998502828339,0.35963256204617855,22,RenewableDispatch,-2022,-2689,13.8,14
gen_4059_1,bus_4059,0.5802306280524798,1.5999998502828339,0.35963256204617855,22,RenewableDispatch,-2022,-2689,13.8,14
bus1927,bus_4059,0.0,0.004607677024336261,0.003828662354787411,0,PowerLoad,-2022,-2689,13.8,14
bus1965,bus_3233,0.0,0.004544605554986209,0.004482629581465966,0,PowerLoad,-1195,4623,132.0,9
gen_4052_3,bus_4052,0.5702245171859941,1.9999998317310084,0.899999792239791,4,ThermalStandard,-1991,-2671,15.75,14
gen_4052_2,bus_4052,0.5702245171859941,1.9999998317310084,0.899999792239791,4,ThermalStandard,-1991,-2671,15.75,14
gen_4052_1,bus_4052,0.5702245171859941,1.9999998317310084,0.899999792239791,4,ThermalStandard,-1991,-2671,15.75,14
bus145,bus_4052,0.0,0.012528847922440633,0.0002087243110758069,0,PowerLoad,-1991,-2671,15.75,14
bus1373,bus_3055,0.0,0.2987452512434676,0.05643630083894831,0,PowerLoad,181,5298,66.0,9
bus426,bus_3383,0.0,0.6710713601563882,0.15896910625571917,0,PowerLoad,-545,4293,33.0,9
bus1163,bus_3260,0.0,0.367582136638935,0.328079829498212,0,PowerLoad,-1100,6461,66.0,8
bus1042,bus_3076,0.0,0.2435376782048926,0.07952871482245641,0,PowerLoad,-947,6840,66.0,8
gen_JNDABNE1,bus_1042,0.012220678213585365,0.30000000964402834,-0.01645664418468088,16,HydroDispatch,1307,-1628,15.4,4
gen_1042_1,bus_1042,0.1241329792593104,2.3617687435479366,-0.366197313259297,16,HydroDispatch,1307,-1628,15.4,4
gen_1042_2,bus_1042,0.1241329792593104,2.3617687435479366,-0.366197313259297,16,HydroDispatch,1307,-1628,15.4,4
bus1032,bus_1042,0.0,0.0007760583459146223,0.0007988363047730519,0,PowerLoad,1307,-1628,15.4,4
bus164,bus_1509,0.0,0.19286265778144782,0.04020034661829951,0,PowerLoad,93,860,66.0,2
bus420,bus_4488,0.0,0.009335000249584656,0.0032055487689678854,0,PowerLoad,-1636,-3032,11.0,14
gen_2007_1,bus_2007,0.0,0.7000000097756667,0.08294304974821473,21,RenewableDispatch,169,-4378,33.0,6
bus51,bus_1380,0.0,0.08587444332027085,0.019778917465339656,0,PowerLoad,808,1383,132.0,1
bus1694,bus_1232,0.0,0.4918424792232351,0.1316902027445343,0,PowerLoad,1097,-538,132.0,3
bus1161,bus_3046,0.0,0.5849219675336388,0.21549777556296942,0,PowerLoad,-988,5391,66.0,8
bus1993,bus_1343,0.0,0.676721087541377,0.20624966719170498,0,PowerLoad,1480,-358,132.0,3
bus993,bus_4387,0.0,0.016069527203435543,0.0033690994300432124,0,PowerLoad,-1394,-1914,33.0,14
bus757,bus_2097,0.0,0.9080767414548899,0.23146979779788532,0,PowerLoad,453,-4193,66.0,6
bus951,bus_3071,0.0,0.2907477776210602,0.08011796019066436,0,PowerLoad,-1507,6335,66.0,8
bus1530,bus_1166,0.0,7.538624707122811,0.6274112105250962,0,PowerLoad,1073,-728,132.0,3
bus1425,bus_2231,0.0,2.002206280724742,0.5501253164683625,0,PowerLoad,941,-4072,66.0,7
bus84,bus_1658,0.0,0.07850213278388304,0.015841881871539624,0,PowerLoad,2806,2717,66.0,1
bus1713,bus_3008,0.0,0.01555302307179506,-0.005997876627252442,0,PowerLoad,-1477,4995,6.6,9
gen_SEBSF1,bus_1111,0.0,0.0,-1.6999999719524248,21,RenewableDispatch,228,214,330.0,2
bus1354,bus_1387,0.0,0.22314300088597977,0.1674490977635456,0,PowerLoad,1118,-512,132.0,3
Medium_storage_49,bus_3568,0.770000383048,0.770000383048,0.0,1,EnergyReservoirStorage,-335,3514,275.0,11
Medium_storage_66,bus_3568,0.7700004062399999,0.7700004062399999,0.0,1,EnergyReservoirStorage,-335,3514,275.0,11
GREENB1,bus_3568,3.0,3.0,0.0,1,EnergyReservoirStorage,-335,3514,275.0,11
Medium_storage_79,bus_3568,0.7700004736239999,0.7700004736239999,0.0,1,EnergyReservoirStorage,-335,3514,275.0,11
Medium_storage_13,bus_3568,0.7700000496160001,0.7700000496160001,0.0,1,EnergyReservoirStorage,-335,3514,275.0,11
Medium_storage_34,bus_3568,0.7700003428000001,0.7700003428000001,0.0,1,EnergyReservoirStorage,-335,3514,275.0,11
Medium_storage_70,bus_3568,0.770000410852,0.770000410852,0.0,1,EnergyReservoirStorage,-335,3514,275.0,11
Medium_storage_31,bus_3568,0.7700002981400002,0.7700002981400002,0.0,1,EnergyReservoirStorage,-335,3514,275.0,11
Medium_storage_57,bus_3568,0.770000389368,0.770000389368,0.0,1,EnergyReservoirStorage,-335,3514,275.0,11
Medium_storage_5,bus_3568,0.7700000377,0.7700000377,0.0,1,EnergyReservoirStorage,-335,3514,275.0,11
Medium_storage_28,bus_3568,0.770000277468,0.770000277468,0.0,1,EnergyReservoirStorage,-335,3514,275.0,11
Medium_storage_40,bus_3568,0.7700003438,0.7700003438,0.0,1,EnergyReservoirStorage,-335,3514,275.0,11
Medium_storage_61,bus_3568,0.7700003991720001,0.7700003991720001,0.0,1,EnergyReservoirStorage,-335,3514,275.0,11
Medium_storage_2,bus_3568,0.77,0.77,0.0,1,EnergyReservoirStorage,-335,3514,275.0,11
Medium_storage_23,bus_3568,0.7700002723200001,0.7700002723200001,0.0,1,EnergyReservoirStorage,-335,3514,275.0,11
Medium_storage_74,bus_3568,0.770000446972,0.770000446972,0.0,1,EnergyReservoirStorage,-335,3514,275.0,11
Medium_storage_53,bus_3568,0.7700003860719999,0.7700003860719999,0.0,1,EnergyReservoirStorage,-335,3514,275.0,11
Medium_storage_18,bus_3568,0.770000263684,0.770000263684,0.0,1,EnergyReservoirStorage,-335,3514,275.0,11
Medium_storage_19,bus_3568,0.7700002660440001,0.7700002660440001,0.0,1,EnergyReservoirStorage,-335,3514,275.0,11
Medium_storage_44,bus_3568,0.770000375904,0.770000375904,0.0,1,EnergyReservoirStorage,-335,3514,275.0,11
bus840,bus_3407,0.0,0.04527680133703689,0.02291928037825702,0,PowerLoad,-1530,6296,33.0,8
gen_WOOLNTH1_1,bus_5067,0.22488531580158433,0.4000000097693037,-0.008962031541271441,22,RenewableDispatch,1450,-5558,110.0,15
gen_WOOLNTH1_2,bus_5067,0.22488531580158433,0.4000000097693037,-0.008962031541271441,22,RenewableDispatch,1450,-5558,110.0,15
gen_WOOLNTH1_3,bus_5067,0.22488531580158433,0.4000000097693037,-0.008962031541271441,22,RenewableDispatch,1450,-5558,110.0,15
bus1186,bus_1185,0.0,1.2706802840194802,-0.051268176941892396,0,PowerLoad,238,527,132.0,2
bus1229,bus_4378,0.0,0.008469596983351818,0.003934650749300605,0,PowerLoad,-2292,-3831,11.0,14
bus1508,bus_1639,0.0,0.11907949913022348,0.020509313978543706,0,PowerLoad,1516,1724,33.0,1
gen_5006_2,bus_5006,0.542278526220613,1.0000000097721875,0.2851154790478137,16,HydroDispatch,1074,-5702,13.8,15
gen_5006_1,bus_5006,0.542278526220613,1.0000000097721875,0.2851154790478137,16,HydroDispatch,1074,-5702,13.8,15
bus1752,bus_1633,0.0,0.48252668376588814,0.09554169683387446,0,PowerLoad,1955,-1261,66.0,4
bus1867,bus_1314,0.0,0.3297771872765153,0.0923595826687266,0,PowerLoad,711,-970,132.0,4
RESS1,bus_1314,0.6,0.6,0.0,1,EnergyReservoirStorage,711,-970,132.0,4
RIVNB2,bus_1314,0.65,0.65,0.0,1,EnergyReservoirStorage,711,-970,132.0,4
DPNTB1,bus_1314,0.25,0.25,0.0,1,EnergyReservoirStorage,711,-970,132.0,4
bus168,bus_3163,0.0,0.19089744396912273,0.03670422166193044,0,PowerLoad,-544,2719,110.0,11
bus32,bus_1573,0.0,0.04361947174342502,0.006880172116428686,0,PowerLoad,2193,2397,11.0,1
bus1940,bus_3038,0.0,0.3377971723962083,0.20652780662072825,0,PowerLoad,-1716,4891,11.0,9
bus1607,bus_4381,0.0,0.17734284382158505,0.03796933385755923,0,PowerLoad,-1913,-2399,33.0,13
ERBO1,bus_1090,10.0,10.0,0.0,1,EnergyReservoirStorage,714,507,500.0,2
bus1516,bus_3170,0.0,0.05806821633748878,0.017414029761710578,0,PowerLoad,-845,2971,110.0,11
gen_4058_2,bus_4058,1.5691520809460173,-9.791274754254642e-9,0.03243177226094491,22,RenewableDispatch,-2044,-2666,13.8,13
gen_4058_1,bus_4058,1.5691520809460173,-9.791274754254642e-9,0.03243177226094491,22,RenewableDispatch,-2044,-2666,13.8,13
bus922,bus_4058,0.0,0.07666932949642327,0.06446428715077085,0,PowerLoad,-2044,-2666,13.8,13
bus1693,bus_2043,0.0,0.20208645215307086,0.1416807541741264,0,PowerLoad,682,-4281,24.0,6
bus881,bus_4478,0.0,0.4082567659888948,0.20365958911190316,0,PowerLoad,-1922,-2096,11.0,13
bus1457,bus_4242,0.0,0.5673105314106759,0.009467875258982435,0,PowerLoad,-2580,-975,33.0,12
bus1592,bus_3116,0.0,0.3671776808457943,0.08556665800705174,0,PowerLoad,-1254,4050,132.0,9
gen_BERYLSF1,bus_1565,0.0,0.0,-1.6999999719524246,21,RenewableDispatch,1522,-1083,33.0,4
gen_PARSF1,bus_1565,0.5499305196113414,0.0,-1.6999999719524246,21,RenewableDispatch,1522,-1083,33.0,4
bus1384,bus_3341,0.0,0.9324280027257569,0.09683147028822799,0,PowerLoad,-884,2464,33.0,11
bus439,bus_3527,0.0,0.010346890173992327,0.004849773411485936,0,PowerLoad,390,3598,15.75,9
bus1527,bus_1306,0.0,1.239710498028367,0.4338662104194876,0,PowerLoad,2113,-1416,132.0,4
bus1665,bus_3289,0.0,0.560924523916686,0.17297974349597575,0,PowerLoad,1503,4551,132.0,10
bus944,bus_3427,0.0,0.01721697556089694,0.014069756209244286,0,PowerLoad,-55,3789,6.6,9
gen_1005_2,bus_1005,7.555949696494532,9.131629824889368,-0.46710636957729507,20,ThermalStandard,662,546,23.0,2
gen_1005_4,bus_1005,7.555949696494532,9.131629824889368,-0.46710636957729507,20,ThermalStandard,662,546,23.0,2
gen_1005_3,bus_1005,7.555949696494532,9.131629824889368,-0.46710636957729507,20,ThermalStandard,662,546,23.0,2
gen_1005_1,bus_1005,7.555949696494532,9.131629824889368,-0.46710636957729507,20,ThermalStandard,662,546,23.0,2
bus332,bus_1005,0.0,0.07262996690283009,0.05213559072272097,0,PowerLoad,662,546,23.0,2
bus1139,bus_1146,0.0,1.9466758299877598,0.5512408088506199,0,PowerLoad,1058,1182,330.0,2
bus13,bus_3400,0.0,0.19410914660300974,0.06781007622313183,0,PowerLoad,-1828,2098,11.0,11
bus632,bus_1467,0.0,0.010117793596069813,0.0008449364304523195,0,PowerLoad,430,146,132.0,2
gen_2011_1,bus_2011,0.5308172711099762,-9.779911865983563e-9,-0.0267974905324575,4,ThermalStandard,-3,-3934,0.6899999999999998,6
gen_2011_2,bus_2011,0.5308172711099762,-9.779911865983563e-9,-0.0267974905324575,4,ThermalStandard,-3,-3934,0.6899999999999998,6
gen_2011_3,bus_2011,0.5308172711099762,-9.779911865983563e-9,-0.0267974905324575,4,ThermalStandard,-3,-3934,0.6899999999999998,6
gen_2011_4,bus_2011,0.5308172711099762,-9.779911865983563e-9,-0.0267974905324575,4,ThermalStandard,-3,-3934,0.6899999999999998,6
bus1538,bus_1230,0.0,0.03034793264923194,0.012545216000972187,0,PowerLoad,247,195,132.0,2
gen_WHITSF1,bus_3583,0.0,0.0,-0.7957050950398917,21,RenewableDispatch,-943,2658,275.0,11
gen_CLERMSF1,bus_3583,0.0,0.0,-0.7957050950398918,21,RenewableDispatch,-943,2658,275.0,11
gen_HAYMSF1,bus_3583,0.0,0.0,-0.7957050950398918,21,RenewableDispatch,-943,2658,275.0,11
bus590,bus_4445,0.0,0.016378989305698657,0.005596385136554304,0,PowerLoad,-2376,-3188,11.0,14
bus736,bus_3224,0.0,0.0009721964301954926,0.008269646204859874,0,PowerLoad,-1321,7107,66.0,8
bus1328,bus_3162,0.0,0.08783884432798918,-0.11333211023647989,0,PowerLoad,-960,5877,132.0,8
bus1911,bus_5190,0.0,0.35338237709326914,0.11433520042108569,0,PowerLoad,1531,-5566,22.0,15
bus1361,bus_3236,0.0,0.1531841759899132,0.015607649163772027,0,PowerLoad,-917,2805,11.0,11
gen_GOONSF1,bus_1358,0.0,0.0,-1.6999999719524246,21,RenewableDispatch,2877,2867,132.0,1
gen_GRIFSF1,bus_1358,0.3020729460248965,0.0,-1.6999999719524248,21,RenewableDispatch,2877,2867,132.0,1
bus1077,bus_1358,0.0,0.05856945478971778,0.037434445329104185,0,PowerLoad,2877,2867,132.0,1
bus1224,bus_1531,0.0,0.007132198488210877,0.0056802873240321,0,PowerLoad,1701,1233,33.0,2
gen_5021_4,bus_5021,0.34895867950231585,-8.3818099515036e-9,-0.03844406191510959,16,HydroDispatch,1400,-6283,11.0,15
pv_N5_1,bus_1206,11.180339887498949,0.0,0.0,21,RenewableDispatch,867,-1329,132.0,4
pv_N5_2,bus_1206,1.3563988351513716,0.0,0.0,21,RenewableDispatch,867,-1329,132.0,4
pv_N6_1,bus_1206,5.100694663474771,0.0,0.0,21,RenewableDispatch,867,-1329,132.0,4
bus1548,bus_3157,0.0,0.004538774420623784,-0.016063574860845628,0,PowerLoad,-1392,4828,132.0,9
pv_Q7_1,connection Q7,3.430463687681302,0.0,0.0,21,RenewableDispatch,,,,11
pv_Q6_1,connection Q6,0.913657375606414,0.0,0.0,21,RenewableDispatch,,,,9
wtg_S8_1,connection S8,0.6493594556794908,0.0,0.0,22,RenewableDispatch,,,,13
wtg_Q8_2,connection Q8,1.6306499061214306,0.0,0.0,22,RenewableDispatch,,,,11
wtg_Q8_1,connection Q8,2.068433952078938,0.0,0.0,22,RenewableDispatch,,,,11
pv_Q8_2,connection Q8,5.41888713667299,0.0,0.0,21,RenewableDispatch,,,,11
pv_Q8_1,connection Q8,11.180339887498949,0.0,0.0,21,RenewableDispatch,,,,11
wtg_S4_1,connection S4,0.438854413188217,0.0,0.0,22,RenewableDispatch,,,,13
pv_S2_1,connection S2,0.6170429583910669,0.0,0.0,21,RenewableDispatch,,,,13
wtg_T2_1,connection T2,0.4116577886387236,0.0,0.0,22,RenewableDispatch,,,,15
wtg_T1_1,connection T1,0.27514823350429896,0.0,0.0,22,RenewableDispatch,,,,15
pv_N4_1,connection N4,0.5925580140374445,0.0,0.0,21,RenewableDispatch,,,,2
wtg_N4_1,connection N4,0.2555109759879413,0.0,0.0,22,RenewableDispatch,,,,2
pv_N1_1,connection N1,1.8559364213248253,0.0,0.0,21,RenewableDispatch,,,,2
wtg_N2_1,connection N2,0.5709736713052082,0.0,0.0,22,RenewableDispatch,,,,1
pv_N2_1,connection N2,5.981705446609688,0.0,0.0,21,RenewableDispatch,,,,1
wtg_T3_1,connection T3,0.2358413430036848,0.0,0.0,22,RenewableDispatch,,,,15
