geometry,name,from_bus,to_bus,transformer
"LINESTRING (-1315 2864, -1409 2892)",xf_3625_to_3007_2_2winding_transformer,bus_3625,bus_3007,true
"LINESTRING (747 -2705, 782 -3231)",xf_2194_to_2171_2_2winding_transformer,bus_2192,bus_2171,true
"LINESTRING (16 -3858, -3 -3934)",xf_2228_to_2011_2_2winding_transformer,bus_2228,bus_2011,true
"LINESTRING (138 3156, 66 3102)",xf_3302_3304_3303_3_3winding_transformer_br2,bus_3304,starbus_xf_3302_3304_3303_3,true
"LINESTRING (-1313 4068, -1177 4045)",line_3009_to_3475_2_cp,bus_3009,bus_3475,false
"LINESTRING (-2291 -2954, -2358 -3007)",xf_4275_to_4450_2_2winding_transformer,bus_4275,bus_4450,true
"LINESTRING (867 -1329, 816 -1464)",line_1206_to_1646_1_cp_merged_with_line_1365_to_1646_1_pi,bus_1206,bus_1365,false
"LINESTRING (-2757 -1977, -2820 -2020)",xf_4363_to_4018_1_2winding_transformer,bus_4363,bus_4018,true
"LINESTRING (-2551 -2153, -2624 -2161)",xf_4344_to_4490_2_2winding_transformer,bus_4344,bus_4490,true
"LINESTRING (747 -2705, 805 -3201)",xf_2194_to_2170_3_2winding_transformer,bus_2192,bus_2170,true
"LINESTRING (-1965 -3341, -1978 -3523)",xf_4331_to_4431_1_2winding_transformer,bus_4252,bus_4431,true
"LINESTRING (-1727 -1560, -1518 -1647)",line_4208_to_4209_1_cp,bus_4207,bus_4209,false
"LINESTRING (-3172 -1760, -3384 -1875)",xf_4181_to_4406_4_2winding_transformer,bus_4169,bus_4406,true
"LINESTRING (340 -3787, 336 -3883)",xf_2128_to_2237_3_2winding_transformer,bus_2128,bus_2237,true
"LINESTRING (-600 3049, -744 2835)",line_3545_to_3589_1_cp,bus_3545,bus_3589,false
"LINESTRING (-434 2896, -478 2930)",line_3338_to_3471_2_cp,bus_3338,bus_3471,false
"LINESTRING (805 -3201, 810 -3479)",xf_2182_to_2290_5_2winding_transformer,bus_2170,bus_2290,true
"LINESTRING (407 -4312, 411 -4225)",line_2218_to_2221_1_cp,bus_2218,bus_2221,false
"LINESTRING (877 -4079, 871 -4184)",xf_2167_to_2103_8_2winding_transformer,bus_2167,bus_2103,true
"LINESTRING (778 -5332, 722 -5364)",xf_5070_to_5192_5_2winding_transformer,bus_5070,bus_5192,true
"LINESTRING (904 -5344, 778 -5332)",xf_5153_to_5070_2_2winding_transformer,bus_5150,bus_5070,true
"LINESTRING (-1315 2864, -1562 2879)",line_3252_to_3625_1_cp_merged_with_xf_3252_to_3466_1_2winding_transformer,bus_3625,bus_3466,true
"LINESTRING (-704 5136, -570 4803)",line_3569_to_3640_1_cp,bus_3569,bus_3640,false
"LINESTRING (825 368, 911 407)",xf_1099_to_1020_7_2winding_transformer,bus_1099,bus_1020,true
"LINESTRING (1404 -1052, 1232 -816)",line_1102_to_1114_1_cp,bus_1102,bus_1114,false
"LINESTRING (904 -5344, 778 -5332)",xf_5153_to_5070_1_2winding_transformer,bus_5150,bus_5070,true
"LINESTRING (1823 2202, 1948 2390)",line_1159_to_1637_1_cp,bus_1159,bus_1026,false
"LINESTRING (468 -410, 592 -338)",xf_1434_to_1571_1_2winding_transformer,bus_1434,bus_1571,true
"LINESTRING (94 -4418, 110 -4266)",line_2269_to_2351_1_cp,bus_2269,bus_2351,false
"LINESTRING (1491 2184, 1748 2235)",line_1095_to_1104_1_cp,bus_1011,bus_1104,false
"LINESTRING (695 -1458, 758 -1418)",line_1315_to_1324_1_cp,bus_1315,bus_1324,false
"LINESTRING (430 -4263, 411 -4354)",line_2210_to_2217_1_cp,bus_2210,bus_2211,false
"LINESTRING (2000 2110, 2167 2176)",line_1331_to_1385_1_cp,bus_1331,bus_1385,false
"LINESTRING (-725 6053, -759 5917)",line_3069_to_3201_2_cp,bus_3069,bus_3201,false
"LINESTRING (-1736 6747, -1873 6871)",line_3516_to_3629_2_cp,bus_3516,bus_3629,false
"LINESTRING (968 -1737, 989 -1806)",xf_1311_to_1056_1_2winding_transformer,bus_1311,bus_1056,true
"LINESTRING (-1884 -2362, -2074 -2338)",xf_4294_to_4380_2_2winding_transformer,bus_4296,bus_4380,true
"LINESTRING (-1313 4068, -1254 4050)",line_3009_to_3116_1_cp,bus_3009,bus_3116,false
"LINESTRING (703 45, 692 -193)",line_1093_to_1120_1_cp,bus_1093,bus_1120,false
"LINESTRING (-1314 5960, -1218 5893)",line_3023_to_3063_1_cp,bus_3023,bus_3002,false
"LINESTRING (-1843 -2005, -1481 -2118)",line_4131_to_4149_1_cp,bus_4131,bus_4149,false
"LINESTRING (-2706 -1816, -2774 -1830)",xf_4144_to_4384_1_2winding_transformer,bus_4144,bus_4384,true
"LINESTRING (924 -3962, 877 -4079)",line_2163_to_2167_1_cp,bus_2121,bus_2167,false
"LINESTRING (-1090 4415, -915 4345)",xf_3476_to_3549_1_2winding_transformer,bus_3476,bus_3549,true
"LINESTRING (-2980 -1919, -3061 -1963)",xf_4357_to_4015_4_2winding_transformer,bus_4357,bus_4015,true
"LINESTRING (-422 2700, -389 2652)",xf_3378_to_3380_1_2winding_transformer,bus_3378,bus_3380,true
"LINESTRING (528 664, 438 792)",line_1198_to_1455_2_cp,bus_1198,bus_1455,false
"LINESTRING (1823 2202, 1873 2274)",xf_1159_to_1527_1_2winding_transformer,bus_1159,bus_1527,true
"LINESTRING (-908 -3252, -929 -3281)",xf_4083_to_4102_6_2winding_transformer,bus_4083,bus_4096,true
"LINESTRING (1160 345, 966 371)",line_1404_to_1443_2_cp,bus_1404,bus_1184,false
"LINESTRING (658 -372, 467 -265)",line_1243_to_1340_1_cp,bus_1243,bus_1374,false
"LINESTRING (43 4965, 94 5061)",xf_3039_to_3043_1_2winding_transformer,bus_3039,bus_3043,true
"LINESTRING (1491 2184, 1363 1597)",line_1095_to_1145_2_cp,bus_1011,bus_1145,false
"LINESTRING (-1368 4590, -1446 4647)",xf_3263_to_3264_1_2winding_transformer,bus_3263,bus_3264,true
"LINESTRING (1335 1359, 1363 1597)",line_1126_to_1145_1_cp,bus_1126,bus_1145,false
"LINESTRING (-1373 6081, -1450 6140)",xf_3114_to_3115_1_2winding_transformer,bus_3114,bus_3115,true
"LINESTRING (368 -101, 141 -289)",xf_1155_to_1205_1_2winding_transformer,bus_1155,bus_1205,true
"LINESTRING (66 3102, -283 3067)",line_3374_to_3503_2_cp,bus_3302,bus_3344,false
"LINESTRING (758 -1418, 733 -1490)",xf_1324_to_1048_1_2winding_transformer,bus_1324,bus_1048,true
"LINESTRING (-2644 -2675, -2569 -2611)",xf_4237_to_4419_2_2winding_transformer,bus_4038,bus_4419,true
"LINESTRING (522 -5879, 443 -5908)",xf_5052_to_5181_4_2winding_transformer,bus_5052,bus_5181,true
"LINESTRING (-3059 -1328, -2988 -1353)",xf_4024_to_4369_7_2winding_transformer,bus_4024,bus_4369,true
"LINESTRING (-544 2719, -479 2780)",line_3163_to_3504_1_cp,bus_3163,bus_3504,false
"LINESTRING (-2185 -816, -2151 -876)",xf_4186_4230_4494_1_3winding_transformer_br3,bus_4494,starbus_xf_4186_4230_4494_1,true
"LINESTRING (-3288 -1647, -3501 -1584)",line_4165_to_4222_1_cp,bus_4165,bus_4157,false
"LINESTRING (-898 -2745, -898 -2745)",xf_4220_4074_4499_5_3winding_transformer_br1,bus_4220,starbus_xf_4220_4074_4499_5,true
"LINESTRING (228 2866, 422 2892)",line_3652_to_3654_2_cp_merged_with_xf_3654_to_3656_2_2winding_transformer,bus_3652,bus_3656,true
"LINESTRING (1051 -5654, 1031 -5503)",line_5169_to_5170_2_cp,bus_5169,bus_5170,false
"LINESTRING (-1084 6940, -990 6975)",xf_3078_to_3642_2_2winding_transformer,bus_3078,bus_3642,true
"LINESTRING (703 257, 703 257)",xf_1092_1093_1526_2_3winding_transformer_br1,bus_1092,starbus_xf_1092_1093_1526_2,true
"LINESTRING (-1715 -2814, -1738 -2895)",xf_4318_to_4475_2_2winding_transformer,bus_4318,bus_4475,true
"LINESTRING (960 -3638, 984 -3929)",xf_2198_to_2118_4_2winding_transformer,bus_2198,bus_2118,true
"LINESTRING (764 27, 875 144)",xf_1117_to_1175_2_2winding_transformer,bus_1117,bus_1252,true
"LINESTRING (1958 2291, 1948 2390)",line_1164_to_1637_1_cp,bus_1164,bus_1026,false
"LINESTRING (-2182 -3328, -2318 -3521)",line_4267_to_4269_1_cp_merged_with_xf_4269_to_4443_1_2winding_transformer,bus_4267,bus_4443,true
"LINESTRING (-852 4136, -890 4237)",line_3314_to_3315_2_cp,bus_3314,bus_3315,false
"LINESTRING (-1550 -3113, -1565 -3205)",xf_4313_to_4471_1_2winding_transformer,bus_4313,bus_4471,true
"LINESTRING (529 439, 545 492)",line_1190_to_1451_1_cp,bus_1190,bus_1451,false
"LINESTRING (1696 -5591, 1590 -5552)",line_5060_to_5061_1_cp,bus_5060,bus_5061,false
"LINESTRING (1861 -1281, 1955 -1261)",xf_1449_to_1633_1_2winding_transformer,bus_1449,bus_1633,true
"LINESTRING (224 -3741, 198 -3943)",xf_2109_to_2099_2_2winding_transformer,bus_2109,bus_2099,true
"LINESTRING (227 -3247, 216 -3308)",xf_2315_to_2350_6_2winding_transformer,bus_2315,bus_2350,true
"LINESTRING (-334 403, -422 428)",xf_1627_to_1574_3_2winding_transformer,bus_1627,bus_1574,true
"LINESTRING (784 -1957, 740 -1889)",xf_2191_2023_2024_1_3winding_transformer_br2,bus_2023,starbus_xf_2191_2023_2024_1,true
"LINESTRING (1237 -445, 1380 -431)",line_1221_to_1373_2_cp,bus_1221,bus_1373,false
"LINESTRING (-419 5506, -398 5494)",xf_3492_to_3493_3_2winding_transformer,bus_3149,bus_3493,true
"LINESTRING (830 -5662, 1073 -5646)",line_5113_to_5119_1_cp,bus_5113,bus_5119,false
"LINESTRING (765 -5745, 811 -5700)",line_5051_to_5053_1_cp,bus_5050,bus_5053,false
"LINESTRING (-1250 6362, -1070 5934)",line_3561_to_3591_3_cp,bus_3561,bus_3591,false
"LINESTRING (383 -5832, 301 -5861)",xf_5068_to_5173_1_2winding_transformer,bus_5068,bus_5173,true
"LINESTRING (-457 -3444, -476 -3517)",xf_2270_to_2080_3_2winding_transformer,bus_2270,bus_2080,true
"LINESTRING (-2313 -2476, -2385 -2413)",line_4241_to_4248_1_cp,bus_4241,bus_4248,false
"LINESTRING (-3742 -1731, -3689 -1737)",xf_4160_4097_4401_1_3winding_transformer_br2,bus_4097,starbus_xf_4160_4097_4401_1,true
"LINESTRING (-725 6053, -696 6159)",xf_3069_to_3070_3_2winding_transformer,bus_3069,bus_3070,true
"LINESTRING (-281 -3625, -309 -3712)",xf_2342_to_2054_1_2winding_transformer,bus_2342,bus_2054,true
"LINESTRING (-1506 -1837, -1560 -1923)",line_4211_to_4212_1_cp,bus_4211,bus_4212,false
"LINESTRING (-1716 4891, -1791 4951)",xf_3037_to_3038_2_2winding_transformer,bus_3038,bus_3220,true
"LINESTRING (1161 1128, 1244 1161)",xf_1115_to_1034_1_2winding_transformer,bus_1115,bus_1034,true
"LINESTRING (904 -5344, 853 -5363)",xf_5150_to_5017_2_2winding_transformer,bus_5150,bus_5017,true
"LINESTRING (11 5168, -54 5307)",line_3060_to_3151_1_cp,bus_3060,bus_3151,false
"LINESTRING (-2135 -1327, -2137 -1434)",line_4177_to_4184_1_cp,bus_4177,bus_4184,false
"LINESTRING (-921 -2853, -898 -2745)",xf_4220_4074_4498_3_3winding_transformer_br2,bus_4074,starbus_xf_4220_4074_4498_3,true
"LINESTRING (449 -4098, 540 -4107)",line_2111_to_2112_1_pi,bus_2104,bus_2111,false
"LINESTRING (-404 -2893, -388 -2854)",line_2303_to_2304_2_pi,bus_2303,bus_2304,false
"LINESTRING (-1207 3092, -1130 3182)",line_3129_to_3467_1_cp,bus_3129,bus_3467,false
"LINESTRING (-1996 -3550, -2020 -3653)",xf_4246_to_4426_2_2winding_transformer,bus_4246,bus_4426,true
"LINESTRING (-921 -2853, -898 -2745)",xf_4220_4074_4499_5_3winding_transformer_br2,bus_4074,starbus_xf_4220_4074_4499_5,true
"LINESTRING (1263 -2064, 1130 -1867)",line_1113_to_1151_1_cp,bus_1113,bus_1151,false
"LINESTRING (1237 -445, 1359 -538)",line_1221_to_1316_1_cp,bus_1221,bus_1163,false
"LINESTRING (-1296 4156, -1177 4045)",line_3021_to_3475_2_cp,bus_3021,bus_3475,false
"LINESTRING (-1313 4068, -1396 4072)",xf_3009_to_3011_2_2winding_transformer,bus_3009,bus_3011,true
"LINESTRING (854 -3647, 860 -3741)",xf_2168_to_2274_2_2winding_transformer,bus_2168,bus_2274,true
"LINESTRING (-512 4317, -508 4387)",xf_3369_to_3370_1_2winding_transformer,bus_3369,bus_3370,true
"LINESTRING (264 -3628, 504 -3172)",connection V6,bus_2105,bus_2125,false
"LINESTRING (313 384, 3 451)",xf_1495_to_1653_3_2winding_transformer,bus_1191,bus_1653,true
"LINESTRING (-943 2658, -1147 2506)",xf_3583_to_3633_2_2winding_transformer,bus_3583,bus_3633,true
"LINESTRING (796 -6353, 745 -6429)",line_5103_to_5104_1_cp,bus_5103,bus_5104,false
"LINESTRING (464 -3836, 472 -3932)",xf_2146_to_2249_7_2winding_transformer,bus_2146,bus_2249,true
"LINESTRING (-2134 -3081, -2191 -3149)",xf_4292_to_4438_6_2winding_transformer,bus_4292,bus_4438,true
"LINESTRING (629 -2952, 637 -3026)",xf_2169_to_2275_3_2winding_transformer,bus_2169,bus_2275,true
"LINESTRING (2721 2689, 2865 2748)",line_1594_to_1595_1_cp,bus_1594,bus_1595,false
"LINESTRING (-2594 -940, -2654 -894)",xf_4126_to_4127_1_2winding_transformer,bus_4126,bus_4127,true
"LINESTRING (-3041 -1585, -2794 -1647)",xf_4163_to_4107_1_2winding_transformer,bus_4089,bus_4107,true
"LINESTRING (1320 -4352, 1368 -4310)",line_2255_to_2261_4_cp,bus_2255,bus_2260,false
"LINESTRING (955 -3011, 922 -3110)",line_2119_to_2148_1_cp_merged_with_xf_2119_to_2014_1_2winding_transformer,bus_2107,bus_2014,true
"LINESTRING (-409 -3284, -437 -3349)",xf_2077_to_2348_4_2winding_transformer,bus_2077,bus_2348,true
"LINESTRING (-2369 -1377, -2321 -1420)",line_4032_to_4371_1_cp,bus_4032,bus_4371,false
"LINESTRING (-3041 -1585, -3038 -1544)",xf_4163_to_4349_3_2winding_transformer,bus_4089,bus_4349,true
"LINESTRING (-2132 -986, -2143 -896)",xf_4185_to_4229_1_2winding_transformer,bus_4185,bus_4229,true
"LINESTRING (820 1294, 731 1347)",line_1183_to_1424_1_cp,bus_1183,bus_1257,false
"LINESTRING (915 -2259, 963 -2129)",xf_1106_1167_1537_4_3winding_transformer_br3,bus_1537,starbus_xf_1106_1167_1537_4,true
"LINESTRING (48 0, 228 214)",line_1107_to_1111_1_cp,bus_1107,bus_1111,false
"LINESTRING (-744 2835, -747 2974)",line_3589_to_3601_1_cp,bus_3589,bus_3601,false
"LINESTRING (307 3563, 419 3556)",line_3158_to_3613_2_cp,bus_3158,bus_3613,false
"LINESTRING (-386 2501, -496 2609)",xf_3352_to_3353_1_2winding_transformer_merged_with_line_3352_to_3385_1_cp,bus_3353,bus_3385,true
"LINESTRING (433 -2941, 260 -3033)",xf_1217_to_1606_2_2winding_transformer,bus_1217,bus_1007,true
"LINESTRING (863 -2165, 837 -2208)",line_1292_to_1297_1_cp,bus_1292,bus_1297,false
"LINESTRING (1342 4456, 1258 4394)",line_3300_to_3618_1_cp,bus_3300,bus_3618,false
"LINESTRING (-1644 -2907, -1654 -2994)",xf_4317_to_4474_1_2winding_transformer,bus_4317,bus_4474,true
"LINESTRING (-1757 -2733, -1784 -2804)",xf_4339_to_4486_2_2winding_transformer,bus_4339,bus_4486,true
"LINESTRING (-314 4388, -714 4483)",line_3573_to_3598_1_cp,bus_3573,bus_3598,false
"LINESTRING (-1913 -3805, -1919 -3912)",xf_4245_to_4425_2_2winding_transformer,bus_4245,bus_4425,true
"LINESTRING (1060 -5659, 1008 -5612)",line_5141_to_5143_1_cp,bus_5141,bus_5143,false
"LINESTRING (-1072 6873, -1011 7028)",line_3142_to_3310_1_cp,bus_3142,bus_3310,false
"LINESTRING (937 -3740, 1051 -3940)",xf_2172_to_2278_4_2winding_transformer,bus_2164,bus_2278,true
"LINESTRING (453 -3333, -277 -2958)",connection V4,bus_2208,bus_2200,false
"LINESTRING (1073 -728, 1145 -823)",line_1166_to_1472_1_cp,bus_1166,bus_1472,false
"LINESTRING (-2083 -2441, -1884 -2362)",line_4279_to_4294_1_cp,bus_4279,bus_4296,false
"LINESTRING (-3032 -1224, -2963 -1268)",xf_4022_to_4367_6_2winding_transformer,bus_4022,bus_4367,true
"LINESTRING (307 3563, 338 3632)",xf_3158_to_3440_3_2winding_transformer,bus_3158,bus_3440,true
"LINESTRING (-3501 -1584, -3482 -1608)",xf_4222_to_4398_2_2winding_transformer,bus_4157,bus_4398,true
"LINESTRING (-833 5026, -570 4803)",line_3557_to_3640_3_cp,bus_3557,bus_3640,false
"LINESTRING (597 315, 679 322)",line_1138_to_1144_1_cp,bus_1138,bus_1066,false
"LINESTRING (1031 -5503, 1073 -5646)",xf_5170_to_5119_1_2winding_transformer,bus_5170,bus_5119,true
"LINESTRING (816 -2090, 671 -2297)",xf_1317_to_1586_1_2winding_transformer,bus_1317,bus_1318,true
"LINESTRING (147 3136, 66 3102)",xf_3302_3304_3303_1_3winding_transformer_br3,bus_3303,starbus_xf_3302_3304_3303_1,true
"LINESTRING (349 757, 243 911)",line_1195_to_1430_1_cp,bus_1195,bus_1430,false
"LINESTRING (-277 -2958, -277 -2958)",xf_2200_2196_2305_2_3winding_transformer_br1,bus_2200,starbus_xf_2200_2196_2305_2,true
"LINESTRING (138 3156, 66 3102)",xf_3302_3304_3303_1_3winding_transformer_br2,bus_3304,starbus_xf_3302_3304_3303_1,true
"LINESTRING (-473 449, -601 473)",line_1369_to_1655_1_cp,bus_1369,bus_1655,false
"LINESTRING (1958 2291, 2034 2210)",line_1164_to_1447_1_cp,bus_1164,bus_1447,false
"LINESTRING (380 -3402, 380 -3478)",xf_2108_to_2298_4_2winding_transformer,bus_2108,bus_2298,true
"LINESTRING (2 -3847, -25 -3913)",xf_2227_to_2010_1_2winding_transformer,bus_2227,bus_2010,true
"LINESTRING (985 1738, 927 1615)",line_1364_to_1397_1_cp,bus_1364,bus_1397,false
"LINESTRING (-3496 -1689, -3660 -1696)",xf_4159_to_4346_1_2winding_transformer,bus_4158,bus_4346,true
"LINESTRING (818 -295, 978 -738)",line_1098_to_1125_1_cp,bus_1098,bus_1125,false
"LINESTRING (-1228 6939, -1282 6854)",line_3211_to_3529_1_cp,bus_3211,bus_3529,false
"LINESTRING (2279 1953, 2380 1969)",xf_1554_to_1582_1_2winding_transformer,bus_1554,bus_1582,true
"LINESTRING (-379 380, -334 403)",line_1354_to_1627_1_cp,bus_1354,bus_1627,false
"LINESTRING (504 -3172, 513 -3245)",xf_2125_to_2337_1_2winding_transformer,bus_2125,bus_2337,true
"LINESTRING (-833 5026, -954 4846)",line_3557_to_3611_1_cp,bus_3557,bus_3611,false
"LINESTRING (829 -3277, 857 -3331)",xf_2122_to_2015_1_2winding_transformer,bus_2122,bus_2015,true
"LINESTRING (-3913 -1767, -3848 -1764)",xf_4166_4356_4491_3_3winding_transformer_br3,bus_4491,starbus_xf_4166_4356_4491_3,true
"LINESTRING (889 -1977, 911 -2041)",xf_1497_to_1650_2_2winding_transformer,bus_1497,bus_1650,true
"LINESTRING (1354 -1585, 1300 -1557)",xf_1118_1040_1041_2_3winding_transformer_br3,bus_1041,starbus_xf_1118_1040_1041_2,true
"LINESTRING (-938 5832, -1067 5850)",line_3111_to_3196_1_cp,bus_3111,bus_3196,false
"LINESTRING (-2074 -2389, -2202 -2504)",xf_4125_to_4238_1_2winding_transformer,bus_4125,bus_4238,true
"LINESTRING (-210 -3519, -166 -3350)",line_2151_to_2175_2_cp,bus_2151,bus_2175,false
"LINESTRING (79 -4685, 66 -4685)",xf_2076_to_2345_2_2winding_transformer,bus_2076,bus_2000,true
"LINESTRING (-1637 -3056, -1640 -2952)",line_4302_to_4342_1_cp,bus_4302,bus_4342,false
"LINESTRING (-611 4070, -614 4125)",line_3318_to_3636_2_pi_merged_with_xf_3318_to_3320_3_2winding_transformer,bus_3319,bus_3320,true
"LINESTRING (-335 3514, -613 3347)",line_3568_to_3593_2_cp,bus_3568,bus_3593,false
"LINESTRING (-422 3036, -92 2939)",xf_3490_to_3563_2_2winding_transformer,bus_3490,bus_3563,true
"LINESTRING (715 112, 715 112)",xf_1121_1123_1634_6_3winding_transformer_br1,bus_1121,starbus_xf_1121_1123_1634_6,true
"LINESTRING (-327 2944, -187 2958)",line_3411_to_3413_1_cp,bus_3411,bus_3413,false
"LINESTRING (-3689 -1737, -3689 -1737)",xf_4160_4097_4401_1_3winding_transformer_br1,bus_4160,starbus_xf_4160_4097_4401_1,true
"LINESTRING (963 -2129, 963 -2129)",xf_1106_1167_1537_4_3winding_transformer_br1,bus_1106,starbus_xf_1106_1167_1537_4,true
"LINESTRING (985 -570, 1073 -728)",xf_1105_to_1166_4_2winding_transformer,bus_1105,bus_1166,true
"LINESTRING (-1347 2481, -1451 2507)",xf_3386_to_3388_1_2winding_transformer,bus_3386,bus_3388,true
"LINESTRING (-2127 -4027, -2164 -4133)",xf_4260_to_4437_2_2winding_transformer,bus_4260,bus_4437,true
"LINESTRING (1179 1409, 1318 1531)",line_1193_to_1464_1_cp,bus_1193,bus_1464,false
"LINESTRING (-1467 7293, -1460 7399)",xf_3083_to_3085_2_2winding_transformer,bus_3083,bus_3085,true
"LINESTRING (-1067 5850, -1105 5940)",xf_3196_to_3197_1_2winding_transformer,bus_3196,bus_3197,true
"LINESTRING (597 315, 567 -53)",xf_1138_to_1186_3_2winding_transformer,bus_1138,bus_1186,true
"LINESTRING (863 -2112, 822 -2180)",xf_1308_to_1583_1_2winding_transformer,bus_1308,bus_1583,true
"LINESTRING (697 535, 679 322)",line_1124_to_1144_1_cp,bus_1124,bus_1066,false
"LINESTRING (814 -6003, 971 -5848)",line_5155_to_5168_1_cp,bus_5155,bus_5168,false
"LINESTRING (765 -5745, 762 -5772)",xf_5050_to_5179_1_2winding_transformer,bus_5050,bus_5179,true
"LINESTRING (-2132 -986, -2161 -871)",line_4185_to_4187_2_cp_merged_with_xf_4187_4230_4495_2_3winding_transformer_br1,bus_4185,starbus_xf_4187_4230_4495_2,true
"LINESTRING (-2260 -2230, -2396 -2385)",Dec21_line_4233_to_4236_1_dec,bus_4233,bus_4236,false
"LINESTRING (-249 -3683, -275 -3768)",xf_2343_to_2059_8_2winding_transformer,bus_2343,bus_2059,true
"LINESTRING (-1720 -2576, -1657 -2805)",line_4300_to_4311_2_cp,bus_4300,bus_4311,false
"LINESTRING (821 -2923, 869 -2937)",line_2235_to_2257_1_cp,bus_2235,bus_2257,false
"LINESTRING (714 507, 703 257)",line_1090_to_1092_1_cp,bus_1090,bus_1092,false
"LINESTRING (776 -1869, 740 -1889)",xf_2191_2018_2019_6_3winding_transformer_br3,bus_2019,starbus_xf_2191_2018_2019_6,true
"LINESTRING (-685 3675, -813 3546)",line_3543_to_3567_1_cp,bus_3543,bus_3567,false
"LINESTRING (-2143 -896, -2163 -830)",line_4229_to_4230_3_cp,bus_4229,bus_4230,false
"LINESTRING (-68 -3103, -101 -3147)",xf_2204_to_2063_1_2winding_transformer,bus_2204,bus_2063,true
"LINESTRING (-1876 -2795, -1901 -3129)",xf_4148_to_4335_1_2winding_transformer,bus_4148,bus_4335,true
"LINESTRING (1459 1657, 1516 1724)",xf_1473_to_1639_1_2winding_transformer,bus_1473,bus_1639,true
"LINESTRING (-2004 -2596, -1815 -2614)",xf_4129_to_4062_1_2winding_transformer,bus_4112,bus_4062,true
"LINESTRING (449 -4098, 460 -4211)",xf_2104_to_2041_2_2winding_transformer,bus_2104,bus_2041,true
"LINESTRING (-1345 4055, -1453 4074)",xf_3010_to_3012_3_2winding_transformer,bus_3010,bus_3012,true
"LINESTRING (853 -451, 787 -513)",line_1305_to_1338_1_cp,bus_1305,bus_1338,false
"LINESTRING (147 3136, 66 3102)",xf_3302_3304_3303_2_3winding_transformer_br3,bus_3303,starbus_xf_3302_3304_3303_2,true
"LINESTRING (-1556 7407, -1551 7483)",xf_3181_to_3183_2_2winding_transformer_merged_with_line_3181_to_3182_2_pi,bus_3180,bus_3183,true
"LINESTRING (-1233 4114, -1254 4050)",line_3073_to_3116_2_cp,bus_3028,bus_3116,false
"LINESTRING (1536 1414, 1663 1434)",line_1182_to_1456_1_cp,bus_1182,bus_1456,false
"LINESTRING (-2167 -3336, -2221 -3419)",xf_4255_to_4433_2_2winding_transformer,bus_4255,bus_4433,true
"LINESTRING (1136 -1159, 867 -1329)",xf_1158_to_1206_1_2winding_transformer,bus_1158,bus_1206,true
"LINESTRING (1349 2391, 1409 2464)",xf_1142_to_1642_2_2winding_transformer,bus_1142,bus_1642,true
"LINESTRING (173 819, 107 881)",xf_1313_to_1585_1_2winding_transformer,bus_1313,bus_1585,true
"LINESTRING (-1275 6726, -1211 6608)",line_3128_to_3486_1_cp,bus_3128,bus_3486,false
"LINESTRING (-973 5330, -982 5236)",line_3044_to_3482_2_cp,bus_3044,bus_3482,false
"LINESTRING (805 -6131, 898 -6262)",xf_5162_to_5090_3_2winding_transformer,bus_5162,bus_5090,true
"LINESTRING (519 545, 349 757)",xf_1147_to_1195_1_2winding_transformer,bus_1147,bus_1195,true
"LINESTRING (-2402 -1656, -2402 -1656)",xf_4104_4039_4040_1_3winding_transformer_br1,bus_4104,starbus_xf_4104_4039_4040_1,true
"LINESTRING (-1094 -2136, -1119 -2113)",xf_4217_to_4391_2_2winding_transformer,bus_4217,bus_4391,true
"LINESTRING (44 3051, -26 3018)",xf_3333_3336_3335_3_3winding_transformer_br2,bus_3336,starbus_xf_3333_3336_3335_3,true
"LINESTRING (997 -6215, 1111 -6098)",line_5092_to_5095_2_cp,bus_5092,bus_5095,false
"LINESTRING (-335 3514, -271 3717)",line_3568_to_3574_5_cp_merged_with_xf_3574_to_3425_3_2winding_transformer,bus_3568,bus_3425,true
"LINESTRING (-2249 -3731, -2292 -3831)",xf_4254_to_4378_2_2winding_transformer,bus_4254,bus_4378,true
"LINESTRING (120 3768, -96 3624)",line_3024_to_3498_2_cp,bus_3024,bus_3498,false
"LINESTRING (814 -6003, 971 -5848)",line_5155_to_5168_2_cp,bus_5155,bus_5168,false
"LINESTRING (907 -2953, 869 -2937)",line_2256_to_2257_1_cp,bus_2256,bus_2257,false
"LINESTRING (1446 -1310, 1136 -1159)",line_1103_to_1158_1_cp,bus_1103,bus_1158,false
"LINESTRING (52 3029, -26 3018)",xf_3333_3335_3336_2_3winding_transformer_br2,bus_3335,starbus_xf_3333_3335_3336_2,true
"LINESTRING (1770 1218, 1860 1245)",xf_1602_to_1089_2_2winding_transformer,bus_1602,bus_1089,true
"LINESTRING (960 -3638, 880 -3494)",line_2198_to_2206_1_cp,bus_2198,bus_2206,false
"LINESTRING (960 -6395, 973 -6363)",xf_5094_5202_5203_2_3winding_transformer_br3,bus_5203,starbus_xf_5094_5202_5203_2,true
"LINESTRING (-2996 -1862, -3078 -1895)",xf_4358_to_4013_8_2winding_transformer,bus_4358,bus_4013,true
"LINESTRING (-1250 6362, -1503 6658)",line_3561_to_3584_1_cp,bus_3561,bus_3584,false
"LINESTRING (714 507, 703 257)",line_1090_to_1092_2_cp,bus_1090,bus_1092,false
"LINESTRING (-2009 -3012, -1970 -3309)",Dec15_line_4226_to_4243_1_dec,bus_4226,bus_4243,false
"LINESTRING (-2750 -1191, -2910 -1044)",xf_4188_to_4370_1_2winding_transformer,bus_4188,bus_4000,true
"LINESTRING (1359 -538, 1451 -458)",xf_1316_to_1555_3_2winding_transformer,bus_1163,bus_1555,true
"LINESTRING (1281 -6304, 1291 -6185)",line_5085_to_5223_1_cp,bus_5083,bus_5223,false
"LINESTRING (-1830 -2105, -1853 -2061)",xf_4324_to_4481_2_2winding_transformer,bus_4324,bus_4481,true
"LINESTRING (1133 -5863, 1138 -5920)",line_5121_to_5130_1_cp,bus_5121,bus_5130,false
"LINESTRING (641 962, 531 970)",line_1287_to_1496_1_pi,bus_1287,bus_1496,false
"LINESTRING (1122 4261, 1329 4401)",line_3617_to_3620_1_cp_merged_with_xf_3620_to_3539_2_2winding_transformer,bus_3617,bus_3539,true
"LINESTRING (-2004 -2596, -1965 -2388)",Dec4_line_4112_to_4135_1_dec,bus_4112,bus_4135,false
"LINESTRING (-570 4803, -536 4897)",xf_3640_to_3588_4_2winding_transformer,bus_3640,bus_3588,true
"LINESTRING (1450 -5558, 1454 -5600)",xf_5067_to_5191_1_2winding_transformer,bus_5067,bus_5191,true
"LINESTRING (593 -1175, 629 -1107)",xf_1296_1504_1505_2_3winding_transformer_br2,bus_1504,starbus_xf_1296_1504_1505_2,true
"LINESTRING (-328 2956, -187 2958)",line_3412_to_3413_2_cp,bus_3412,bus_3413,false
"LINESTRING (721 682, 582 839)",xf_1149_to_1196_6_2winding_transformer,bus_1149,bus_1196,true
"LINESTRING (1253 -4202, 1368 -4310)",xf_2157_to_2261_3_2winding_transformer,bus_2143,bus_2260,true
"LINESTRING (-1281 2170, -1344 2103)",xf_3324_to_3327_4_2winding_transformer,bus_3324,bus_3327,true
"LINESTRING (264 -3628, 204 -3789)",line_2105_to_2176_1_cp,bus_2105,bus_2176,false
"LINESTRING (-923 2943, -951 2806)",line_3099_to_3491_2_cp,bus_3099,bus_3074,false
"LINESTRING (-1757 -2733, -1784 -2804)",xf_4339_to_4486_1_2winding_transformer,bus_4339,bus_4486,true
"LINESTRING (814 -6003, 748 -6038)",xf_5155_to_5231_1_2winding_transformer,bus_5155,bus_5231,true
"LINESTRING (-1233 4114, -1013 3992)",line_3073_to_3479_2_cp,bus_3028,bus_3479,false
"LINESTRING (-1378 -1956, -1410 -1956)",xf_4213_to_4388_1_2winding_transformer,bus_4213,bus_4388,true
"LINESTRING (-478 2930, -489 2977)",xf_3471_to_3472_5_2winding_transformer,bus_3471,bus_3472,true
"LINESTRING (-2167 -3907, -2214 -4008)",xf_4265_to_4441_2_2winding_transformer,bus_4265,bus_4441,true
"LINESTRING (333 -3526, 326 -3443)",xf_2145_2243_2306_3_3winding_transformer_br2,bus_2243,starbus_xf_2145_2243_2306_3,true
"LINESTRING (829 -3277, 955 -3011)",line_2122_to_2148_1_cp,bus_2122,bus_2107,false
"LINESTRING (54 3191, -17 3141)",xf_3362_3364_3363_1_3winding_transformer_br2,bus_3364,starbus_xf_3362_3364_3363_1,true
"LINESTRING (1113 -471, 1168 -486)",xf_1460_to_1553_1_2winding_transformer,bus_1460,bus_1553,true
"LINESTRING (43 4965, 123 5110)",line_3039_to_3050_2_cp,bus_3039,bus_3050,false
"LINESTRING (180 3842, 162 3854)",xf_3026_to_3025_2_2winding_transformer,bus_3026,bus_3025,true
"LINESTRING (736 -2406, 713 -2244)",line_2190_to_2195_1_cp,bus_2190,bus_2195,false
"LINESTRING (333 -3526, 326 -3443)",xf_2145_2243_2306_2_3winding_transformer_br2,bus_2243,starbus_xf_2145_2243_2306_2,true
"LINESTRING (-2042 -1799, -2143 -2100)",xf_4194_to_4124_1_2winding_transformer,bus_4194,bus_4094,true
"LINESTRING (-1901 -3129, -1910 -3215)",xf_4335_to_4484_3_2winding_transformer,bus_4335,bus_4484,true
"LINESTRING (824 420, 679 322)",line_1133_to_1144_1_cp,bus_1133,bus_1066,false
"LINESTRING (1073 -5646, 1287 -5684)",line_5119_to_5123_1_cp,bus_5119,bus_5123,false
"LINESTRING (-803 5828, -822 5732)",line_3242_to_3483_1_cp,bus_3242,bus_3483,false
"LINESTRING (1146 -6037, 1193 -5956)",line_5089_to_5116_1_cp,bus_5089,bus_5116,false
"LINESTRING (-2072 -2841, -2234 -3018)",xf_4134_to_4266_2_2winding_transformer,bus_4133,bus_4266,true
"LINESTRING (889 -1977, 911 -2041)",xf_1497_to_1650_1_2winding_transformer,bus_1497,bus_1650,true
"LINESTRING (485 4116, 569 4242)",line_3278_to_3279_1_cp,bus_3278,bus_3279,false
"LINESTRING (-2084 -4020, -2063 -3911)",xf_4257_4379_4434_3_3winding_transformer_br2,bus_4379,starbus_xf_4257_4379_4434_3,true
"LINESTRING (-915 4345, -918 4796)",line_3549_to_3608_2_cp,bus_3549,bus_3550,false
"LINESTRING (937 -3740, 900 -3575)",line_2164_to_2178_1_cp,bus_2164,bus_2178,false
"LINESTRING (991 1375, 1050 1444)",xf_1262_to_1567_2_2winding_transformer,bus_1262,bus_1567,true
"LINESTRING (-1492 2904, -1601 2924)",xf_3213_to_3464_1_2winding_transformer,bus_3213,bus_3464,true
"LINESTRING (522 -5879, 466 -5914)",xf_5052_to_5180_2_2winding_transformer,bus_5052,bus_5180,true
"LINESTRING (1112 -5788, 1116 -5827)",xf_5118_to_5216_2_2winding_transformer,bus_5118,bus_5216,true
"LINESTRING (-3742 -1731, -3689 -1737)",xf_4160_4097_4400_2_3winding_transformer_br2,bus_4097,starbus_xf_4160_4097_4400_2,true
"LINESTRING (-1941 -3307, -1965 -3341)",line_4253_to_4327_1_cp,bus_4253,bus_4252,false
"LINESTRING (-2124 -1196, -2132 -986)",line_4180_to_4185_2_cp,bus_4180,bus_4185,false
"LINESTRING (-1736 6747, -1736 6747)",xf_3516_3584_3517_1_3winding_transformer_br1,bus_3516,starbus_xf_3516_3584_3517_1,true
"LINESTRING (-869 4570, -714 4483)",line_3554_to_3598_2_cp,bus_3554,bus_3598,false
"LINESTRING (-1112 3466, -1030 3422)",xf_3226_3227_3228_2_3winding_transformer_br3,bus_3228,starbus_xf_3226_3227_3228_2,true
"LINESTRING (449 -4098, 440 -4194)",xf_2104_to_2040_1_2winding_transformer,bus_2104,bus_2040,true
"LINESTRING (-2794 -1647, -2836 -1815)",line_4107_to_4109_1_cp,bus_4107,bus_4109,false
"LINESTRING (-3689 -1737, -3833 -1851)",line_4160_to_4161_1_cp_merged_with_xf_4161_to_4347_1_2winding_transformer,bus_4160,bus_4347,true
"LINESTRING (-1158 3275, -1064 3231)",xf_3231_3644_3645_1_3winding_transformer_br2,bus_3644,starbus_xf_3231_3644_3645_1,true
"LINESTRING (-314 4388, -209 4591)",xf_3599_to_3443_2_2winding_transformer,bus_3573,bus_3443,true
"LINESTRING (1877 -5949, 1861 -5958)",xf_5048_to_5046_3_2winding_transformer,bus_5000,bus_5046,true
"LINESTRING (615 -1182, 629 -1107)",xf_1296_1504_1506_1_3winding_transformer_br3,bus_1506,starbus_xf_1296_1504_1506_1,true
"LINESTRING (-1519 3506, -1496 3449)",xf_3371_3372_3373_2_3winding_transformer_br1,bus_3359,starbus_xf_3371_3372_3373_2,true
"LINESTRING (1502 -4440, 1398 -4306)",line_2244_to_2253_1_cp_merged_with_line_2242_to_2253_2_cp,bus_2244,bus_2242,false
"LINESTRING (1133 -5863, 1125 -5907)",xf_5121_to_5240_1_2winding_transformer,bus_5121,bus_5240,true
"LINESTRING (-1687 7268, -1726 7292)",xf_3086_to_3087_1_2winding_transformer,bus_3329,bus_3087,true
"LINESTRING (1590 -5552, 1434 -5510)",line_5061_to_5063_2_cp,bus_5061,bus_5063,false
"LINESTRING (820 1294, 731 1347)",line_1183_to_1257_1_cp,bus_1183,bus_1257,false
"LINESTRING (880 -3494, 924 -3962)",xf_2206_to_2166_2_2winding_transformer,bus_2206,bus_2121,true
"LINESTRING (825 368, 682 204)",line_1099_to_1156_1_cp,bus_1099,bus_1156,false
"LINESTRING (-1611 -2026, -1670 -2053)",xf_4202_to_4329_2_2winding_transformer,bus_4202,bus_4329,true
"LINESTRING (703 -2878, 766 -2913)",xf_2126_to_2234_1_2winding_transformer,bus_2126,bus_2234,true
"LINESTRING (-1489 -3282, -1550 -3288)",line_4298_to_4315_1_cp,bus_4298,bus_4261,false
"LINESTRING (-2143 -2100, -2074 -2389)",Dec5_line_4124_to_4125_1_dec,bus_4094,bus_4125,false
"LINESTRING (-1296 4156, -1385 4213)",xf_3021_to_3022_1_2winding_transformer,bus_3021,bus_3022,true
"LINESTRING (-1005 3251, -1095 3285)",xf_3131_to_3132_1_2winding_transformer,bus_3131,bus_3132,true
"LINESTRING (1322 -444, 1359 -538)",line_1330_to_1541_1_cp,bus_1330,bus_1163,false
"LINESTRING (-1893 -2668, -1915 -2749)",xf_4307_to_4466_2_2winding_transformer,bus_4307,bus_4466,true
"LINESTRING (-3940 -1763, -4015 -1769)",xf_4356_to_4006_2_2winding_transformer,bus_4356,bus_4006,true
"LINESTRING (1449 -5728, 1287 -5684)",line_5073_to_5123_1_cp,bus_5073,bus_5123,false
"LINESTRING (-1114 1955, -1094 1961)",line_1498_to_1599_1_pi,bus_1498,bus_1599,false
"LINESTRING (-1727 -2102, -1670 -2053)",xf_4145_to_4329_1_2winding_transformer,bus_4145,bus_4329,true
"LINESTRING (1363 1597, 897 993)",connection N1,bus_1145,bus_1132,false
"LINESTRING (1330 4476, 1258 4394)",line_3288_to_3618_1_cp,bus_3288,bus_3618,false
"LINESTRING (-219 -287, -396 -263)",line_1214_to_1605_1_cp,bus_1228,bus_1418,false
"LINESTRING (-68 -3103, -91 -3176)",xf_2204_to_2064_2_2winding_transformer,bus_2204,bus_2064,true
"LINESTRING (-1239 4414, -1309 4480)",xf_3034_to_3035_1_2winding_transformer,bus_3034,bus_3035,true
"LINESTRING (1374 -1592, 1300 -1557)",xf_1118_1040_1041_2_3winding_transformer_br2,bus_1040,starbus_xf_1118_1040_1041_2,true
"LINESTRING (1232 -816, 1461 -880)",line_1101_to_1114_1_cp_merged_with_xf_1101_to_1022_1_2winding_transformer,bus_1114,bus_1022,true
"LINESTRING (-1272 2398, -1374 2374)",xf_3123_to_3124_1_2winding_transformer,bus_3123,bus_3124,true
"LINESTRING (644 526, 528 664)",xf_1150_to_1198_2_2winding_transformer,bus_1150,bus_1198,true
"LINESTRING (-139 3745, -55 3789)",xf_3509_to_3427_5_2winding_transformer,bus_3500,bus_3427,true
"LINESTRING (-587 3475, -335 3514)",line_3560_to_3568_2_cp,bus_3560,bus_3568,false
"LINESTRING (1138 -5920, 1131 -5961)",xf_5130_to_5221_2_2winding_transformer,bus_5130,bus_5221,true
"LINESTRING (-1022 4658, -869 4570)",xf_3477_to_3554_2_2winding_transformer,bus_3477,bus_3554,true
"LINESTRING (-1983 -3864, -1938 -3768)",xf_4244_to_4424_2_2winding_transformer,bus_4225,bus_4424,true
"LINESTRING (-996 2948, -1079 2961)",xf_3056_to_3057_1_2winding_transformer,bus_3056,bus_3057,true
"LINESTRING (-2009 -3012, -2134 -3081)",Dec17_line_4226_to_4292_2_dec,bus_4226,bus_4292,false
"LINESTRING (-1228 6939, -1160 6857)",line_3211_to_3643_1_cp,bus_3211,bus_3643,false
"LINESTRING (-1391 3478, -1267 3530)",xf_3408_to_3410_2_2winding_transformer,bus_3334,bus_3410,true
"LINESTRING (374 -435, 135 -454)",line_1240_to_1258_1_cp,bus_1240,bus_1258,false
"LINESTRING (679 -116, 528 -55)",xf_1152_to_1200_3_2winding_transformer,bus_1152,bus_1200,true
"LINESTRING (-2650 -1357, -2772 -1272)",line_4171_to_4173_1_cp_merged_with_xf_4173_to_4366_1_2winding_transformer,bus_4171,bus_4366,true
"LINESTRING (-2163 -830, -2161 -871)",xf_4187_4230_4495_2_3winding_transformer_br2,bus_4230,starbus_xf_4187_4230_4495_2,true
"LINESTRING (679 -116, 528 -55)",xf_1152_to_1200_4_2winding_transformer,bus_1152,bus_1200,true
"LINESTRING (1328 -4651, 1355 -4754)",xf_2068_to_2069_1_2winding_transformer,bus_2068,bus_2069,true
"LINESTRING (-1281 2170, -1302 2259)",line_3324_to_3473_2_cp,bus_3324,bus_3405,false
"LINESTRING (-611 4070, -685 3675)",xf_3636_to_3543_4_2winding_transformer,bus_3319,bus_3543,true
"LINESTRING (1364 -1619, 1300 -1557)",xf_1118_1038_1039_1_3winding_transformer_br2,bus_1038,starbus_xf_1118_1038_1039_1,true
"LINESTRING (-422 3036, -744 2835)",line_3490_to_3589_1_cp,bus_3490,bus_3589,false
"LINESTRING (-1313 4068, -1406 4123)",xf_3009_to_3013_4_2winding_transformer,bus_3009,bus_3013,true
"LINESTRING (380 -3402, 401 -3462)",xf_2108_to_2299_3_2winding_transformer,bus_2108,bus_2299,true
"LINESTRING (828 -241, 732 -450)",xf_1140_to_1189_6_2winding_transformer,bus_1140,bus_1189,true
"LINESTRING (1914 1815, 1832 1817)",line_1256_to_1423_1_cp,bus_1256,bus_1423,false
"LINESTRING (924 -3962, 933 -3922)",line_2163_to_2186_1_cp,bus_2121,bus_2186,false
"LINESTRING (-2747 -1032, -2685 -1080)",xf_4050_to_4373_1_2winding_transformer,bus_4050,bus_4373,true
"LINESTRING (204 -3789, 149 -4060)",xf_2176_to_2280_1_2winding_transformer,bus_2176,bus_2280,true
"LINESTRING (243 911, 243 911)",xf_1430_1502_1542_1_3winding_transformer_br1,bus_1430,starbus_xf_1430_1502_1542_1,true
"LINESTRING (1501 -5533, 1531 -5566)",xf_5065_to_5190_2_2winding_transformer,bus_5065,bus_5190,true
"LINESTRING (-2187 -2766, -2245 -2834)",xf_4289_to_4456_2_2winding_transformer,bus_4289,bus_4456,true
"LINESTRING (-2396 -2385, -2466 -2423)",xf_4236_to_4418_1_2winding_transformer,bus_4236,bus_4418,true
"LINESTRING (941 -6397, 973 -6363)",xf_5094_5202_5203_2_3winding_transformer_br2,bus_5202,starbus_xf_5094_5202_5203_2,true
"LINESTRING (715 112, 715 112)",xf_1121_1123_1635_7_3winding_transformer_br1,bus_1121,starbus_xf_1121_1123_1635_7,true
"LINESTRING (-945 3336, -1055 3399)",line_3222_to_3506_1_cp,bus_3222,bus_3506,false
"LINESTRING (-635 3096, -816 3268)",line_3229_to_3623_2_cp,bus_3229,bus_3623,false
"LINESTRING (-1250 6362, -1211 6608)",xf_3486_3561_3489_3_3winding_transformer_br2,bus_3561,starbus_xf_3486_3561_3489_3,true
"LINESTRING (803 -3560, 810 -3479)",xf_2181_to_2290_3_2winding_transformer,bus_2181,bus_2290,true
"LINESTRING (112 -493, 194 -324)",line_1375_to_1400_1_cp,bus_1375,bus_1400,false
"LINESTRING (-1101 3486, -1030 3422)",xf_3226_3227_3228_1_3winding_transformer_br2,bus_3227,starbus_xf_3226_3227_3228_1,true
"LINESTRING (714 507, 662 546)",xf_1090_to_1005_7_2winding_transformer,bus_1090,bus_1005,true
"LINESTRING (-3848 -1764, -3848 -1764)",xf_4166_4356_4491_3_3winding_transformer_br1,bus_4166,starbus_xf_4166_4356_4491_3,true
"LINESTRING (679 322, 529 439)",xf_1144_to_1190_5_2winding_transformer,bus_1066,bus_1190,true
"LINESTRING (910 619, 1161 1128)",line_1100_to_1115_1_cp,bus_1100,bus_1115,false
"LINESTRING (-1983 -3864, -2029 -4085)",xf_4259_to_4436_2_2winding_transformer,bus_4225,bus_4436,true
"LINESTRING (-693 5928, -686 6022)",xf_3108_to_3110_2_2winding_transformer,bus_3108,bus_3110,true
"LINESTRING (-2402 -1656, -2633 -1576)",line_4104_to_4106_1_cp,bus_4104,bus_4106,false
"LINESTRING (927 1615, 875 1476)",line_1397_to_1621_1_cp,bus_1397,bus_1621,false
"LINESTRING (-3041 -1585, -3043 -1564)",line_4163_to_4203_1_cp,bus_4089,bus_4203,false
"LINESTRING (867 -1501, 836 -1563)",xf_1414_to_1620_2_2winding_transformer,bus_1414,bus_1620,true
"LINESTRING (-457 -3444, -490 -3510)",xf_2270_to_2081_6_2winding_transformer,bus_2270,bus_2081,true
"LINESTRING (2127 -1817, 2211 -1861)",xf_1136_to_1060_2_2winding_transformer,bus_1136,bus_1060,true
"LINESTRING (-2125 -3304, -2067 -3191)",line_4262_to_4326_2_cp,bus_4262,bus_4326,false
"LINESTRING (732 -450, 374 -435)",line_1189_to_1240_2_cp,bus_1189,bus_1240,false
"LINESTRING (-1308 3419, -1055 3399)",line_3058_to_3506_2_cp,bus_3058,bus_3506,false
"LINESTRING (-2134 -3081, -2177 -3163)",xf_4292_to_4439_4_2winding_transformer,bus_4292,bus_4439,true
"LINESTRING (-438 2691, -479 2780)",xf_3379_3380_3381_3_3winding_transformer_br1_merged_with_line_3379_to_3504_1_cp,starbus_xf_3379_3380_3381_3,bus_3504,true
"LINESTRING (-1334 6180, -1408 6145)",line_3172_to_3247_1_cp,bus_3172,bus_3247,false
"LINESTRING (597 315, 721 682)",line_1138_to_1149_1_cp,bus_1138,bus_1149,false
"LINESTRING (994 -2933, 1038 -2962)",xf_2229_to_2013_2_2winding_transformer,bus_2229,bus_2013,true
"LINESTRING (989 -639, 1032 -710)",xf_1282_to_1577_3_2winding_transformer,bus_1282,bus_1577,true
"LINESTRING (-172 5490, -419 5506)",line_3061_to_3492_1_cp,bus_3000,bus_3149,false
"LINESTRING (-685 3675, -587 3475)",line_3543_to_3560_1_cp,bus_3543,bus_3560,false
"LINESTRING (433 -576, 482 -493)",line_1127_to_1244_4_cp,bus_1127,bus_1244,false
"LINESTRING (2113 -1416, 2136 -1462)",line_1306_to_1475_1_cp,bus_1306,bus_1475,false
"LINESTRING (-3848 -1764, -3913 -1793)",xf_4166_to_4005_1_2winding_transformer,bus_4166,bus_4005,true
"LINESTRING (-1944 -1667, -1840 -1583)",line_4204_to_4206_1_cp,bus_4204,bus_4206,false
"LINESTRING (989 -639, 970 -499)",line_1282_to_1470_1_cp,bus_1282,bus_1289,false
"LINESTRING (-1229 6494, -1211 6608)",xf_3486_3561_3488_2_3winding_transformer_br3,bus_3488,starbus_xf_3486_3561_3488_2,true
"LINESTRING (-996 2948, -1079 2961)",xf_3056_to_3057_2_2winding_transformer,bus_3056,bus_3057,true
"LINESTRING (-2009 -3012, -2004 -2596)",xf_4226_to_4112_6_2winding_transformer,bus_4226,bus_4112,true
"LINESTRING (-2144 -1797, -2794 -1647)",connection S3,bus_4117,bus_4107,false
"LINESTRING (-1435 6262, -1507 6335)",xf_3626_to_3071_2_2winding_transformer,bus_3626,bus_3071,true
"LINESTRING (-607 496, -707 529)",xf_1656_to_1087_4_2winding_transformer,bus_1656,bus_1087,true
"LINESTRING (279 -4035, 263 -4291)",xf_2226_to_2302_1_2winding_transformer_merged_with_line_2009_to_2302_1_cp,bus_2226,bus_2009,true
"LINESTRING (-2291 -2954, -2358 -3007)",xf_4275_to_4450_1_2winding_transformer,bus_4275,bus_4450,true
"LINESTRING (94 -4418, 66 -4685)",xf_2269_to_2345_1_2winding_transformer,bus_2269,bus_2000,true
"LINESTRING (1253 -4202, 1313 -4240)",xf_2142_to_2033_2_2winding_transformer,bus_2143,bus_2033,true
"LINESTRING (-472 4285, -541 4204)",line_3237_to_3382_2_cp,bus_3237,bus_3382,false
"LINESTRING (1060 -5659, 1074 -5702)",xf_5141_to_5006_1_2winding_transformer,bus_5141,bus_5006,true
"LINESTRING (1446 -1310, 1300 -1557)",line_1103_to_1118_1_cp,bus_1103,bus_1118,false
"LINESTRING (-2075 -2558, -2187 -2766)",line_4276_to_4289_1_cp,bus_4276,bus_4289,false
"LINESTRING (1379 -6154, 1251 -6125)",line_5099_to_5100_1_cp,bus_5099,bus_5100,false
"LINESTRING (-2456 -2217, -2440 -2336)",line_4235_to_4337_1_cp,bus_4235,bus_4337,false
"LINESTRING (-869 5466, -822 5732)",xf_3483_3558_3484_3_3winding_transformer_br2,bus_3558,starbus_xf_3483_3558_3484_3,true
"LINESTRING (449 -4098, 453 -4193)",xf_2104_to_2097_3_2winding_transformer,bus_2104,bus_2097,true
"LINESTRING (1751 -1387, 2049 -1463)",xf_1154_to_1204_1_2winding_transformer,bus_1154,bus_1204,true
"LINESTRING (1142 -6389, 1139 -6349)",xf_5087_5175_5176_3_3winding_transformer_br2,bus_5175,starbus_xf_5087_5175_5176_3,true
"LINESTRING (2120 2328, 2120 2328)",xf_1273_1572_1573_2_3winding_transformer_br1,bus_1273,starbus_xf_1273_1572_1573_2,true
"LINESTRING (790 -6368, 715 -6468)",line_5102_to_5106_1_cp,bus_5102,bus_5106,false
"LINESTRING (-166 -3350, -281 -3625)",line_2152_to_2175_1_cp_merged_with_xf_2152_to_2342_2_2winding_transformer,bus_2175,bus_2342,true
"LINESTRING (-2009 -3012, -2004 -2596)",xf_4226_to_4112_5_2winding_transformer,bus_4226,bus_4112,true
"LINESTRING (-1899 5093, -1791 4951)",xf_3250_to_3251_1_2winding_transformer_merged_with_line_3249_to_3250_1_cp,bus_3251,bus_3220,true
"LINESTRING (703 45, 703 257)",xf_1092_1093_1525_1_3winding_transformer_br2,bus_1093,starbus_xf_1092_1093_1525_1,true
"LINESTRING (1369 -1490, 1369 -1490)",xf_1148_1079_1080_4_3winding_transformer_br1,bus_1148,starbus_xf_1148_1079_1080_4,true
"LINESTRING (2193 2397, 2120 2328)",xf_1273_1572_1573_2_3winding_transformer_br3,bus_1573,starbus_xf_1273_1572_1573_2,true
"LINESTRING (1179 1409, 1327 1555)",line_1193_to_1207_1_cp,bus_1193,bus_1207,false
"LINESTRING (-2945 -395, -2868 -465)",xf_4376_to_4423_2C_2winding_transformer,bus_4376,bus_4423,true
"LINESTRING (-1784 -2602, -1730 -2741)",Dec26_line_4285_to_4286_1_dec,bus_4285,bus_4286,false
"LINESTRING (893 -1656, 894 -1579)",line_1479_to_1481_1_cp,bus_1479,bus_1481,false
"LINESTRING (778 -5332, 819 -5329)",line_5070_to_5072_2_cp,bus_5070,bus_5072,false
"LINESTRING (-1782 -2384, -1720 -2576)",xf_4137_to_4300_1_2winding_transformer,bus_4137,bus_4300,true
"LINESTRING (-969 3656, -891 3562)",line_3395_to_3470_1_cp,bus_3395,bus_3470,false
"LINESTRING (915 -6284, 929 -6253)",xf_5238_to_5224_1B_2winding_transformer,bus_5238,bus_5224,true
"LINESTRING (507 -5712, 830 -5662)",line_5122_to_5129_1_cp,bus_5122,bus_5113,false
"LINESTRING (844 -2351, 698 -2614)",line_1167_to_1211_1_cp,bus_1167,bus_1211,false
"LINESTRING (-714 4483, -1022 4658)",line_3555_to_3598_1_cp_merged_with_xf_3477_to_3555_1_2winding_transformer,bus_3598,bus_3477,true
"LINESTRING (-22 5394, -68 5301)",line_3273_to_3274_1_cp,bus_3273,bus_3274,false
"LINESTRING (-253 -282, -466 -304)",line_1223_to_1381_1_cp,bus_1223,bus_1377,false
"LINESTRING (-2378 -1162, -2424 -1109)",xf_4190_to_4500_2_2winding_transformer,bus_4190,bus_4500,true
"LINESTRING (1322 -618, 1359 -538)",line_1219_to_1389_1_cp_merged_with_line_1389_to_1541_3_cp,bus_1219,bus_1163,false
"LINESTRING (-2613 -2221, -2685 -2259)",xf_4343_to_4489_2_2winding_transformer,bus_4343,bus_4489,true
"LINESTRING (-1732 7269, -1867 7466)",line_3088_to_3092_2_cp_merged_with_xf_3092_to_3448_1_2winding_transformer,bus_3088,bus_3448,true
"LINESTRING (-379 380, -566 379)",line_1354_to_1426_2_cp_merged_with_xf_1426_to_1624_2_2winding_transformer,bus_1354,bus_1624,true
"LINESTRING (-478 2930, -283 3067)",line_3471_to_3503_1_cp,bus_3471,bus_3344,false
"LINESTRING (1136 -413, 1269 -521)",xf_1110_to_1169_1_2winding_transformer,bus_1110,bus_1169,true
"LINESTRING (-1884 -2362, -2012 -2461)",xf_4299_to_4461_2_2winding_transformer,bus_4296,bus_4461,true
"LINESTRING (723 -891, 711 -970)",line_1177_to_1314_1_cp,bus_1177,bus_1314,false
"LINESTRING (898 -6262, 995 -6295)",line_5090_to_5091_2_cp,bus_5090,bus_5091,false
"LINESTRING (-3172 -1760, -3398 -1834)",xf_4181_to_4493_5_2winding_transformer,bus_4169,bus_4493,true
"LINESTRING (695 159, 703 257)",xf_1092_1093_1526_2_3winding_transformer_br3,bus_1526,starbus_xf_1092_1093_1526_2,true
"LINESTRING (-601 473, -696 490)",xf_1655_to_1084_1_2winding_transformer,bus_1655,bus_1084,true
"LINESTRING (146 -3531, 40 -3765)",xf_2106_to_2098_1_2winding_transformer_merged_with_line_2098_to_2101_1_cp,bus_2106,bus_2101,true
"LINESTRING (592 -4392, 721 -4255)",line_2149_to_2150_1_cp_merged_with_xf_2202_to_2149_1_2winding_transformer,bus_2150,bus_2202,true
"LINESTRING (769 -1980, 740 -1889)",xf_2191_2031_2022_5_3winding_transformer_br3,bus_2022,starbus_xf_2191_2031_2022_5,true
"LINESTRING (895 4111, 1025 4232)",xf_3614_to_3536_4_2winding_transformer,bus_3614,bus_3536,true
"LINESTRING (749 -1979, 740 -1889)",xf_2191_2027_2028_3_3winding_transformer_br3,bus_2028,starbus_xf_2191_2027_2028_3,true
"LINESTRING (-1254 4050, -1363 4082)",line_3116_to_3542_1_cp,bus_3116,bus_3542,false
"LINESTRING (2193 2397, 2120 2328)",xf_1273_1572_1573_1_3winding_transformer_br3,bus_1573,starbus_xf_1273_1572_1573_1,true
"LINESTRING (1157 -402, 1359 -538)",xf_1569_to_1541_1_2winding_transformer,bus_1569,bus_1163,true
"LINESTRING (597 -481, 553 -564)",xf_1478_to_1640_1_2winding_transformer,bus_1478,bus_1640,true
"LINESTRING (1714 1868, 1771 1914)",xf_1351_to_1559_1_2winding_transformer,bus_1351,bus_1559,true
"LINESTRING (-2633 -1576, -2963 -1268)",xf_4119_to_4367_4_2winding_transformer,bus_4106,bus_4367,true
"LINESTRING (900 -4034, 933 -3922)",line_2138_to_2186_1_cp,bus_2136,bus_2186,false
"LINESTRING (-1965 -3341, -1987 -3446)",xf_4252_to_4429_1_2winding_transformer,bus_4252,bus_4429,true
"LINESTRING (339 -3574, 356 -3649)",xf_2306_to_2340_5_2winding_transformer,bus_2306,bus_2340,true
"LINESTRING (1122 4261, 1258 4394)",xf_3617_to_3618_2_2winding_transformer,bus_3617,bus_3618,true
"LINESTRING (-993 -3168, -967 -3102)",xf_4081_to_4103_4_2winding_transformer,bus_4081,bus_4103,true
"LINESTRING (1051 -5654, 949 -5712)",line_5166_to_5169_2_cp_merged_with_xf_5166_to_5041_5_2winding_transformer,bus_5169,bus_5041,true
"LINESTRING (-2127 -4027, -2164 -4133)",xf_4260_to_4437_1_2winding_transformer,bus_4260,bus_4437,true
"LINESTRING (-898 -2745, -921 -2853)",xf_4220_to_4074_6_2winding_transformer,bus_4220,bus_4074,true
"LINESTRING (-869 5466, -704 5136)",line_3558_to_3569_3_cp,bus_3558,bus_3569,false
"LINESTRING (515 156, 430 146)",line_1224_to_1467_1_cp,bus_1224,bus_1467,false
"LINESTRING (1400 -6283, 1291 -6185)",xf_5079_to_5021_2_2winding_transformer_merged_with_line_5079_to_5223_2_pi,bus_5021,bus_5223,true
"LINESTRING (-2084 -4020, -2063 -3911)",xf_4257_4379_4434_2_3winding_transformer_br2,bus_4379,starbus_xf_4257_4379_4434_2,true
"LINESTRING (697 535, 519 545)",line_1124_to_1147_1_cp,bus_1124,bus_1147,false
"LINESTRING (901 1394, 926 1474)",xf_1336_to_1592_2_2winding_transformer,bus_1336,bus_1592,true
"LINESTRING (-1101 3486, -1030 3422)",xf_3226_3227_3228_2_3winding_transformer_br2,bus_3227,starbus_xf_3226_3227_3228_2,true
"LINESTRING (765 -2329, 800 -2378)",xf_2332_to_2333_4_2winding_transformer,bus_2332,bus_2333,true
"LINESTRING (-2234 -3018, -2315 -3045)",line_4266_to_4272_1_cp,bus_4266,bus_4272,false
"LINESTRING (-2249 -3731, -2167 -3336)",line_4254_to_4256_1_cp,bus_4254,bus_4255,false
"LINESTRING (898 -6262, 995 -6295)",line_5090_to_5091_1_cp,bus_5090,bus_5091,false
"LINESTRING (-125 2966, -187 2958)",xf_3413_3415_3414_2_3winding_transformer_br3,bus_3414,starbus_xf_3413_3415_3414_2,true
"LINESTRING (1155 -5495, 904 -5344)",line_5149_to_5153_1_cp,bus_5149,bus_5150,false
"LINESTRING (-2644 -2675, -2644 -2675)",xf_4038_4034_4033_3_3winding_transformer_br1,bus_4038,starbus_xf_4038_4034_4033_3,true
"LINESTRING (540 -4107, 682 -4013)",xf_2184_to_2292_1_2winding_transformer,bus_2111,bus_2292,true
"LINESTRING (-2385 -2413, -2440 -2336)",line_4248_to_4337_1_cp,bus_4248,bus_4337,false
"LINESTRING (1590 -5552, 1689 -5561)",line_5061_to_5062_1_cp,bus_5061,bus_5062,false
"LINESTRING (-1426 7042, -1445 7178)",line_3080_to_3240_1_cp,bus_3080,bus_3240,false
"LINESTRING (-1323 6690, -1417 6783)",xf_3148_to_3004_1_2winding_transformer,bus_3148,bus_3004,true
"LINESTRING (-969 3656, -1030 3726)",xf_3395_to_3396_3_2winding_transformer,bus_3395,bus_3396,true
"LINESTRING (-1720 -2576, -1757 -2733)",line_4300_to_4339_1_cp,bus_4300,bus_4339,false
"LINESTRING (693 -3618, 803 -3560)",line_2147_to_2181_2_cp,bus_2147,bus_2181,false
"LINESTRING (-1099 6377, -1100 6461)",xf_3259_to_3260_1_2winding_transformer,bus_3259,bus_3260,true
"LINESTRING (1237 -445, 1113 -471)",line_1221_to_1460_2_cp,bus_1221,bus_1460,false
"LINESTRING (-976 3255, -1046 3295)",xf_3192_to_3193_1_2winding_transformer,bus_3192,bus_3193,true
"LINESTRING (960 -3638, 1007 -3430)",line_2198_to_2199_1_cp,bus_2198,bus_2199,false
"LINESTRING (-877 4131, -928 4294)",line_3312_to_3313_1_cp_merged_with_xf_3313_to_3316_1_2winding_transformer,bus_3312,bus_3316,true
"LINESTRING (1179 1409, 991 1375)",line_1193_to_1262_2_cp,bus_1193,bus_1262,false
"LINESTRING (-1207 3092, -1138 3004)",line_3129_to_3342_1_cp,bus_3129,bus_3342,false
"LINESTRING (2398 -1573, 2478 -1579)",xf_1208_to_1209_1_2winding_transformer,bus_1208,bus_1209,true
"LINESTRING (1823 2202, 2031 2351)",line_1159_to_1335_1_cp,bus_1159,bus_1335,false
"LINESTRING (759 719, 897 993)",line_1091_to_1132_1_cp,bus_1091,bus_1132,false
"LINESTRING (976 -5663, 957 -5707)",xf_5140_to_5005_2_2winding_transformer,bus_5140,bus_5005,true
"LINESTRING (925 -1481, 960 -1530)",xf_1274_to_1033_1_2winding_transformer,bus_1274,bus_1033,true
"LINESTRING (-1347 4373, -1330 4261)",line_3187_to_3634_2_cp,bus_3187,bus_3634,false
"LINESTRING (-2613 -2221, -2685 -2259)",xf_4343_to_4489_3_2winding_transformer,bus_4343,bus_4489,true
"LINESTRING (-693 5928, -759 5917)",line_3108_to_3201_1_cp,bus_3108,bus_3201,false
"LINESTRING (2630 2721, 2504 2612)",line_1299_to_1347_1_cp,bus_1299,bus_1347,false
"LINESTRING (1062 -6237, 1049 -6287)",xf_5098_to_5205_2_2winding_transformer,bus_5098,bus_5205,true
"LINESTRING (-1720 -2576, -1757 -2733)",line_4300_to_4339_2_cp,bus_4300,bus_4339,false
"LINESTRING (-921 -2976, -929 -3281)",xf_4221_to_4102_1_2winding_transformer,bus_4221,bus_4096,true
"LINESTRING (383 -5832, 495 -5796)",line_5068_to_5069_1_cp,bus_5068,bus_5069,false
"LINESTRING (740 -1889, 740 -1889)",xf_2191_2018_2019_6_3winding_transformer_br1,bus_2191,starbus_xf_2191_2018_2019_6,true
"LINESTRING (-2650 -1357, -2734 -1292)",xf_4171_to_4364_3_2winding_transformer,bus_4171,bus_4364,true
"LINESTRING (-1114 1955, -1124 2030)",line_1498_to_1651_1_pi,bus_1498,bus_1651,false
"LINESTRING (740 -1889, 740 -1889)",xf_2191_2031_2022_5_3winding_transformer_br1,bus_2191,starbus_xf_2191_2031_2022_5,true
"LINESTRING (554 -7, 551 47)",xf_1123_to_1044_1_2winding_transformer,bus_1123,bus_1044,true
"LINESTRING (764 -346, 658 -372)",line_1129_to_1243_1_cp,bus_1129,bus_1243,false
"LINESTRING (837 -2208, 814 -2288)",xf_1297_to_1507_2_2winding_transformer,bus_1297,bus_1507,true
"LINESTRING (-1650 7315, -1678 7426)",xf_3089_to_3091_2_2winding_transformer,bus_3089,bus_3091,true
"LINESTRING (628 70, 715 112)",xf_1121_1123_1635_7_3winding_transformer_br3,bus_1635,starbus_xf_1121_1123_1635_7,true
"LINESTRING (900 -3575, 805 -3201)",line_2178_to_2182_1_cp,bus_2178,bus_2170,false
"LINESTRING (-560 5289, -704 5136)",line_3565_to_3569_2_cp,bus_3565,bus_3569,false
"LINESTRING (1398 -4306, 1442 -4399)",line_2242_to_2254_1_cp,bus_2242,bus_2254,false
"LINESTRING (-2652 -1307, -2750 -1191)",line_4183_to_4188_1_cp,bus_4183,bus_4188,false
"LINESTRING (839 -193, 789 -107)",xf_1097_1098_1162_1_3winding_transformer_br3,bus_1162,starbus_xf_1097_1098_1162_1,true
"LINESTRING (895 4111, 621 3932)",line_3614_to_3615_2_cp,bus_3614,bus_3615,false
"LINESTRING (-915 4345, -992 4175)",line_3549_to_3606_1_cp,bus_3549,bus_3606,false
"LINESTRING (1369 -1490, 740 -1889)",line_1148_to_2191_1_cp,bus_1148,bus_2191,false
"LINESTRING (-2056 -2473, -2117 -2487)",xf_4280_to_4452_1_2winding_transformer,bus_4280,bus_4452,true
"LINESTRING (1300 -1557, 1369 -1490)",line_1118_to_1148_1_cp,bus_1118,bus_1148,false
"LINESTRING (-2493 -1830, -2628 -1613)",line_4110_to_4115_1_cp,bus_4110,bus_4115,false
"LINESTRING (-2137 -3869, -2167 -3907)",line_4264_to_4265_1_cp,bus_4258,bus_4265,false
"LINESTRING (-1160 6857, -1170 6962)",xf_3643_to_3215_1_2winding_transformer,bus_3643,bus_3215,true
"LINESTRING (814 -6003, 614 -6127)",line_5155_to_5160_1_cp,bus_5155,bus_5159,false
"LINESTRING (-2315 -3045, -2382 -3109)",xf_4272_to_4446_2_2winding_transformer,bus_4272,bus_4446,true
"LINESTRING (-587 3475, -335 3514)",line_3560_to_3568_1_cp,bus_3560,bus_3568,false
"LINESTRING (1179 1409, 1264 1484)",line_1193_to_1356_2_cp,bus_1193,bus_1356,false
"LINESTRING (944 -1807, 968 -1737)",line_1199_to_1311_1_cp,bus_1199,bus_1311,false
"LINESTRING (1161 1128, 1058 1182)",line_1115_to_1146_1_cp,bus_1115,bus_1146,false
"LINESTRING (889 -4202, 877 -4079)",line_2117_to_2167_1_cp,bus_2117,bus_2167,false
"LINESTRING (-409 -3284, -409 -3284)",xf_2077_2205_2347_1_3winding_transformer_br1,bus_2077,starbus_xf_2077_2205_2347_1,true
"LINESTRING (729 -3348, 453 -3333)",line_2207_to_2208_1_cp,bus_2207,bus_2208,false
"LINESTRING (713 -2244, 713 -2244)",xf_2195_2293_2332_2_3winding_transformer_br1,bus_2195,starbus_xf_2195_2293_2332_2,true
"LINESTRING (1034 -1680, 1078 -1731)",xf_1267_to_1031_1_2winding_transformer,bus_1267,bus_1031,true
"LINESTRING (-2187 -796, -2161 -871)",xf_4187_4230_4495_2_3winding_transformer_br3,bus_4495,starbus_xf_4187_4230_4495_2,true
"LINESTRING (740 -1889, 740 -1889)",xf_2191_2020_2021_7_3winding_transformer_br1,bus_2191,starbus_xf_2191_2020_2021_7,true
"LINESTRING (-219 -287, -253 -282)",line_1214_to_1223_1_cp,bus_1228,bus_1223,false
"LINESTRING (411 -4225, 341 -4144)",line_2221_to_2225_1_cp,bus_2221,bus_2225,false
"LINESTRING (540 -4107, 669 -4017)",xf_2184_to_2291_3_2winding_transformer,bus_2111,bus_2291,true
"LINESTRING (580 -475, 504 -544)",xf_1393_to_1534_1_2winding_transformer,bus_1393,bus_1534,true
"LINESTRING (1058 1182, 1179 1409)",xf_1146_to_1193_1_2winding_transformer,bus_1146,bus_1193,true
"LINESTRING (-587 3475, -613 3347)",line_3560_to_3593_1_cp,bus_3560,bus_3593,false
"LINESTRING (-1229 -2017, -1243 -1976)",xf_4215_to_4389_1_2winding_transformer,bus_4215,bus_4389,true
"LINESTRING (-1426 7042, -1369 7106)",line_3080_to_3189_1_cp,bus_3080,bus_3189,false
"LINESTRING (697 535, 776 532)",xf_1124_to_1051_3_2winding_transformer,bus_1124,bus_1051,true
"LINESTRING (1253 -4202, 1284 -4291)",xf_2143_to_2036_1_2winding_transformer,bus_2143,bus_2036,true
"LINESTRING (503 3236, 647 2809)",line_3648_to_3650_1_cp,bus_3648,bus_3650,false
"LINESTRING (584 -5883, 765 -5745)",line_5055_to_5056_1_cp,bus_5055,bus_5050,false
"LINESTRING (887 -2086, 816 -2090)",line_1168_to_1317_1_cp,bus_1168,bus_1317,false
"LINESTRING (-1249 2385, -1249 2385)",xf_3177_3179_3178_1_3winding_transformer_br1,bus_3177,starbus_xf_3177_3179_3178_1,true
"LINESTRING (-2072 -2841, -2234 -3018)",xf_4134_to_4266_3_2winding_transformer,bus_4133,bus_4266,true
"LINESTRING (-1155 6151, -1070 5934)",xf_3518_to_3591_1_2winding_transformer,bus_3518,bus_3591,true
"LINESTRING (924 -3962, 877 -4079)",line_2163_to_2167_2_cp,bus_2121,bus_2167,false
"LINESTRING (1146 -6037, 1111 -6098)",line_5089_to_5095_1_cp,bus_5089,bus_5095,false
"LINESTRING (1253 -4202, 1007 -3430)",xf_2199_to_2131_1_2winding_transformer,bus_2143,bus_2199,true
"LINESTRING (898 -6262, 898 -6262)",xf_5090_5200_5201_6_3winding_transformer_br1,bus_5090,starbus_xf_5090_5200_5201_6,true
"LINESTRING (352 -1214, 407 -1151)",xf_1013_to_1383_2_2winding_transformer,bus_1013,bus_1383,true
"LINESTRING (985 -570, 1073 -728)",xf_1105_to_1166_1_2winding_transformer,bus_1105,bus_1166,true
"LINESTRING (830 -5662, 1073 -5646)",line_5113_to_5119_2_cp,bus_5113,bus_5119,false
"LINESTRING (1501 -5533, 1486 -5546)",line_5065_to_5066_1_cp,bus_5065,bus_5066,false
"LINESTRING (-890 4237, -928 4294)",xf_3315_to_3316_2_2winding_transformer,bus_3315,bus_3316,true
"LINESTRING (795 -151, 679 -116)",line_1112_to_1152_1_cp,bus_1112,bus_1152,false
"LINESTRING (-1249 2385, -1147 2506)",line_3177_to_3633_1_cp,bus_3177,bus_3633,false
"LINESTRING (227 -3247, 237 -3162)",xf_2162_2271_2315_5_3winding_transformer_br3,bus_2315,starbus_xf_2162_2271_2315_5,true
"LINESTRING (1369 -1490, 1369 -1490)",xf_1148_1077_1078_3_3winding_transformer_br1,bus_1148,starbus_xf_1148_1077_1078_3,true
"LINESTRING (1368 -4310, 1372 -4478)",line_2258_to_2261_2_cp_merged_with_xf_2258_to_2065_1_2winding_transformer,bus_2260,bus_2065,true
"LINESTRING (-2703 -2725, -2644 -2675)",xf_4038_4034_4033_3_3winding_transformer_br2,bus_4034,starbus_xf_4038_4034_4033_3,true
"LINESTRING (-2169 -2688, -2093 -2592)",xf_4091_to_4413_5_2winding_transformer,bus_4031,bus_4413,true
"LINESTRING (-1791 4951, -1863 4969)",xf_3220_to_3221_1_2winding_transformer,bus_3220,bus_3221,true
"LINESTRING (-335 3514, -25 3843)",line_3568_to_3624_2_cp,bus_3568,bus_3624,false
"LINESTRING (721 -4255, 691 -4306)",xf_2202_to_2047_2_2winding_transformer,bus_2202,bus_2047,true
"LINESTRING (507 -5712, 423 -5742)",line_5122_to_5124_1_cp,bus_5122,bus_5124,false
"LINESTRING (988 -3853, 1031 -3962)",xf_2158_to_2264_2_2winding_transformer,bus_2158,bus_2264,true
"LINESTRING (43 4965, 11 5168)",line_3039_to_3060_1_cp,bus_3039,bus_3060,false
"LINESTRING (-877 4131, -1013 3992)",line_3312_to_3480_1_cp_merged_with_xf_3480_to_3479_3_2winding_transformer,bus_3312,bus_3479,true
"LINESTRING (-2456 -2217, -2522 -2247)",xf_4235_to_4417_2_2winding_transformer,bus_4235,bus_4417,true
"LINESTRING (-938 5832, -929 5934)",xf_3111_to_3113_1_2winding_transformer,bus_3111,bus_3113,true
"LINESTRING (-1250 6362, -1070 5934)",line_3561_to_3591_2_cp,bus_3561,bus_3591,false
"LINESTRING (820 1294, 808 1383)",line_1183_to_1380_1_cp,bus_1183,bus_1380,false
"LINESTRING (-1550 -3288, -1505 -3127)",xf_4316_to_4473_2_2winding_transformer,bus_4261,bus_4473,true
"LINESTRING (224 -3741, 340 -3787)",line_2109_to_2154_1_cp,bus_2109,bus_2128,false
"LINESTRING (782 -3231, 809 -3443)",xf_2180_to_2289_1_2winding_transformer,bus_2171,bus_2289,true
"LINESTRING (567 -53, 970 -499)",line_1186_to_1231_1_cp_merged_with_line_1231_to_1391_1_cp,bus_1186,bus_1289,false
"LINESTRING (867 -1329, 629 -1107)",line_1206_to_1296_1_cp,bus_1206,bus_1296,false
"LINESTRING (1007 -3430, 721 -4255)",line_2199_to_2202_1_cp,bus_2199,bus_2202,false
"LINESTRING (-869 5466, -704 5136)",line_3558_to_3569_2_cp,bus_3558,bus_3569,false
"LINESTRING (1327 1555, 1432 1715)",line_1207_to_1562_1_cp_merged_with_xf_1562_to_1563_1_2winding_transformer,bus_1207,bus_1563,true
"LINESTRING (-1715 -2814, -1738 -2895)",xf_4318_to_4475_3_2winding_transformer,bus_4318,bus_4475,true
"LINESTRING (1155 -5495, 1434 -5510)",xf_5149_to_5063_1_2winding_transformer,bus_5149,bus_5063,true
"LINESTRING (1641 1447, 1663 1434)",line_1396_to_1456_1_cp,bus_1396,bus_1456,false
"LINESTRING (820 1294, 872 1361)",line_1183_to_1283_1_cp,bus_1183,bus_1283,false
"LINESTRING (-976 3255, -1064 3231)",line_3192_to_3231_1_cp,bus_3192,bus_3231,false
"LINESTRING (997 -6215, 981 -6261)",xf_5092_to_5177_5_2winding_transformer,bus_5092,bus_5177,true
"LINESTRING (-2313 -2476, -2382 -2515)",xf_4241_to_4420_1_2winding_transformer,bus_4241,bus_4420,true
"LINESTRING (1296 -332, 1292 -309)",xf_1272_to_1032_1_2winding_transformer,bus_1269,bus_1032,true
"LINESTRING (850 -6309, 898 -6262)",xf_5090_5200_5201_6_3winding_transformer_br3,bus_5201,starbus_xf_5090_5200_5201_6,true
"LINESTRING (1660 -1046, 1563 -1055)",xf_1024_to_1564_5_2winding_transformer,bus_1024,bus_1564,true
"LINESTRING (507 -5712, 413 -5730)",xf_5122_to_5217_1_2winding_transformer,bus_5122,bus_5217,true
"LINESTRING (1415 -6262, 1461 -6328)",line_5077_to_5086_1_cp,bus_5077,bus_5086,false
"LINESTRING (449 -4098, 490 -4179)",xf_2112_to_2300_1_2winding_transformer,bus_2104,bus_2300,true
"LINESTRING (759 719, 752 809)",xf_1091_to_1002_1_2winding_transformer,bus_1091,bus_1002,true
"LINESTRING (-2137 -3869, -2215 -3825)",xf_4264_to_4440_2_2winding_transformer,bus_4258,bus_4440,true
"LINESTRING (359 712, 785 983)",line_1266_to_1325_1_cp,bus_1260,bus_1265,false
"LINESTRING (1491 2184, 1363 1597)",line_1095_to_1145_1_cp,bus_1011,bus_1145,false
"LINESTRING (-544 2719, -496 2609)",line_3163_to_3385_1_cp,bus_3163,bus_3385,false
"LINESTRING (697 535, 771 602)",xf_1124_to_1052_4_2winding_transformer,bus_1124,bus_1052,true
"LINESTRING (-1239 4414, -1347 4373)",line_3034_to_3187_2_cp,bus_3034,bus_3187,false
"LINESTRING (1269 -521, 1498 -532)",line_1275_to_1604_1_cp,bus_1169,bus_1604,false
"LINESTRING (-2734 -1292, -2772 -1272)",line_4364_to_4366_2_cp,bus_4364,bus_4366,false
"LINESTRING (-1760 -2851, -1789 -2936)",xf_4287_to_4455_1_2winding_transformer,bus_4287,bus_4455,true
"LINESTRING (679 322, 529 439)",xf_1144_to_1190_3_2winding_transformer,bus_1066,bus_1190,true
"LINESTRING (177 -4137, 159 -4273)",xf_2100_to_2006_2_2winding_transformer,bus_2100,bus_2006,true
"LINESTRING (904 -5344, 889 -5317)",xf_5153_to_5071_3_2winding_transformer,bus_5150,bus_5071,true
"LINESTRING (1161 1128, 1227 1192)",xf_1115_to_1037_4_2winding_transformer,bus_1115,bus_1037,true
"LINESTRING (-570 4803, -557 4889)",xf_3640_to_3587_3_2winding_transformer,bus_3640,bus_3587,true
"LINESTRING (2279 -1561, 2600 -1798)",line_1293_to_1462_1_cp_merged_with_line_1408_to_1462_1_cp,bus_1293,bus_1137,false
"LINESTRING (1232 -816, 1319 -847)",xf_1114_to_1029_1_2winding_transformer,bus_1114,bus_1029,true
"LINESTRING (173 819, 93 860)",xf_1313_to_1509_3_2winding_transformer,bus_1313,bus_1509,true
"LINESTRING (-2241 -2722, -2169 -2688)",xf_4031_4028_4027_2_3winding_transformer_br2,bus_4028,starbus_xf_4031_4028_4027_2,true
"LINESTRING (-379 380, 33 394)",line_1355_to_1370_1_cp,bus_1354,bus_1234,false
"LINESTRING (308 -4195, 314 -4087)",line_2230_to_2238_1_cp,bus_2230,bus_2238,false
"LINESTRING (1977 -1315, 1446 -1310)",xf_1103_to_1165_1_2winding_transformer,bus_1255,bus_1103,true
"LINESTRING (-1426 7042, -1452 7139)",xf_3080_to_3081_1_2winding_transformer,bus_3080,bus_3081,true
"LINESTRING (937 -3740, 1059 -3919)",xf_2172_to_2277_2_2winding_transformer,bus_2164,bus_2277,true
"LINESTRING (569 4242, 631 4333)",line_3279_to_3280_1_cp,bus_3279,bus_3280,false
"LINESTRING (-1970 -3309, -1901 -3129)",line_4243_to_4335_2_cp,bus_4243,bus_4335,false
"LINESTRING (995 -6295, 997 -6215)",line_5091_to_5092_1_cp,bus_5091,bus_5092,false
"LINESTRING (-2169 -2688, -2087 -2646)",xf_4091_to_4414_1_2winding_transformer,bus_4031,bus_4414,true
"LINESTRING (-1827 -2251, -1880 -2134)",line_4319_to_4321_1_cp,bus_4319,bus_4321,false
"LINESTRING (146 -3531, 165 -3371)",line_2106_to_2129_1_cp,bus_2106,bus_2129,false
"LINESTRING (467 -265, 400 -304)",xf_1374_to_1518_3_2winding_transformer,bus_1374,bus_1518,true
"LINESTRING (2031 2351, 2140 2475)",xf_1335_to_1591_2_2winding_transformer,bus_1335,bus_1591,true
"LINESTRING (863 -2112, 822 -2180)",xf_1308_to_1583_2_2winding_transformer,bus_1308,bus_1583,true
"LINESTRING (-1165 4217, -992 4175)",xf_3532_to_3606_2_2winding_transformer,bus_3532,bus_3606,true
"LINESTRING (933 -3922, 959 -4023)",xf_2186_to_2095_4_2winding_transformer,bus_2186,bus_2095,true
"LINESTRING (743 -1962, 740 -1889)",xf_2191_2027_2028_3_3winding_transformer_br2,bus_2027,starbus_xf_2191_2027_2028_3,true
"LINESTRING (1454 -6257, 1291 -6185)",xf_5078_to_5020_1_2winding_transformer_merged_with_line_5078_to_5223_1_cp,bus_5020,bus_5223,true
"LINESTRING (1253 -4202, 1245 -3952)",xf_2137_to_2067_7_2winding_transformer,bus_2143,bus_2067,true
"LINESTRING (-2270 -1492, -2321 -1420)",xf_4189_to_4371_3_2winding_transformer,bus_4189,bus_4371,true
"LINESTRING (867 -1329, 629 -1107)",line_1206_to_1296_2_cp,bus_1206,bus_1296,false
"LINESTRING (-1970 -3309, -2002 -3402)",xf_4243_to_4066_1_2winding_transformer,bus_4243,bus_4066,true
"LINESTRING (844 -2351, 963 -2129)",xf_1106_1167_1536_3_3winding_transformer_br2,bus_1167,starbus_xf_1106_1167_1536_3,true
"LINESTRING (1479 -4485, 1510 -4562)",xf_2245_to_2246_1_2winding_transformer,bus_2245,bus_2246,true
"LINESTRING (-1599 2101, -1686 2079)",xf_3307_to_3309_1_2winding_transformer,bus_3307,bus_3309,true
"LINESTRING (1046 -5970, 1111 -6098)",xf_5163_to_5095_3_2winding_transformer,bus_5163,bus_5095,true
"LINESTRING (-1013 6597, -944 6649)",line_3096_to_3198_1_cp,bus_3096,bus_3198,false
"LINESTRING (641 962, 668 1050)",xf_1287_to_1547_1_2winding_transformer,bus_1287,bus_1547,true
"LINESTRING (-2794 -1647, -3039 -1644)",line_4107_to_4111_2_cp,bus_4107,bus_4111,false
"LINESTRING (-1601 -3239, -1608 -3338)",line_4303_to_4306_2_cp,bus_4303,bus_4306,false
"LINESTRING (326 -3443, 326 -3443)",xf_2145_2243_2306_3_3winding_transformer_br1,bus_2145,starbus_xf_2145_2243_2306_3,true
"LINESTRING (-1013 6597, -1099 6377)",line_3096_to_3259_1_cp,bus_3096,bus_3259,false
"LINESTRING (-1272 2398, -1302 2259)",line_3123_to_3473_1_cp,bus_3123,bus_3405,false
"LINESTRING (1046 -5970, 971 -5848)",line_5163_to_5168_2_cp,bus_5163,bus_5168,false
"LINESTRING (854 -3647, 849 -3735)",xf_2168_to_2273_3_2winding_transformer,bus_2168,bus_2273,true
"LINESTRING (-1252 6502, -1211 6608)",xf_3486_3561_3489_3_3winding_transformer_br3,bus_3489,starbus_xf_3486_3561_3489_3,true
"LINESTRING (-570 4803, -576 4901)",xf_3640_to_3586_2_2winding_transformer,bus_3640,bus_3586,true
"LINESTRING (-996 2948, -951 2806)",line_3056_to_3491_2_cp,bus_3056,bus_3074,false
"LINESTRING (43 4965, 76 5045)",xf_3039_to_3042_4_2winding_transformer,bus_3039,bus_3042,true
"LINESTRING (1931 -1833, 855 -1853)",line_1238_to_2102_1_cp,bus_1238,bus_2102,false
"LINESTRING (-1965 -2388, -1782 -2384)",Dec13_line_4135_to_4137_1_dec,bus_4135,bus_4137,false
"LINESTRING (-1443 2173, -1302 2259)",line_3441_to_3473_1_cp,bus_3441,bus_3405,false
"LINESTRING (-1791 4951, -1392 4828)",line_3216_to_3533_1_cp,bus_3220,bus_3157,false
"LINESTRING (-816 3268, -837 3342)",xf_3623_to_3647_2_2winding_transformer,bus_3623,bus_3647,true
"LINESTRING (43 4965, 116 5044)",line_3039_to_3217_2_cp,bus_3039,bus_3217,false
"LINESTRING (732 -450, 970 -499)",line_1189_to_1470_1_cp,bus_1189,bus_1289,false
"LINESTRING (984 -3929, 1013 -4025)",xf_2118_to_2224_1_2winding_transformer,bus_2118,bus_2224,true
"LINESTRING (735 -2765, 955 -3011)",line_2120_to_2148_2_cp,bus_2120,bus_2107,false
"LINESTRING (-946 5782, -822 5732)",line_3161_to_3483_1_cp,bus_3161,bus_3483,false
"LINESTRING (-2644 -2675, -2569 -2611)",xf_4237_to_4419_1_2winding_transformer,bus_4038,bus_4419,true
"LINESTRING (1072 4315, 1025 4232)",line_3282_to_3536_2_cp,bus_3282,bus_3536,false
"LINESTRING (735 61, 927 178)",line_1333_to_1483_1_cp,bus_1333,bus_1483,false
"LINESTRING (-2297 -3132, -2351 -3218)",xf_4270_to_4444_2_2winding_transformer,bus_4270,bus_4444,true
"LINESTRING (33 394, -473 449)",xf_1370_to_1369_2_2winding_transformer,bus_1234,bus_1369,true
"LINESTRING (-409 -3284, -409 -3284)",xf_2077_2205_2346_2_3winding_transformer_br1,bus_2077,starbus_xf_2077_2205_2346_2,true
"LINESTRING (-1147 2506, -1314 2549)",xf_3633_3514_3513_4_3winding_transformer_br2_merged_with_line_3367_to_3514_1_pi,starbus_xf_3633_3514_3513_4,bus_3367,true
"LINESTRING (1263 -2064, 1175 -2112)",xf_1113_to_1172_1_2winding_transformer,bus_1113,bus_1172,true
"LINESTRING (198 -3943, 177 -4137)",line_2099_to_2100_1_cp,bus_2099,bus_2100,false
"LINESTRING (-1308 3419, -1055 3399)",line_3058_to_3506_1_cp,bus_3058,bus_3506,false
"LINESTRING (2504 2612, 2751 2808)",line_1298_to_1347_2_cp_merged_with_line_1027_to_1298_2_cp,bus_1347,bus_1027,false
"LINESTRING (-1695 -2902, -1757 -2733)",line_4301_to_4339_1_cp,bus_4301,bus_4339,false
"LINESTRING (-938 5832, -955 5932)",xf_3111_to_3112_2_2winding_transformer,bus_3111,bus_3112,true
"LINESTRING (-1147 2506, -1147 2506)",xf_3633_3514_3513_4_3winding_transformer_br1,bus_3633,starbus_xf_3633_3514_3513_4,true
"LINESTRING (-1074 1989, -1096 1993)",line_1357_to_1597_1_pi,bus_1357,bus_1597,false
"LINESTRING (-906 4002, -915 4345)",line_3547_to_3549_1_cp,bus_3547,bus_3549,false
"LINESTRING (1073 -5646, 1287 -5684)",line_5119_to_5123_2_cp,bus_5119,bus_5123,false
"LINESTRING (639 19, 710 62)",xf_1332_to_1513_2_2winding_transformer,bus_1332,bus_1513,true
"LINESTRING (2044 2249, 2131 2306)",xf_1312_to_1584_1_2winding_transformer,bus_1312,bus_1584,true
"LINESTRING (-1249 2385, -1302 2259)",line_3177_to_3473_1_cp,bus_3177,bus_3405,false
"LINESTRING (-1018 6497, -1099 6377)",line_3068_to_3259_1_cp,bus_3068,bus_3259,false
"LINESTRING (-918 5722, -1035 5731)",line_3065_to_3277_1_cp,bus_3001,bus_3277,false
"LINESTRING (-1347 4373, -1432 4432)",xf_3187_to_3188_1_2winding_transformer,bus_3187,bus_3188,true
"LINESTRING (1355 -6119, 1418 -6149)",xf_5097_to_5204_1_2winding_transformer,bus_5097,bus_5204,true
"LINESTRING (-1970 -3309, -1900 -3493)",xf_4247_to_4427_2_2winding_transformer,bus_4243,bus_4427,true
"LINESTRING (-479 2780, -444 2787)",xf_3504_to_3505_4_2winding_transformer,bus_3504,bus_3505,true
"LINESTRING (-989 3482, -944 3422)",line_3204_to_3496_2_cp,bus_3204,bus_3496,false
"LINESTRING (405 3966, 621 3932)",line_3261_to_3538_1_pi_merged_with_xf_3615_to_3538_1_2winding_transformer,bus_3261,bus_3615,true
"LINESTRING (2034 2210, 2122 2243)",xf_1447_to_1631_2_2winding_transformer,bus_1447,bus_1631,true
"LINESTRING (740 -1889, 855 -1853)",xf_2191_to_2102_8_2winding_transformer,bus_2191,bus_2102,true
"LINESTRING (1012 -5664, 1008 -5612)",line_5139_to_5143_1_cp,bus_5139,bus_5143,false
"LINESTRING (732 -450, 876 -435)",line_1189_to_1215_1_cp,bus_1189,bus_1215,false
"LINESTRING (-2004 -2596, -1876 -2795)",Dec11_line_4129_to_4148_1_dec,bus_4112,bus_4148,false
"LINESTRING (1761 -5608, 1903 -5666)",line_5059_to_5128_1_cp,bus_5059,bus_5128,false
"LINESTRING (-2234 -3018, -2347 -3142)",line_4266_to_4273_1_cp,bus_4266,bus_4273,false
"LINESTRING (-2129 -1569, -2249 -1373)",line_4192_to_4193_1_cp,bus_4192,bus_4193,false
"LINESTRING (-1720 -2576, -1657 -2805)",line_4300_to_4311_1_cp,bus_4300,bus_4311,false
"LINESTRING (621 -6579, 662 -6530)",xf_5105_to_5211_1_2winding_transformer,bus_5105,bus_5211,true
"LINESTRING (597 315, 567 -53)",xf_1138_to_1186_5_2winding_transformer,bus_1138,bus_1186,true
"LINESTRING (-117 5514, -66 5611)",line_3232_to_3298_1_cp,bus_3232,bus_3298,false
"LINESTRING (228 214, 33 394)",xf_1111_to_1170_1_2winding_transformer_merged_with_line_1170_to_1370_2_cp,bus_1111,bus_1234,true
"LINESTRING (-763 4172, -776 4267)",xf_3019_to_3020_2_2winding_transformer,bus_3019,bus_3020,true
"LINESTRING (-1373 6081, -1450 6140)",xf_3114_to_3115_2_2winding_transformer,bus_3114,bus_3115,true
"LINESTRING (2186 -1475, 2287 -1477)",line_1361_to_1450_1_cp,bus_1361,bus_1450,false
"LINESTRING (805 -3646, 803 -3560)",line_2113_to_2181_2_cp,bus_2113,bus_2181,false
"LINESTRING (326 -3443, 326 -3443)",xf_2145_2243_2306_1_3winding_transformer_br1,bus_2145,starbus_xf_2145_2243_2306_1,true
"LINESTRING (1714 1868, 1459 1657)",line_1363_to_1473_1_cp,bus_1351,bus_1473,false
"LINESTRING (924 -3962, 929 -4072)",xf_2121_to_2232_4_2winding_transformer,bus_2121,bus_2232,true
"LINESTRING (531 970, 537 1061)",xf_1496_to_1649_2_2winding_transformer,bus_1496,bus_1649,true
"LINESTRING (-419 5506, -453 5410)",xf_3492_3565_3495_1_3winding_transformer_br1,bus_3149,starbus_xf_3492_3565_3495_1,true
"LINESTRING (1269 -521, 1359 -538)",line_1169_to_1316_1_cp,bus_1169,bus_1163,false
"LINESTRING (-951 2806, -917 2805)",xf_3235_to_3236_2_2winding_transformer,bus_3074,bus_3236,true
"LINESTRING (984 -3929, 924 -3962)",line_2118_to_2121_2_cp,bus_2118,bus_2121,false
"LINESTRING (-2493 -1830, -2627 -1902)",line_4110_to_4114_1_cp,bus_4110,bus_4114,false
"LINESTRING (120 3768, 405 3966)",line_3024_to_3261_2_cp,bus_3024,bus_3261,false
"LINESTRING (2829 2850, 2829 2850)",xf_1617_1027_1619_2_3winding_transformer_br1,bus_1617,starbus_xf_1617_1027_1619_2,true
"LINESTRING (1446 -1310, 1751 -1387)",line_1103_to_1154_1_cp,bus_1103,bus_1154,false
"LINESTRING (-2224 -2738, -2169 -2688)",xf_4031_4030_4029_1_3winding_transformer_br2,bus_4030,starbus_xf_4031_4030_4029_1,true
"LINESTRING (1976 2090, 1814 1949)",line_1334_to_1444_2_cp,bus_1334,bus_1444,false
"LINESTRING (-864 -2495, -707 -2550)",xf_4216_to_4151_2_2winding_transformer,bus_4216,bus_4101,true
"LINESTRING (-1593 3546, -1532 3501)",xf_3358_3360_3361_1_3winding_transformer_br2,bus_3360,starbus_xf_3358_3360_3361_1,true
"LINESTRING (970 -499, 1115 -484)",line_1289_to_1461_1_cp,bus_1289,bus_1461,false
"LINESTRING (-409 -3284, -457 -3444)",xf_2077_to_2270_1_2winding_transformer,bus_2077,bus_2270,true
"LINESTRING (828 -241, 732 -450)",xf_1140_to_1189_5_2winding_transformer,bus_1140,bus_1189,true
"LINESTRING (829 -3277, 955 -3011)",line_2122_to_2148_2_cp,bus_2122,bus_2107,false
"LINESTRING (-470 5484, -434 5577)",xf_3117_to_3118_1_2winding_transformer,bus_3117,bus_3118,true
"LINESTRING (33 394, -170 484)",line_1234_to_1493_1_pi_merged_with_xf_1493_to_1647_2_2winding_transformer,bus_1234,bus_1647,true
"LINESTRING (1161 1128, 1257 1143)",xf_1115_to_1036_3_2winding_transformer,bus_1115,bus_1036,true
"LINESTRING (-274 3142, -283 3067)",line_3357_to_3503_1_cp,bus_3357,bus_3344,false
"LINESTRING (-314 4388, -25 3843)",line_3573_to_3624_2_cp,bus_3573,bus_3624,false
"LINESTRING (1139 -6349, 1157 -6348)",xf_5088_5175_5241_4_3winding_transformer_br1,bus_5087,starbus_xf_5088_5175_5241_4,true
"LINESTRING (1404 -1052, 1563 -1055)",xf_1102_to_1564_2_2winding_transformer,bus_1102,bus_1564,true
"LINESTRING (-3501 -1584, -3482 -1608)",xf_4222_to_4398_1_2winding_transformer,bus_4157,bus_4398,true
"LINESTRING (-845 2971, -951 2806)",line_3170_to_3491_2_cp,bus_3170,bus_3074,false
"LINESTRING (2044 2249, 2167 2176)",line_1312_to_1385_1_cp,bus_1312,bus_1385,false
"LINESTRING (-1106 2014, -1124 2030)",line_1600_to_1651_1_pi,bus_1600,bus_1651,false
"LINESTRING (-564 4081, -611 4070)",line_3354_to_3636_2_cp,bus_3354,bus_3319,false
"LINESTRING (-1851 -1994, -1830 -2105)",line_4071_to_4324_1_cp,bus_4071,bus_4324,false
"LINESTRING (-508 4387, -541 4204)",xf_3368_to_3370_2_2winding_transformer_merged_with_line_3368_to_3382_2_cp,bus_3370,bus_3382,true
"LINESTRING (-1156 6759, -1211 6608)",line_3140_to_3486_2_cp,bus_3140,bus_3486,false
"LINESTRING (1073 -728, 1135 -792)",line_1166_to_1459_2_cp,bus_1166,bus_1459,false
"LINESTRING (-1323 6690, -1417 6783)",xf_3148_to_3004_2_2winding_transformer,bus_3148,bus_3004,true
"LINESTRING (2213 2386, 2120 2328)",xf_1273_1572_1573_1_3winding_transformer_br2,bus_1572,starbus_xf_1273_1572_1573_1,true
"LINESTRING (-1094 -2136, -973 -2291)",line_4217_to_4224_1_cp,bus_4217,bus_4224,false
"LINESTRING (-2551 -2153, -2428 -2099)",line_4344_to_4382_1_cp,bus_4344,bus_4382,false
"LINESTRING (1536 1414, 1641 1447)",line_1182_to_1396_1_cp,bus_1182,bus_1396,false
"LINESTRING (-1973 6964, -2042 7026)",xf_3082_to_3457_4_2winding_transformer,bus_3082,bus_3457,true
"LINESTRING (-3848 -1764, -3848 -1764)",xf_4166_4356_4492_4_3winding_transformer_br1,bus_4166,starbus_xf_4166_4356_4492_4,true
"LINESTRING (2031 2351, 2140 2475)",xf_1335_to_1591_3_2winding_transformer,bus_1335,bus_1591,true
"LINESTRING (-1518 -1647, -1444 -1776)",line_4209_to_4210_1_cp,bus_4209,bus_4210,false
"LINESTRING (1287 -5684, 1292 -5726)",xf_5123_to_5218_1_2winding_transformer,bus_5123,bus_5218,true
"LINESTRING (-3172 -1760, -3248 -1756)",xf_4169_to_4403_4_2winding_transformer,bus_4169,bus_4403,true
"LINESTRING (540 -4107, 609 -4180)",xf_2123_to_2233_3_2winding_transformer,bus_2111,bus_2233,true
"LINESTRING (-951 2806, -931 2995)",line_3015_to_3491_2_cp_merged_with_xf_3015_to_3016_2_2winding_transformer,bus_3074,bus_3016,true
"LINESTRING (-470 5484, -535 5511)",line_3117_to_3120_1_cp,bus_3117,bus_3120,false
"LINESTRING (-1983 -3864, -1913 -3805)",line_4244_to_4245_1_cp,bus_4225,bus_4245,false
"LINESTRING (778 -5332, 558 -5358)",xf_5152_to_5014_4_2winding_transformer,bus_5070,bus_5014,true
"LINESTRING (984 -3929, 1013 -4025)",xf_2118_to_2224_3_2winding_transformer,bus_2118,bus_2224,true
"LINESTRING (2751 2808, 2630 2721)",line_1027_to_1299_1_cp,bus_1027,bus_1299,false
"LINESTRING (-1137 2866, -1400 2824)",line_3214_to_3255_1_cp,bus_3214,bus_3253,false
"LINESTRING (-2439 -3222, -2503 -3300)",xf_4274_to_4448_3_2winding_transformer,bus_4274,bus_4448,true
"LINESTRING (-976 3255, -1130 3182)",line_3192_to_3467_1_cp,bus_3192,bus_3467,false
"LINESTRING (830 -5662, 711 -5677)",xf_5113_to_5215_3_2winding_transformer,bus_5113,bus_5215,true
"LINESTRING (165 -3371, 237 -3162)",line_2129_to_2162_1_cp,bus_2129,bus_2162,false
"LINESTRING (912 -715, 723 -891)",xf_1119_to_1177_1_2winding_transformer,bus_1119,bus_1177,true
"LINESTRING (-2004 -2596, -1685 -2651)",Dec10_line_4129_to_4147_1_dec,bus_4112,bus_4147,false
"LINESTRING (867 -1329, 894 -1579)",line_1206_to_1481_1_cp,bus_1206,bus_1481,false
"LINESTRING (1400 -4609, 1372 -4478)",xf_2307_to_2065_4_2winding_transformer,bus_2307,bus_2065,true
"LINESTRING (2120 2328, 2191 2245)",line_1273_to_1419_1_cp,bus_1273,bus_1419,false
"LINESTRING (584 -5883, 565 -5918)",xf_5055_to_5184_2_2winding_transformer,bus_5055,bus_5184,true
"LINESTRING (740 -1889, 855 -1853)",xf_2191_to_2102_9_2winding_transformer,bus_2191,bus_2102,true
"LINESTRING (715 -6409, 790 -6368)",line_5101_to_5102_2_cp,bus_5101,bus_5102,false
"LINESTRING (3055 2923, 2977 2908)",line_1360_to_1593_1_cp,bus_1360,bus_1593,false
"LINESTRING (910 619, 1161 1128)",line_1100_to_1115_2_cp,bus_1100,bus_1115,false
"LINESTRING (-2 -3673, -33 -3732)",xf_2267_to_2075_4_2winding_transformer,bus_2267,bus_2075,true
"LINESTRING (1063 2437, 647 2809)",line_1109_to_3650_2_cp,bus_1109,bus_3650,false
"LINESTRING (-1503 6658, -2094 6974)",connection Q1,bus_3584,bus_3332,false
"LINESTRING (898 -6262, 898 -6262)",xf_5090_5200_5201_5_3winding_transformer_br1,bus_5090,starbus_xf_5090_5200_5201_5,true
"LINESTRING (-1239 4414, -1309 4480)",xf_3034_to_3035_2_2winding_transformer,bus_3034,bus_3035,true
"LINESTRING (904 -5344, 1031 -5503)",line_5153_to_5170_2_cp,bus_5150,bus_5170,false
"LINESTRING (1379 -6154, 1425 -6195)",xf_5099_to_5207_2_2winding_transformer,bus_5099,bus_5207,true
"LINESTRING (1491 2184, 1349 2391)",line_1095_to_1143_1_cp,bus_1011,bus_1142,false
"LINESTRING (380 -3402, 393 -3482)",xf_2108_to_2220_2_2winding_transformer,bus_2108,bus_2220,true
"LINESTRING (-419 5506, -398 5494)",xf_3492_to_3493_5_2winding_transformer,bus_3149,bus_3493,true
"LINESTRING (-947 -3276, -929 -3281)",xf_4082_to_4102_5_2winding_transformer,bus_4082,bus_4096,true
"LINESTRING (-479 2780, -602 2881)",xf_3504_to_3572_5_2winding_transformer,bus_3504,bus_3572,true
"LINESTRING (165 -3371, 105 -3527)",xf_2129_to_2239_1_2winding_transformer,bus_2129,bus_2239,true
"LINESTRING (1372 -5727, 1390 -5771)",xf_5074_to_5193_2_2winding_transformer,bus_5074,bus_5193,true
"LINESTRING (-938 3182, -747 2974)",xf_3534_to_3610_1_2winding_transformer,bus_3534,bus_3601,true
"LINESTRING (1320 -4352, 1368 -4310)",line_2255_to_2261_1_cp,bus_2255,bus_2260,false
"LINESTRING (66 3102, -65 3166)",line_3374_to_3402_1_cp,bus_3302,bus_3402,false
"LINESTRING (405 3966, 571 4159)",xf_3265_to_3156_2_2winding_transformer,bus_3261,bus_3156,true
"LINESTRING (320 -3090, 260 -3033)",line_1054_to_1606_1_cp,bus_1054,bus_1007,false
"LINESTRING (697 535, 721 682)",line_1124_to_1149_1_cp,bus_1124,bus_1149,false
"LINESTRING (-1863 6796, -1863 6796)",xf_3628_3455_3453_1_3winding_transformer_br1,bus_3628,starbus_xf_3628_3455_3453_1,true
"LINESTRING (-1392 4828, -918 4796)",xf_3533_to_3608_1_2winding_transformer,bus_3157,bus_3550,true
"LINESTRING (1051 -5654, 1112 -5788)",xf_5169_to_5118_1_2winding_transformer,bus_5169,bus_5118,true
"LINESTRING (-1302 2259, -981 2560)",xf_3473_to_3546_4_2winding_transformer,bus_3405,bus_3546,true
"LINESTRING (-1945 -2363, -1926 -2226)",line_4320_to_4323_1_cp,bus_4320,bus_4323,false
"LINESTRING (-1392 4828, -918 4796)",xf_3533_to_3608_2_2winding_transformer,bus_3157,bus_3550,true
"LINESTRING (383 -5832, 301 -5861)",xf_5068_to_5173_2_2winding_transformer,bus_5068,bus_5173,true
"LINESTRING (-479 2780, -444 2787)",xf_3504_to_3505_2_2winding_transformer,bus_3504,bus_3505,true
"LINESTRING (-822 5732, -822 5732)",xf_3483_3558_3485_2_3winding_transformer_br1,bus_3483,starbus_xf_3483_3558_3485_2,true
"LINESTRING (693 -3618, 782 -3231)",line_2147_to_2180_1_cp,bus_2147,bus_2171,false
"LINESTRING (682 204, 518 61)",xf_1156_to_1157_1_2winding_transformer,bus_1156,bus_1157,true
"LINESTRING (1626 1705, 1778 1737)",line_1192_to_1322_1_cp,bus_1192,bus_1322,false
"LINESTRING (-1320 7005, -1321 7107)",xf_3223_to_3224_1_2winding_transformer,bus_3223,bus_3224,true
"LINESTRING (-1657 -2805, -1640 -2952)",line_4311_to_4342_1_cp,bus_4311,bus_4342,false
"LINESTRING (-2223 -1226, -2378 -1162)",line_4176_to_4191_1_cp,bus_4176,bus_4190,false
"LINESTRING (786 -2975, 766 -2913)",xf_2127_to_2234_2_2winding_transformer,bus_2127,bus_2234,true
"LINESTRING (-2532 -1823, -2465 -1810)",xf_4084_to_4085_2_2winding_transformer,bus_4084,bus_4085,true
"LINESTRING (-996 2948, -951 2806)",line_3056_to_3491_1_cp,bus_3056,bus_3074,false
"LINESTRING (-409 -3284, -437 -3349)",xf_2077_to_2348_6_2winding_transformer,bus_2077,bus_2348,true
"LINESTRING (1300 -1557, 1300 -1557)",xf_1118_1040_1041_2_3winding_transformer_br1,bus_1118,starbus_xf_1118_1040_1041_2,true
"LINESTRING (1832 1817, 1924 1854)",xf_1423_to_1623_2_2winding_transformer,bus_1423,bus_1623,true
"LINESTRING (-2151 -876, -2132 -986)",xf_4186_4230_4494_1_3winding_transformer_br1_merged_with_line_4185_to_4186_1_cp,starbus_xf_4186_4230_4494_1,bus_4185,true
"LINESTRING (-2167 -3336, -2137 -3869)",line_4256_to_4264_1_cp,bus_4255,bus_4258,false
"LINESTRING (-1308 3419, -1519 3506)",line_3058_to_3371_1_cp,bus_3058,bus_3359,false
"LINESTRING (380 1278, 27 1398)",xf_1303_to_1581_1_2winding_transformer,bus_1239,bus_1581,true
"LINESTRING (-3172 -1760, -3395 -1862)",xf_4181_to_4405_2_2winding_transformer,bus_4169,bus_4405,true
"LINESTRING (933 -3922, 947 -4029)",xf_2186_to_2352_5_2winding_transformer,bus_2186,bus_2352,true
"LINESTRING (238 527, 166 565)",line_1185_to_1188_3_cp,bus_1185,bus_1188,false
"LINESTRING (-1137 2866, -1315 2864)",line_3214_to_3625_2_cp,bus_3214,bus_3625,false
"LINESTRING (228 214, 679 322)",line_1111_to_1144_1_cp,bus_1111,bus_1066,false
"LINESTRING (-541 4204, -611 4070)",line_3382_to_3636_2_cp,bus_3382,bus_3319,false
"LINESTRING (-1687 7268, -1726 7292)",xf_3631_to_3087_2_2winding_transformer_merged_with_line_3523_to_3631_2_cp,bus_3329,bus_3087,true
"LINESTRING (-1391 3478, -944 3422)",line_3408_to_3496_1_cp,bus_3334,bus_3496,false
"LINESTRING (995 -6295, 958 -6360)",line_5091_to_5093_1_cp_merged_with_xf_5093_5202_5203_1_3winding_transformer_br1,bus_5091,starbus_xf_5093_5202_5203_1,true
"LINESTRING (-1185 2158, 27 1398)",xf_1304_to_1581_2_2winding_transformer,bus_1304,bus_1581,true
"LINESTRING (-2234 -3018, -2297 -3132)",line_4266_to_4270_1_cp,bus_4266,bus_4270,false
"LINESTRING (877 -4079, 900 -4187)",xf_2167_to_2272_5_2winding_transformer,bus_2167,bus_2272,true
"LINESTRING (-1467 7293, -1460 7399)",xf_3083_to_3085_1_2winding_transformer,bus_3083,bus_3085,true
"LINESTRING (1701 1233, 1770 1218)",line_1531_to_1603_1_cp,bus_1531,bus_1602,false
"LINESTRING (-2959 -1413, -2633 -1576)",xf_4122_to_4025_3_2winding_transformer_merged_with_line_4118_to_4122_4_pi,bus_4025,bus_4106,true
"LINESTRING (-2983 -1700, -3172 -1760)",xf_4113_to_4169_1_2winding_transformer,bus_4113,bus_4169,true
"LINESTRING (-2402 -1656, -2402 -1656)",xf_4104_4043_4044_3_3winding_transformer_br1,bus_4104,starbus_xf_4104_4043_4044_3,true
"LINESTRING (895 4111, 1122 4261)",line_3614_to_3617_1_cp,bus_3614,bus_3617,false
"LINESTRING (-1332 2344, -1249 2385)",xf_3177_3179_3178_2_3winding_transformer_br3,bus_3178,starbus_xf_3177_3179_3178_2,true
"LINESTRING (529 439, 485 488)",line_1379_to_1406_1_cp,bus_1190,bus_1406,false
"LINESTRING (-1970 -3309, -2016 -3389)",xf_4243_to_4482_1_2winding_transformer,bus_4243,bus_4482,true
"LINESTRING (-1730 -2741, -1657 -2805)",line_4286_to_4311_1_cp,bus_4286,bus_4311,false
"LINESTRING (1031 -3962, 1064 -4051)",xf_2264_to_2312_4_2winding_transformer,bus_2264,bus_2312,true
"LINESTRING (2721 2689, 2806 2717)",line_1594_to_1658_2_cp,bus_1594,bus_1658,false
"LINESTRING (-409 -3284, -457 -3444)",xf_2077_to_2270_2_2winding_transformer,bus_2077,bus_2270,true
"LINESTRING (-357 -3142, -409 -3284)",xf_2077_2205_2346_2_3winding_transformer_br2,bus_2205,starbus_xf_2077_2205_2346_2,true
"LINESTRING (-1873 6871, -1873 6871)",xf_3629_3454_3456_2_3winding_transformer_br1,bus_3629,starbus_xf_3629_3454_3456_2,true
"LINESTRING (-1336 2364, -1249 2385)",xf_3177_3179_3178_2_3winding_transformer_br2,bus_3179,starbus_xf_3177_3179_3178_2,true
"LINESTRING (-2794 -1647, -2836 -1815)",connection S5,bus_4107,bus_4109,false
"LINESTRING (830 -5662, 627 -5695)",xf_5129_to_5220_2_2winding_transformer,bus_5113,bus_5220,true
"LINESTRING (-1730 -2741, -1760 -2851)",line_4286_to_4287_1_cp,bus_4286,bus_4287,false
"LINESTRING (1369 -1490, 1136 -1159)",line_1148_to_1158_1_cp,bus_1148,bus_1158,false
"LINESTRING (-3918 -1747, -3848 -1764)",xf_4166_4356_4492_4_3winding_transformer_br3,bus_4492,starbus_xf_4166_4356_4492_4,true
"LINESTRING (-2980 -1919, -3048 -1968)",xf_4357_to_4010_7_2winding_transformer,bus_4357,bus_4010,true
"LINESTRING (1359 -538, 1451 -458)",xf_1316_to_1555_2_2winding_transformer,bus_1163,bus_1555,true
"LINESTRING (789 -107, 789 -107)",xf_1097_1098_1161_2_3winding_transformer_br1,bus_1097,starbus_xf_1097_1098_1161_2,true
"LINESTRING (120 3768, 180 3842)",xf_3024_to_3026_3_2winding_transformer,bus_3024,bus_3026,true
"LINESTRING (2909 2742, 2833 2717)",line_1598_to_1601_1_cp,bus_1598,bus_1601,false
"LINESTRING (894 -1579, 860 -1643)",xf_1481_to_1482_2_2winding_transformer,bus_1481,bus_1482,true
"LINESTRING (-2063 -3911, -1983 -3864)",line_4257_to_4259_1_cp,bus_4257,bus_4225,false
"LINESTRING (1455 -1491, 1369 -1490)",xf_1148_1075_1076_2_3winding_transformer_br2,bus_1075,starbus_xf_1148_1075_1076_2,true
"LINESTRING (1008 -5612, 811 -5700)",xf_5143_to_5053_1_2winding_transformer,bus_5143,bus_5053,true
"LINESTRING (-935 2649, -744 2835)",line_3582_to_3589_1_cp,bus_3582,bus_3589,false
"LINESTRING (-434 2896, -390 2893)",xf_3338_to_3339_2_2winding_transformer,bus_3338,bus_3339,true
"LINESTRING (1435 -1548, 1369 -1490)",xf_1148_1079_1080_4_3winding_transformer_br3,bus_1080,starbus_xf_1148_1079_1080_4,true
"LINESTRING (-2836 -1815, -2836 -1815)",xf_4109_4357_4358_1_3winding_transformer_br1,bus_4109,starbus_xf_4109_4357_4358_1,true
"LINESTRING (1162 -6405, 1157 -6348)",xf_5088_5175_5241_4_3winding_transformer_br3,bus_5241,starbus_xf_5088_5175_5241_4,true
"LINESTRING (970 -499, 1118 -512)",line_1289_to_1387_2_cp,bus_1289,bus_1387,false
"LINESTRING (-1096 1993, -1124 2030)",line_1597_to_1651_1_pi,bus_1597,bus_1651,false
"LINESTRING (172 -4271, 169 -4378)",line_2005_to_2007_1_cp,bus_2005,bus_2007,false
"LINESTRING (146 -3531, 193 -3623)",line_2106_to_2177_1_cp,bus_2106,bus_2177,false
"LINESTRING (-866 2904, -951 2806)",line_3171_to_3491_1_cp,bus_3171,bus_3074,false
"LINESTRING (1253 -4202, 1317 -4224)",xf_2142_to_2035_4_2winding_transformer,bus_2143,bus_2035,true
"LINESTRING (-2124 -1196, -2150 -1130)",xf_4180_to_4228_2_2winding_transformer,bus_4180,bus_4228,true
"LINESTRING (1300 -1557, 1136 -1159)",line_1118_to_1158_1_cp,bus_1118,bus_1158,false
"LINESTRING (-172 5490, -151 5482)",xf_3061_to_3062_1_2winding_transformer,bus_3000,bus_3062,true
"LINESTRING (-314 4388, -570 4803)",line_3573_to_3640_2_cp,bus_3573,bus_3640,false
"LINESTRING (1296 -332, 1292 -309)",line_1268_to_1272_4_pi_merged_with_xf_1268_to_1032_4_2winding_transformer,bus_1269,bus_1032,true
"LINESTRING (-1314 5960, -1218 5893)",line_3023_to_3063_2_cp,bus_3023,bus_3002,false
"LINESTRING (-906 4002, -915 4345)",line_3547_to_3549_2_cp,bus_3547,bus_3549,false
"LINESTRING (645 137, 875 144)",line_1236_to_1491_1_cp,bus_1236,bus_1252,false
"LINESTRING (970 -1623, 925 -1481)",line_1061_to_1274_1_cp,bus_1061,bus_1274,false
"LINESTRING (-611 4070, -614 4125)",xf_3319_to_3320_1_2winding_transformer,bus_3319,bus_3320,true
"LINESTRING (762 -1940, 740 -1889)",xf_2191_2020_2021_7_3winding_transformer_br2,bus_2020,starbus_xf_2191_2020_2021_7,true
"LINESTRING (-685 3675, -853 3865)",line_3543_to_3556_1_cp,bus_3543,bus_3556,false
"LINESTRING (984 -3929, 1076 -4331)",line_2118_to_2185_1_cp_merged_with_line_2173_to_2185_1_cp_merged_with_line_2173_to_2188_1_cp,bus_2118,bus_2188,false
"LINESTRING (1146 -6037, 1131 -6078)",xf_5089_to_5199_2_2winding_transformer,bus_5089,bus_5199,true
"LINESTRING (-822 5732, -869 5466)",xf_3483_to_3558_1_2winding_transformer,bus_3483,bus_3558,true
"LINESTRING (-1611 -2026, -1670 -2053)",xf_4202_to_4329_1_2winding_transformer,bus_4202,bus_4329,true
"LINESTRING (-758 4083, -763 4172)",line_3018_to_3019_1_cp,bus_3018,bus_3019,false
"LINESTRING (-293 402, -334 403)",line_1321_to_1627_1_cp,bus_1321,bus_1627,false
"LINESTRING (984 -3929, 1013 -4025)",xf_2118_to_2224_2_2winding_transformer,bus_2118,bus_2224,true
"LINESTRING (-1166 5437, -1221 5429)",line_3275_to_3510_1_cp,bus_3275,bus_3432,false
"LINESTRING (-1719 7565, -1650 7315)",xf_3093_to_3449_2_2winding_transformer_merged_with_line_3089_to_3093_1_cp,bus_3449,bus_3089,true
"LINESTRING (-3933 -1814, -3848 -1764)",line_4162_to_4166_1_cp,bus_4162,bus_4166,false
"LINESTRING (997 -6215, 954 -6264)",xf_5092_to_5226_3A_2winding_transformer,bus_5092,bus_5226,true
"LINESTRING (-2169 -2688, -1945 -2363)",line_4091_to_4320_1_cp,bus_4031,bus_4320,false
"LINESTRING (-1965 -2388, -1862 -2484)",xf_4135_to_4277_1_2winding_transformer,bus_4135,bus_4277,true
"LINESTRING (-1369 7106, -1320 7005)",line_3189_to_3223_1_cp,bus_3189,bus_3223,false
"LINESTRING (307 3563, 503 3236)",xf_3158_to_3648_1_2winding_transformer,bus_3158,bus_3648,true
"LINESTRING (-52 1424, -1302 2259)",line_1218_to_3473_2_cp,bus_1218,bus_3405,false
"LINESTRING (264 -3628, 224 -3741)",line_2105_to_2109_1_cp,bus_2105,bus_2109,false
"LINESTRING (-907 -2658, -898 -2745)",line_4219_to_4220_1_cp,bus_4219,bus_4220,false
"LINESTRING (-2260 -2230, -2143 -2100)",xf_4233_to_4124_2_2winding_transformer,bus_4233,bus_4094,true
"LINESTRING (-833 5026, -918 4796)",line_3557_to_3608_1_cp,bus_3557,bus_3550,false
"LINESTRING (814 -6003, 437 -6122)",xf_5157_to_5235_1_2winding_transformer,bus_5155,bus_5235,true
"LINESTRING (2191 2245, 2287 2279)",xf_1419_to_1622_1_2winding_transformer,bus_1419,bus_1622,true
"LINESTRING (449 -4098, 411 -4225)",xf_2112_to_2221_3_2winding_transformer,bus_2104,bus_2221,true
"LINESTRING (937 -3740, 854 -3647)",line_2164_to_2168_1_cp,bus_2164,bus_2168,false
"LINESTRING (697 535, 727 601)",xf_1124_to_1049_1_2winding_transformer,bus_1124,bus_1049,true
"LINESTRING (1031 -5503, 1073 -5646)",xf_5170_to_5119_2_2winding_transformer,bus_5170,bus_5119,true
"LINESTRING (-1695 -2902, -1637 -3056)",line_4301_to_4302_1_cp,bus_4301,bus_4302,false
"LINESTRING (380 -3402, 393 -3482)",xf_2108_to_2220_1_2winding_transformer,bus_2108,bus_2220,true
"LINESTRING (-1282 6854, -1160 6857)",line_3529_to_3643_1_cp,bus_3529,bus_3643,false
"LINESTRING (464 -3836, 460 -3926)",xf_2146_to_2250_8_2winding_transformer,bus_2146,bus_2250,true
"LINESTRING (-2270 -1492, -2321 -1420)",xf_4189_to_4371_2_2winding_transformer,bus_4189,bus_4371,true
"LINESTRING (-2456 -2217, -2428 -2099)",line_4235_to_4382_1_cp,bus_4235,bus_4382,false
"LINESTRING (-1030 3422, -944 3422)",line_3226_to_3496_1_cp,bus_3226,bus_3496,false
"LINESTRING (1233 -6112, 1291 -6185)",line_5081_to_5223_1_cp,bus_5080,bus_5223,false
"LINESTRING (1748 2235, 1984 2351)",line_1104_to_1116_1_cp,bus_1104,bus_1116,false
"LINESTRING (-1884 -2362, -2074 -2338)",xf_4294_to_4380_1_2winding_transformer,bus_4296,bus_4380,true
"LINESTRING (2279 1953, 2144 1943)",line_1554_to_1613_1_cp,bus_1554,bus_1613,false
"LINESTRING (-2644 -2675, -2715 -2741)",xf_4038_to_4037_1_2winding_transformer,bus_4038,bus_4037,true
"LINESTRING (406 416, 597 315)",line_1134_to_1138_2_cp,bus_1134,bus_1138,false
"LINESTRING (1136 -1803, 1182 -1830)",xf_2139_to_2089_2_2winding_transformer,bus_2139,bus_2089,true
"LINESTRING (-897 -2567, -897 -2567)",xf_4218_4392_4496_1_3winding_transformer_br1,bus_4218,starbus_xf_4218_4392_4496_1,true
"LINESTRING (-1444 -1776, -1471 -1726)",xf_4210_to_4386_2_2winding_transformer,bus_4210,bus_4386,true
"LINESTRING (-335 3514, -344 3718)",line_3568_to_3577_6_cp_merged_with_xf_3577_to_3426_4_2winding_transformer,bus_3568,bus_3426,true
"LINESTRING (-3041 -1585, -3108 -1515)",line_4163_to_4170_1_cp,bus_4089,bus_4170,false
"LINESTRING (568 3851, 741 3944)",xf_3621_to_3541_2_2winding_transformer,bus_3616,bus_3541,true
"LINESTRING (988 -3853, 937 -3740)",line_2158_to_2164_1_cp,bus_2158,bus_2164,false
"LINESTRING (1007 -3430, 880 -3494)",line_2199_to_2206_1_cp,bus_2199,bus_2206,false
"LINESTRING (897 993, 820 1294)",xf_1132_to_1183_2_2winding_transformer,bus_1132,bus_1183,true
"LINESTRING (1251 -6104, 1276 -6144)",xf_5131_to_5134_1_2winding_transformer,bus_5131,bus_5134,true
"LINESTRING (313 384, 16 475)",xf_1495_to_1652_1_2winding_transformer,bus_1191,bus_1652,true
"LINESTRING (77 -4396, 52 -4501)",xf_2265_to_2313_1_2winding_transformer,bus_2265,bus_2313,true
"LINESTRING (-1378 -1956, -1394 -1914)",xf_4213_to_4387_2_2winding_transformer,bus_4213,bus_4387,true
"LINESTRING (-1997 -2284, -2045 -2244)",xf_4295_to_4458_1_2winding_transformer,bus_4295,bus_4458,true
"LINESTRING (1372 -5727, 1390 -5771)",xf_5074_to_5193_1_2winding_transformer,bus_5074,bus_5193,true
"LINESTRING (141 -289, 194 -324)",line_1205_to_1485_1_cp_merged_with_line_1400_to_1485_1_cp,bus_1205,bus_1400,false
"LINESTRING (-1030 3163, -938 3182)",line_3390_to_3534_2_cp,bus_3390,bus_3534,false
"LINESTRING (-1013 3992, -853 3865)",xf_3479_to_3556_1_2winding_transformer,bus_3479,bus_3556,true
"LINESTRING (340 -3787, 204 -3789)",line_2154_to_2176_1_cp,bus_2128,bus_2176,false
"LINESTRING (1300 -1557, 740 -1889)",line_1118_to_2191_1_cp,bus_1118,bus_2191,false
"LINESTRING (-2167 -3336, -2221 -3419)",xf_4255_to_4433_1_2winding_transformer,bus_4255,bus_4433,true
"LINESTRING (468 -410, 355 -490)",line_1434_to_1626_1_cp,bus_1434,bus_1626,false
"LINESTRING (580 -475, 504 -544)",xf_1393_to_1534_2_2winding_transformer,bus_1393,bus_1534,true
"LINESTRING (593 -1175, 629 -1107)",xf_1296_1504_1506_1_3winding_transformer_br2,bus_1504,starbus_xf_1296_1504_1506_1,true
"LINESTRING (1063 2437, 647 2809)",line_1109_to_3650_1_cp,bus_1109,bus_3650,false
"LINESTRING (-833 5026, -869 5466)",line_3557_to_3558_1_cp,bus_3557,bus_3558,false
"LINESTRING (-1960 -2598, -1976 -2688)",xf_4128_to_4053_2_2winding_transformer,bus_4128,bus_4053,true
"LINESTRING (-1687 7268, -1564 6890)",xf_3523_to_3597_1_2winding_transformer,bus_3329,bus_3597,true
"LINESTRING (66 3102, 66 3102)",xf_3302_3304_3303_3_3winding_transformer_br1,bus_3302,starbus_xf_3302_3304_3303_3,true
"LINESTRING (910 619, 1011 651)",xf_1100_to_1018_3_2winding_transformer,bus_1100,bus_1018,true
"LINESTRING (449 -4098, 464 -3836)",line_2104_to_2146_1_cp,bus_2104,bus_2146,false
"LINESTRING (897 993, 1058 1182)",line_1132_to_1146_1_cp,bus_1132,bus_1146,false
"LINESTRING (1253 -4202, 1245 -3952)",xf_2137_to_2067_8_2winding_transformer,bus_2143,bus_2067,true
"LINESTRING (554 -7, 679 -116)",line_1123_to_1152_2_cp,bus_1123,bus_1152,false
"LINESTRING (-1417 6783, -1458 6865)",line_3004_to_3006_1_cp,bus_3004,bus_3006,false
"LINESTRING (-2135 -1327, -2148 -1243)",line_4177_to_4178_1_cp,bus_4177,bus_4178,false
"LINESTRING (-1030 3422, -1030 3422)",xf_3226_3227_3228_2_3winding_transformer_br1,bus_3226,starbus_xf_3226_3227_3228_2,true
"LINESTRING (-996 2948, -1138 3004)",line_3056_to_3342_1_cp,bus_3056,bus_3342,false
"LINESTRING (963 -2129, 887 -2086)",xf_1106_to_1168_1_2winding_transformer,bus_1106,bus_1168,true
"LINESTRING (-1782 -2384, -1720 -2576)",xf_4137_to_4300_2_2winding_transformer,bus_4137,bus_4300,true
"LINESTRING (-843 2502, -884 2464)",xf_3340_to_3341_2_2winding_transformer,bus_3340,bus_3341,true
"LINESTRING (-1782 -2384, -1720 -2576)",xf_4137_to_4300_3_2winding_transformer,bus_4137,bus_4300,true
"LINESTRING (-693 5928, -586 6101)",line_3108_to_3244_1_cp_merged_with_xf_3244_to_3659_2_2winding_transformer,bus_3108,bus_3659,true
"LINESTRING (-1941 -3307, -1942 -3404)",xf_4253_to_4430_2_2winding_transformer,bus_4253,bus_4430,true
"LINESTRING (-553 3019, -551 3089)",xf_3048_to_3049_1_2winding_transformer,bus_3048,bus_3049,true
"LINESTRING (-2063 -3911, -2063 -3911)",xf_4257_4379_4434_1_3winding_transformer_br1,bus_4257,starbus_xf_4257_4379_4434_1,true
"LINESTRING (1692 -5528, 1759 -5548)",xf_5064_to_5189_2_2winding_transformer,bus_5064,bus_5189,true
"LINESTRING (995 -6295, 1139 -6349)",line_5091_to_5112_1_cp,bus_5091,bus_5087,false
"LINESTRING (-935 2649, -1147 2506)",xf_3582_to_3633_1_2winding_transformer,bus_3582,bus_3633,true
"LINESTRING (759 719, 721 682)",line_1091_to_1149_1_cp,bus_1091,bus_1149,false
"LINESTRING (1167 325, 966 371)",line_1346_to_1443_1_cp,bus_1346,bus_1184,false
"LINESTRING (173 819, 76 981)",xf_1489_to_1558_2_2winding_transformer,bus_1313,bus_1558,true
"LINESTRING (-1094 5419, -982 5236)",xf_3175_to_3176_1_2winding_transformer_merged_with_line_3175_to_3482_1_cp,bus_3176,bus_3482,true
"LINESTRING (-2609 -831, -2669 -784)",xf_4197_to_4374_1_2winding_transformer,bus_4197,bus_4374,true
"LINESTRING (-2137 -3869, -2189 -3543)",line_4264_to_4268_1_cp,bus_4258,bus_4268,false
"LINESTRING (493 4108, 552 4200)",xf_3137_to_3139_2_2winding_transformer,bus_3137,bus_3139,true
"LINESTRING (-1296 4156, -1177 4045)",line_3021_to_3475_1_cp,bus_3021,bus_3475,false
"LINESTRING (156 -160, 73 -156)",xf_1428_to_1501_3_2winding_transformer,bus_1428,bus_1501,true
"LINESTRING (814 -6003, 423 -6111)",xf_5157_to_5236_2_2winding_transformer,bus_5155,bus_5236,true
"LINESTRING (-1229 -2017, -1258 -2001)",xf_4215_to_4390_2_2winding_transformer,bus_4215,bus_4390,true
"LINESTRING (904 -5344, 1031 -5503)",line_5153_to_5170_1_cp,bus_5150,bus_5170,false
"LINESTRING (765 -5745, 762 -5772)",xf_5050_to_5179_2_2winding_transformer,bus_5050,bus_5179,true
"LINESTRING (1253 -4202, 1263 -4302)",xf_2143_to_2038_3_2winding_transformer,bus_2143,bus_2038,true
"LINESTRING (-1503 6658, -1564 6890)",line_3584_to_3597_2_cp,bus_3584,bus_3597,false
"LINESTRING (-918 4796, -911 4889)",xf_3550_to_3418_2_2winding_transformer,bus_3550,bus_3418,true
"LINESTRING (-995 3510, -944 3422)",line_3203_to_3496_3_cp,bus_3203,bus_3496,false
"LINESTRING (-3288 -1647, -3039 -1644)",xf_4165_to_4111_2_2winding_transformer,bus_4165,bus_4111,true
"LINESTRING (-1736 6747, -1863 6796)",line_3516_to_3628_1_cp,bus_3516,bus_3628,false
"LINESTRING (-759 5917, -751 6043)",xf_3201_to_3202_2_2winding_transformer,bus_3201,bus_3202,true
"LINESTRING (825 368, 915 383)",xf_1099_to_1019_5_2winding_transformer,bus_1099,bus_1019,true
"LINESTRING (52 3029, -26 3018)",xf_3333_3336_3335_3_3winding_transformer_br3,bus_3335,starbus_xf_3333_3336_3335_3,true
"LINESTRING (263 -555, 355 -490)",xf_1433_to_1626_1_2winding_transformer,bus_1433,bus_1626,true
"LINESTRING (2721 2689, 2833 2717)",line_1594_to_1601_1_cp,bus_1594,bus_1601,false
"LINESTRING (-491 -2732, -707 -2550)",line_2196_to_4151_1_cp,bus_2196,bus_4101,false
"LINESTRING (-1983 -3864, -1938 -3768)",xf_4244_to_4424_1_2winding_transformer,bus_4225,bus_4424,true
"LINESTRING (-1006 2471, -1147 2506)",line_3134_to_3633_2_cp,bus_3134,bus_3633,false
"LINESTRING (-1452 -3242, -1550 -3288)",xf_4310_to_4468_1_2winding_transformer_merged_with_line_4310_to_4316_1_cp,bus_4468,bus_4261,true
"LINESTRING (1139 -6349, 1122 -6320)",xf_5112_to_5214_2_2winding_transformer,bus_5087,bus_5214,true
"LINESTRING (324 -3947, 314 -4087)",line_2236_to_2238_1_cp,bus_2236,bus_2238,false
"LINESTRING (-2004 -2596, -2143 -2100)",Dec1_line_4112_to_4124_1_dec,bus_4112,bus_4094,false
"LINESTRING (-714 4483, -918 4796)",line_3598_to_3608_1_cp,bus_3598,bus_3550,false
"LINESTRING (-1005 3251, -938 3182)",line_3131_to_3534_1_cp,bus_3131,bus_3534,false
"LINESTRING (149 -3261, 453 -3333)",line_2203_to_2208_1_cp,bus_2203,bus_2208,false
"LINESTRING (-1392 4828, -1335 5018)",xf_3646_to_3122_1_2winding_transformer,bus_3157,bus_3122,true
"LINESTRING (-2650 -1357, -2628 -1613)",xf_4171_to_4115_1_2winding_transformer,bus_4171,bus_4115,true
"LINESTRING (-1090 4415, -1195 4623)",line_3476_to_3627_1_cp,bus_3476,bus_3233,false
"LINESTRING (997 1100, 1053 1146)",xf_1153_to_1201_1_2winding_transformer,bus_1153,bus_1201,true
"LINESTRING (1079 -5510, 1015 -5530)",xf_5147_to_5230_1_2winding_transformer,bus_5147,bus_5230,true
"LINESTRING (493 4108, 528 4209)",xf_3137_to_3138_1_2winding_transformer,bus_3137,bus_3138,true
"LINESTRING (-1218 5893, -1204 5918)",line_3063_to_3169_1_cp,bus_3002,bus_3169,false
"LINESTRING (-1392 4828, -1407 5020)",xf_3637_to_3420_4_2winding_transformer,bus_3157,bus_3420,true
"LINESTRING (955 -3011, 1089 -3056)",xf_2153_to_2060_1_2winding_transformer,bus_2107,bus_2060,true
"LINESTRING (313 384, 3 451)",xf_1495_to_1653_2_2winding_transformer,bus_1191,bus_1653,true
"LINESTRING (2398 -1573, 2279 -1561)",line_1208_to_1293_1_cp,bus_1208,bus_1293,false
"LINESTRING (433 -2941, 260 -3033)",xf_1217_to_1606_1_2winding_transformer,bus_1217,bus_1007,true
"LINESTRING (629 -2952, 637 -3026)",xf_2169_to_2275_1_2winding_transformer,bus_2169,bus_2275,true
"LINESTRING (-2378 -1162, -2540 -632)",line_4164_to_4191_1_pi_merged_with_xf_4164_to_4350_1_2winding_transformer,bus_4190,bus_4350,true
"LINESTRING (714 507, 687 561)",xf_1090_to_1004_6_2winding_transformer,bus_1090,bus_1004,true
"LINESTRING (-1880 -2134, -1922 -2096)",xf_4321_to_4478_2_2winding_transformer,bus_4321,bus_4478,true
"LINESTRING (-918 5722, -890 5735)",xf_3065_to_3066_2_2winding_transformer,bus_3001,bus_3066,true
"LINESTRING (-1827 -2251, -1945 -2363)",line_4319_to_4320_2_cp,bus_4319,bus_4320,false
"LINESTRING (-2243 -2743, -2169 -2688)",xf_4031_4028_4027_2_3winding_transformer_br3,bus_4027,starbus_xf_4031_4028_4027_2,true
"LINESTRING (-2063 -3911, -2063 -3911)",xf_4257_4379_4434_3_3winding_transformer_br1,bus_4257,starbus_xf_4257_4379_4434_3,true
"LINESTRING (-281 -3625, -314 -3692)",xf_2342_to_2055_4_2winding_transformer,bus_2342,bus_2055,true
"LINESTRING (-1006 2471, -843 2502)",line_3134_to_3340_1_cp,bus_3134,bus_3340,false
"LINESTRING (368 -101, 518 61)",line_1155_to_1157_1_cp,bus_1155,bus_1157,false
"LINESTRING (901 1394, 926 1474)",xf_1336_to_1592_3_2winding_transformer,bus_1336,bus_1592,true
"LINESTRING (985 -570, 912 -715)",line_1105_to_1119_1_cp,bus_1105,bus_1119,false
"LINESTRING (-1884 -2362, -2087 -2335)",xf_4294_to_4457_5_2winding_transformer,bus_4296,bus_4457,true
"LINESTRING (820 1294, 901 1394)",line_1183_to_1336_1_cp,bus_1183,bus_1336,false
"LINESTRING (2832 2870, 2829 2850)",xf_1617_1027_1619_2_3winding_transformer_br3,bus_1619,starbus_xf_1617_1027_1619_2,true
"LINESTRING (2600 -1798, 2611 -1775)",xf_1408_to_1615_1_2winding_transformer,bus_1137,bus_1615,true
"LINESTRING (264 -3628, 380 -3402)",line_2105_to_2108_1_cp,bus_2105,bus_2108,false
"LINESTRING (2000 2110, 1986 1943)",line_1331_to_1402_1_cp,bus_1331,bus_1402,false
"LINESTRING (971 -5848, 1051 -5654)",line_5168_to_5169_1_cp,bus_5168,bus_5169,false
"LINESTRING (406 416, 238 527)",xf_1134_to_1185_3_2winding_transformer,bus_1134,bus_1185,true
"LINESTRING (816 -2090, 889 -1977)",line_1317_to_1497_1_cp,bus_1317,bus_1497,false
"LINESTRING (-668 4073, -611 4070)",line_3311_to_3636_1_cp,bus_3311,bus_3319,false
"LINESTRING (771 -1954, 740 -1889)",xf_2191_2020_2021_7_3winding_transformer_br3,bus_2021,starbus_xf_2191_2020_2021_7,true
"LINESTRING (66 3102, 66 3102)",xf_3302_3304_3303_2_3winding_transformer_br1,bus_3302,starbus_xf_3302_3304_3303_2,true
"LINESTRING (-1884 -2362, -1894 -2326)",xf_4296_to_4459_4_2winding_transformer,bus_4296,bus_4459,true
"LINESTRING (66 3102, 66 3102)",xf_3302_3304_3303_1_3winding_transformer_br1,bus_3302,starbus_xf_3302_3304_3303_1,true
"LINESTRING (910 619, 825 368)",xf_1099_1100_1532_10_3winding_transformer_br2,bus_1100,starbus_xf_1099_1100_1532_10,true
"LINESTRING (1977 -1315, 1446 -1310)",xf_1165_to_1103_2_2winding_transformer,bus_1255,bus_1103,true
"LINESTRING (933 -3922, 966 -3987)",xf_2186_to_2093_2_2winding_transformer,bus_2186,bus_2093,true
"LINESTRING (-1211 6608, -1211 6608)",xf_3486_3561_3487_1_3winding_transformer_br1,bus_3486,starbus_xf_3486_3561_3487_1,true
"LINESTRING (-1886 -1930, -1918 -1872)",xf_4325_to_4480_1_2winding_transformer,bus_4325,bus_4480,true
"LINESTRING (-139 3745, -55 3789)",line_3501_to_3508_1_pi_merged_with_xf_3508_to_3427_6_2winding_transformer,bus_3500,bus_3427,true
"LINESTRING (995 -6295, 963 -6343)",xf_5091_to_5237_1_2winding_transformer,bus_5091,bus_5237,true
"LINESTRING (-1013 3992, -852 4136)",xf_3481_to_3479_4_2winding_transformer_merged_with_line_3314_to_3481_2_cp,bus_3479,bus_3314,true
"LINESTRING (1135 -792, 1145 -823)",line_1459_to_1472_2_cp,bus_1459,bus_1472,false
"LINESTRING (1393 1164, 1770 1218)",line_1544_to_1603_1_pi,bus_1544,bus_1602,false
"LINESTRING (-1005 3251, -885 3246)",line_3131_to_3519_1_cp,bus_3131,bus_3519,false
"LINESTRING (711 -5677, 627 -5695)",line_5215_to_5220_3_cp,bus_5215,bus_5220,false
"LINESTRING (1429 -4466, 1404 -4399)",xf_2310_to_2344_6_2winding_transformer,bus_2310,bus_2344,true
"LINESTRING (952 -714, 1095 -676)",xf_1530_to_1610_2_2winding_transformer,bus_1530,bus_1610,true
"LINESTRING (-2561 -1437, -2622 -1418)",xf_4174_to_4227_3_2winding_transformer,bus_4174,bus_4227,true
"LINESTRING (-1059 2437, -1006 2471)",xf_3134_3135_3136_2_3winding_transformer_br2,bus_3135,starbus_xf_3134_3135_3136_2,true
"LINESTRING (-2561 -1437, -2525 -1301)",line_4174_to_4200_1_cp,bus_4174,bus_4200,false
"LINESTRING (-1250 6362, -1070 5934)",connection Q4,bus_3561,bus_3591,false
"LINESTRING (989 -639, 1032 -710)",xf_1282_to_1577_4_2winding_transformer,bus_1282,bus_1577,true
"LINESTRING (2504 2612, 2721 2689)",xf_1347_to_1594_3_2winding_transformer,bus_1347,bus_1594,true
"LINESTRING (-945 3336, -1030 3422)",line_3222_to_3226_1_cp,bus_3222,bus_3226,false
"LINESTRING (723 -891, 407 -1151)",line_1177_to_1384_1_cp_merged_with_xf_1384_to_1383_1_2winding_transformer,bus_1177,bus_1383,true
"LINESTRING (1046 -5556, 1155 -5495)",xf_5146_to_5010_1_2winding_transformer_merged_with_line_5146_to_5149_1_cp,bus_5010,bus_5149,true
"LINESTRING (-1094 -2136, -1119 -2113)",xf_4217_to_4391_1_2winding_transformer,bus_4217,bus_4391,true
"LINESTRING (1193 -5956, 1291 -6185)",line_5082_to_5116_2_cp_merged_with_line_5082_to_5223_2_cp,bus_5116,bus_5223,false
"LINESTRING (915 -6284, 944 -6257)",xf_5238_to_5225_2C_2winding_transformer,bus_5238,bus_5225,true
"LINESTRING (2049 -1463, 2279 -1561)",line_1204_to_1293_1_cp,bus_1204,bus_1293,false
"LINESTRING (-1467 7293, -1556 7407)",line_3083_to_3182_1_cp,bus_3083,bus_3180,false
"LINESTRING (-2992 -1827, -2924 -1824)",xf_4049_to_4372_2_2winding_transformer,bus_4049,bus_4372,true
"LINESTRING (-2616 -1803, -2383 -1796)",line_4002_to_4154_1_cp,bus_4002,bus_4154,false
"LINESTRING (-989 3482, -1033 3534)",xf_3204_to_3206_2_2winding_transformer,bus_3204,bus_3206,true
"LINESTRING (2751 2808, 2829 2850)",xf_1617_1027_1619_2_3winding_transformer_br2,bus_1027,starbus_xf_1617_1027_1619_2,true
"LINESTRING (1368 -4310, 1404 -4399)",xf_2260_to_2344_3_2winding_transformer,bus_2260,bus_2344,true
"LINESTRING (-1893 -2668, -1915 -2749)",xf_4307_to_4466_1_2winding_transformer,bus_4307,bus_4466,true
"LINESTRING (-62 -589, -163 -667)",line_1519_to_1521_2_cp,bus_1519,bus_1521,false
"LINESTRING (1753 -2399, 1681 -2347)",xf_1587_1328_1067_1_3winding_transformer_br2,bus_1328,starbus_xf_1587_1328_1067_1,true
"LINESTRING (-2627 -1902, -2757 -1977)",xf_4114_to_4363_1_2winding_transformer,bus_4114,bus_4363,true
"LINESTRING (937 -3740, 933 -3922)",line_2164_to_2186_2_cp,bus_2164,bus_2186,false
"LINESTRING (554 -7, 368 -101)",line_1123_to_1155_1_cp,bus_1123,bus_1155,false
"LINESTRING (-2056 -2473, -1884 -2362)",line_4281_to_4297_1_cp,bus_4280,bus_4296,false
"LINESTRING (178 981, 243 911)",xf_1430_1502_1543_2_3winding_transformer_br2,bus_1502,starbus_xf_1430_1502_1543_2,true
"LINESTRING (2426 -1595, 2279 -1561)",line_1108_to_1293_1_cp,bus_1108,bus_1293,false
"LINESTRING (-1782 -2384, -1751 -2289)",line_4142_to_4146_1_cp,bus_4137,bus_4142,false
"LINESTRING (-411 2737, -357 2729)",xf_3322_to_3323_1_2winding_transformer,bus_3322,bus_3323,true
"LINESTRING (-2009 -3012, -1970 -3309)",Dec16_line_4226_to_4243_2_dec,bus_4226,bus_4243,false
"LINESTRING (854 -3647, 860 -3741)",xf_2168_to_2274_1_2winding_transformer,bus_2168,bus_2274,true
"LINESTRING (-3041 -1585, -3038 -1544)",xf_4163_to_4349_2_2winding_transformer,bus_4089,bus_4349,true
"LINESTRING (-65 3166, -17 3237)",xf_3402_to_3403_2_2winding_transformer,bus_3402,bus_3403,true
"LINESTRING (-390 2893, -478 2930)",xf_3337_to_3339_1_2winding_transformer_merged_with_line_3337_to_3471_1_cp,bus_3339,bus_3471,true
"LINESTRING (-915 4345, -714 4483)",line_3549_to_3598_1_cp,bus_3549,bus_3598,false
"LINESTRING (-334 403, -422 428)",xf_1627_to_1574_2_2winding_transformer,bus_1627,bus_1574,true
"LINESTRING (-1250 6362, -1211 6608)",xf_3486_3561_3487_1_3winding_transformer_br2,bus_3561,starbus_xf_3486_3561_3487_1,true
"LINESTRING (2721 2689, 2806 2717)",line_1594_to_1658_1_cp,bus_1594,bus_1658,false
"LINESTRING (-2527 -1019, -2609 -831)",line_4196_to_4197_1_cp,bus_4196,bus_4197,false
"LINESTRING (1222 -5533, 1155 -5495)",line_5144_to_5149_1_cp,bus_5144,bus_5149,false
"LINESTRING (679 322, 644 526)",line_1144_to_1150_1_cp,bus_1066,bus_1150,false
"LINESTRING (346 -1233, 407 -1151)",xf_1014_to_1383_3_2winding_transformer,bus_1014,bus_1383,true
"LINESTRING (-1970 -3309, -1901 -3129)",line_4243_to_4335_1_cp,bus_4243,bus_4335,false
"LINESTRING (1179 1409, 991 1375)",line_1193_to_1262_1_cp,bus_1193,bus_1262,false
"LINESTRING (-837 5608, -822 5732)",xf_3483_3558_3485_2_3winding_transformer_br3,bus_3485,starbus_xf_3483_3558_3485_2,true
"LINESTRING (-3172 -1760, -3407 -1849)",xf_4181_to_4407_1_2winding_transformer,bus_4169,bus_4407,true
"LINESTRING (-1064 3231, -938 3182)",line_3231_to_3534_1_cp,bus_3231,bus_3534,false
"LINESTRING (-1695 -2902, -1720 -2989)",xf_4301_to_4463_2_2winding_transformer,bus_4301,bus_4463,true
"LINESTRING (159 5054, 233 5132)",xf_3051_to_3053_2_2winding_transformer,bus_3051,bus_3053,true
"LINESTRING (449 -4098, 411 -4225)",xf_2112_to_2221_4_2winding_transformer,bus_2104,bus_2221,true
"LINESTRING (1479 -4485, 1442 -4399)",line_2245_to_2254_2_cp,bus_2245,bus_2254,false
"LINESTRING (-2474 -3181, -2543 -3249)",xf_4232_to_4409_2_2winding_transformer,bus_4232,bus_4409,true
"LINESTRING (1051 -5654, 1031 -5503)",line_5169_to_5170_1_cp,bus_5169,bus_5170,false
"LINESTRING (715 -6409, 643 -6447)",xf_5101_to_5208_1_2winding_transformer,bus_5101,bus_5208,true
"LINESTRING (-2378 -1162, -2527 -1019)",line_4190_to_4196_1_cp,bus_4190,bus_4196,false
"LINESTRING (703 45, 828 -241)",line_1093_to_1140_1_cp,bus_1093,bus_1140,false
"LINESTRING (-2378 -1162, -2249 -1373)",line_4190_to_4193_1_cp,bus_4190,bus_4193,false
"LINESTRING (528 -55, 473 -20)",xf_1200_to_1560_5_2winding_transformer,bus_1200,bus_1560,true
"LINESTRING (887 -2086, 863 -2165)",line_1168_to_1292_1_cp,bus_1168,bus_1292,false
"LINESTRING (-1720 -2576, -1827 -2251)",line_4308_to_4319_1_cp,bus_4300,bus_4319,false
"LINESTRING (-2616 -1803, -2836 -1815)",line_4002_to_4109_1_cp,bus_4002,bus_4109,false
"LINESTRING (955 -3011, 1082 -3101)",xf_2153_to_2061_2_2winding_transformer,bus_2107,bus_2061,true
"LINESTRING (-1165 4217, -1330 4261)",line_3532_to_3634_1_cp,bus_3532,bus_3634,false
"LINESTRING (1112 -5788, 1133 -5863)",line_5118_to_5121_1_cp,bus_5118,bus_5121,false
"LINESTRING (1222 -5533, 1267 -5579)",xf_5144_to_5008_1_2winding_transformer,bus_5144,bus_5008,true
"LINESTRING (3055 2923, 2982 2814)",line_1360_to_1362_1_cp_merged_with_xf_1362_to_1596_1_2winding_transformer,bus_1360,bus_1596,true
"LINESTRING (1434 -5510, 1501 -5533)",line_5063_to_5065_1_cp,bus_5063,bus_5065,false
"LINESTRING (-693 5928, -822 5732)",line_3108_to_3483_1_cp,bus_3108,bus_3483,false
"LINESTRING (1269 -521, 1527 -552)",line_1352_to_1486_1_cp,bus_1169,bus_1486,false
"LINESTRING (120 3768, -101 3634)",line_3024_to_3497_1_cp,bus_3024,bus_3497,false
"LINESTRING (149 -4060, 132 -4155)",line_2280_to_2283_1_cp,bus_2280,bus_2283,false
"LINESTRING (-3361 -1633, -3288 -1647)",line_4156_to_4165_1_cp,bus_4156,bus_4165,false
"LINESTRING (73 -156, 156 -160)",xf_1428_1501_1540_2_3winding_transformer_br2,bus_1501,starbus_xf_1428_1501_1540_2,true
"LINESTRING (-952 -2920, -921 -2853)",xf_4079_to_4074_4_2winding_transformer,bus_4079,bus_4074,true
"LINESTRING (-852 5607, -822 5732)",xf_3483_3558_3484_3_3winding_transformer_br3,bus_3484,starbus_xf_3483_3558_3484_3,true
"LINESTRING (1136 -1803, 1180 -1793)",xf_2139_to_2088_1_2winding_transformer,bus_2139,bus_2088,true
"LINESTRING (779 -1936, 740 -1889)",xf_2191_2023_2024_1_3winding_transformer_br3,bus_2024,starbus_xf_2191_2023_2024_1,true
"LINESTRING (778 -5332, 708 -5350)",line_5070_to_5127_1_cp,bus_5070,bus_5127,false
"LINESTRING (323 829, 294 913)",line_1261_to_1341_1_cp,bus_1261,bus_1341,false
"LINESTRING (-283 3067, -465 3045)",xf_3503_to_3570_1_2winding_transformer,bus_3344,bus_3570,true
"LINESTRING (-600 3049, -283 3067)",line_3545_to_3571_3_cp_merged_with_xf_3503_to_3571_2_2winding_transformer,bus_3545,bus_3344,true
"LINESTRING (927 -3297, 970 -3337)",xf_2287_to_2324_1_2winding_transformer,bus_2287,bus_2324,true
"LINESTRING (2504 2612, 2300 2524)",line_1347_to_1628_2_cp,bus_1347,bus_1173,false
"LINESTRING (2127 -1817, 1931 -1833)",connection N8,bus_1136,bus_1238,false
"LINESTRING (528 -55, 473 -20)",xf_1200_to_1560_6_2winding_transformer,bus_1200,bus_1560,true
"LINESTRING (-1586 -2960, -1578 -3039)",xf_4312_to_4470_1_2winding_transformer,bus_4312,bus_4470,true
"LINESTRING (1296 -332, 732 -450)",line_1271_to_1440_1_cp,bus_1269,bus_1189,false
"LINESTRING (1008 -5612, 1155 -5495)",line_5143_to_5149_2_cp,bus_5143,bus_5149,false
"LINESTRING (43 4965, 62 5064)",xf_3039_to_3040_2_2winding_transformer,bus_3039,bus_3040,true
"LINESTRING (-1895 6824, -2013 6902)",line_3094_to_3225_1_cp,bus_3094,bus_3225,false
"LINESTRING (380 -3402, 504 -3172)",line_2108_to_2125_1_cp,bus_2108,bus_2125,false
"LINESTRING (1112 -5788, 929 -5929)",line_5117_to_5118_1_cp_merged_with_line_5034_to_5242_1_cp_merged_with_xf_5117_to_5242_1_2winding_transformer,bus_5118,bus_5034,true
"LINESTRING (-906 4002, -853 3865)",line_3547_to_3556_1_cp,bus_3547,bus_3556,false
"LINESTRING (-2721 -2716, -2644 -2675)",xf_4038_4035_4036_2_3winding_transformer_br2,bus_4035,starbus_xf_4038_4035_4036_2,true
"LINESTRING (-2613 -2221, -2685 -2259)",xf_4343_to_4489_1_2winding_transformer,bus_4343,bus_4489,true
"LINESTRING (-1277 2249, -1302 2259)",line_3404_to_3473_2_cp,bus_3404,bus_3405,false
"LINESTRING (1138 -5920, 1131 -5961)",xf_5130_to_5221_1_2winding_transformer,bus_5130,bus_5221,true
"LINESTRING (-1687 7268, -1553 6892)",xf_3523_to_3596_2_2winding_transformer,bus_3329,bus_3596,true
"LINESTRING (-1880 -2134, -1922 -2096)",xf_4321_to_4478_1_2winding_transformer,bus_4321,bus_4478,true
"LINESTRING (574 -3521, 464 -3836)",xf_2201_to_2146_3_2winding_transformer,bus_2201,bus_2146,true
"LINESTRING (-1137 2866, -951 2806)",line_3214_to_3491_1_cp,bus_3214,bus_3074,false
"LINESTRING (-1013 6597, -1211 6608)",line_3096_to_3486_1_cp,bus_3096,bus_3486,false
"LINESTRING (-1522 -3231, -1519 -3336)",xf_4314_to_4472_2_2winding_transformer,bus_4314,bus_4472,true
"LINESTRING (-744 2835, -747 2974)",line_3589_to_3610_2_cp,bus_3589,bus_3601,false
"LINESTRING (-1207 3092, -1306 3114)",xf_3129_to_3130_1_2winding_transformer,bus_3129,bus_3130,true
"LINESTRING (910 619, 824 420)",line_1100_to_1133_1_cp,bus_1100,bus_1133,false
"LINESTRING (-535 5511, -653 5533)",line_3119_to_3120_1_pi_merged_with_xf_3119_to_3447_1_2winding_transformer,bus_3120,bus_3447,true
"LINESTRING (1269 -521, 1237 -445)",line_1169_to_1221_1_cp,bus_1169,bus_1221,false
"LINESTRING (-1177 4045, -906 4002)",xf_3475_to_3547_1_2winding_transformer,bus_3475,bus_3547,true
"LINESTRING (-1347 2481, -1456 2485)",xf_3386_to_3387_3_2winding_transformer,bus_3386,bus_3387,true
"LINESTRING (-1013 6597, -881 6734)",line_3096_to_3209_3_cp,bus_3096,bus_3209,false
"LINESTRING (900 -4034, 924 -3962)",line_2138_to_2163_1_cp,bus_2136,bus_2121,false
"LINESTRING (978 -738, 1020 -850)",xf_1125_to_1181_3_2winding_transformer,bus_1125,bus_1181,true
"LINESTRING (-1482 4608, -1368 4590)",line_3184_to_3263_1_cp,bus_3184,bus_3263,false
"LINESTRING (-2167 -3336, -2134 -3081)",line_4255_to_4292_1_cp,bus_4255,bus_4292,false
"LINESTRING (1115 -484, 1168 -486)",xf_1461_to_1553_3_2winding_transformer,bus_1461,bus_1553,true
"LINESTRING (-670 558, -473 449)",xf_1657_to_1086_3_2winding_transformer_merged_with_line_1369_to_1657_3_cp,bus_1086,bus_1369,true
"LINESTRING (-1791 4951, -1667 5002)",line_3030_to_3216_1_pi_merged_with_xf_3030_to_3032_1_2winding_transformer,bus_3220,bus_3032,true
"LINESTRING (-52 1424, -1124 2030)",xf_1218_to_1651_2_2winding_transformer,bus_1218,bus_1651,true
"LINESTRING (1660 -1072, 1563 -1055)",xf_1023_to_1564_4_2winding_transformer,bus_1023,bus_1564,true
"LINESTRING (-2456 -2217, -2522 -2247)",xf_4235_to_4417_1_2winding_transformer,bus_4235,bus_4417,true
"LINESTRING (829 -3277, 803 -3560)",line_2122_to_2181_1_cp,bus_2122,bus_2181,false
"LINESTRING (1451 -1534, 1369 -1490)",xf_1148_1079_1080_4_3winding_transformer_br2,bus_1079,starbus_xf_1148_1079_1080_4,true
"LINESTRING (729 -3348, 453 -3333)",line_2207_to_2208_2_cp,bus_2207,bus_2208,false
"LINESTRING (-1736 6747, -1503 6658)",xf_3516_to_3584_2_2winding_transformer,bus_3516,bus_3584,true
"LINESTRING (-1503 6658, -1736 6747)",xf_3516_3584_3517_1_3winding_transformer_br2,bus_3584,starbus_xf_3516_3584_3517_1,true
"LINESTRING (-335 3514, -613 3347)",line_3568_to_3593_1_cp,bus_3568,bus_3593,false
"LINESTRING (858 -1966, 889 -1977)",line_1480_to_1497_1_cp,bus_1480,bus_1497,false
"LINESTRING (82 758, 1 805)",xf_1458_to_1636_1_2winding_transformer,bus_1458,bus_1636,true
"LINESTRING (-172 5490, -419 5506)",line_3061_to_3492_2_cp,bus_3000,bus_3149,false
"LINESTRING (-914 -2821, -898 -2745)",xf_4220_4074_4498_3_3winding_transformer_br3,bus_4498,starbus_xf_4220_4074_4498_3,true
"LINESTRING (2044 2249, 2131 2306)",xf_1312_to_1584_2_2winding_transformer,bus_1312,bus_1584,true
"LINESTRING (1977 -1315, 1861 -1281)",line_1165_to_1449_2_cp,bus_1255,bus_1449,false
"LINESTRING (734 -379, 467 -265)",line_1130_to_1245_3_cp_merged_with_line_1245_to_1340_3_cp,bus_1130,bus_1374,false
"LINESTRING (515 156, 645 137)",line_1224_to_1236_1_cp,bus_1224,bus_1236,false
"LINESTRING (313 384, 244 419)",line_1191_to_1253_1_cp,bus_1191,bus_1253,false
"LINESTRING (-1522 -3231, -1519 -3336)",xf_4314_to_4472_1_2winding_transformer,bus_4314,bus_4472,true
"LINESTRING (897 993, 1058 1182)",line_1132_to_1146_2_cp,bus_1132,bus_1146,false
"LINESTRING (-2757 -1977, -2914 -2084)",line_4362_to_4363_1_pi_merged_with_xf_4362_to_4019_2_2winding_transformer,bus_4363,bus_4019,true
"LINESTRING (-929 -2573, -897 -2567)",xf_4218_4392_4496_1_3winding_transformer_br3,bus_4496,starbus_xf_4218_4392_4496_1,true
"LINESTRING (-1965 -2388, -2075 -2558)",xf_4135_to_4276_2_2winding_transformer,bus_4135,bus_4276,true
"LINESTRING (1025 4232, 1094 4307)",xf_3536_to_3127_1_2winding_transformer,bus_3536,bus_3127,true
"LINESTRING (2865 2748, 2909 2742)",line_1595_to_1598_1_cp,bus_1595,bus_1598,false
"LINESTRING (120 -4188, 149 -4060)",line_2219_to_2280_1_cp,bus_2219,bus_2280,false
"LINESTRING (715 -6409, 677 -6458)",xf_5101_to_5209_2_2winding_transformer,bus_5101,bus_5209,true
"LINESTRING (89 -202, 3 -187)",xf_1263_to_1568_1_2winding_transformer,bus_1263,bus_1568,true
"LINESTRING (-1218 5893, -1234 5910)",line_3063_to_3262_1_cp,bus_3002,bus_3262,false
"LINESTRING (995 -6295, 963 -6343)",xf_5091_to_5237_3_2winding_transformer,bus_5091,bus_5237,true
"LINESTRING (991 1375, 901 1394)",line_1262_to_1336_1_cp,bus_1262,bus_1336,false
"LINESTRING (-1884 -2362, -1997 -2284)",line_4294_to_4295_1_cp,bus_4296,bus_4295,false
"LINESTRING (1984 2351, 2300 2524)",xf_1116_to_1628_2_2winding_transformer,bus_1116,bus_1173,true
"LINESTRING (837 -2208, 814 -2288)",xf_1297_to_1507_1_2winding_transformer,bus_1297,bus_1507,true
"LINESTRING (816 -2090, 671 -2297)",xf_1317_to_1586_3_2winding_transformer,bus_1317,bus_1318,true
"LINESTRING (1725 -5846, 1877 -5949)",xf_5137_to_5048_1_2winding_transformer,bus_5137,bus_5000,true
"LINESTRING (-560 5289, -704 5136)",line_3565_to_3569_1_cp,bus_3565,bus_3569,false
"LINESTRING (863 -2112, 858 -1966)",line_1308_to_1480_1_cp,bus_1308,bus_1480,false
"LINESTRING (135 -454, -38 -133)",line_1258_to_1422_1_cp,bus_1258,bus_1409,false
"LINESTRING (405 3966, 485 4116)",line_3261_to_3278_2_cp,bus_3261,bus_3278,false
"LINESTRING (-1302 2259, -981 2560)",xf_3473_to_3546_2_2winding_transformer,bus_3405,bus_3546,true
"LINESTRING (-668 4073, -661 4211)",xf_3393_to_3394_2_2winding_transformer,bus_3311,bus_3394,true
"LINESTRING (-2428 -1596, -2402 -1656)",xf_4104_4043_4044_3_3winding_transformer_br2,bus_4043,starbus_xf_4104_4043_4044_3,true
"LINESTRING (828 -241, 732 -450)",xf_1140_to_1189_3_2winding_transformer,bus_1140,bus_1189,true
"LINESTRING (105 -3527, 94 -3685)",line_2239_to_2240_2_cp,bus_2239,bus_2240,false
"LINESTRING (-918 4796, -963 4900)",line_3552_to_3608_5_cp_merged_with_xf_3552_to_3422_4_2winding_transformer,bus_3550,bus_3422,true
"LINESTRING (-2009 -3012, -1965 -3341)",Dec19_line_4226_to_4327_1_dec,bus_4226,bus_4252,false
"LINESTRING (-1147 2506, -1266 2451)",line_3365_to_3511_5_pi_merged_with_xf_3633_to_3511_6_2winding_transformer,bus_3633,bus_3365,true
"LINESTRING (703 45, 597 315)",line_1093_to_1138_1_cp,bus_1093,bus_1138,false
"LINESTRING (-1147 2506, -1382 2533)",xf_3633_to_3515_3_2winding_transformer,bus_3633,bus_3366,true
"LINESTRING (765 -2329, 713 -2244)",xf_2195_2293_2332_1_3winding_transformer_br3,bus_2332,starbus_xf_2195_2293_2332_1,true
"LINESTRING (-2868 -465, -2700 -678)",xf_4199_to_4423_2A_2winding_transformer_merged_with_line_4198_to_4199_1_cp,bus_4423,bus_4198,true
"LINESTRING (-704 5136, -570 4803)",line_3569_to_3640_2_cp,bus_3569,bus_3640,false
"LINESTRING (641 962, 668 1050)",xf_1287_to_1547_2_2winding_transformer,bus_1287,bus_1547,true
"LINESTRING (-1884 -2362, -1913 -2399)",xf_4296_to_4381_1_2winding_transformer,bus_4296,bus_4381,true
"LINESTRING (-1218 5893, -1247 5882)",line_3063_to_3164_1_cp,bus_3002,bus_3164,false
"LINESTRING (-2234 -3018, -2291 -2954)",line_4266_to_4275_1_cp,bus_4266,bus_4275,false
"LINESTRING (-1601 -3380, -1608 -3485)",xf_4305_to_4465_2_2winding_transformer,bus_4305,bus_4465,true
"LINESTRING (411 -4225, 426 -4322)",line_2221_to_2294_1_cp,bus_2221,bus_2294,false
"LINESTRING (824 420, 966 371)",xf_1133_to_1184_2_2winding_transformer,bus_1133,bus_1184,true
"LINESTRING (-1006 2471, -1147 2506)",line_3134_to_3633_1_cp,bus_3134,bus_3633,false
"LINESTRING (1233 -6112, 1193 -5956)",line_5081_to_5116_1_cp,bus_5080,bus_5116,false
"LINESTRING (430 -4263, 449 -4098)",line_2210_to_2212_1_pi_merged_with_xf_2104_to_2212_1_2winding_transformer,bus_2210,bus_2104,true
"LINESTRING (597 315, 567 -53)",xf_1138_to_1186_1_2winding_transformer,bus_1138,bus_1186,true
"LINESTRING (1291 -6185, 1281 -6229)",xf_5223_to_5023_2_2winding_transformer,bus_5223,bus_5023,true
"LINESTRING (924 -3962, 941 -4072)",xf_2121_to_2231_2_2winding_transformer,bus_2121,bus_2231,true
"LINESTRING (-2004 -2596, -2044 -2666)",xf_4112_to_4058_1_2winding_transformer,bus_4112,bus_4058,true
"LINESTRING (-2980 -1919, -3051 -1943)",xf_4357_to_4014_6_2winding_transformer,bus_4357,bus_4014,true
"LINESTRING (-2396 -2385, -2466 -2423)",xf_4236_to_4418_2_2winding_transformer,bus_4236,bus_4418,true
"LINESTRING (1281 -6304, 1311 -6355)",xf_5083_to_5030_1_2winding_transformer,bus_5083,bus_5030,true
"LINESTRING (2576 2235, 2806 2270)",line_1607_to_1609_1_cp_merged_with_xf_1609_to_1016_2_2winding_transformer,bus_1607,bus_1016,true
"LINESTRING (1363 1597, 1626 1705)",xf_1145_to_1192_3_2winding_transformer,bus_1145,bus_1192,true
"LINESTRING (-944 3422, -816 3268)",line_3496_to_3623_1_cp,bus_3496,bus_3623,false
"LINESTRING (-867 -2792, -898 -2745)",xf_4220_4394_4497_1_3winding_transformer_br3,bus_4497,starbus_xf_4220_4394_4497_1,true
"LINESTRING (-2527 -1019, -2580 -975)",xf_4196_to_4242_1_2winding_transformer,bus_4196,bus_4242,true
"LINESTRING (-1147 2506, -1266 2451)",xf_3633_to_3641_7_2winding_transformer,bus_3633,bus_3365,true
"LINESTRING (1986 1943, 1832 1817)",line_1402_to_1423_1_cp,bus_1402,bus_1423,false
"LINESTRING (1322 -618, 989 -639)",line_1220_to_1471_1_cp_merged_with_line_1279_to_1282_2_pi_merged_with_line_1279_to_1471_1_cp,bus_1219,bus_1282,false
"LINESTRING (984 -3929, 924 -3962)",line_2118_to_2121_1_cp,bus_2118,bus_2121,false
"LINESTRING (2110 -1334, 2161 -1359)",line_1237_to_1288_1_cp,bus_1237,bus_1288,false
"LINESTRING (-918 5722, -673 5521)",line_3065_to_3167_1_cp,bus_3001,bus_3167,false
"LINESTRING (-511 5376, -453 5410)",xf_3492_3565_3495_1_3winding_transformer_br3,bus_3495,starbus_xf_3492_3565_3495_1,true
"LINESTRING (569 4242, 631 4333)",line_3279_to_3280_2_cp,bus_3279,bus_3280,false
"LINESTRING (1491 2184, 1823 2202)",xf_1095_to_1159_4_2winding_transformer,bus_1011,bus_1159,true
"LINESTRING (1179 1409, 1264 1484)",line_1193_to_1356_1_cp,bus_1193,bus_1356,false
"LINESTRING (1022 -1940, 1098 -2068)",line_1229_to_1249_1_cp,bus_1229,bus_1249,false
"LINESTRING (-1005 3251, -1085 3311)",xf_3131_to_3133_2_2winding_transformer,bus_3131,bus_3133,true
"LINESTRING (828 -241, 679 -116)",line_1140_to_1152_1_cp,bus_1140,bus_1152,false
"LINESTRING (-147 4530, -314 4388)",xf_3580_to_3430_1_2winding_transformer_merged_with_line_3573_to_3580_1_cp,bus_3430,bus_3573,true
"LINESTRING (673 -588, 787 -513)",line_1254_to_1457_1_cp,bus_1254,bus_1338,false
"LINESTRING (-422 2700, -479 2780)",line_3378_to_3504_2_cp,bus_3378,bus_3504,false
"LINESTRING (970 -1623, 989 -1679)",xf_1061_to_1083_1_2winding_transformer,bus_1061,bus_1083,true
"LINESTRING (1404 -1052, 1446 -1310)",line_1102_to_1103_1_cp,bus_1102,bus_1103,false
"LINESTRING (-1608 2122, -1443 2173)",line_3306_to_3441_1_cp,bus_3306,bus_3441,false
"LINESTRING (-2182 -3328, -2189 -3543)",line_4267_to_4268_1_cp,bus_4267,bus_4268,false
"LINESTRING (795 -151, 880 -123)",xf_1112_to_1538_1_2winding_transformer,bus_1112,bus_1538,true
"LINESTRING (-1258 4095, -1177 4045)",line_3173_to_3475_1_cp,bus_3173,bus_3475,false
"LINESTRING (-951 2806, -1029 2801)",xf_3074_to_3075_2_2winding_transformer,bus_3074,bus_3075,true
"LINESTRING (-388 -2854, -277 -2958)",xf_2200_2196_2304_3_3winding_transformer_br3,bus_2304,starbus_xf_2200_2196_2304_3,true
"LINESTRING (1113 -471, 1168 -486)",xf_1460_to_1553_4_2winding_transformer,bus_1460,bus_1553,true
"LINESTRING (-1334 6180, -1435 6262)",line_3172_to_3626_2_cp,bus_3172,bus_3626,false
"LINESTRING (-1425 4091, -1363 4082)",line_3174_to_3542_1_cp,bus_3174,bus_3542,false
"LINESTRING (-2734 -1292, -2798 -1260)",line_4364_to_4365_1_pi,bus_4364,bus_4365,false
"LINESTRING (293 -3086, 260 -3033)",xf_1010_to_1606_4_2winding_transformer,bus_1010,bus_1007,true
"LINESTRING (1958 2291, 2031 2351)",line_1164_to_1335_1_cp,bus_1164,bus_1335,false
"LINESTRING (1958 2291, 2018 2379)",xf_1164_to_1535_3_2winding_transformer,bus_1164,bus_1535,true
"LINESTRING (467 -265, 580 -475)",line_1340_to_1393_1_cp,bus_1374,bus_1393,false
"LINESTRING (2120 2328, 2120 2328)",xf_1273_1572_1573_1_3winding_transformer_br1,bus_1273,starbus_xf_1273_1572_1573_1,true
"LINESTRING (-2439 -3222, -2503 -3300)",xf_4274_to_4448_2_2winding_transformer,bus_4274,bus_4448,true
"LINESTRING (1017 -4276, 1031 -4245)",xf_2174_to_2279_3_2winding_transformer,bus_2140,bus_2279,true
"LINESTRING (830 -5662, 759 -5693)",xf_5113_to_5036_2_2winding_transformer,bus_5113,bus_5036,true
"LINESTRING (1335 1359, 1536 1414)",xf_1126_to_1182_2_2winding_transformer,bus_1126,bus_1182,true
"LINESTRING (2877 2867, 2977 2908)",line_1358_to_1593_1_cp,bus_1358,bus_1593,false
"LINESTRING (-2980 -1919, -2836 -1815)",xf_4109_4357_4358_1_3winding_transformer_br2,bus_4357,starbus_xf_4109_4357_4358_1,true
"LINESTRING (1128 -2184, 1098 -2068)",line_1247_to_1249_1_cp,bus_1247,bus_1249,false
"LINESTRING (-2013 6902, -2094 6974)",line_3225_to_3332_1_cp,bus_3225,bus_3332,false
"LINESTRING (-1970 -3309, -1996 -3550)",line_4243_to_4246_1_cp,bus_4243,bus_4246,false
"LINESTRING (-833 5026, -1221 5429)",connection Q5,bus_3557,bus_3432,false
"LINESTRING (679 322, 529 439)",xf_1144_to_1190_4_2winding_transformer,bus_1066,bus_1190,true
"LINESTRING (900 -3575, 927 -3645)",xf_2178_to_2285_3_2winding_transformer,bus_2178,bus_2285,true
"LINESTRING (-411 2737, -479 2780)",line_3322_to_3504_1_cp,bus_3322,bus_3504,false
"LINESTRING (1329 4401, 1432 4487)",line_3539_to_3540_1_cp,bus_3539,bus_3540,false
"LINESTRING (405 3966, 621 3932)",xf_3615_to_3537_2_2winding_transformer,bus_3261,bus_3615,true
"LINESTRING (614 -6127, 805 -6131)",line_5160_to_5162_1_cp,bus_5159,bus_5162,false
"LINESTRING (-587 3475, -559 3661)",line_3560_to_3578_2_cp_merged_with_xf_3578_to_3429_2_2winding_transformer,bus_3560,bus_3429,true
"LINESTRING (-1090 4415, -915 4345)",xf_3476_to_3549_2_2winding_transformer,bus_3476,bus_3549,true
"LINESTRING (937 -3740, 1104 -4052)",xf_2130_to_2241_1_2winding_transformer,bus_2164,bus_2241,true
"LINESTRING (-2561 -1437, -2622 -1418)",xf_4174_to_4227_1_2winding_transformer,bus_4174,bus_4227,true
"LINESTRING (-918 4796, -1050 4874)",line_3551_to_3608_4_cp_merged_with_xf_3551_to_3421_3_2winding_transformer,bus_3550,bus_3421,true
"LINESTRING (-3689 -1737, -3689 -1737)",xf_4160_4097_4400_2_3winding_transformer_br1,bus_4160,starbus_xf_4160_4097_4400_2,true
"LINESTRING (-2644 -2675, -2397 -2645)",line_4237_to_4240_1_cp,bus_4038,bus_4240,false
"LINESTRING (-758 4083, -877 4131)",line_3018_to_3312_1_cp,bus_3018,bus_3312,false
"LINESTRING (-1018 6497, -1013 6597)",line_3068_to_3096_1_cp,bus_3068,bus_3096,false
"LINESTRING (692 -193, 686 -221)",xf_1120_to_1548_2_2winding_transformer,bus_1120,bus_1548,true
"LINESTRING (1139 -6349, 1291 -6185)",line_5112_to_5223_1_cp,bus_5087,bus_5223,false
"LINESTRING (-1147 2506, -1266 2451)",xf_3633_to_3512_5_2winding_transformer,bus_3633,bus_3365,true
"LINESTRING (2213 2386, 2120 2328)",xf_1273_1572_1573_2_3winding_transformer_br2,bus_1572,starbus_xf_1273_1572_1573_2,true
"LINESTRING (1976 2090, 2052 2095)",xf_1334_to_1589_1_2winding_transformer,bus_1334,bus_1589,true
"LINESTRING (1770 1218, 1869 1222)",xf_1602_to_1088_1_2winding_transformer,bus_1602,bus_1088,true
"LINESTRING (2127 -1817, 1931 -1833)",line_1136_to_1238_1_cp,bus_1136,bus_1238,false
"LINESTRING (-611 4070, -614 4125)",line_3317_to_3636_1_pi_merged_with_xf_3317_to_3320_2_2winding_transformer,bus_3319,bus_3320,true
"LINESTRING (1296 -332, 1005 -407)",line_1272_to_1320_1_cp,bus_1269,bus_1320,false
"LINESTRING (-2063 -3911, -2030 -3754)",line_4257_to_4332_1_cp,bus_4257,bus_4332,false
"LINESTRING (-1886 -1930, -1897 -2008)",line_4325_to_4338_1_cp,bus_4325,bus_4338,false
"LINESTRING (-2719 -2698, -2644 -2675)",xf_4038_4035_4036_2_3winding_transformer_br3,bus_4036,starbus_xf_4038_4035_4036_2,true
"LINESTRING (621 -6620, 593 -6670)",xf_5109_to_5212_2_2winding_transformer,bus_5109,bus_5212,true
"LINESTRING (-1059 2437, -1006 2471)",xf_3134_3135_3136_1_3winding_transformer_br2,bus_3135,starbus_xf_3134_3135_3136_1,true
"LINESTRING (-544 2719, -580 2683)",xf_3163_to_3271_1_2winding_transformer,bus_3163,bus_3271,true
"LINESTRING (-1806 -942, -2132 -986)",xf_2355_to_4185_1_2winding_transformer,bus_2355,bus_4185,true
"LINESTRING (-2063 -3911, -2137 -3869)",line_4257_to_4258_1_cp,bus_4257,bus_4258,false
"LINESTRING (854 -3647, 849 -3735)",xf_2168_to_2273_4_2winding_transformer,bus_2168,bus_2273,true
"LINESTRING (405 3966, 485 4116)",line_3261_to_3278_1_cp,bus_3261,bus_3278,false
"LINESTRING (-2161 -1186, -2124 -1196)",line_4179_to_4180_1_cp,bus_4179,bus_4180,false
"LINESTRING (-1983 -3864, -1913 -3805)",line_4244_to_4245_2_cp,bus_4225,bus_4245,false
"LINESTRING (1876 1777, 1914 1815)",line_1226_to_1256_1_cp,bus_1226,bus_1256,false
"LINESTRING (-1606 3457, -1496 3449)",xf_3371_3372_3373_1_3winding_transformer_br3,bus_3373,starbus_xf_3371_3372_3373_1,true
"LINESTRING (-1150 4053, -1013 3992)",line_3072_to_3479_1_cp,bus_3072,bus_3479,false
"LINESTRING (927 -3297, 961 -3351)",xf_2287_to_2322_3_2winding_transformer,bus_2287,bus_2322,true
"LINESTRING (-2544 -1578, -2481 -1600)",xf_4047_to_4048_2_2winding_transformer,bus_4047,bus_4048,true
"LINESTRING (1051 -5654, 910 -5711)",line_5164_to_5169_4_cp_merged_with_xf_5164_to_5039_3_2winding_transformer,bus_5169,bus_5039,true
"LINESTRING (398 -61, 156 -160)",line_1179_to_1429_1_cp,bus_1179,bus_1428,false
"LINESTRING (-2148 -1243, -2161 -1186)",line_4178_to_4179_1_cp,bus_4178,bus_4179,false
"LINESTRING (177 -4137, 172 -4271)",xf_2100_to_2005_1_2winding_transformer,bus_2100,bus_2005,true
"LINESTRING (307 3563, 377 3571)",xf_3158_to_3439_2_2winding_transformer,bus_3158,bus_3439,true
"LINESTRING (-942 6940, -990 6975)",line_3276_to_3642_1_cp,bus_3276,bus_3642,false
"LINESTRING (629 -1107, 431 -841)",line_1296_to_1310_1_cp,bus_1296,bus_1310,false
"LINESTRING (1877 -5949, 1837 -5960)",xf_5048_to_5047_4_2winding_transformer,bus_5000,bus_5047,true
"LINESTRING (237 -3162, 237 -3162)",xf_2162_2271_2315_5_3winding_transformer_br1,bus_2162,starbus_xf_2162_2271_2315_5,true
"LINESTRING (1017 -4276, 1031 -4245)",xf_2174_to_2279_1_2winding_transformer,bus_2140,bus_2279,true
"LINESTRING (540 -4107, 669 -4017)",xf_2184_to_2291_4_2winding_transformer,bus_2111,bus_2291,true
"LINESTRING (-2098 -4013, -2063 -3911)",xf_4257_4379_4434_3_3winding_transformer_br3,bus_4434,starbus_xf_4257_4379_4434_3,true
"LINESTRING (1459 1657, 1516 1724)",xf_1473_to_1639_2_2winding_transformer,bus_1473,bus_1639,true
"LINESTRING (149 -3261, 340 -3787)",xf_2203_to_2154_1_2winding_transformer,bus_2203,bus_2128,true
"LINESTRING (-2798 -1260, -2772 -1272)",line_4365_to_4366_1_cp,bus_4365,bus_4366,false
"LINESTRING (1527 -552, 1498 -532)",line_1486_to_1604_1_cp,bus_1486,bus_1604,false
"LINESTRING (1977 -1315, 2113 -1416)",line_1295_to_1492_1_cp,bus_1255,bus_1306,false
"LINESTRING (-564 4081, -611 4070)",line_3354_to_3636_1_cp,bus_3354,bus_3319,false
"LINESTRING (1459 -1470, 1369 -1490)",xf_1148_1077_1078_3_3winding_transformer_br3,bus_1078,starbus_xf_1148_1077_1078_3,true
"LINESTRING (-560 5289, -453 5410)",xf_3492_3565_3494_2_3winding_transformer_br2,bus_3565,starbus_xf_3492_3565_3494_2,true
"LINESTRING (120 3768, 405 3966)",line_3024_to_3261_1_cp,bus_3024,bus_3261,false
"LINESTRING (1193 -5956, 1112 -5788)",line_5116_to_5118_3_cp,bus_5116,bus_5118,false
"LINESTRING (247 195, 287 140)",line_1230_to_1403_1_cp,bus_1230,bus_1403,false
"LINESTRING (-693 5928, -686 6022)",xf_3108_to_3110_1_2winding_transformer,bus_3108,bus_3110,true
"LINESTRING (-2794 -1647, -2628 -1613)",line_4107_to_4115_1_cp,bus_4107,bus_4115,false
"LINESTRING (313 384, 311 234)",line_1191_to_1401_1_cp,bus_1191,bus_1401,false
"LINESTRING (-2013 6902, -2094 6974)",line_3225_to_3332_2_cp,bus_3225,bus_3332,false
"LINESTRING (-885 3246, -938 3182)",line_3519_to_3534_1_cp,bus_3519,bus_3534,false
"LINESTRING (-1945 6842, -1863 6796)",xf_3628_3455_3453_1_3winding_transformer_br3,bus_3453,starbus_xf_3628_3455_3453_1,true
"LINESTRING (2751 2808, 2815 2889)",xf_1616_1027_1618_1_3winding_transformer_br2,bus_1027,starbus_xf_1616_1027_1618_1,true
"LINESTRING (112 -493, -62 -589)",xf_1375_to_1519_2_2winding_transformer,bus_1375,bus_1519,true
"LINESTRING (759 719, 752 809)",xf_1091_to_1002_2_2winding_transformer,bus_1091,bus_1002,true
"LINESTRING (-973 -2291, -1008 -2283)",xf_4224_to_4340_1_2winding_transformer,bus_4224,bus_4340,true
"LINESTRING (-2075 -2558, -2083 -2441)",Dec23_line_4276_to_4279_1_dec,bus_4276,bus_4279,false
"LINESTRING (11 5168, -68 5301)",line_3060_to_3274_1_cp,bus_3060,bus_3274,false
"LINESTRING (77 -4396, 110 -4266)",line_2265_to_2351_1_cp,bus_2265,bus_2351,false
"LINESTRING (579 -361, 507 -416)",xf_1326_to_1556_1_2winding_transformer,bus_1326,bus_1556,true
"LINESTRING (715 112, 682 204)",line_1121_to_1156_1_cp,bus_1121,bus_1156,false
"LINESTRING (1381 -4708, 1421 -4724)",xf_2308_to_2066_5_2winding_transformer_merged_with_line_2308_to_2311_6_cp,bus_2066,bus_2311,true
"LINESTRING (-2169 -2688, -2096 -2617)",xf_4091_to_4411_3_2winding_transformer,bus_4031,bus_4411,true
"LINESTRING (-947 6840, -942 6940)",line_3076_to_3276_1_cp,bus_3076,bus_3276,false
"LINESTRING (-791 6837, -738 6931)",xf_3190_to_3461_3_2winding_transformer,bus_3190,bus_3461,true
"LINESTRING (-2983 -1700, -3172 -1760)",xf_4113_to_4169_3_2winding_transformer,bus_4113,bus_4169,true
"LINESTRING (-1074 6928, -990 6975)",xf_3077_to_3642_1_2winding_transformer,bus_3077,bus_3642,true
"LINESTRING (-277 -2958, -68 -3103)",line_2200_to_2204_1_cp,bus_2200,bus_2204,false
"LINESTRING (-2055 -2496, -2012 -2461)",xf_4462_to_4461_3_2winding_transformer,bus_4462,bus_4461,true
"LINESTRING (-1918 6944, -1873 6871)",xf_3629_3454_3456_2_3winding_transformer_br2,bus_3454,starbus_xf_3629_3454_3456_2,true
"LINESTRING (528 -55, 156 -160)",line_1200_to_1429_1_cp,bus_1200,bus_1428,false
"LINESTRING (-1209 2547, -1147 2506)",line_3299_to_3633_1_cp,bus_3299,bus_3633,false
"LINESTRING (-1305 2188, -1302 2259)",line_3325_to_3473_1_cp,bus_3325,bus_3405,false
"LINESTRING (-1519 3506, -1519 3506)",xf_3359_3360_3361_2_3winding_transformer_br1,bus_3359,starbus_xf_3359_3360_3361_2,true
"LINESTRING (789 -107, 867 -1329)",connection N6,bus_1097,bus_1206,false
"LINESTRING (-470 5484, -419 5506)",line_3117_to_3492_1_cp,bus_3117,bus_3149,false
"LINESTRING (985 -570, 1073 -728)",xf_1105_to_1166_2_2winding_transformer,bus_1105,bus_1166,true
"LINESTRING (-512 4317, -541 4204)",line_3369_to_3382_1_cp,bus_3369,bus_3382,false
"LINESTRING (1281 -6304, 1139 -6349)",line_5084_to_5112_2_cp,bus_5083,bus_5087,false
"LINESTRING (-923 2943, -1000 2976)",xf_3099_to_3100_2_2winding_transformer,bus_3099,bus_3100,true
"LINESTRING (280 -3311, 275 -3385)",xf_2179_to_2286_1_2winding_transformer,bus_2179,bus_2286,true
"LINESTRING (97 -3966, 71 -4088)",xf_2213_to_2296_2_2winding_transformer,bus_2213,bus_2296,true
"LINESTRING (531 970, 349 757)",line_1194_to_1496_1_pi_merged_with_line_1194_to_1195_1_pi,bus_1496,bus_1195,false
"LINESTRING (89 -202, 3 -187)",xf_1263_to_1568_2_2winding_transformer,bus_1263,bus_1568,true
"LINESTRING (1689 -5561, 1749 -5589)",xf_5062_to_5188_2_2winding_transformer,bus_5062,bus_5188,true
"LINESTRING (877 -4079, 900 -4187)",xf_2167_to_2272_1_2winding_transformer,bus_2167,bus_2272,true
"LINESTRING (1072 4315, 1025 4232)",line_3282_to_3536_1_cp,bus_3282,bus_3536,false
"LINESTRING (567 -53, 467 -265)",line_1186_to_1465_2_cp,bus_1186,bus_1374,false
"LINESTRING (-898 -2826, -898 -2745)",xf_4220_4074_4499_5_3winding_transformer_br3,bus_4499,starbus_xf_4220_4074_4499_5,true
"LINESTRING (-1668 -2916, -1686 -3006)",xf_4309_to_4467_1_2winding_transformer,bus_4309,bus_4467,true
"LINESTRING (-744 2835, -747 2974)",line_3589_to_3610_1_cp,bus_3589,bus_3601,false
"LINESTRING (1976 2090, 1823 2202)",line_1160_to_1334_1_cp_merged_with_xf_1159_to_1160_5_2winding_transformer,bus_1334,bus_1159,true
"LINESTRING (1077 -6174, 1050 -6217)",xf_5132_to_5133_2_2winding_transformer,bus_5132,bus_5133,true
"LINESTRING (1253 -4202, 1007 -3430)",line_2133_to_2135_3_cp_merged_with_xf_2199_to_2133_3_2winding_transformer,bus_2143,bus_2199,true
"LINESTRING (97 -3966, 167 -3906)",line_2213_to_2215_1_cp,bus_2213,bus_2215,false
"LINESTRING (-357 -3142, -409 -3284)",xf_2077_2205_2349_3_3winding_transformer_br2,bus_2205,starbus_xf_2077_2205_2349_3,true
"LINESTRING (1251 -6125, 1161 -6181)",line_5100_to_5110_1_cp_merged_with_xf_5110_to_5213_2_2winding_transformer,bus_5100,bus_5213,true
"LINESTRING (-2202 -2504, -2336 -2734)",xf_4239_to_4421_1_2winding_transformer,bus_4238,bus_4421,true
"LINESTRING (-1640 -2952, -1636 -3032)",xf_4342_to_4488_1_2winding_transformer,bus_4342,bus_4488,true
"LINESTRING (-2189 -3543, -2244 -3630)",xf_4268_to_4442_2_2winding_transformer,bus_4268,bus_4442,true
"LINESTRING (1976 2090, 2133 2144)",line_1334_to_1392_1_cp,bus_1334,bus_1392,false
"LINESTRING (97 -3966, 59 -4071)",xf_2213_to_2297_1_2winding_transformer,bus_2213,bus_2297,true
"LINESTRING (828 -241, 732 -450)",xf_1140_to_1189_2_2winding_transformer,bus_1140,bus_1189,true
"LINESTRING (693 -3618, 540 -4107)",line_2147_to_2184_2_cp,bus_2147,bus_2111,false
"LINESTRING (398 -61, 332 -22)",xf_1179_to_1549_5_2winding_transformer,bus_1179,bus_1549,true
"LINESTRING (970 -499, 1114 -526)",line_1289_to_1388_1_cp,bus_1289,bus_1388,false
"LINESTRING (341 -4144, 279 -4035)",line_2225_to_2226_1_cp,bus_2225,bus_2226,false
"LINESTRING (-1239 4414, -1347 4373)",line_3034_to_3187_1_cp,bus_3034,bus_3187,false
"LINESTRING (1029 -3844, 937 -3740)",xf_2084_to_2085_2_2winding_transformer_merged_with_line_2084_to_2164_2_pi,bus_2085,bus_2164,true
"LINESTRING (1903 -5666, 1965 -5720)",xf_5128_to_5219_2_2winding_transformer,bus_5128,bus_5219,true
"LINESTRING (519 545, 349 757)",xf_1147_to_1195_2_2winding_transformer,bus_1147,bus_1195,true
"LINESTRING (1823 2202, 2044 2249)",line_1159_to_1312_1_cp,bus_1159,bus_1312,false
"LINESTRING (-898 -2745, -921 -2976)",line_4220_to_4221_1_cp,bus_4220,bus_4221,false
"LINESTRING (141 -289, 89 -202)",line_1205_to_1263_1_cp,bus_1205,bus_1263,false
"LINESTRING (1267 -5579, 1311 -5662)",xf_5227_to_5008_2_2winding_transformer_merged_with_line_5227_to_5228_1_cp,bus_5008,bus_5228,true
"LINESTRING (-3496 -1689, -3689 -1737)",line_4158_to_4160_1_cp,bus_4158,bus_4160,false
"LINESTRING (-2601 -564, -2540 -632)",xf_4007_to_4350_3_2winding_transformer,bus_4007,bus_4350,true
"LINESTRING (830 -5662, 750 -5680)",xf_5113_to_5035_1_2winding_transformer,bus_5113,bus_5035,true
"LINESTRING (51 -4179, 71 -4088)",xf_2002_to_2296_4_2winding_transformer,bus_2002,bus_2296,true
"LINESTRING (-1392 4828, -1500 5135)",xf_3637_to_3416_2_2winding_transformer,bus_3157,bus_3033,true
"LINESTRING (-127 2990, -187 2958)",xf_3413_3415_3414_2_3winding_transformer_br2,bus_3415,starbus_xf_3413_3415_3414_2,true
"LINESTRING (-1145 6756, -1072 6873)",xf_3141_to_3142_2_2winding_transformer,bus_3141,bus_3142,true
"LINESTRING (-1334 6180, -1155 6151)",line_3172_to_3518_1_cp,bus_3172,bus_3518,false
"LINESTRING (1590 -5552, 1632 -5585)",xf_5061_to_5187_3_2winding_transformer,bus_5061,bus_5187,true
"LINESTRING (-3172 -1760, -3396 -1813)",xf_4181_to_4408_3_2winding_transformer,bus_4169,bus_4408,true
"LINESTRING (-1519 3506, -1519 3506)",xf_3359_3360_3361_3_3winding_transformer_br1,bus_3359,starbus_xf_3359_3360_3361_3,true
"LINESTRING (467 -265, 400 -304)",xf_1374_to_1518_1_2winding_transformer,bus_1374,bus_1518,true
"LINESTRING (-2440 -2336, -2511 -2370)",xf_4337_to_4485_2_2winding_transformer,bus_4337,bus_4485,true
"LINESTRING (597 -481, 553 -564)",xf_1478_to_1640_2_2winding_transformer,bus_1478,bus_1640,true
"LINESTRING (-2009 -3012, -2067 -3191)",Dec18_line_4226_to_4326_2_dec,bus_4226,bus_4326,false
"LINESTRING (-1827 -2251, -1830 -2105)",line_4319_to_4324_1_cp,bus_4319,bus_4324,false
"LINESTRING (-1782 -2384, -1481 -2118)",line_4146_to_4149_1_cp,bus_4137,bus_4149,false
"LINESTRING (-1249 2385, -1249 2385)",xf_3177_3179_3178_2_3winding_transformer_br1,bus_3177,starbus_xf_3177_3179_3178_2,true
"LINESTRING (-544 2719, -580 2683)",xf_3163_to_3271_3_2winding_transformer,bus_3163,bus_3271,true
"LINESTRING (944 -1807, 889 -1977)",line_1199_to_1497_1_cp,bus_1199,bus_1497,false
"LINESTRING (1012 -5664, 1010 -5711)",xf_5139_to_5004_1_2winding_transformer,bus_5139,bus_5004,true
"LINESTRING (430 -4263, 449 -4098)",xf_2104_to_2210_2_2winding_transformer,bus_2210,bus_2104,true
"LINESTRING (-1068 2461, -1006 2471)",xf_3134_3135_3136_2_3winding_transformer_br3,bus_3136,starbus_xf_3134_3135_3136_2,true
"LINESTRING (33 394, -334 403)",line_1370_to_1627_1_cp,bus_1234,bus_1627,false
"LINESTRING (484 3585, 421 3575)",xf_3535_to_3612_2_2winding_transformer,bus_3535,bus_3612,true
"LINESTRING (-869 5466, -704 5136)",line_3558_to_3569_1_cp,bus_3558,bus_3569,false
"LINESTRING (1139 -6349, 1161 -6383)",xf_5087_to_5174_1_2winding_transformer,bus_5087,bus_5174,true
"LINESTRING (-967 -3102, -1009 -3162)",line_4103_to_4153_2_cp,bus_4103,bus_4153,false
"LINESTRING (540 -4107, 609 -4180)",xf_2123_to_2233_1_2winding_transformer,bus_2111,bus_2233,true
"LINESTRING (-1884 -2362, -1886 -2512)",xf_4297_to_4460_1_2winding_transformer,bus_4296,bus_4460,true
"LINESTRING (-1936 -2305, -1884 -2362)",line_4278_to_4296_1_cp,bus_4278,bus_4296,false
"LINESTRING (52 3029, -26 3018)",xf_3333_3336_3335_1_3winding_transformer_br3,bus_3335,starbus_xf_3333_3336_3335_1,true
"LINESTRING (-898 -2745, -932 -2764)",xf_4220_to_4075_7_2winding_transformer,bus_4220,bus_4075,true
"LINESTRING (984 -3929, 1017 -4276)",line_2118_to_2174_1_cp,bus_2118,bus_2140,false
"LINESTRING (1684 -523, 1269 -521)",line_1350_to_1368_1_cp_merged_with_line_1352_to_1368_2_cp,bus_1350,bus_1169,false
"LINESTRING (1253 -4202, 1007 -3430)",xf_2199_to_2132_2_2winding_transformer,bus_2143,bus_2199,true
"LINESTRING (194 -324, 156 -160)",line_1400_to_1429_1_cp,bus_1400,bus_1428,false
"LINESTRING (-2100 -3196, -2009 -3012)",xf_4328_to_4057_3_2winding_transformer_merged_with_line_4226_to_4328_1_cp,bus_4057,bus_4226,true
"LINESTRING (540 -4107, 609 -4180)",line_2123_to_2124_1_pi_merged_with_xf_2124_to_2233_2_2winding_transformer,bus_2111,bus_2233,true
"LINESTRING (-2397 -2645, -2467 -2697)",xf_4240_to_4422_3_2winding_transformer,bus_4240,bus_4422,true
"LINESTRING (-2282 -1835, -2270 -1492)",xf_4150_to_4214_1_2winding_transformer_merged_with_line_4189_to_4214_1_cp,bus_4150,bus_4189,true
"LINESTRING (431 -841, 263 -555)",line_1310_to_1433_1_cp,bus_1310,bus_1433,false
"LINESTRING (1237 -445, 1296 -332)",line_1221_to_1272_1_cp,bus_1221,bus_1269,false
"LINESTRING (-668 4073, -611 4070)",line_3393_to_3636_1_cp,bus_3311,bus_3319,false
"LINESTRING (411 -4225, 416 -4320)",line_2221_to_2252_1_cp,bus_2221,bus_2252,false
"LINESTRING (360 873, 438 792)",line_1438_to_1455_2_cp,bus_1438,bus_1455,false
"LINESTRING (-2075 -2558, -2056 -2473)",Dec24_line_4276_to_4281_1_dec,bus_4276,bus_4280,false
"LINESTRING (-1634 -2146, -1782 -2384)",xf_4201_to_4146_1_2winding_transformer,bus_4201,bus_4137,true
"LINESTRING (1139 -6349, 1139 -6349)",xf_5087_5175_5176_3_3winding_transformer_br1,bus_5087,starbus_xf_5087_5175_5176_3,true
"LINESTRING (697 535, 703 849)",xf_1124_to_1180_3_2winding_transformer_merged_with_line_1180_to_1463_1_pi,bus_1124,bus_1463,true
"LINESTRING (-1320 7005, -1282 6854)",line_3223_to_3529_1_cp,bus_3223,bus_3529,false
"LINESTRING (-163 -667, -238 -725)",xf_1521_to_1000_1_2winding_transformer,bus_1521,bus_1000,true
"LINESTRING (-1302 2259, -1309 2283)",xf_3473_to_3474_1_2winding_transformer,bus_3405,bus_3474,true
"LINESTRING (-1603 7237, -1687 7268)",line_3144_to_3523_1_cp,bus_3144,bus_3329,false
"LINESTRING (814 -6003, 577 -6079)",xf_5156_to_5234_1_2winding_transformer,bus_5155,bus_5234,true
"LINESTRING (-759 5917, -822 5732)",line_3201_to_3483_3_cp,bus_3201,bus_3483,false
"LINESTRING (1139 -6349, 1122 -6320)",xf_5112_to_5214_1_2winding_transformer,bus_5087,bus_5214,true
"LINESTRING (2721 2689, 2806 2717)",line_1594_to_1658_3_cp,bus_1594,bus_1658,false
"LINESTRING (-1728 2079, -1821 2053)",xf_3397_to_3398_1_2winding_transformer,bus_3397,bus_3398,true
"LINESTRING (1814 1949, 1875 1982)",xf_1444_to_1629_1_2winding_transformer,bus_1444,bus_1629,true
"LINESTRING (735 61, 710 62)",xf_1333_to_1513_1_2winding_transformer,bus_1333,bus_1513,true
"LINESTRING (-2040 -3485, -2072 -3582)",xf_4249_to_4428_1_2winding_transformer,bus_4249,bus_4428,true
"LINESTRING (37 680, 118 641)",line_1187_to_1468_1_cp,bus_1187,bus_1468,false
"LINESTRING (-1970 -3309, -1900 -3493)",xf_4247_to_4427_1_2winding_transformer,bus_4243,bus_4427,true
"LINESTRING (673 -588, 683 -534)",line_1254_to_1371_1_cp,bus_1254,bus_1371,false
"LINESTRING (-1599 2101, -1443 2173)",line_3307_to_3441_2_cp,bus_3307,bus_3441,false
"LINESTRING (-1072 6873, -997 6898)",line_3142_to_3283_1_cp,bus_3142,bus_3283,false
"LINESTRING (1307 -4462, 1253 -4202)",xf_2156_to_2262_2_2winding_transformer_merged_with_line_2144_to_2156_2_cp,bus_2262,bus_2143,true
"LINESTRING (715 -6409, 656 -6456)",xf_5101_to_5096_3_2winding_transformer,bus_5101,bus_5096,true
"LINESTRING (138 3156, 66 3102)",xf_3302_3304_3303_2_3winding_transformer_br2,bus_3304,starbus_xf_3302_3304_3303_2,true
"LINESTRING (-327 2944, -283 3067)",line_3411_to_3503_1_cp,bus_3411,bus_3344,false
"LINESTRING (360 873, 318 946)",line_1438_to_1488_1_cp,bus_1438,bus_1488,false
"LINESTRING (735 -2765, 629 -2952)",line_2120_to_2169_1_cp,bus_2120,bus_2169,false
"LINESTRING (467 -265, 597 -481)",line_1340_to_1478_1_cp,bus_1374,bus_1478,false
"LINESTRING (715 -6468, 651 -6556)",line_5106_to_5136_1_cp,bus_5106,bus_5136,false
"LINESTRING (-101 3634, -335 3514)",xf_3497_to_3568_1_2winding_transformer,bus_3497,bus_3568,true
"LINESTRING (1349 2391, 1409 2464)",xf_1142_to_1642_5_2winding_transformer,bus_1142,bus_1642,true
"LINESTRING (-869 5466, -822 5732)",xf_3483_3558_3485_2_3winding_transformer_br2,bus_3558,starbus_xf_3483_3558_3485_2,true
"LINESTRING (-473 449, -611 449)",line_1369_to_1654_2_cp,bus_1369,bus_1654,false
"LINESTRING (1307 -1628, 1300 -1557)",xf_1118_1042_1043_3_3winding_transformer_br2,bus_1042,starbus_xf_1118_1042_1043_3,true
"LINESTRING (48 0, -38 -133)",xf_1107_to_1410_3_2winding_transformer_merged_with_line_1410_to_1411_3_pi,bus_1107,bus_1409,true
"LINESTRING (991 1375, 1050 1444)",xf_1262_to_1567_1_2winding_transformer,bus_1262,bus_1567,true
"LINESTRING (-2561 -1437, -2530 -1665)",xf_4174_to_4116_2_2winding_transformer,bus_4174,bus_4116,true
"LINESTRING (-976 3255, -1046 3295)",xf_3192_to_3193_3_2winding_transformer,bus_3192,bus_3193,true
"LINESTRING (-2474 -3181, -2439 -3222)",line_4232_to_4274_1_cp,bus_4232,bus_4274,false
"LINESTRING (927 -3297, 954 -3371)",xf_2287_to_2323_4_2winding_transformer,bus_2287,bus_2323,true
"LINESTRING (711 -5677, 627 -5695)",line_5215_to_5220_2_cp,bus_5215,bus_5220,false
"LINESTRING (-172 5490, -419 5506)",line_3061_to_3492_3_cp,bus_3000,bus_3149,false
"LINESTRING (-2458 -1623, -2402 -1656)",xf_4104_4045_4046_4_3winding_transformer_br3,bus_4046,starbus_xf_4104_4045_4046_4,true
"LINESTRING (380 1278, 731 1347)",line_1239_to_1424_1_cp,bus_1239,bus_1257,false
"LINESTRING (-470 5484, -434 5577)",xf_3117_to_3118_2_2winding_transformer,bus_3117,bus_3118,true
"LINESTRING (-742 4092, -763 4172)",line_3017_to_3019_2_cp,bus_3017,bus_3019,false
"LINESTRING (-2227 -2610, -2075 -2558)",xf_4282_to_4453_1_2winding_transformer_merged_with_line_4276_to_4282_1_cp,bus_4453,bus_4276,true
"LINESTRING (-926 -2601, -897 -2567)",xf_4218_4392_4496_1_3winding_transformer_br2,bus_4392,starbus_xf_4218_4392_4496_1,true
"LINESTRING (-283 3067, -249 3097)",xf_3344_to_3347_2_2winding_transformer,bus_3344,bus_3347,true
"LINESTRING (464 -3836, 482 -3920)",xf_2146_to_2248_5_2winding_transformer,bus_2146,bus_2248,true
"LINESTRING (-293 402, 33 394)",line_1321_to_1370_1_cp,bus_1321,bus_1234,false
"LINESTRING (785 983, 808 963)",line_1442_to_1445_1_cp,bus_1265,bus_1445,false
"LINESTRING (-544 2719, -580 2683)",xf_3163_to_3271_2_2winding_transformer,bus_3163,bus_3271,true
"LINESTRING (-2315 -3045, -2382 -3109)",xf_4272_to_4446_1_2winding_transformer,bus_4272,bus_4446,true
"LINESTRING (554 -7, 505 30)",xf_1123_to_1045_2_2winding_transformer,bus_1123,bus_1045,true
"LINESTRING (937 -3740, 933 -3922)",line_2164_to_2186_4_cp,bus_2164,bus_2186,false
"LINESTRING (-2234 -3018, -2134 -3081)",line_4266_to_4292_2_cp,bus_4266,bus_4292,false
"LINESTRING (-2134 -3081, -2191 -3149)",xf_4292_to_4438_2_2winding_transformer,bus_4292,bus_4438,true
"LINESTRING (-1556 7407, -1551 7483)",xf_3180_to_3183_1_2winding_transformer,bus_3180,bus_3183,true
"LINESTRING (-1668 -2916, -1657 -2805)",line_4309_to_4311_1_cp,bus_4309,bus_4311,false
"LINESTRING (703 45, 703 257)",xf_1092_1093_1526_2_3winding_transformer_br2,bus_1093,starbus_xf_1092_1093_1526_2,true
"LINESTRING (173 819, 82 758)",line_1313_to_1458_1_cp,bus_1313,bus_1458,false
"LINESTRING (1179 1409, 1237 1469)",line_1193_to_1477_1_cp,bus_1193,bus_1477,false
"LINESTRING (-1228 6939, -1234 7046)",xf_3211_to_3462_1_2winding_transformer,bus_3211,bus_3462,true
"LINESTRING (-1840 -1583, -1859 -1516)",xf_4206_to_4336_2_2winding_transformer,bus_4206,bus_4336,true
"LINESTRING (832 -468, 692 -193)",line_1096_to_1120_1_cp,bus_1096,bus_1120,false
"LINESTRING (567 -53, 579 -361)",line_1186_to_1233_2_cp_merged_with_line_1233_to_1326_1_cp,bus_1186,bus_1326,false
"LINESTRING (-1601 -3239, -1626 -3336)",xf_4303_to_4464_2_2winding_transformer,bus_4303,bus_4464,true
"LINESTRING (-328 2956, -283 3067)",line_3412_to_3503_2_cp,bus_3412,bus_3344,false
"LINESTRING (559 -2881, 237 -3162)",line_1222_to_2162_1_cp,bus_1222,bus_2162,false
"LINESTRING (-1550 -3288, -1505 -3127)",xf_4316_to_4473_1_2winding_transformer,bus_4261,bus_4473,true
"LINESTRING (678 -6194, 600 -6227)",xf_5161_to_5032_2_2winding_transformer,bus_5161,bus_5032,true
"LINESTRING (-1008 7062, -990 6975)",line_3305_to_3642_1_cp,bus_3305,bus_3642,false
"LINESTRING (-2124 -1196, -2150 -1130)",xf_4180_to_4228_1_2winding_transformer,bus_4180,bus_4228,true
"LINESTRING (-1137 2866, -951 2806)",line_3214_to_3491_2_cp,bus_3214,bus_3074,false
"LINESTRING (-995 3510, -1033 3534)",xf_3203_to_3206_1_2winding_transformer,bus_3203,bus_3206,true
"LINESTRING (-2084 -4020, -2063 -3911)",xf_4257_4379_4434_1_3winding_transformer_br2,bus_4379,starbus_xf_4257_4379_4434_1,true
"LINESTRING (1175 -2112, 1098 -2068)",line_1172_to_1249_1_cp,bus_1172,bus_1249,false
"LINESTRING (-422 2700, -410 2650)",xf_3378_to_3381_2_2winding_transformer,bus_3378,bus_3381,true
"LINESTRING (1322 -618, 1097 -538)",line_1220_to_1232_1_cp,bus_1219,bus_1232,false
"LINESTRING (44 3051, -26 3018)",xf_3333_3336_3335_1_3winding_transformer_br2,bus_3336,starbus_xf_3333_3336_3335_1,true
"LINESTRING (529 439, 470 465)",line_1190_to_1264_1_cp,bus_1190,bus_1264,false
"LINESTRING (1269 -521, 1359 -538)",line_1352_to_1541_1_cp,bus_1169,bus_1163,false
"LINESTRING (-611 449, -711 452)",xf_1654_to_1085_2_2winding_transformer,bus_1654,bus_1085,true
"LINESTRING (-1897 -2008, -1940 -1963)",xf_4338_to_4479_1_2winding_transformer,bus_4338,bus_4479,true
"LINESTRING (-1218 5893, -1253 5859)",xf_3063_to_3064_2_2winding_transformer,bus_3002,bus_3064,true
"LINESTRING (-2072 -2841, -2234 -3018)",xf_4134_to_4266_1_2winding_transformer,bus_4133,bus_4266,true
"LINESTRING (-2402 -3075, -2474 -3181)",line_4231_to_4232_1_cp,bus_4231,bus_4232,false
"LINESTRING (528 -55, 467 -53)",xf_1200_to_1516_1_2winding_transformer,bus_1200,bus_1516,true
"LINESTRING (2127 -1817, 1136 -1803)",line_1136_to_2139_1_cp,bus_1136,bus_2139,false
"LINESTRING (-1013 6597, -947 6840)",xf_3096_to_3097_1_2winding_transformer,bus_3096,bus_3076,true
"LINESTRING (-1084 6940, -1160 6857)",line_3078_to_3643_2_cp,bus_3078,bus_3643,false
"LINESTRING (-600 3049, -465 3045)",line_3545_to_3570_2_cp,bus_3545,bus_3570,false
"LINESTRING (1681 -2347, 1681 -2347)",xf_1587_1328_1067_1_3winding_transformer_br1,bus_1587,starbus_xf_1587_1328_1067_1,true
"LINESTRING (464 -3836, 482 -3920)",xf_2146_to_2248_4_2winding_transformer,bus_2146,bus_2248,true
"LINESTRING (-1320 7005, -1321 7107)",xf_3223_to_3224_2_2winding_transformer,bus_3223,bus_3224,true
"LINESTRING (-1629 6712, -1736 6747)",xf_3516_3584_3517_1_3winding_transformer_br3,bus_3517,starbus_xf_3516_3584_3517_1,true
"LINESTRING (241 -3841, 167 -3906)",line_2214_to_2215_2_cp,bus_2214,bus_2215,false
"LINESTRING (-973 5330, -988 5391)",xf_3044_to_3046_1_2winding_transformer,bus_3044,bus_3046,true
"LINESTRING (-1901 -3129, -1910 -3215)",xf_4335_to_4484_4_2winding_transformer,bus_4335,bus_4484,true
"LINESTRING (740 -1889, 740 -1889)",xf_2191_2027_2028_3_3winding_transformer_br1,bus_2191,starbus_xf_2191_2027_2028_3,true
"LINESTRING (-1668 -2916, -1686 -3006)",xf_4309_to_4467_2_2winding_transformer,bus_4309,bus_4467,true
"LINESTRING (-907 -2658, -942 -2695)",xf_4219_to_4393_1_2winding_transformer,bus_4219,bus_4393,true
"LINESTRING (326 -3443, 326 -3443)",xf_2145_2243_2306_2_3winding_transformer_br1,bus_2145,starbus_xf_2145_2243_2306_2,true
"LINESTRING (1369 -1490, 1369 -1490)",xf_1148_1075_1076_2_3winding_transformer_br1,bus_1148,starbus_xf_1148_1075_1076_2,true
"LINESTRING (-2347 -3142, -2439 -3222)",line_4273_to_4274_1_cp,bus_4273,bus_4274,false
"LINESTRING (406 416, 238 527)",xf_1134_to_1185_1_2winding_transformer,bus_1134,bus_1185,true
"LINESTRING (-2056 -2473, -2117 -2487)",xf_4280_to_4452_2_2winding_transformer,bus_4280,bus_4452,true
"LINESTRING (1459 1657, 1531 1700)",xf_1473_to_1638_3_2winding_transformer,bus_1473,bus_1638,true
"LINESTRING (-885 3246, -702 3207)",xf_3519_to_3595_3_2winding_transformer,bus_3519,bus_3595,true
"LINESTRING (-1716 4891, -1791 4951)",xf_3639_to_3038_3_2winding_transformer,bus_3038,bus_3220,true
"LINESTRING (149 -3261, 340 -3787)",xf_2203_to_2154_2_2winding_transformer,bus_2203,bus_2128,true
"LINESTRING (882 -668, 970 -499)",line_1281_to_1469_2_cp,bus_1281,bus_1289,false
"LINESTRING (910 619, 1011 651)",xf_1100_to_1018_4_2winding_transformer,bus_1100,bus_1018,true
"LINESTRING (-2063 -3911, -2063 -3911)",xf_4257_4379_4434_2_3winding_transformer_br1,bus_4257,starbus_xf_4257_4379_4434_2,true
"LINESTRING (1692 -5528, 1759 -5548)",xf_5064_to_5189_1_2winding_transformer,bus_5064,bus_5189,true
"LINESTRING (-1336 2364, -1249 2385)",xf_3177_3179_3178_1_3winding_transformer_br2,bus_3179,starbus_xf_3177_3179_3178_1,true
"LINESTRING (156 -160, 156 -160)",xf_1428_1501_1539_1_3winding_transformer_br1,bus_1428,starbus_xf_1428_1501_1539_1,true
"LINESTRING (854 -3647, 869 -3729)",xf_2168_to_2320_6_2winding_transformer,bus_2168,bus_2320,true
"LINESTRING (955 -3011, 928 -3032)",xf_2183_to_2091_1_2winding_transformer,bus_2107,bus_2091,true
"LINESTRING (759 719, 769 804)",xf_1091_to_1003_3_2winding_transformer,bus_1091,bus_1003,true
"LINESTRING (910 619, 1001 674)",xf_1100_to_1017_2_2winding_transformer,bus_1100,bus_1017,true
"LINESTRING (915 -6284, 954 -6264)",xf_5238_to_5226_3B_2winding_transformer,bus_5238,bus_5226,true
"LINESTRING (1210 -2379, 1210 -2379)",xf_1588_1327_1068_2_3winding_transformer_br1,bus_1588,starbus_xf_1588_1327_1068_2,true
"LINESTRING (740 -1889, 740 -1889)",xf_2191_2023_2024_1_3winding_transformer_br1,bus_2191,starbus_xf_2191_2023_2024_1,true
"LINESTRING (-187 2958, -187 2958)",xf_3413_3415_3414_1_3winding_transformer_br1,bus_3413,starbus_xf_3413_3415_3414_1,true
"LINESTRING (333 -3526, 326 -3443)",xf_2145_2243_2306_1_3winding_transformer_br2,bus_2243,starbus_xf_2145_2243_2306_1,true
"LINESTRING (1434 -5510, 1450 -5558)",line_5063_to_5067_2_cp,bus_5063,bus_5067,false
"LINESTRING (1778 1737, 1869 1745)",xf_1322_to_1510_1_2winding_transformer,bus_1322,bus_1510,true
"LINESTRING (-1873 6871, -1973 6964)",xf_3629_to_3082_3_2winding_transformer,bus_3629,bus_3082,true
"LINESTRING (-1378 -1956, -1481 -2118)",xf_4213_to_4149_3_2winding_transformer,bus_4213,bus_4149,true
"LINESTRING (1976 2090, 1814 1949)",line_1334_to_1444_1_cp,bus_1334,bus_1444,false
"LINESTRING (960 -6395, 958 -6360)",xf_5093_5202_5203_1_3winding_transformer_br3,bus_5203,starbus_xf_5093_5202_5203_1,true
"LINESTRING (-1160 6857, -1170 6962)",xf_3643_to_3215_2_2winding_transformer,bus_3643,bus_3215,true
"LINESTRING (642 -5751, 495 -5796)",line_5054_to_5069_1_cp,bus_5054,bus_5069,false
"LINESTRING (-2313 -2476, -2382 -2515)",xf_4241_to_4420_2_2winding_transformer,bus_4241,bus_4420,true
"LINESTRING (141 -289, 263 -555)",line_1205_to_1433_1_cp,bus_1205,bus_1433,false
"LINESTRING (241 -3841, 279 -4035)",line_2214_to_2226_1_cp,bus_2214,bus_2226,false
"LINESTRING (-1880 -2134, -1897 -2008)",line_4321_to_4338_1_cp,bus_4321,bus_4338,false
"LINESTRING (-2143 -2100, -2282 -1835)",line_4124_to_4150_1_cp,bus_4094,bus_4150,false
"LINESTRING (-2234 -3018, -2347 -3142)",line_4266_to_4273_2_cp,bus_4266,bus_4273,false
"LINESTRING (-1895 6824, -1976 6884)",xf_3094_to_3095_2_2winding_transformer,bus_3094,bus_3095,true
"LINESTRING (898 -6262, 790 -6368)",line_5090_to_5102_2_cp,bus_5090,bus_5102,false
"LINESTRING (944 -1807, 893 -1656)",line_1199_to_1479_1_cp,bus_1199,bus_1479,false
"LINESTRING (-1884 -2362, -1894 -2326)",xf_4296_to_4459_2_2winding_transformer,bus_4296,bus_4459,true
"LINESTRING (1491 2184, 1823 2202)",xf_1095_to_1159_3_2winding_transformer,bus_1011,bus_1159,true
"LINESTRING (-3222 -1469, -3298 -1459)",line_4167_to_4182_1_cp,bus_4167,bus_4182,false
"LINESTRING (-2134 -3081, -2191 -3149)",xf_4292_to_4438_3_2winding_transformer,bus_4292,bus_4438,true
"LINESTRING (374 -435, -38 -133)",line_1240_to_1413_1_cp,bus_1240,bus_1409,false
"LINESTRING (671 -2297, 651 -2373)",xf_1318_to_1057_1_2winding_transformer,bus_1318,bus_1057,true
"LINESTRING (1501 -5533, 1531 -5566)",xf_5065_to_5190_1_2winding_transformer,bus_5065,bus_5190,true
"LINESTRING (-2402 -3075, -2474 -3131)",xf_4231_to_4449_1_2winding_transformer,bus_4231,bus_4449,true
"LINESTRING (-1593 3546, -1519 3506)",xf_3359_3360_3361_2_3winding_transformer_br2,bus_3360,starbus_xf_3359_3360_3361_2,true
"LINESTRING (-1970 -3309, -1965 -3341)",line_4243_to_4331_1_cp,bus_4243,bus_4252,false
"LINESTRING (778 -5332, 722 -5364)",xf_5070_to_5192_4_2winding_transformer,bus_5070,bus_5192,true
"LINESTRING (1146 -6037, 1106 -6069)",xf_5089_to_5198_1_2winding_transformer,bus_5089,bus_5198,true
"LINESTRING (-491 -2732, -707 -2550)",line_2196_to_4151_2_cp,bus_2196,bus_4101,false
"LINESTRING (-923 2943, -1000 2976)",xf_3099_to_3100_1_2winding_transformer,bus_3099,bus_3100,true
"LINESTRING (493 4108, 405 3966)",line_3137_to_3261_1_cp,bus_3137,bus_3261,false
"LINESTRING (1097 -538, 732 -450)",line_1232_to_1440_1_cp,bus_1232,bus_1189,false
"LINESTRING (1253 -4202, 1337 -4214)",xf_2142_to_2032_1_2winding_transformer,bus_2143,bus_2032,true
"LINESTRING (805 -3201, 853 -3239)",xf_2170_to_2276_5_2winding_transformer,bus_2170,bus_2276,true
"LINESTRING (1584 -5507, 1636 -5524)",xf_5058_to_5012_1_2winding_transformer,bus_5058,bus_5012,true
"LINESTRING (-1599 2101, -1728 2079)",line_3307_to_3397_2_cp,bus_3307,bus_3397,false
"LINESTRING (105 -3527, 42 -3609)",line_2239_to_2266_1_cp,bus_2239,bus_2266,false
"LINESTRING (359 712, 295 758)",line_1260_to_1284_1_cp,bus_1260,bus_1284,false
"LINESTRING (-2075 -2558, -2158 -2672)",xf_4284_to_4454_2_2winding_transformer,bus_4276,bus_4454,true
"LINESTRING (1490 -430, 1380 -431)",line_1344_to_1373_2_cp,bus_1344,bus_1373,false
"LINESTRING (1097 -538, 732 -450)",line_1232_to_1440_2_cp,bus_1232,bus_1189,false
"LINESTRING (2049 -1463, 2136 -1462)",line_1204_to_1475_1_cp,bus_1204,bus_1475,false
"LINESTRING (-62 -589, -268 -685)",line_1519_to_1520_1_cp_merged_with_xf_1520_to_1001_2_2winding_transformer,bus_1519,bus_1001,true
"LINESTRING (-2595 -596, -2540 -632)",xf_4008_to_4350_2_2winding_transformer,bus_4008,bus_4350,true
"LINESTRING (1700 1483, 1536 1414)",line_1416_to_1417_1_pi_merged_with_line_1182_to_1417_1_cp,bus_1416,bus_1182,false
"LINESTRING (528 664, 438 792)",line_1198_to_1455_1_cp,bus_1198,bus_1455,false
"LINESTRING (897 993, 721 682)",line_1132_to_1149_1_cp,bus_1132,bus_1149,false
"LINESTRING (-938 5832, -822 5732)",line_3111_to_3483_1_cp,bus_3111,bus_3483,false
"LINESTRING (-96 3624, -335 3514)",xf_3498_to_3568_4_2winding_transformer,bus_3498,bus_3568,true
"LINESTRING (-2124 -1196, -2132 -986)",line_4180_to_4185_1_cp,bus_4180,bus_4185,false
"LINESTRING (944 -1807, 858 -1966)",line_1199_to_1480_1_cp,bus_1199,bus_1480,false
"LINESTRING (2000 2110, 2085 2129)",xf_1331_to_1512_1_2winding_transformer,bus_1331,bus_1512,true
"LINESTRING (173 819, 76 981)",xf_1489_to_1558_1_2winding_transformer,bus_1313,bus_1558,true
"LINESTRING (-969 3656, -1030 3726)",xf_3395_to_3396_2_2winding_transformer,bus_3395,bus_3396,true
"LINESTRING (-918 5722, -1049 5738)",line_3065_to_3165_1_cp,bus_3001,bus_3165,false
"LINESTRING (1584 -5507, 1692 -5528)",line_5058_to_5064_1_cp,bus_5058,bus_5064,false
"LINESTRING (-613 3347, -702 3207)",line_3593_to_3595_1_cp,bus_3593,bus_3595,false
"LINESTRING (2865 2748, 2982 2814)",line_1595_to_1596_2_cp,bus_1595,bus_1596,false
"LINESTRING (597 315, 519 545)",line_1138_to_1147_1_cp,bus_1138,bus_1147,false
"LINESTRING (-2260 -2230, -2143 -2100)",xf_4233_to_4124_3_2winding_transformer,bus_4233,bus_4094,true
"LINESTRING (-2525 -1301, -2578 -1258)",xf_4200_to_4383_1_2winding_transformer,bus_4200,bus_4383,true
"LINESTRING (-249 -3683, -256 -3780)",xf_2343_to_2057_6_2winding_transformer,bus_2343,bus_2057,true
"LINESTRING (1480 -358, 1378 -394)",line_1343_to_1372_1_cp,bus_1343,bus_1372,false
"LINESTRING (340 -3787, 336 -3883)",xf_2128_to_2237_4_2winding_transformer,bus_2128,bus_2237,true
"LINESTRING (-1158 3275, -1064 3231)",xf_3231_3644_3645_2_3winding_transformer_br2,bus_3644,starbus_xf_3231_3644_3645_2,true
"LINESTRING (1175 -2112, 1128 -2184)",line_1172_to_1247_1_cp,bus_1172,bus_1247,false
"LINESTRING (-1011 7028, -990 6975)",line_3310_to_3642_1_cp,bus_3310,bus_3642,false
"LINESTRING (820 1294, 991 1375)",line_1183_to_1262_1_cp,bus_1183,bus_1262,false
"LINESTRING (-1368 4590, -1231 4614)",line_3263_to_3530_2_cp,bus_3263,bus_3530,false
"LINESTRING (642 -5751, 569 -5783)",xf_5054_to_5182_1_2winding_transformer,bus_5054,bus_5182,true
"LINESTRING (988 -3853, 937 -3740)",line_2158_to_2164_2_cp,bus_2158,bus_2164,false
"LINESTRING (-1657 -2805, -1715 -2814)",line_4311_to_4318_1_cp,bus_4311,bus_4318,false
"LINESTRING (-1444 -1776, -1506 -1837)",line_4210_to_4211_1_cp,bus_4210,bus_4211,false
"LINESTRING (-600 3049, -613 3347)",line_3545_to_3593_1_cp,bus_3545,bus_3593,false
"LINESTRING (204 -3789, 149 -4060)",xf_2176_to_2280_2_2winding_transformer,bus_2176,bus_2280,true
"LINESTRING (997 -6215, 929 -6253)",xf_5092_to_5224_1A_2winding_transformer,bus_5092,bus_5224,true
"LINESTRING (430 -4263, 407 -4312)",line_2210_to_2218_1_cp,bus_2210,bus_2218,false
"LINESTRING (-1099 6377, -1100 6461)",xf_3259_to_3260_2_2winding_transformer,bus_3259,bus_3260,true
"LINESTRING (1761 -5608, 1590 -5552)",line_5059_to_5061_1_cp,bus_5059,bus_5061,false
"LINESTRING (173 819, 93 860)",xf_1313_to_1509_2_2winding_transformer,bus_1313,bus_1509,true
"LINESTRING (-210 -3519, -249 -3683)",xf_2151_to_2343_3_2winding_transformer,bus_2151,bus_2343,true
"LINESTRING (-1657 -2805, -1639 -2861)",xf_4311_to_4469_1_2winding_transformer,bus_4311,bus_4469,true
"LINESTRING (1020 -850, 1057 -928)",xf_1181_to_1053_2_2winding_transformer,bus_1181,bus_1053,true
"LINESTRING (-1314 5960, -1373 6081)",line_3023_to_3114_1_cp,bus_3023,bus_3114,false
"LINESTRING (-1231 4614, -1080 4673)",xf_3530_to_3604_2_2winding_transformer,bus_3530,bus_3604,true
"LINESTRING (780 -1912, 740 -1889)",xf_2191_2029_2030_4_3winding_transformer_br2,bus_2029,starbus_xf_2191_2029_2030_4,true
"LINESTRING (1714 1868, 1814 1949)",line_1363_to_1444_1_cp,bus_1351,bus_1444,false
"LINESTRING (955 -3011, 1088 -3080)",xf_2153_to_2062_3_2winding_transformer,bus_2107,bus_2062,true
"LINESTRING (-379 380, 33 394)",line_1354_to_1370_1_cp,bus_1354,bus_1234,false
"LINESTRING (853 -3239, 927 -3297)",line_2276_to_2288_1_pi,bus_2276,bus_2287,false
"LINESTRING (-1685 -2651, -1759 -2530)",xf_4147_to_4334_1_2winding_transformer,bus_4147,bus_4334,true
"LINESTRING (-1302 2259, -981 2560)",xf_3473_to_3546_3_2winding_transformer,bus_3405,bus_3546,true
"LINESTRING (-389 -3223, -409 -3284)",xf_2077_2205_2347_1_3winding_transformer_br3,bus_2347,starbus_xf_2077_2205_2347_1,true
"LINESTRING (359 712, 295 758)",line_1260_to_1284_2_cp,bus_1260,bus_1284,false
"LINESTRING (-2169 -2688, -2169 -2688)",xf_4031_4030_4029_1_3winding_transformer_br1,bus_4031,starbus_xf_4031_4030_4029_1,true
"LINESTRING (403 -107, 329 -115)",xf_1432_to_1625_2_2winding_transformer,bus_1432,bus_1625,true
"LINESTRING (912 -715, 1136 -1159)",line_1119_to_1158_1_cp,bus_1119,bus_1158,false
"LINESTRING (978 -738, 1136 -1159)",line_1125_to_1158_1_cp,bus_1125,bus_1158,false
"LINESTRING (-1071 4053, -1013 3992)",line_3478_to_3479_1_cp,bus_3478,bus_3479,false
"LINESTRING (449 -4098, 479 -4185)",xf_2112_to_2222_5_2winding_transformer,bus_2104,bus_2222,true
"LINESTRING (120 5207, 181 5298)",xf_3054_to_3055_2_2winding_transformer,bus_3054,bus_3055,true
"LINESTRING (-1438 4311, -1510 4330)",xf_3101_to_3103_2_2winding_transformer,bus_3101,bus_3103,true
"LINESTRING (-541 4204, -545 4293)",xf_3382_to_3383_1_2winding_transformer,bus_3382,bus_3383,true
"LINESTRING (-1156 6759, -1160 6857)",line_3140_to_3643_2_cp,bus_3140,bus_3643,false
"LINESTRING (-478 2930, -600 3049)",xf_3471_to_3545_1_2winding_transformer,bus_3471,bus_3545,true
"LINESTRING (71 -177, 156 -160)",xf_1428_1501_1539_1_3winding_transformer_br3,bus_1539,starbus_xf_1428_1501_1539_1,true
"LINESTRING (-274 3142, -253 3222)",xf_3357_to_3355_1_2winding_transformer,bus_3357,bus_3355,true
"LINESTRING (832 -468, 985 -570)",line_1096_to_1105_1_cp,bus_1096,bus_1105,false
"LINESTRING (112 -493, 263 -555)",line_1375_to_1433_1_cp,bus_1375,bus_1433,false
"LINESTRING (714 507, 687 561)",xf_1090_to_1004_5_2winding_transformer,bus_1090,bus_1004,true
"LINESTRING (-533 4111, -611 4070)",line_3348_to_3636_2_cp_merged_with_xf_3348_to_3351_2_2winding_transformer,bus_3351,bus_3319,true
"LINESTRING (-693 5928, -655 6010)",line_3108_to_3159_1_cp,bus_3108,bus_3159,false
"LINESTRING (-1239 4414, -1309 4480)",xf_3034_to_3035_3_2winding_transformer,bus_3034,bus_3035,true
"LINESTRING (-541 4204, -611 4070)",line_3382_to_3636_1_cp,bus_3382,bus_3319,false
"LINESTRING (-843 2502, -687 2591)",line_3340_to_3635_1_cp,bus_3340,bus_3635,false
"LINESTRING (-1751 -2289, -1827 -2251)",xf_4142_to_4319_1_2winding_transformer,bus_4142,bus_4319,true
"LINESTRING (-2124 -1196, -2137 -1434)",line_4180_to_4184_1_cp,bus_4180,bus_4184,false
"LINESTRING (736 -2406, 747 -2705)",line_2190_to_2192_2_cp,bus_2190,bus_2192,false
"LINESTRING (-2794 -1647, -2983 -1700)",line_4107_to_4113_1_cp,bus_4107,bus_4113,false
"LINESTRING (73 -156, 156 -160)",xf_1428_1501_1539_1_3winding_transformer_br2,bus_1501,starbus_xf_1428_1501_1539_1,true
"LINESTRING (-1556 7407, -1687 7268)",line_3182_to_3523_1_cp,bus_3180,bus_3329,false
"LINESTRING (910 619, 679 322)",line_1100_to_1144_1_cp,bus_1100,bus_1066,false
"LINESTRING (997 -6215, 981 -6261)",xf_5092_to_5177_4_2winding_transformer,bus_5092,bus_5177,true
"LINESTRING (-1392 4828, -1335 5018)",xf_3646_to_3122_2_2winding_transformer,bus_3157,bus_3122,true
"LINESTRING (1345 -1629, 1300 -1557)",xf_1118_1038_1039_1_3winding_transformer_br3,bus_1039,starbus_xf_1118_1038_1039_1,true
"LINESTRING (493 4108, 405 3966)",line_3137_to_3261_2_cp,bus_3137,bus_3261,false
"LINESTRING (-1137 2866, -1315 2864)",line_3214_to_3625_1_cp,bus_3214,bus_3625,false
"LINESTRING (-2004 -2596, -1769 -2584)",xf_4129_to_4065_4_2winding_transformer,bus_4112,bus_4065,true
"LINESTRING (867 -1501, 893 -1656)",line_1414_to_1479_1_cp,bus_1414,bus_1479,false
"LINESTRING (380 1278, 450 985)",line_1239_to_1394_1_cp,bus_1239,bus_1241,false
"LINESTRING (995 -6295, 963 -6343)",xf_5091_to_5237_2_2winding_transformer,bus_5091,bus_5237,true
"LINESTRING (-869 5466, -1070 5934)",line_3558_to_3591_1_cp,bus_3558,bus_3591,false
"LINESTRING (1253 -4202, 1368 -4310)",xf_2155_to_2261_1_2winding_transformer,bus_2143,bus_2260,true
"LINESTRING (554 -7, 715 112)",xf_1121_1123_1634_6_3winding_transformer_br2,bus_1123,starbus_xf_1121_1123_1634_6,true
"LINESTRING (516 3511, 600 3549)",xf_3609_to_3437_4_2winding_transformer,bus_3609,bus_3437,true
"LINESTRING (307 3563, -25 3843)",line_3158_to_3624_1_cp,bus_3158,bus_3624,false
"LINESTRING (-1426 7042, -1452 7139)",xf_3080_to_3081_2_2winding_transformer,bus_3080,bus_3081,true
"LINESTRING (1118 -512, 1359 -538)",line_1387_to_1541_4_cp,bus_1387,bus_1163,false
"LINESTRING (1328 -4651, 1307 -4462)",line_2068_to_2262_1_cp,bus_2068,bus_2262,false
"LINESTRING (-491 -2732, -277 -2958)",xf_2200_2196_2305_2_3winding_transformer_br2,bus_2196,starbus_xf_2200_2196_2305_2,true
"LINESTRING (-2124 -1196, -2150 -1130)",xf_4180_to_4228_3_2winding_transformer,bus_4180,bus_4228,true
"LINESTRING (-2370 -2224, -2434 -2245)",xf_4234_to_4416_2_2winding_transformer,bus_4234,bus_4416,true
"LINESTRING (380 3765, 516 3511)",line_3607_to_3609_2_cp,bus_3607,bus_3609,false
"LINESTRING (1111 -6098, 1077 -6174)",line_5095_to_5132_2_cp,bus_5095,bus_5132,false
"LINESTRING (-891 2956, -951 2806)",line_3014_to_3491_1_cp,bus_3014,bus_3074,false
"LINESTRING (48 0, -38 -133)",line_1411_to_1412_1_pi_merged_with_xf_1107_to_1412_1_2winding_transformer,bus_1107,bus_1409,true
"LINESTRING (1443 -4803, 1421 -4724)",line_2309_to_2311_7_cp,bus_2309,bus_2311,false
"LINESTRING (-1218 5893, -1049 5738)",line_3063_to_3165_1_cp,bus_3002,bus_3165,false
"LINESTRING (-2144 -1797, -2383 -1796)",line_4117_to_4154_1_cp,bus_4117,bus_4154,false
"LINESTRING (1415 -6262, 1291 -6185)",line_5077_to_5223_1_cp,bus_5077,bus_5223,false
"LINESTRING (-981 2560, -744 2835)",line_3546_to_3589_2_cp,bus_3546,bus_3589,false
"LINESTRING (736 -2406, 740 -1889)",line_2190_to_2191_1_cp,bus_2190,bus_2191,false
"LINESTRING (-897 -2567, -907 -2658)",line_4218_to_4219_1_cp,bus_4218,bus_4219,false
"LINESTRING (1450 -5558, 1454 -5600)",xf_5067_to_5191_2_2winding_transformer,bus_5067,bus_5191,true
"LINESTRING (349 757, 173 819)",line_1195_to_1313_1_cp,bus_1195,bus_1313,false
"LINESTRING (430 -4263, 416 -4320)",line_2210_to_2252_1_cp,bus_2210,bus_2252,false
"LINESTRING (-2609 -831, -2669 -784)",xf_4197_to_4374_2_2winding_transformer,bus_4197,bus_4374,true
"LINESTRING (-2137 -1434, -2144 -1797)",xf_4184_to_4117_2_2winding_transformer,bus_4184,bus_4117,true
"LINESTRING (1046 -5970, 1111 -6098)",xf_5163_to_5095_4_2winding_transformer,bus_5163,bus_5095,true
"LINESTRING (82 758, 118 641)",line_1458_to_1468_1_cp,bus_1458,bus_1468,false
"LINESTRING (522 -5879, 466 -5914)",xf_5052_to_5180_1_2winding_transformer,bus_5052,bus_5180,true
"LINESTRING (-864 -2495, -707 -2550)",xf_4216_to_4151_1_2winding_transformer,bus_4216,bus_4101,true
"LINESTRING (-1886 -1930, -1918 -1872)",xf_4325_to_4480_2_2winding_transformer,bus_4325,bus_4480,true
"LINESTRING (-24 1461, 27 1398)",line_1522_to_1581_1_cp,bus_1522,bus_1581,false
"LINESTRING (-943 2658, -744 2835)",line_3583_to_3589_2_cp,bus_3583,bus_3589,false
"LINESTRING (-1207 3092, -1306 3114)",xf_3129_to_3130_2_2winding_transformer,bus_3129,bus_3130,true
"LINESTRING (-2189 -3543, -2244 -3630)",xf_4268_to_4442_1_2winding_transformer,bus_4268,bus_4442,true
"LINESTRING (-1020 5304, -982 5236)",line_3153_to_3482_1_cp,bus_3153,bus_3482,false
"LINESTRING (-1482 4608, -1553 4615)",xf_3184_to_3186_1_2winding_transformer,bus_3184,bus_3186,true
"LINESTRING (313 384, 359 712)",line_1191_to_1266_2_cp,bus_1191,bus_1260,false
"LINESTRING (-1211 6608, -1282 6854)",line_3486_to_3529_1_cp,bus_3486,bus_3529,false
"LINESTRING (818 -295, 789 -107)",xf_1097_1098_1161_2_3winding_transformer_br2,bus_1098,starbus_xf_1097_1098_1161_2,true
"LINESTRING (769 804, 762 864)",xf_1003_to_1006_11_2winding_transformer,bus_1003,bus_1006,true
"LINESTRING (814 -6003, 805 -6131)",line_5155_to_5162_1_cp,bus_5155,bus_5162,false
"LINESTRING (433 -2941, 559 -2881)",line_1217_to_1222_1_cp,bus_1217,bus_1222,false
"LINESTRING (-127 2990, -187 2958)",xf_3413_3415_3414_1_3winding_transformer_br2,bus_3415,starbus_xf_3413_3415_3414_1,true
"LINESTRING (10 5394, -54 5307)",line_3150_to_3151_1_cp,bus_3150,bus_3151,false
"LINESTRING (-2402 -1656, -2144 -1797)",line_4104_to_4117_1_cp,bus_4104,bus_4117,false
"LINESTRING (-2004 -2596, -1782 -2384)",Dec9_line_4129_to_4146_1_dec,bus_4112,bus_4137,false
"LINESTRING (-1331 2135, -1281 2170)",xf_3326_to_3324_3_2winding_transformer,bus_3326,bus_3324,true
"LINESTRING (339 -3574, 326 -3443)",xf_2145_2243_2306_2_3winding_transformer_br3,bus_2306,starbus_xf_2145_2243_2306_2,true
"LINESTRING (1136 -413, 1269 -521)",xf_1110_to_1169_2_2winding_transformer,bus_1110,bus_1169,true
"LINESTRING (368 -101, 141 -289)",xf_1155_to_1205_2_2winding_transformer,bus_1155,bus_1205,true
"LINESTRING (540 -4107, 669 -4017)",xf_2184_to_2291_2_2winding_transformer,bus_2111,bus_2291,true
"LINESTRING (1502 -4440, 1534 -4493)",xf_2244_to_2247_2_2winding_transformer,bus_2244,bus_2247,true
"LINESTRING (985 -570, 1232 -816)",line_1105_to_1114_1_cp,bus_1105,bus_1114,false
"LINESTRING (-857 7043, -896 6940)",line_3375_to_3401_1_cp,bus_3375,bus_3401,false
"LINESTRING (2865 2748, 2982 2814)",line_1595_to_1596_1_cp,bus_1595,bus_1596,false
"LINESTRING (-2451 -1601, -2402 -1656)",xf_4104_4045_4046_4_3winding_transformer_br2,bus_4045,starbus_xf_4104_4045_4046_4,true
"LINESTRING (-757 3287, -747 2974)",line_3605_to_3610_2_cp,bus_3605,bus_3601,false
"LINESTRING (287 140, 524 -60)",line_1403_to_1425_1_cp,bus_1403,bus_1178,false
"LINESTRING (-923 2943, -951 2806)",line_3099_to_3491_1_cp,bus_3099,bus_3074,false
"LINESTRING (-1145 6756, -1160 6857)",line_3141_to_3643_1_cp,bus_3141,bus_3643,false
"LINESTRING (2133 2144, 2191 2245)",line_1392_to_1419_1_cp,bus_1392,bus_1419,false
"LINESTRING (-1611 -2026, -1560 -1923)",line_4202_to_4212_1_cp,bus_4202,bus_4212,false
"LINESTRING (-1239 4414, -1090 4415)",line_3034_to_3476_2_cp,bus_3034,bus_3476,false
"LINESTRING (48 0, 228 214)",line_1107_to_1111_2_cp,bus_1107,bus_1111,false
"LINESTRING (2034 2210, 2114 2269)",xf_1447_to_1632_1_2winding_transformer,bus_1447,bus_1632,true
"LINESTRING (567 -53, 467 -265)",line_1186_to_1466_1_cp,bus_1186,bus_1374,false
"LINESTRING (33 394, -473 449)",xf_1370_to_1369_3_2winding_transformer,bus_1234,bus_1369,true
"LINESTRING (224 -3741, 198 -3943)",xf_2109_to_2099_1_2winding_transformer,bus_2109,bus_2099,true
"LINESTRING (2049 -1463, 2186 -1475)",line_1204_to_1361_1_cp,bus_1204,bus_1361,false
"LINESTRING (42 -3609, 10 -3687)",xf_2266_to_2268_3_2winding_transformer,bus_2266,bus_2268,true
"LINESTRING (-833 5026, -570 4803)",line_3557_to_3640_2_cp,bus_3557,bus_3640,false
"LINESTRING (-1965 -3341, -1987 -3446)",xf_4252_to_4429_2_2winding_transformer,bus_4252,bus_4429,true
"LINESTRING (-3288 -1647, -3363 -1658)",line_4165_to_4223_2_cp,bus_4165,bus_4223,false
"LINESTRING (-947 6840, -896 6940)",line_3076_to_3401_1_cp,bus_3076,bus_3401,false
"LINESTRING (1080 1914, 985 1738)",line_1242_to_1364_1_cp,bus_1202,bus_1364,false
"LINESTRING (1426 -1494, 1369 -1490)",xf_1148_1073_1074_1_3winding_transformer_br2,bus_1073,starbus_xf_1148_1073_1074_1,true
"LINESTRING (745 -6429, 712 -6485)",xf_5104_to_5210_2_2winding_transformer,bus_5104,bus_5210,true
"LINESTRING (228 2866, 411 2945)",xf_3653_to_3655_1_2winding_transformer,bus_3652,bus_3655,true
"LINESTRING (199 1000, 243 911)",xf_1430_1502_1542_1_3winding_transformer_br3,bus_1542,starbus_xf_1430_1502_1542_1,true
"LINESTRING (264 -3628, 193 -3623)",line_2105_to_2177_1_cp,bus_2105,bus_2177,false
"LINESTRING (449 -4098, 464 -3836)",line_2112_to_2146_1_cp,bus_2104,bus_2146,false
"LINESTRING (-3041 -1585, -2794 -1647)",xf_4163_to_4107_4_2winding_transformer,bus_4089,bus_4107,true
"LINESTRING (641 962, 703 849)",line_1287_to_1463_1_cp,bus_1287,bus_1463,false
"LINESTRING (-742 4092, -611 4070)",line_3017_to_3636_2_cp,bus_3017,bus_3319,false
"LINESTRING (1123 -6149, 1161 -6181)",xf_5111_to_5213_1_2winding_transformer,bus_5111,bus_5213,true
"LINESTRING (467 -265, 400 -304)",xf_1374_to_1518_2_2winding_transformer,bus_1374,bus_1518,true
"LINESTRING (-457 -330, -466 -304)",line_1378_to_1381_1_cp,bus_1378,bus_1377,false
"LINESTRING (882 -668, 861 -757)",xf_1281_to_1576_2_2winding_transformer,bus_1281,bus_1576,true
"LINESTRING (710 -618, 816 -697)",line_1212_to_1309_1_cp,bus_1212,bus_1309,false
"LINESTRING (-945 3336, -885 3246)",line_3222_to_3519_2_cp,bus_3222,bus_3519,false
"LINESTRING (710 -618, 664 -701)",xf_1212_to_1499_1_2winding_transformer,bus_1212,bus_1499,true
"LINESTRING (-951 2806, -422 3036)",xf_3491_to_3490_5_2winding_transformer,bus_3074,bus_3490,true
"LINESTRING (887 -2086, 889 -1977)",line_1168_to_1497_1_cp,bus_1168,bus_1497,false
"LINESTRING (54 3191, -17 3141)",xf_3362_3364_3363_2_3winding_transformer_br2,bus_3364,starbus_xf_3362_3364_3363_2,true
"LINESTRING (-822 5732, -822 5732)",xf_3483_3558_3484_3_3winding_transformer_br1,bus_3483,starbus_xf_3483_3558_3484_3,true
"LINESTRING (834 -6302, 898 -6262)",xf_5090_5200_5201_6_3winding_transformer_br2,bus_5200,starbus_xf_5090_5200_5201_6,true
"LINESTRING (-891 3562, -685 3675)",xf_3470_to_3543_2_2winding_transformer,bus_3470,bus_3543,true
"LINESTRING (1832 1817, 1924 1854)",xf_1423_to_1623_1_2winding_transformer,bus_1423,bus_1623,true
"LINESTRING (1042 -2200, 1128 -2184)",line_1139_to_1247_1_cp,bus_1139,bus_1247,false
"LINESTRING (1007 -3430, 721 -4255)",line_2199_to_2202_2_cp,bus_2199,bus_2202,false
"LINESTRING (2833 2717, 2806 2717)",line_1601_to_1658_1_cp,bus_1601,bus_1658,false
"LINESTRING (-828 6943, -896 6940)",line_3147_to_3401_1_cp,bus_3147,bus_3401,false
"LINESTRING (-891 2956, -931 2995)",xf_3014_to_3016_1_2winding_transformer,bus_3014,bus_3016,true
"LINESTRING (1269 -521, 1359 -538)",line_1169_to_1541_2_cp,bus_1169,bus_1163,false
"LINESTRING (247 195, 311 234)",line_1230_to_1401_1_cp,bus_1230,bus_1401,false
"LINESTRING (963 -2129, 1130 -1867)",line_1106_to_1151_1_cp,bus_1106,bus_1151,false
"LINESTRING (237 -3162, 227 -3247)",xf_2162_to_2315_1_2winding_transformer,bus_2162,bus_2315,true
"LINESTRING (149 -4060, 110 -4266)",line_2280_to_2351_1_cp,bus_2280,bus_2351,false
"LINESTRING (403 -107, 329 -115)",xf_1432_to_1625_1_2winding_transformer,bus_1432,bus_1625,true
"LINESTRING (156 -160, 403 -107)",line_1429_to_1432_1_cp,bus_1428,bus_1432,false
"LINESTRING (-2794 -1647, -3039 -1644)",line_4107_to_4111_1_cp,bus_4107,bus_4111,false
"LINESTRING (-2137 -3869, -2215 -3825)",xf_4264_to_4440_1_2winding_transformer,bus_4258,bus_4440,true
"LINESTRING (2751 2808, 2877 2867)",line_1027_to_1358_1_cp,bus_1027,bus_1358,false
"LINESTRING (-2402 -3075, -2291 -2954)",line_4231_to_4275_1_cp,bus_4231,bus_4275,false
"LINESTRING (-544 2719, -479 2780)",line_3163_to_3504_2_cp,bus_3163,bus_3504,false
"LINESTRING (2426 -1595, 2398 -1573)",line_1108_to_1208_1_cp,bus_1108,bus_1208,false
"LINESTRING (-2347 -3142, -2408 -3221)",xf_4273_to_4447_2_2winding_transformer,bus_4273,bus_4447,true
"LINESTRING (-335 3514, -307 3700)",xf_3603_to_3444_1_2winding_transformer,bus_3568,bus_3444,true
"LINESTRING (-1243 6489, -1211 6608)",xf_3486_3561_3487_1_3winding_transformer_br3,bus_3487,starbus_xf_3486_3561_3487_1,true
"LINESTRING (398 -61, 528 -55)",line_1179_to_1200_3_cp,bus_1179,bus_1200,false
"LINESTRING (721 682, 787 739)",xf_1149_to_1081_2_2winding_transformer,bus_1149,bus_1081,true
"LINESTRING (459 -475, 467 -265)",line_1246_to_1340_2_cp,bus_1246,bus_1374,false
"LINESTRING (1112 -5788, 1073 -5646)",line_5118_to_5119_4_cp,bus_5118,bus_5119,false
"LINESTRING (1017 -4276, 1031 -4353)",xf_2141_to_2338_3_2winding_transformer,bus_2140,bus_2338,true
"LINESTRING (264 -3628, 241 -3841)",xf_2105_to_2214_2_2winding_transformer,bus_2105,bus_2214,true
"LINESTRING (-816 3268, -837 3342)",xf_3623_to_3647_3_2winding_transformer,bus_3623,bus_3647,true
"LINESTRING (141 -289, -219 -287)",line_1205_to_1359_1_cp,bus_1205,bus_1228,false
"LINESTRING (-1296 4156, -1330 4261)",line_3021_to_3634_1_cp,bus_3021,bus_3634,false
"LINESTRING (40 -3765, 2 -3847)",xf_2101_to_2227_3_2winding_transformer,bus_2101,bus_2227,true
"LINESTRING (-1358 5009, -1392 4828)",line_3284_to_3646_1_cp,bus_3284,bus_3157,false
"LINESTRING (-1593 3546, -1519 3506)",xf_3359_3360_3361_3_3winding_transformer_br2,bus_3360,starbus_xf_3359_3360_3361_3,true
"LINESTRING (-2633 -1576, -2988 -1353)",xf_4121_to_4369_1_2winding_transformer,bus_4106,bus_4369,true
"LINESTRING (-1272 2398, -1147 2506)",line_3123_to_3633_1_cp,bus_3123,bus_3633,false
"LINESTRING (1986 1943, 2144 1943)",xf_1402_to_1613_1_2winding_transformer,bus_1402,bus_1613,true
"LINESTRING (955 -3011, 997 -3037)",xf_2107_to_2004_2_2winding_transformer,bus_2107,bus_2004,true
"LINESTRING (867 -1329, 894 -1382)",xf_1206_to_1517_2_2winding_transformer,bus_1206,bus_1517,true
"LINESTRING (-1895 6824, -1736 6747)",line_3094_to_3516_1_cp,bus_3094,bus_3516,false
"LINESTRING (1689 -5561, 1692 -5528)",line_5062_to_5064_1_cp,bus_5062,bus_5064,false
"LINESTRING (-1830 -2105, -1853 -2061)",xf_4324_to_4481_1_2winding_transformer,bus_4324,bus_4481,true
"LINESTRING (-685 3675, -906 4002)",line_3543_to_3547_1_cp,bus_3543,bus_3547,false
"LINESTRING (-976 3255, -1046 3295)",xf_3192_to_3193_2_2winding_transformer,bus_3192,bus_3193,true
"LINESTRING (-1345 4055, -1425 4091)",line_3010_to_3174_1_cp,bus_3010,bus_3174,false
"LINESTRING (764 27, 875 144)",xf_1117_to_1174_1_2winding_transformer_merged_with_line_1174_to_1491_1_cp,bus_1117,bus_1252,true
"LINESTRING (-2396 -2385, -2644 -2675)",line_4236_to_4237_1_cp,bus_4236,bus_4038,false
"LINESTRING (237 -3162, 238 -3228)",xf_2162_to_2271_2_2winding_transformer,bus_2162,bus_2271,true
"LINESTRING (582 839, 450 985)",line_1196_to_1241_1_cp,bus_1196,bus_1241,false
"LINESTRING (740 -1889, 740 -1889)",xf_2191_2025_2026_2_3winding_transformer_br1,bus_2191,starbus_xf_2191_2025_2026_2,true
"LINESTRING (-2306 -3822, -2249 -3731)",xf_4254_4377_4432_1_3winding_transformer_br3,bus_4432,starbus_xf_4254_4377_4432_1,true
"LINESTRING (-976 3255, -757 3287)",xf_3192_to_3605_1_2winding_transformer,bus_3192,bus_3605,true
"LINESTRING (-906 4002, -992 4175)",line_3547_to_3606_1_cp,bus_3547,bus_3606,false
"LINESTRING (2049 -1463, 2279 -1561)",line_1204_to_1293_2_cp,bus_1204,bus_1293,false
"LINESTRING (1264 1484, 1318 1531)",line_1356_to_1464_1_cp,bus_1356,bus_1464,false
"LINESTRING (449 -4098, 490 -4179)",xf_2112_to_2300_2_2winding_transformer,bus_2104,bus_2300,true
"LINESTRING (-472 4285, -446 4346)",xf_3237_to_3239_2_2winding_transformer,bus_3237,bus_3239,true
"LINESTRING (-1281 6365, -1099 6377)",line_3246_to_3259_1_cp,bus_3245,bus_3259,false
"LINESTRING (-2700 -678, -2759 -629)",xf_4198_to_4375_1_2winding_transformer,bus_4198,bus_4375,true
"LINESTRING (1958 2291, 2018 2379)",xf_1164_to_1535_2_2winding_transformer,bus_1164,bus_1535,true
"LINESTRING (149 -3261, -82 -3150)",line_2203_to_2209_1_cp,bus_2203,bus_2209,false
"LINESTRING (-553 3019, -551 3089)",xf_3048_to_3049_2_2winding_transformer,bus_3048,bus_3049,true
"LINESTRING (-2127 -4027, -2167 -3907)",line_4260_to_4265_1_cp,bus_4260,bus_4265,false
"LINESTRING (-1012 3485, -944 3422)",line_3205_to_3496_1_cp,bus_3205,bus_3496,false
"LINESTRING (1491 2184, 1063 2437)",line_1095_to_1109_1_cp,bus_1011,bus_1109,false
"LINESTRING (-1552 2808, -1400 2824)",xf_3212_to_3465_2_2winding_transformer_merged_with_line_3212_to_3255_1_cp,bus_3465,bus_3253,true
"LINESTRING (912 -715, 1136 -1159)",line_1119_to_1158_2_cp,bus_1119,bus_1158,false
"LINESTRING (-898 -2745, -926 -2803)",xf_4220_to_4077_9_2winding_transformer,bus_4220,bus_4077,true
"LINESTRING (-955 -2336, -707 -2550)",line_4138_to_4151_1_cp,bus_4138,bus_4101,false
"LINESTRING (1751 -1387, 2049 -1463)",xf_1154_to_1204_2_2winding_transformer,bus_1154,bus_1204,true
"LINESTRING (1977 -1315, 2113 -1416)",line_1165_to_1492_1_cp,bus_1255,bus_1306,false
"LINESTRING (732 -450, 1044 -449)",xf_1440_to_1575_3_2winding_transformer,bus_1189,bus_1575,true
"LINESTRING (1329 4401, 1432 4487)",line_3539_to_3540_2_cp,bus_3539,bus_3540,false
"LINESTRING (-2650 -1357, -2734 -1292)",xf_4171_to_4364_2_2winding_transformer,bus_4171,bus_4364,true
"LINESTRING (-587 3475, -757 3287)",line_3560_to_3605_1_cp,bus_3560,bus_3605,false
"LINESTRING (228 214, 679 322)",line_1111_to_1144_2_cp,bus_1111,bus_1066,false
"LINESTRING (-1840 -1583, -1727 -1560)",line_4206_to_4207_1_cp,bus_4206,bus_4207,false
"LINESTRING (1044 -5875, 1075 -5837)",xf_5037_to_5114_1_2winding_transformer,bus_5037,bus_5114,true
"LINESTRING (828 -241, 732 -450)",xf_1189_to_1140_4_2winding_transformer,bus_1140,bus_1189,true
"LINESTRING (970 -499, 1113 -471)",line_1289_to_1460_2_cp,bus_1289,bus_1460,false
"LINESTRING (-952 -2323, -1481 -2118)",line_4139_to_4140_2_RLC_merged_with_line_4140_to_4149_2_cp,bus_4139,bus_4149,false
"LINESTRING (-1884 -2362, -1886 -2512)",xf_4297_to_4460_2_2winding_transformer,bus_4296,bus_4460,true
"LINESTRING (228 214, 33 394)",xf_1111_to_1171_2_2winding_transformer,bus_1111,bus_1234,true
"LINESTRING (1861 -1281, 1955 -1261)",xf_1449_to_1633_2_2winding_transformer,bus_1449,bus_1633,true
"LINESTRING (880 -3494, 721 -4255)",connection V5,bus_2206,bus_2202,false
"LINESTRING (-1715 -2814, -1757 -2733)",line_4318_to_4339_1_cp,bus_4318,bus_4339,false
"LINESTRING (-1233 4114, -1272 4174)",xf_3028_to_3029_1_2winding_transformer,bus_3028,bus_3029,true
"LINESTRING (901 1394, 844 1491)",xf_1337_to_1557_2_2winding_transformer,bus_1336,bus_1557,true
"LINESTRING (1122 4261, 1329 4401)",xf_3619_to_3539_1_2winding_transformer_merged_with_line_3617_to_3619_2_cp,bus_3617,bus_3539,true
"LINESTRING (66 3102, -26 3018)",xf_3333_3336_3335_3_3winding_transformer_br1,bus_3302,starbus_xf_3333_3336_3335_3,true
"LINESTRING (1681 -2347, 779 -2299)",line_1587_to_2293_1_cp,bus_1587,bus_2293,false
"LINESTRING (-869 5466, -1070 5934)",line_3558_to_3591_2_cp,bus_3558,bus_3591,false
"LINESTRING (2110 -1334, 1977 -1315)",line_1237_to_1278_1_cp,bus_1237,bus_1255,false
"LINESTRING (360 873, 438 792)",line_1438_to_1455_1_cp,bus_1438,bus_1455,false
"LINESTRING (1179 1409, 1237 1469)",line_1193_to_1477_2_cp,bus_1193,bus_1477,false
"LINESTRING (-1211 6608, -1211 6608)",xf_3486_3561_3489_3_3winding_transformer_br1,bus_3486,starbus_xf_3486_3561_3489_3,true
"LINESTRING (1111 -6098, 1251 -6104)",line_5095_to_5131_1_cp,bus_5095,bus_5131,false
"LINESTRING (1903 -5666, 1992 -5708)",xf_5128_to_5044_1_2winding_transformer,bus_5128,bus_5044,true
"LINESTRING (-951 2806, -1029 2801)",xf_3074_to_3075_1_2winding_transformer,bus_3074,bus_3075,true
"LINESTRING (1130 -1867, 944 -1807)",xf_1151_to_1199_2_2winding_transformer,bus_1151,bus_1199,true
"LINESTRING (1318 1531, 1459 1657)",line_1464_to_1473_1_cp,bus_1464,bus_1473,false
"LINESTRING (-3762 -1734, -3689 -1737)",xf_4160_4097_4400_2_3winding_transformer_br3,bus_4400,starbus_xf_4160_4097_4400_2,true
"LINESTRING (-1145 6756, -1211 6608)",line_3141_to_3486_1_cp,bus_3141,bus_3486,false
"LINESTRING (-2202 -2504, -2336 -2734)",xf_4239_to_4421_2_2winding_transformer,bus_4238,bus_4421,true
"LINESTRING (904 -5344, 860 -5378)",xf_5150_to_5018_1_2winding_transformer,bus_5150,bus_5018,true
"LINESTRING (1503 4551, 1432 4487)",line_3289_to_3540_1_cp,bus_3289,bus_3540,false
"LINESTRING (-3689 -1737, -3848 -1764)",line_4160_to_4166_1_cp,bus_4160,bus_4166,false
"LINESTRING (-763 4172, -776 4267)",xf_3019_to_3020_1_2winding_transformer,bus_3019,bus_3020,true
"LINESTRING (-487 4295, -541 4204)",line_3238_to_3382_1_cp,bus_3238,bus_3382,false
"LINESTRING (-1138 3004, -1230 3017)",xf_3342_to_3343_2_2winding_transformer,bus_3342,bus_3343,true
"LINESTRING (1291 -6185, 1299 -6237)",xf_5223_to_5022_1_2winding_transformer,bus_5223,bus_5022,true
"LINESTRING (723 -891, 681 -960)",line_1177_to_1301_1_cp,bus_1177,bus_1301,false
"LINESTRING (-947 6840, -997 6898)",line_3076_to_3283_1_cp,bus_3076,bus_3283,false
"LINESTRING (554 -7, 398 -61)",xf_1123_to_1179_3_2winding_transformer,bus_1123,bus_1179,true
"LINESTRING (1590 -5552, 1632 -5585)",xf_5061_to_5187_2_2winding_transformer,bus_5061,bus_5187,true
"LINESTRING (735 -2765, 703 -2878)",line_2120_to_2126_1_cp,bus_2120,bus_2126,false
"LINESTRING (1400 -4609, 1421 -4724)",line_2307_to_2311_5_cp,bus_2307,bus_2311,false
"LINESTRING (-2466 -1680, -2402 -1656)",xf_4104_4039_4040_1_3winding_transformer_br3,bus_4040,starbus_xf_4104_4039_4040_1,true
"LINESTRING (1073 -5646, 1056 -5668)",xf_5119_to_5120_3_2winding_transformer,bus_5119,bus_5120,true
"LINESTRING (-2794 -1647, -3298 -1459)",connection S6,bus_4107,bus_4182,false
"LINESTRING (863 -2112, 951 -2174)",line_1308_to_1395_1_cp,bus_1308,bus_1395,false
"LINESTRING (860 -3472, 805 -3201)",line_2114_to_2182_1_cp,bus_2114,bus_2170,false
"LINESTRING (-1275 6726, -1362 6928)",line_3128_to_3291_1_cp_merged_with_xf_3291_to_3292_1_2winding_transformer,bus_3128,bus_3292,true
"LINESTRING (1008 -5612, 1155 -5495)",line_5143_to_5149_1_cp,bus_5143,bus_5149,false
"LINESTRING (1300 -1557, 1300 -1557)",xf_1118_1042_1043_3_3winding_transformer_br1,bus_1118,starbus_xf_1118_1042_1043_3,true
"LINESTRING (1237 -445, 732 -450)",line_1221_to_1441_1_cp,bus_1221,bus_1189,false
"LINESTRING (-2540 -632, -2568 -542)",xf_4350_to_4009_4_2winding_transformer,bus_4350,bus_4009,true
"LINESTRING (-932 -2934, -921 -2853)",xf_4078_to_4074_2_2winding_transformer,bus_4078,bus_4074,true
"LINESTRING (-1064 3231, -1064 3231)",xf_3231_3644_3645_2_3winding_transformer_br1,bus_3231,starbus_xf_3231_3644_3645_2,true
"LINESTRING (-2234 -3018, -2313 -3113)",line_4266_to_4271_1_cp,bus_4266,bus_4271,false
"LINESTRING (795 -151, 828 -241)",line_1112_to_1140_1_cp,bus_1112,bus_1140,false
"LINESTRING (-2143 -2100, -1965 -2388)",line_4124_to_4135_1_cp,bus_4094,bus_4135,false
"LINESTRING (-2083 -2441, -2149 -2453)",xf_4279_to_4451_1_2winding_transformer,bus_4279,bus_4451,true
"LINESTRING (966 371, 927 178)",line_1443_to_1483_1_cp,bus_1184,bus_1483,false
"LINESTRING (-1970 -3309, -2040 -3485)",line_4243_to_4249_1_cp,bus_4243,bus_4249,false
"LINESTRING (-2650 -1357, -2652 -1307)",line_4171_to_4183_1_cp,bus_4171,bus_4183,false
"LINESTRING (883 -5645, 1051 -5654)",xf_5165_to_5040_4_2winding_transformer_merged_with_line_5165_to_5169_3_cp,bus_5040,bus_5169,true
"LINESTRING (2504 2612, 2721 2689)",xf_1347_to_1594_2_2winding_transformer,bus_1347,bus_1594,true
"LINESTRING (-2004 -2596, -1778 -2620)",xf_4129_to_4064_3_2winding_transformer,bus_4112,bus_4064,true
"LINESTRING (-1426 7042, -1687 7268)",line_3080_to_3523_1_cp,bus_3080,bus_3329,false
"LINESTRING (173 819, 93 860)",xf_1313_to_1509_4_2winding_transformer,bus_1313,bus_1509,true
"LINESTRING (528 -55, 582 -50)",xf_1200_to_1515_2_2winding_transformer,bus_1200,bus_1515,true
"LINESTRING (-1502 6107, -1417 6057)",line_3194_to_3195_1_cp,bus_3194,bus_3195,false
"LINESTRING (-2306 -1996, -2428 -2099)",xf_4143_to_4382_1_2winding_transformer,bus_4143,bus_4382,true
"LINESTRING (631 4150, 544 4081)",xf_3266_3154_3155_1_3winding_transformer_br2,bus_3154,starbus_xf_3266_3154_3155_1,true
"LINESTRING (910 619, 1001 674)",xf_1100_to_1017_1_2winding_transformer,bus_1100,bus_1017,true
"LINESTRING (1501 -5533, 1531 -5566)",xf_5065_to_5190_3_2winding_transformer,bus_5065,bus_5190,true
"LINESTRING (-1392 4828, -1444 4973)",xf_3296_to_3419_3_2winding_transformer,bus_3157,bus_3419,true
"LINESTRING (877 -4079, 888 -4181)",xf_2167_to_2197_3_2winding_transformer,bus_2167,bus_2197,true
"LINESTRING (313 384, 33 394)",line_1191_to_1234_1_cp,bus_1191,bus_1234,false
"LINESTRING (898 -6262, 997 -6215)",line_5090_to_5092_1_cp,bus_5090,bus_5092,false
"LINESTRING (-1970 -3309, -1983 -3394)",xf_4243_to_4067_2_2winding_transformer,bus_4243,bus_4067,true
"LINESTRING (-946 5782, -960 5877)",line_3161_to_3162_1_cp,bus_3161,bus_3162,false
"LINESTRING (927 1615, 907 1571)",line_1397_to_1630_1_cp,bus_1397,bus_1630,false
"LINESTRING (-219 -287, -466 -304)",line_1228_to_1381_1_cp,bus_1228,bus_1377,false
"LINESTRING (-1791 4951, -1392 4828)",line_3157_to_3216_1_cp,bus_3220,bus_3157,false
"LINESTRING (-1347 2481, -1451 2464)",xf_3386_to_3389_2_2winding_transformer,bus_3386,bus_3389,true
"LINESTRING (-570 4803, -522 4877)",xf_3640_to_3585_1_2winding_transformer,bus_3640,bus_3585,true
"LINESTRING (740 -1889, 740 -1889)",xf_2191_2029_2030_4_3winding_transformer_br1,bus_2191,starbus_xf_2191_2029_2030_4,true
"LINESTRING (97 -3966, 91 -3833)",line_2213_to_2216_1_cp,bus_2213,bus_2216,false
"LINESTRING (877 -4079, 871 -4184)",xf_2167_to_2316_7_2winding_transformer,bus_2167,bus_2103,true
"LINESTRING (-2594 -940, -2654 -894)",xf_4126_to_4127_2_2winding_transformer,bus_4126,bus_4127,true
"LINESTRING (-2383 -1796, -2465 -1810)",xf_4154_to_4085_1_2winding_transformer,bus_4154,bus_4085,true
"LINESTRING (485 4116, 569 4242)",line_3278_to_3279_2_cp,bus_3278,bus_3279,false
"LINESTRING (-1884 -2362, -1894 -2326)",xf_4296_to_4459_3_2winding_transformer,bus_4296,bus_4459,true
"LINESTRING (785 983, 870 910)",line_1439_to_1446_1_cp,bus_1265,bus_1446,false
"LINESTRING (-2297 -3132, -2351 -3218)",xf_4270_to_4444_1_2winding_transformer,bus_4270,bus_4444,true
"LINESTRING (-938 3182, -747 2974)",xf_3534_to_3610_2_2winding_transformer,bus_3534,bus_3601,true
"LINESTRING (48 0, -38 -133)",xf_1107_to_1409_2_2winding_transformer,bus_1107,bus_1409,true
"LINESTRING (66 3102, -65 3166)",line_3374_to_3402_2_cp,bus_3302,bus_3402,false
"LINESTRING (-635 3096, -816 3268)",line_3229_to_3623_1_cp,bus_3229,bus_3623,false
"LINESTRING (805 -6131, 898 -6262)",xf_5162_to_5090_4_2winding_transformer,bus_5162,bus_5090,true
"LINESTRING (1112 -5788, 1082 -5891)",line_5115_to_5118_5_cp_merged_with_xf_5038_to_5115_2_2winding_transformer,bus_5118,bus_5038,true
"LINESTRING (1761 -5608, 1808 -5646)",xf_5059_to_5185_2_2winding_transformer,bus_5059,bus_5185,true
"LINESTRING (574 -3521, 464 -3836)",xf_2201_to_2146_1_2winding_transformer,bus_2201,bus_2146,true
"LINESTRING (-2187 -2766, -2245 -2834)",xf_4289_to_4456_1_2winding_transformer,bus_4289,bus_4456,true
"LINESTRING (1155 -5495, 1434 -5510)",xf_5149_to_5063_2_2winding_transformer,bus_5149,bus_5063,true
"LINESTRING (1977 -1315, 1446 -1310)",xf_1103_to_1165_4_2winding_transformer,bus_1255,bus_1103,true
"LINESTRING (574 -1161, 629 -1107)",xf_1296_1504_1505_2_3winding_transformer_br3,bus_1505,starbus_xf_1296_1504_1505_2,true
"LINESTRING (-1331 2135, -1305 2188)",xf_3326_to_3325_1_2winding_transformer,bus_3326,bus_3325,true
"LINESTRING (-1519 3506, -1532 3501)",xf_3358_3360_3361_1_3winding_transformer_br1,bus_3359,starbus_xf_3358_3360_3361_1,true
"LINESTRING (-382 -3237, -409 -3284)",xf_2077_2205_2349_3_3winding_transformer_br3,bus_2349,starbus_xf_2077_2205_2349_3,true
"LINESTRING (-1229 -2017, -1094 -2136)",line_4215_to_4217_1_cp,bus_4215,bus_4217,false
"LINESTRING (-1308 3419, -1401 3455)",xf_3058_to_3059_1_2winding_transformer,bus_3058,bus_3059,true
"LINESTRING (-685 3675, -613 3347)",line_3543_to_3593_1_cp,bus_3543,bus_3593,false
"LINESTRING (944 -1807, 858 -1966)",line_1199_to_1480_2_cp,bus_1199,bus_1480,false
"LINESTRING (-478 2930, -600 3049)",xf_3471_to_3545_3_2winding_transformer,bus_3471,bus_3545,true
"LINESTRING (-1657 -2805, -1586 -2960)",line_4311_to_4312_1_cp,bus_4311,bus_4312,false
"LINESTRING (-2144 -1797, -2143 -2100)",line_4117_to_4124_1_cp,bus_4117,bus_4094,false
"LINESTRING (-2004 -2596, -2072 -2841)",Dec2_line_4112_to_4133_1_dec,bus_4112,bus_4133,false
"LINESTRING (568 3851, 741 3944)",xf_3622_to_3541_1_2winding_transformer,bus_3616,bus_3541,true
"LINESTRING (2796 2885, 2815 2889)",xf_1616_1027_1618_1_3winding_transformer_br3,bus_1618,starbus_xf_1616_1027_1618_1,true
"LINESTRING (2504 2612, 2300 2524)",line_1347_to_1628_3_cp,bus_1347,bus_1173,false
"LINESTRING (-3848 -1764, -3940 -1763)",xf_4166_to_4356_5_2winding_transformer,bus_4166,bus_4356,true
"LINESTRING (2310 2653, 2236 2578)",line_1579_to_1648_1_cp,bus_1579,bus_1648,false
"LINESTRING (937 -3740, 1051 -3940)",xf_2172_to_2278_3_2winding_transformer,bus_2164,bus_2278,true
"LINESTRING (-579 -293, -674 -304)",xf_1437_to_1436_1_2winding_transformer,bus_1437,bus_1436,true
"LINESTRING (400 -3956, 399 -3860)",xf_2295_to_2189_1_2winding_transformer,bus_2295,bus_2189,true
"LINESTRING (828 -241, 732 -450)",xf_1140_to_1189_1_2winding_transformer,bus_1140,bus_1189,true
"LINESTRING (-2996 -1862, -3070 -1848)",xf_4358_to_4017_3_2winding_transformer,bus_4358,bus_4017,true
"LINESTRING (-982 5236, -1221 5429)",line_3482_to_3510_1_cp,bus_3482,bus_3432,false
"LINESTRING (-972 7187, -928 7430)",line_3210_to_3267_1_cp_merged_with_xf_3210_to_3463_2_2winding_transformer,bus_3267,bus_3463,true
"LINESTRING (-1080 4673, -954 4846)",line_3604_to_3611_1_cp,bus_3604,bus_3611,false
"LINESTRING (924 -3962, 941 -4072)",xf_2121_to_2231_1_2winding_transformer,bus_2121,bus_2231,true
"LINESTRING (732 -450, 970 -499)",line_1189_to_1469_2_cp,bus_1189,bus_1289,false
"LINESTRING (764 27, 679 322)",line_1117_to_1144_1_cp,bus_1117,bus_1066,false
"LINESTRING (1017 -4276, 1031 -4353)",xf_2140_to_2338_2_2winding_transformer,bus_2140,bus_2338,true
"LINESTRING (554 -7, 679 -116)",line_1123_to_1152_1_cp,bus_1123,bus_1152,false
"LINESTRING (1641 1447, 1700 1483)",line_1396_to_1416_1_cp,bus_1396,bus_1416,false
"LINESTRING (-478 2930, -489 2977)",xf_3471_to_3472_7_2winding_transformer,bus_3471,bus_3472,true
"LINESTRING (1490 -430, 1492 -482)",line_1344_to_1349_1_cp,bus_1344,bus_1349,false
"LINESTRING (-1840 -1583, -1859 -1516)",xf_4206_to_4336_1_2winding_transformer,bus_4206,bus_4336,true
"LINESTRING (820 1294, 875 1476)",line_1183_to_1621_1_cp,bus_1183,bus_1621,false
"LINESTRING (-1250 6362, -1503 6658)",line_3561_to_3584_2_cp,bus_3561,bus_3584,false
"LINESTRING (644 526, 528 664)",xf_1150_to_1198_1_2winding_transformer,bus_1150,bus_1198,true
"LINESTRING (985 -570, 1073 -728)",xf_1105_to_1166_3_2winding_transformer,bus_1105,bus_1166,true
"LINESTRING (406 416, 597 315)",line_1134_to_1138_1_cp,bus_1134,bus_1138,false
"LINESTRING (193 -3623, 170 -3726)",xf_2177_to_2281_3_2winding_transformer,bus_2177,bus_2281,true
"LINESTRING (994 -2933, 1039 -2934)",xf_2229_to_2012_1_2winding_transformer,bus_2229,bus_2012,true
"LINESTRING (522 -5879, 443 -5908)",xf_5052_to_5181_3_2winding_transformer,bus_5052,bus_5181,true
"LINESTRING (872 1361, 901 1394)",line_1283_to_1336_1_cp,bus_1283,bus_1336,false
"LINESTRING (-635 3096, -639 3166)",xf_3229_to_3230_2_2winding_transformer,bus_3229,bus_3230,true
"LINESTRING (1058 1182, 1179 1409)",xf_1146_to_1193_2_2winding_transformer,bus_1146,bus_1193,true
"LINESTRING (108 -3479, 165 -3371)",line_2017_to_2353_2_pi,bus_2017,bus_2129,false
"LINESTRING (1748 2235, 1958 2291)",xf_1104_to_1164_1_2winding_transformer,bus_1104,bus_1164,true
"LINESTRING (10 -3687, -14 -3759)",xf_2268_to_2074_2_2winding_transformer,bus_2268,bus_2074,true
"LINESTRING (1263 -2064, 713 -2244)",line_1113_to_2195_1_cp,bus_1113,bus_2195,false
"LINESTRING (178 981, 243 911)",xf_1430_1502_1542_1_3winding_transformer_br2,bus_1502,starbus_xf_1430_1502_1542_1,true
"LINESTRING (-937 6566, -879 6634)",xf_3067_to_3452_1_2winding_transformer,bus_3067,bus_3452,true
"LINESTRING (821 -196, 789 -107)",xf_1097_1098_1161_2_3winding_transformer_br3,bus_1161,starbus_xf_1097_1098_1161_2,true
"LINESTRING (-2163 -830, -2151 -876)",xf_4186_4230_4494_1_3winding_transformer_br2,bus_4230,starbus_xf_4186_4230_4494_1,true
"LINESTRING (970 -499, 580 -475)",line_1391_to_1393_1_cp,bus_1289,bus_1393,false
"LINESTRING (-2040 -3485, -2185 -3693)",line_4250_to_4251_1_cp,bus_4249,bus_4251,false
"LINESTRING (736 -2406, 740 -1889)",line_2190_to_2191_2_cp,bus_2190,bus_2191,false
"LINESTRING (820 1294, 901 1394)",line_1183_to_1337_1_cp,bus_1183,bus_1336,false
"LINESTRING (1486 -5546, 1502 -5586)",xf_5066_to_5172_1_2winding_transformer,bus_5066,bus_5172,true
"LINESTRING (340 -3787, 464 -3836)",line_2128_to_2146_2_cp,bus_2128,bus_2146,false
"LINESTRING (-693 5928, -629 6039)",line_3108_to_3243_2_cp,bus_3108,bus_3243,false
"LINESTRING (-2143 -2100, -1843 -2005)",line_4124_to_4131_1_cp,bus_4094,bus_4131,false
"LINESTRING (-473 449, -607 496)",line_1369_to_1656_4_cp,bus_1369,bus_1656,false
"LINESTRING (1404 -1052, 1522 -1083)",xf_1102_to_1565_3_2winding_transformer,bus_1102,bus_1565,true
"LINESTRING (713 160, 703 257)",xf_1092_1093_1525_1_3winding_transformer_br3,bus_1525,starbus_xf_1092_1093_1525_1,true
"LINESTRING (735 -2765, 736 -2406)",xf_2120_to_2190_3_2winding_transformer,bus_2120,bus_2190,true
"LINESTRING (759 719, 644 526)",line_1091_to_1150_1_cp,bus_1091,bus_1150,false
"LINESTRING (-891 3562, -1055 3399)",line_3470_to_3506_2_cp,bus_3470,bus_3506,false
"LINESTRING (1122 4261, 1258 4394)",xf_3617_to_3618_1_2winding_transformer,bus_3617,bus_3618,true
"LINESTRING (915 -6284, 954 -6264)",xf_5238_to_5226_3C_2winding_transformer,bus_5238,bus_5226,true
"LINESTRING (971 -5848, 1051 -5654)",line_5168_to_5169_2_cp,bus_5168,bus_5169,false
"LINESTRING (973 -6363, 995 -6295)",xf_5094_5202_5203_2_3winding_transformer_br1_merged_with_line_5091_to_5094_2_cp,starbus_xf_5094_5202_5203_2,bus_5091,true
"LINESTRING (-2547 -2226, -2456 -2217)",line_4132_to_4235_1_cp,bus_4132,bus_4235,false
"LINESTRING (-2144 -1797, -1843 -2005)",line_4117_to_4131_1_cp,bus_4117,bus_4131,false
"LINESTRING (-635 3096, -639 3166)",xf_3229_to_3230_1_2winding_transformer,bus_3229,bus_3230,true
"LINESTRING (-1926 -2226, -1971 -2187)",xf_4323_to_4477_2_2winding_transformer,bus_4323,bus_4477,true
"LINESTRING (1603 -5786, 1725 -5846)",line_5075_to_5137_1_cp,bus_5075,bus_5137,false
"LINESTRING (858 -1966, 848 -2033)",xf_1480_to_1070_2_2winding_transformer,bus_1480,bus_1070,true
"LINESTRING (-2169 -2688, -2169 -2688)",xf_4031_4028_4027_2_3winding_transformer_br1,bus_4031,starbus_xf_4031_4028_4027_2,true
"LINESTRING (-951 2806, -422 3036)",xf_3491_to_3490_4_2winding_transformer,bus_3074,bus_3490,true
"LINESTRING (1172 304, 966 371)",line_1405_to_1443_1_cp,bus_1405,bus_1184,false
"LINESTRING (-1332 2344, -1249 2385)",xf_3177_3179_3178_1_3winding_transformer_br3,bus_3178,starbus_xf_3177_3179_3178_1,true
"LINESTRING (-1173 6240, -1155 6151)",line_3248_to_3518_1_cp,bus_3248,bus_3518,false
"LINESTRING (144 -4164, 149 -4060)",line_2096_to_2280_1_cp,bus_2096,bus_2280,false
"LINESTRING (697 535, 765 561)",xf_1124_to_1552_4_2winding_transformer,bus_1124,bus_1552,true
"LINESTRING (-1013 3992, -853 3865)",xf_3479_to_3556_2_2winding_transformer,bus_3479,bus_3556,true
"LINESTRING (1322 -444, 1304 -378)",line_1330_to_1382_1_cp,bus_1330,bus_1382,false
"LINESTRING (-2397 -2645, -2467 -2697)",xf_4240_to_4422_2_2winding_transformer,bus_4240,bus_4422,true
"LINESTRING (-1945 -2363, -2078 -2282)",xf_4320_to_4476_1_2winding_transformer,bus_4320,bus_4001,true
"LINESTRING (-1435 6262, -1507 6335)",xf_3626_to_3071_1_2winding_transformer,bus_3626,bus_3071,true
"LINESTRING (-3222 -1469, -3294 -1435)",line_4167_to_4168_1_cp,bus_4167,bus_4168,false
"LINESTRING (528 -55, 639 19)",line_1200_to_1332_2_cp,bus_1200,bus_1332,false
"LINESTRING (-1417 6783, -1475 6850)",line_3004_to_3005_1_cp,bus_3004,bus_3005,false
"LINESTRING (-1305 2188, -1388 2149)",xf_3325_to_3328_2_2winding_transformer,bus_3325,bus_3328,true
"LINESTRING (-479 2780, -444 2787)",xf_3504_to_3505_3_2winding_transformer,bus_3504,bus_3505,true
"LINESTRING (-2040 -3485, -2072 -3582)",xf_4249_to_4428_2_2winding_transformer,bus_4249,bus_4428,true
"LINESTRING (-1938 6945, -1873 6871)",xf_3629_3454_3456_2_3winding_transformer_br3,bus_3456,starbus_xf_3629_3454_3456_2,true
"LINESTRING (1328 -4651, 1345 -4754)",xf_2068_to_2070_2_2winding_transformer,bus_2068,bus_2070,true
"LINESTRING (691 -287, 592 -338)",line_1570_to_1571_1_cp,bus_1570,bus_1571,false
"LINESTRING (-2202 -2504, -2397 -2645)",line_4239_to_4240_1_cp,bus_4238,bus_4240,false
"LINESTRING (-2378 -1162, -2424 -1109)",xf_4190_to_4500_1_2winding_transformer,bus_4190,bus_4500,true
"LINESTRING (758 -1965, 740 -1889)",xf_2191_2031_2022_5_3winding_transformer_br2,bus_2031,starbus_xf_2191_2031_2022_5,true
"LINESTRING (141 -289, -219 -287)",line_1205_to_1214_1_cp,bus_1205,bus_1228,false
"LINESTRING (-955 -2336, -1481 -2118)",line_4141_to_4149_1_cp,bus_4138,bus_4149,false
"LINESTRING (528 -55, 403 -107)",line_1200_to_1432_1_cp,bus_1200,bus_1432,false
"LINESTRING (697 535, 753 586)",xf_1124_to_1551_5_2winding_transformer,bus_1124,bus_1551,true
"LINESTRING (-274 3142, -226 3209)",xf_3357_to_3356_3_2winding_transformer,bus_3357,bus_3356,true
"LINESTRING (339 -3574, 326 -3443)",xf_2145_2243_2306_3_3winding_transformer_br3,bus_2306,starbus_xf_2145_2243_2306_3,true
"LINESTRING (867 -1329, 925 -1481)",line_1206_to_1274_1_cp,bus_1206,bus_1274,false
"LINESTRING (639 19, 708 82)",line_1332_to_1345_1_cp,bus_1332,bus_1345,false
"LINESTRING (721 682, 787 739)",xf_1149_to_1081_1_2winding_transformer,bus_1149,bus_1081,true
"LINESTRING (895 4111, 1025 4232)",xf_3614_to_3536_3_2winding_transformer,bus_3614,bus_3536,true
"LINESTRING (-2402 -1656, -2402 -1656)",xf_4104_4041_4042_2_3winding_transformer_br1,bus_4104,starbus_xf_4104_4041_4042_2,true
"LINESTRING (2666 -1661, 2749 -1684)",xf_1225_to_1021_2_2winding_transformer,bus_1225,bus_1021,true
"LINESTRING (759 719, 897 993)",line_1091_to_1132_2_cp,bus_1091,bus_1132,false
"LINESTRING (-277 -2958, -82 -3150)",line_2200_to_2209_1_cp,bus_2200,bus_2209,false
"LINESTRING (-281 -3625, -297 -3716)",xf_2342_to_2056_5_2winding_transformer,bus_2342,bus_2056,true
"LINESTRING (504 -3172, 629 -2952)",line_2125_to_2169_1_cp,bus_2125,bus_2169,false
"LINESTRING (-404 -2893, -277 -2958)",xf_2200_2196_2305_2_3winding_transformer_br3,bus_2303,starbus_xf_2200_2196_2305_2,true
"LINESTRING (482 -493, 467 -265)",line_1244_to_1340_4_cp,bus_1244,bus_1374,false
"LINESTRING (198 980, 243 911)",xf_1430_1502_1543_2_3winding_transformer_br3,bus_1543,starbus_xf_1430_1502_1543_2,true
"LINESTRING (2044 2249, 2182 2350)",line_1312_to_1474_1_cp,bus_1312,bus_1474,false
"LINESTRING (380 3765, 516 3511)",line_3607_to_3609_1_cp,bus_3607,bus_3609,false
"LINESTRING (1778 1737, 1869 1745)",xf_1322_to_1510_2_2winding_transformer,bus_1322,bus_1510,true
"LINESTRING (-1096 1993, -1106 2014)",line_1597_to_1600_1_pi,bus_1597,bus_1600,false
"LINESTRING (43 4965, 102 5025)",xf_3039_to_3041_3_2winding_transformer,bus_3039,bus_3041,true
"LINESTRING (721 2854, 647 2809)",xf_3651_to_3650_1_2winding_transformer,bus_3651,bus_3650,true
"LINESTRING (2815 2889, 2815 2889)",xf_1616_1027_1618_1_3winding_transformer_br1,bus_1616,starbus_xf_1616_1027_1618_1,true
"LINESTRING (-1519 3506, -1496 3449)",xf_3371_3372_3373_1_3winding_transformer_br1,bus_3359,starbus_xf_3371_3372_3373_1,true
"LINESTRING (1269 -521, 1359 -538)",line_1275_to_1541_1_cp,bus_1169,bus_1163,false
"LINESTRING (-92 2939, 228 2866)",line_3563_to_3652_2_cp,bus_3563,bus_3652,false
"LINESTRING (-1608 2122, -1728 2079)",line_3306_to_3397_1_cp,bus_3306,bus_3397,false
"LINESTRING (-2609 -831, -2700 -678)",line_4197_to_4198_1_cp,bus_4197,bus_4198,false
"LINESTRING (1007 -3430, 729 -3348)",line_2199_to_2207_2_cp,bus_2199,bus_2207,false
"LINESTRING (1342 4456, 1258 4394)",line_3300_to_3618_2_cp,bus_3300,bus_3618,false
"LINESTRING (-981 2560, -744 2835)",line_3546_to_3589_1_cp,bus_3546,bus_3589,false
"LINESTRING (897 993, 820 1294)",xf_1132_to_1183_1_2winding_transformer,bus_1132,bus_1183,true
"LINESTRING (-1369 7106, -1368 7212)",xf_3189_to_3191_2_2winding_transformer,bus_3189,bus_3191,true
"LINESTRING (-2137 -3869, -2180 -3969)",xf_4258_to_4435_2_2winding_transformer,bus_4258,bus_4435,true
"LINESTRING (-1601 -3239, -1601 -3380)",line_4303_to_4305_1_cp,bus_4303,bus_4305,false
"LINESTRING (32 -4157, 59 -4071)",xf_2001_to_2297_3_2winding_transformer,bus_2001,bus_2297,true
"LINESTRING (816 -697, 952 -714)",line_1309_to_1530_1_cp,bus_1309,bus_1530,false
"LINESTRING (1977 -1315, 1900 -1313)",line_1278_to_1307_1_cp,bus_1255,bus_1307,false
"LINESTRING (-2836 -1815, -2924 -1824)",xf_4109_to_4372_1_2winding_transformer,bus_4109,bus_4372,true
"LINESTRING (-2167 -3907, -2214 -4008)",xf_4265_to_4441_1_2winding_transformer,bus_4265,bus_4441,true
"LINESTRING (924 -3962, 929 -4072)",xf_2121_to_2232_3_2winding_transformer,bus_2121,bus_2232,true
"LINESTRING (759 719, 714 507)",xf_1090_1091_1523_9_3winding_transformer_br2,bus_1091,starbus_xf_1090_1091_1523_9,true
"LINESTRING (-725 6053, -696 6159)",xf_3069_to_3070_1_2winding_transformer,bus_3069,bus_3070,true
"LINESTRING (-1601 -3239, -1550 -3288)",line_4303_to_4304_1_cp,bus_4303,bus_4261,false
"LINESTRING (-335 3514, -139 3745)",xf_3568_to_3501_3_2winding_transformer,bus_3568,bus_3500,true
"LINESTRING (-1893 -2668, -1757 -2733)",line_4307_to_4339_1_cp,bus_4307,bus_4339,false
"LINESTRING (-1373 6081, -1334 6180)",line_3114_to_3172_1_cp,bus_3114,bus_3172,false
"LINESTRING (1007 -3430, 721 -4255)",line_2199_to_2202_3_cp,bus_2199,bus_2202,false
"LINESTRING (1330 4476, 1258 4394)",line_3288_to_3618_2_cp,bus_3288,bus_3618,false
"LINESTRING (531 970, 537 1061)",xf_1496_to_1649_1_2winding_transformer,bus_1496,bus_1649,true
"LINESTRING (1136 -1159, 867 -1329)",connection N5,bus_1158,bus_1206,false
"LINESTRING (-409 -3284, -424 -3362)",xf_2077_to_2314_8_2winding_transformer,bus_2077,bus_2314,true
"LINESTRING (243 911, 243 911)",xf_1430_1502_1543_2_3winding_transformer_br1,bus_1430,starbus_xf_1430_1502_1543_2,true
"LINESTRING (1191 -613, 1095 -676)",xf_1529_to_1610_1_2winding_transformer,bus_1529,bus_1610,true
"LINESTRING (-969 -3162, -967 -3102)",xf_4080_to_4103_3_2winding_transformer,bus_4080,bus_4103,true
"LINESTRING (-2369 -1377, -2321 -1420)",line_4032_to_4371_2_cp,bus_4032,bus_4371,false
"LINESTRING (647 2809, 228 2866)",line_3650_to_3652_2_cp,bus_3650,bus_3652,false
"LINESTRING (933 -3922, 936 -4019)",xf_2186_to_2336_7_2winding_transformer,bus_2186,bus_2336,true
"LINESTRING (955 -3011, 992 -3064)",xf_2107_to_2003_1_2winding_transformer,bus_2107,bus_2003,true
"LINESTRING (406 416, 238 527)",xf_1134_to_1185_2_2winding_transformer,bus_1134,bus_1185,true
"LINESTRING (-2075 -2558, -2158 -2672)",line_4276_to_4283_1_cp_merged_with_xf_4283_to_4454_1_2winding_transformer,bus_4276,bus_4454,true
"LINESTRING (380 -3402, 326 -3443)",line_2108_to_2145_1_cp,bus_2108,bus_2145,false
"LINESTRING (-1609 3477, -1496 3449)",xf_3371_3372_3373_2_3winding_transformer_br2,bus_3372,starbus_xf_3371_3372_3373_2,true
"LINESTRING (1296 -332, 1005 -407)",line_1272_to_1320_2_cp,bus_1269,bus_1320,false
"LINESTRING (-466 -304, -444 -283)",line_1381_to_1435_1_cp,bus_1377,bus_1435,false
"LINESTRING (396 -547, 459 -475)",line_1128_to_1246_2_cp,bus_1128,bus_1246,false
"LINESTRING (818 -295, 679 322)",line_1098_to_1144_1_cp,bus_1098,bus_1066,false
"LINESTRING (745 -6429, 715 -6468)",line_5104_to_5106_1_cp,bus_5104,bus_5106,false
"LINESTRING (-918 4796, -1011 4895)",xf_3553_to_3417_1_2winding_transformer,bus_3550,bus_3417,true
"LINESTRING (-1006 2471, -1006 2471)",xf_3134_3135_3136_2_3winding_transformer_br1,bus_3134,starbus_xf_3134_3135_3136_2,true
"LINESTRING (597 315, 567 -53)",xf_1138_to_1186_2_2winding_transformer,bus_1138,bus_1186,true
"LINESTRING (1977 -1315, 1446 -1310)",xf_1165_to_1103_3_2winding_transformer,bus_1255,bus_1103,true
"LINESTRING (898 -6262, 796 -6353)",line_5090_to_5103_1_cp,bus_5090,bus_5103,false
"LINESTRING (180 3842, 162 3854)",xf_3026_to_3025_1_2winding_transformer,bus_3026,bus_3025,true
"LINESTRING (-945 3336, -885 3246)",line_3222_to_3519_1_cp,bus_3222,bus_3519,false
"LINESTRING (-2996 -1862, -3080 -1869)",xf_4358_to_4011_9_2winding_transformer,bus_4358,bus_4011,true
"LINESTRING (1300 -1557, 1300 -1557)",xf_1118_1038_1039_1_3winding_transformer_br1,bus_1118,starbus_xf_1118_1038_1039_1,true
"LINESTRING (-1185 5417, -1221 5429)",line_3152_to_3510_1_cp,bus_3152,bus_3432,false
"LINESTRING (-938 3182, -1090 3172)",line_3391_to_3534_1_cp_merged_with_xf_3391_to_3392_1_2winding_transformer,bus_3534,bus_3392,true
"LINESTRING (-2613 -1157, -2527 -1019)",line_4195_to_4196_1_cp,bus_4195,bus_4196,false
"LINESTRING (782 -3231, 810 -3479)",xf_2180_to_2290_4_2winding_transformer,bus_2171,bus_2290,true
"LINESTRING (-409 -3284, -424 -3362)",xf_2077_to_2314_7_2winding_transformer,bus_2077,bus_2314,true
"LINESTRING (629 -2952, 637 -3026)",xf_2169_to_2275_2_2winding_transformer,bus_2169,bus_2275,true
"LINESTRING (-843 2502, -884 2464)",xf_3340_to_3341_1_2winding_transformer,bus_3340,bus_3341,true
"LINESTRING (398 -61, 89 -202)",line_1179_to_1329_1_cp_merged_with_line_1329_to_1407_1_cp_merged_with_line_1263_to_1407_1_cp,bus_1179,bus_1263,false
"LINESTRING (1984 2351, 2300 2524)",xf_1116_to_1628_1_2winding_transformer,bus_1116,bus_1173,true
"LINESTRING (-1728 2079, -1828 2098)",xf_3397_to_3400_3_2winding_transformer,bus_3397,bus_3400,true
"LINESTRING (853 -3239, 927 -3297)",line_2276_to_2287_1_pi,bus_2276,bus_2287,false
"LINESTRING (2801 2749, 2721 2689)",line_1580_to_1594_1_cp,bus_1580,bus_1594,false
"LINESTRING (-2919 -1065, -2910 -1044)",xf_4026_to_4370_2_2winding_transformer,bus_4026,bus_4000,true
"LINESTRING (-172 5490, -151 5482)",xf_3061_to_3062_3_2winding_transformer,bus_3000,bus_3062,true
"LINESTRING (1307 -4462, 1381 -4708)",line_2259_to_2262_3_cp_merged_with_xf_2259_to_2066_2_2winding_transformer,bus_2262,bus_2066,true
"LINESTRING (1155 -5495, 904 -5344)",line_5149_to_5153_2_cp,bus_5149,bus_5150,false
"LINESTRING (-1218 5893, -1067 5850)",line_3063_to_3196_1_cp,bus_3002,bus_3196,false
"LINESTRING (837 -2208, 863 -2112)",line_1297_to_1308_1_cp,bus_1297,bus_1308,false
"LINESTRING (-1334 6180, -1281 6365)",line_3172_to_3246_1_cp,bus_3172,bus_3245,false
"LINESTRING (-357 2729, -479 2780)",xf_3321_to_3323_2_2winding_transformer_merged_with_line_3321_to_3504_2_cp,bus_3323,bus_3504,true
"LINESTRING (66 3102, -26 3018)",xf_3333_3335_3336_2_3winding_transformer_br1,bus_3302,starbus_xf_3333_3335_3336_2,true
"LINESTRING (764 27, 828 -241)",line_1117_to_1140_1_cp,bus_1117,bus_1140,false
"LINESTRING (-533 4111, -611 4070)",xf_3349_to_3351_1_2winding_transformer_merged_with_line_3349_to_3636_1_cp,bus_3351,bus_3319,true
"LINESTRING (-2313 -3113, -2376 -3188)",xf_4271_to_4445_2_2winding_transformer,bus_4271,bus_4445,true
"LINESTRING (-1884 -2362, -1886 -2512)",xf_4297_to_4460_3_2winding_transformer,bus_4296,bus_4460,true
"LINESTRING (915 -6284, 929 -6253)",xf_5238_to_5224_1C_2winding_transformer,bus_5238,bus_5224,true
"LINESTRING (-972 7187, -1011 7028)",line_3267_to_3310_1_cp,bus_3267,bus_3310,false
"LINESTRING (66 3102, -17 3141)",xf_3362_3364_3363_2_3winding_transformer_br1,bus_3302,starbus_xf_3362_3364_3363_2,true
"LINESTRING (162 3854, 120 3768)",xf_3025_to_3024_4_2winding_transformer,bus_3025,bus_3024,true
"LINESTRING (-1137 2866, -1492 2904)",line_3214_to_3256_2_cp,bus_3214,bus_3213,false
"LINESTRING (792 -1927, 740 -1889)",xf_2191_2025_2026_2_3winding_transformer_br2,bus_2025,starbus_xf_2191_2025_2026_2,true
"LINESTRING (-2370 -2224, -2434 -2245)",xf_4234_to_4416_1_2winding_transformer,bus_4234,bus_4416,true
"LINESTRING (710 -618, 664 -701)",xf_1212_to_1499_2_2winding_transformer,bus_1212,bus_1499,true
"LINESTRING (112 -493, -62 -589)",xf_1375_to_1519_1_2winding_transformer,bus_1375,bus_1519,true
"LINESTRING (66 3102, -26 3018)",xf_3333_3336_3335_1_3winding_transformer_br1,bus_3302,starbus_xf_3333_3336_3335_1,true
"LINESTRING (710 -618, 970 -499)",line_1212_to_1391_1_cp,bus_1212,bus_1289,false
"LINESTRING (-1601 -3239, -1626 -3336)",xf_4303_to_4464_1_2winding_transformer,bus_4303,bus_4464,true
"LINESTRING (-1099 6377, -1155 6151)",line_3259_to_3518_1_cp,bus_3259,bus_3518,false
"LINESTRING (-600 3049, -602 2881)",line_3545_to_3572_3_cp,bus_3545,bus_3572,false
"LINESTRING (-3933 -1814, -4001 -1850)",xf_4162_to_4348_1_2winding_transformer,bus_4162,bus_4348,true
"LINESTRING (765 -2329, 713 -2244)",xf_2195_2293_2332_2_3winding_transformer_br3,bus_2332,starbus_xf_2195_2293_2332_2,true
"LINESTRING (-1550 -3288, -1685 -2651)",line_4316_to_4333_1_cp_merged_with_xf_4147_to_4333_2_2winding_transformer,bus_4261,bus_4147,true
"LINESTRING (1073 -728, 1145 -823)",line_1166_to_1472_2_cp,bus_1166,bus_1472,false
"LINESTRING (-2083 -2441, -2149 -2453)",xf_4279_to_4451_2_2winding_transformer,bus_4279,bus_4451,true
"LINESTRING (867 -1329, 867 -1501)",line_1206_to_1414_1_cp,bus_1206,bus_1414,false
"LINESTRING (789 -107, 789 -107)",xf_1097_1098_1162_1_3winding_transformer_br1,bus_1097,starbus_xf_1097_1098_1162_1,true
"LINESTRING (430 -4263, 426 -4322)",line_2210_to_2294_1_cp,bus_2210,bus_2294,false
"LINESTRING (-1732 7269, -1797 7360)",xf_3088_to_3090_1_2winding_transformer,bus_3088,bus_3090,true
"LINESTRING (-1933 6862, -1863 6796)",xf_3628_3455_3453_1_3winding_transformer_br2,bus_3455,starbus_xf_3628_3455_3453_1,true
"LINESTRING (-2004 -2596, -2035 -2683)",xf_4112_to_4061_4_2winding_transformer,bus_4112,bus_4061,true
"LINESTRING (-1715 -2814, -1738 -2895)",xf_4318_to_4475_1_2winding_transformer,bus_4318,bus_4475,true
"LINESTRING (-172 5490, -117 5514)",line_3061_to_3232_1_cp,bus_3000,bus_3232,false
"LINESTRING (1603 -5786, 1629 -5829)",xf_5075_to_5194_1_2winding_transformer,bus_5075,bus_5194,true
"LINESTRING (1761 -5608, 1808 -5646)",xf_5059_to_5185_1_2winding_transformer,bus_5059,bus_5185,true
"LINESTRING (-2757 -1977, -2827 -1995)",xf_4363_to_4020_1_2winding_transformer,bus_4363,bus_4020,true
"LINESTRING (-2983 -1700, -3172 -1760)",xf_4113_to_4169_2_2winding_transformer,bus_4113,bus_4169,true
"LINESTRING (-1601 -3380, -1608 -3485)",xf_4305_to_4465_1_2winding_transformer,bus_4305,bus_4465,true
"LINESTRING (-1691 7364, -1687 7268)",xf_3630_to_3331_2_2winding_transformer_merged_with_line_3523_to_3630_1_cp,bus_3331,bus_3329,true
"LINESTRING (-1606 3457, -1496 3449)",xf_3371_3372_3373_2_3winding_transformer_br3,bus_3373,starbus_xf_3371_3372_3373_2,true
"LINESTRING (933 -3922, 950 -4005)",xf_2186_to_2335_6_2winding_transformer,bus_2186,bus_2335,true
"LINESTRING (1139 -6349, 1161 -6383)",xf_5088_to_5174_2_2winding_transformer,bus_5087,bus_5174,true
"LINESTRING (-1983 -3864, -1970 -3309)",line_4244_to_4247_1_cp,bus_4225,bus_4243,false
"LINESTRING (261 -3078, 260 -3033)",line_1055_to_1606_2_cp,bus_1055,bus_1007,false
"LINESTRING (-1751 -2289, -1827 -2251)",xf_4142_to_4319_2_2winding_transformer,bus_4142,bus_4319,true
"LINESTRING (141 -289, 156 -160)",line_1205_to_1487_1_cp_merged_with_line_1429_to_1487_1_cp,bus_1205,bus_1428,false
"LINESTRING (2133 2144, 2233 2144)",xf_1392_to_1612_2_2winding_transformer,bus_1392,bus_1612,true
"LINESTRING (-544 2719, -478 2930)",line_3163_to_3471_1_cp,bus_3163,bus_3471,false
"LINESTRING (824 420, 966 371)",xf_1133_to_1184_1_2winding_transformer,bus_1133,bus_1184,true
"LINESTRING (-1013 6597, -1010 6813)",line_3096_to_3208_1_cp_merged_with_xf_3208_to_3460_2_2winding_transformer,bus_3096,bus_3460,true
"LINESTRING (1269 -521, 1191 -613)",line_1169_to_1529_1_cp,bus_1169,bus_1529,false
"LINESTRING (-2143 -2100, -2306 -1996)",Dec6_line_4124_to_4143_1_dec,bus_4094,bus_4143,false
"LINESTRING (-2125 -3304, -2174 -3392)",xf_4262_to_4055_1_2winding_transformer,bus_4262,bus_4055,true
"LINESTRING (91 -3833, 94 -3685)",line_2216_to_2240_1_cp,bus_2216,bus_2240,false
"LINESTRING (899 491, 825 368)",xf_1099_1100_1532_10_3winding_transformer_br3,bus_1532,starbus_xf_1099_1100_1532_10,true
"LINESTRING (-1467 7293, -1445 7178)",line_3083_to_3240_1_cp,bus_3083,bus_3240,false
"LINESTRING (33 394, -473 449)",xf_1370_to_1369_1_2winding_transformer,bus_1234,bus_1369,true
"LINESTRING (1157 -402, 1237 -445)",xf_1569_to_1221_1_2winding_transformer,bus_1569,bus_1221,true
"LINESTRING (2296 2442, 2300 2524)",line_1285_to_1628_1_cp,bus_1285,bus_1173,false
"LINESTRING (-277 -2958, -357 -3142)",line_2200_to_2205_1_cp,bus_2200,bus_2205,false
"LINESTRING (1263 -2064, 1175 -2112)",xf_1113_to_1172_2_2winding_transformer,bus_1113,bus_1172,true
"LINESTRING (-2945 -395, -2868 -465)",xf_4376_to_4423_2B_2winding_transformer,bus_4376,bus_4423,true
"LINESTRING (858 -1966, 818 -2027)",xf_1480_to_1072_4_2winding_transformer,bus_1480,bus_1072,true
"LINESTRING (721 -4255, 671 -4290)",xf_2202_to_2045_4_2winding_transformer,bus_2202,bus_2045,true
"LINESTRING (1287 -5684, 1292 -5726)",xf_5123_to_5218_2_2winding_transformer,bus_5123,bus_5218,true
"LINESTRING (-951 2806, -917 2805)",xf_3234_to_3236_1_2winding_transformer,bus_3074,bus_3236,true
"LINESTRING (1503 4551, 1432 4487)",line_3289_to_3540_2_cp,bus_3289,bus_3540,false
"LINESTRING (818 -295, 912 -715)",line_1098_to_1119_2_cp,bus_1098,bus_1119,false
"LINESTRING (33 394, -334 403)",line_1370_to_1627_2_cp,bus_1234,bus_1627,false
"LINESTRING (-478 2930, -479 2780)",line_3471_to_3504_1_cp,bus_3471,bus_3504,false
"LINESTRING (-444 -283, -396 -263)",line_1435_to_1605_1_cp,bus_1435,bus_1418,false
"LINESTRING (-2996 -1862, -2836 -1815)",xf_4109_4357_4358_1_3winding_transformer_br3,bus_4358,starbus_xf_4109_4357_4358_1,true
"LINESTRING (-496 5364, -453 5410)",xf_3492_3565_3494_2_3winding_transformer_br3,bus_3494,starbus_xf_3492_3565_3494_2,true
"LINESTRING (789 -107, 715 112)",line_1097_to_1121_1_cp,bus_1097,bus_1121,false
"LINESTRING (-2169 -2688, -2080 -2629)",xf_4091_to_4410_6_2winding_transformer,bus_4031,bus_4410,true
"LINESTRING (-1006 2471, -1006 2471)",xf_3134_3135_3136_1_3winding_transformer_br1,bus_3134,starbus_xf_3134_3135_3136_1,true
"LINESTRING (-2699 -2747, -2644 -2675)",xf_4038_4034_4033_3_3winding_transformer_br3,bus_4033,starbus_xf_4038_4034_4033_3,true
"LINESTRING (264 -3628, -277 -2958)",connection V3,bus_2105,bus_2200,false
"LINESTRING (-1960 -2598, -1991 -2671)",xf_4128_to_4052_1_2winding_transformer,bus_4128,bus_4052,true
"LINESTRING (-1983 -3864, -2029 -4085)",xf_4259_to_4436_1_2winding_transformer,bus_4225,bus_4436,true
"LINESTRING (1075 -5837, 1112 -5788)",line_5114_to_5118_6_cp,bus_5114,bus_5118,false
"LINESTRING (1976 2090, 2052 2095)",xf_1334_to_1589_2_2winding_transformer,bus_1334,bus_1589,true
"LINESTRING (-541 4204, -545 4293)",xf_3382_to_3383_2_2winding_transformer,bus_3382,bus_3383,true
"LINESTRING (405 3966, 544 4081)",xf_3266_3154_3155_1_3winding_transformer_br1,bus_3261,starbus_xf_3266_3154_3155_1,true
"LINESTRING (-1426 7042, -1282 6854)",line_3080_to_3529_1_cp,bus_3080,bus_3529,false
"LINESTRING (-422 3036, -335 3514)",line_3490_to_3568_1_cp,bus_3490,bus_3568,false
"LINESTRING (-1446 4295, -1510 4330)",xf_3102_to_3103_1_2winding_transformer,bus_3102,bus_3103,true
"LINESTRING (1320 -4352, 1307 -4462)",line_2255_to_2262_2_cp,bus_2255,bus_2262,false
"LINESTRING (988 -3853, 1031 -3962)",xf_2158_to_2264_1_2winding_transformer,bus_2158,bus_2264,true
"LINESTRING (-915 4345, -918 4796)",line_3549_to_3608_1_cp,bus_3549,bus_3550,false
"LINESTRING (159 5054, 233 5132)",xf_3051_to_3053_1_2winding_transformer,bus_3051,bus_3053,true
"LINESTRING (1300 -1557, 1130 -1867)",line_1118_to_1151_1_cp,bus_1118,bus_1151,false
"LINESTRING (1281 -6304, 1288 -6358)",xf_5083_to_5196_2_2winding_transformer,bus_5083,bus_5196,true
"LINESTRING (-1163 3254, -1064 3231)",xf_3231_3644_3645_1_3winding_transformer_br3,bus_3645,starbus_xf_3231_3644_3645_1,true
"LINESTRING (540 -4107, 672 -4086)",xf_2184_to_2326_5_2winding_transformer,bus_2111,bus_2326,true
"LINESTRING (-3008 -349, -2945 -395)",xf_4051_to_4376_1_2winding_transformer,bus_4051,bus_4376,true
"LINESTRING (927 -3297, 967 -3314)",xf_2287_to_2325_2_2winding_transformer,bus_2287,bus_2325,true
"LINESTRING (678 -6194, 609 -6237)",xf_5161_to_5033_3_2winding_transformer,bus_5161,bus_5033,true
"LINESTRING (970 -1623, 989 -1679)",xf_1061_to_1083_2_2winding_transformer,bus_1061,bus_1083,true
"LINESTRING (-613 3347, -747 2974)",line_3593_to_3610_1_cp,bus_3593,bus_3601,false
"LINESTRING (769 -1904, 740 -1889)",xf_2191_2029_2030_4_3winding_transformer_br3,bus_2030,starbus_xf_2191_2029_2030_4,true
"LINESTRING (-1444 -1776, -1450 -1717)",xf_4210_to_4385_1_2winding_transformer,bus_4210,bus_4385,true
"LINESTRING (1324 -1614, 1300 -1557)",xf_1118_1042_1043_3_3winding_transformer_br3,bus_1043,starbus_xf_1118_1042_1043_3,true
"LINESTRING (-1218 5893, -1035 5731)",line_3063_to_3277_1_cp,bus_3002,bus_3277,false
"LINESTRING (-560 5289, -453 5410)",xf_3492_3565_3495_1_3winding_transformer_br2,bus_3565,starbus_xf_3492_3565_3495_1,true
"LINESTRING (2296 2442, 2182 2350)",line_1285_to_1474_1_cp,bus_1285,bus_1474,false
"LINESTRING (-277 -2958, -491 -2732)",xf_2200_to_2196_1_2winding_transformer,bus_2200,bus_2196,true
"LINESTRING (910 619, 825 368)",xf_1099_1100_1533_9_3winding_transformer_br2,bus_1100,starbus_xf_1099_1100_1533_9,true
"LINESTRING (-335 3514, -25 3843)",line_3568_to_3624_4_cp,bus_3568,bus_3624,false
"LINESTRING (814 -6003, 769 -6046)",xf_5155_to_5233_3_2winding_transformer,bus_5155,bus_5233,true
"LINESTRING (721 -4255, 679 -4315)",xf_2202_to_2046_1_2winding_transformer,bus_2202,bus_2046,true
"LINESTRING (-2145 -3409, -2067 -3191)",xf_4263_to_4056_2_2winding_transformer_merged_with_line_4263_to_4326_1_cp,bus_4056,bus_4326,true
"LINESTRING (976 -5663, 1008 -5612)",line_5140_to_5143_2_cp,bus_5140,bus_5143,false
"LINESTRING (-742 4092, -852 4136)",line_3017_to_3314_2_cp,bus_3017,bus_3314,false
"LINESTRING (1725 -5846, 1877 -5949)",xf_5137_to_5048_2_2winding_transformer,bus_5137,bus_5000,true
"LINESTRING (339 -3574, 326 -3443)",xf_2145_2243_2306_1_3winding_transformer_br3,bus_2306,starbus_xf_2145_2243_2306_1,true
"LINESTRING (944 -1807, 894 -1579)",line_1199_to_1481_2_cp,bus_1199,bus_1481,false
"LINESTRING (1758 1455, 1663 1434)",line_1454_to_1456_1_cp,bus_1454,bus_1456,false
"LINESTRING (832 -468, 912 -715)",line_1096_to_1119_1_cp,bus_1096,bus_1119,false
"LINESTRING (765 -2329, 791 -2400)",xf_2332_to_2334_3_2winding_transformer,bus_2332,bus_2334,true
"LINESTRING (1025 4232, 1102 4287)",xf_3536_to_3126_2_2winding_transformer,bus_3536,bus_3126,true
"LINESTRING (-1165 4217, -1330 4261)",line_3532_to_3634_2_cp,bus_3532,bus_3634,false
"LINESTRING (-4058 -1874, -4001 -1850)",xf_4003_to_4348_1_2winding_transformer,bus_4003,bus_4348,true
"LINESTRING (2279 -1561, 2342 -1574)",xf_1293_to_1503_1_2winding_transformer,bus_1293,bus_1503,true
"LINESTRING (-1926 -2226, -1971 -2187)",xf_4323_to_4477_1_2winding_transformer,bus_4323,bus_4477,true
"LINESTRING (853 -451, 1005 -407)",line_1305_to_1320_1_cp,bus_1305,bus_1320,false
"LINESTRING (-973 -2291, -1003 -2330)",xf_4224_to_4073_2_2winding_transformer,bus_4224,bus_4073,true
"LINESTRING (901 1394, 926 1474)",xf_1336_to_1592_1_2winding_transformer,bus_1336,bus_1592,true
"LINESTRING (-1644 -2907, -1654 -2994)",xf_4317_to_4474_2_2winding_transformer,bus_4317,bus_4474,true
"LINESTRING (-1996 -3550, -2020 -3653)",xf_4246_to_4426_1_2winding_transformer,bus_4246,bus_4426,true
"LINESTRING (1112 -5788, 1073 -5646)",line_5118_to_5119_3_cp,bus_5118,bus_5119,false
"LINESTRING (-1347 4373, -1432 4432)",xf_3187_to_3188_2_2winding_transformer,bus_3187,bus_3188,true
"LINESTRING (-1177 4045, -906 4002)",xf_3475_to_3547_2_2winding_transformer,bus_3475,bus_3547,true
"LINESTRING (264 -3628, 241 -3841)",xf_2105_to_2214_1_2winding_transformer,bus_2105,bus_2214,true
"LINESTRING (-3049 -1272, -2979 -1308)",xf_4023_to_4368_5_2winding_transformer,bus_4023,bus_4368,true
"LINESTRING (307 3563, 389 3622)",xf_3158_to_3526_3_2winding_transformer,bus_3158,bus_3526,true
"LINESTRING (1459 1657, 1531 1700)",xf_1473_to_1638_4_2winding_transformer,bus_1473,bus_1638,true
"LINESTRING (-816 3268, -837 3342)",xf_3623_to_3647_1_2winding_transformer,bus_3623,bus_3647,true
"LINESTRING (732 -450, 853 -451)",line_1189_to_1305_1_cp,bus_1189,bus_1305,false
"LINESTRING (-172 5490, -54 5307)",line_3061_to_3151_1_cp,bus_3000,bus_3151,false
"LINESTRING (-357 -3142, -409 -3284)",xf_2077_2205_2347_1_3winding_transformer_br2,bus_2205,starbus_xf_2077_2205_2347_1,true
"LINESTRING (1142 -6389, 1157 -6348)",xf_5088_5175_5241_4_3winding_transformer_br2,bus_5175,starbus_xf_5088_5175_5241_4,true
"LINESTRING (264 -3628, 340 -3787)",line_2105_to_2154_1_cp,bus_2105,bus_2128,false
"LINESTRING (-2650 -1357, -2613 -1157)",line_4171_to_4195_1_cp,bus_4171,bus_4195,false
"LINESTRING (2666 -1661, 2426 -1595)",line_1225_to_1376_1_cp,bus_1225,bus_1108,false
"LINESTRING (-457 -3444, -465 -3534)",xf_2270_to_2079_5_2winding_transformer,bus_2270,bus_2079,true
"LINESTRING (736 625, 714 507)",xf_1090_1091_1523_9_3winding_transformer_br3,bus_1523,starbus_xf_1090_1091_1523_9,true
"LINESTRING (597 315, 567 -53)",xf_1138_to_1186_4_2winding_transformer,bus_1138,bus_1186,true
"LINESTRING (237 -3162, 227 -3247)",xf_2162_to_2315_3_2winding_transformer,bus_2162,bus_2315,true
"LINESTRING (-2270 -1492, -2321 -1420)",xf_4189_to_4371_1_2winding_transformer,bus_4189,bus_4371,true
"LINESTRING (-1417 6057, -1408 6145)",line_3195_to_3247_1_cp,bus_3195,bus_3247,false
"LINESTRING (1112 -5788, 1116 -5827)",xf_5118_to_5216_3_2winding_transformer,bus_5118,bus_5216,true
"LINESTRING (1322 -618, 1097 -538)",line_1220_to_1232_2_cp,bus_1219,bus_1232,false
"LINESTRING (-2530 -1665, -2282 -1835)",line_4116_to_4150_1_cp,bus_4116,bus_4150,false
"LINESTRING (-1895 6824, -1976 6884)",xf_3094_to_3095_1_2winding_transformer,bus_3094,bus_3095,true
"LINESTRING (-2396 -2385, -2466 -2423)",xf_4236_to_4418_4_2winding_transformer,bus_4236,bus_4418,true
"LINESTRING (52 -4501, 35 -4579)",xf_2313_to_2072_2_2winding_transformer,bus_2313,bus_2072,true
"LINESTRING (149 -3261, 453 -3333)",line_2203_to_2208_2_cp,bus_2203,bus_2208,false
"LINESTRING (-1716 4891, -1791 4951)",xf_3036_to_3038_4_2winding_transformer_merged_with_line_3036_to_3249_1_cp,bus_3038,bus_3220,true
"LINESTRING (-314 4388, -570 4803)",line_3573_to_3640_1_cp,bus_3573,bus_3640,false
"LINESTRING (-1250 6362, -1070 5934)",line_3561_to_3591_1_cp,bus_3561,bus_3591,false
"LINESTRING (1363 1597, 1626 1705)",xf_1145_to_1192_1_2winding_transformer,bus_1145,bus_1192,true
"LINESTRING (-2015 -2389, -1884 -2362)",xf_4136_to_4294_6_2winding_transformer,bus_4136,bus_4296,true
"LINESTRING (1203 -624, 1095 -676)",xf_1528_to_1610_3_2winding_transformer,bus_1528,bus_1610,true
"LINESTRING (-693 5928, -631 5997)",line_3108_to_3258_1_cp,bus_3108,bus_3258,false
"LINESTRING (-2594 -940, -2527 -1019)",line_4126_to_4196_1_cp,bus_4126,bus_4196,false
"LINESTRING (-2185 -3693, -2249 -3731)",line_4251_to_4254_1_cp,bus_4251,bus_4254,false
"LINESTRING (-891 3562, -1055 3399)",line_3470_to_3506_1_cp,bus_3470,bus_3506,false
"LINESTRING (411 -4354, 411 -4225)",line_2211_to_2221_1_cp,bus_2211,bus_2221,false
"LINESTRING (1992 -5708, 2045 -5746)",xf_5044_to_5045_2_2winding_transformer,bus_5044,bus_5045,true
"LINESTRING (-1239 4414, -1090 4415)",line_3034_to_3476_1_cp,bus_3034,bus_3476,false
"LINESTRING (834 -6302, 898 -6262)",xf_5090_5200_5201_5_3winding_transformer_br2,bus_5200,starbus_xf_5090_5200_5201_5,true
"LINESTRING (703 -2878, 629 -2952)",line_2126_to_2169_2_cp,bus_2126,bus_2169,false
"LINESTRING (-2457 -1657, -2402 -1656)",xf_4104_4041_4042_2_3winding_transformer_br2,bus_4041,starbus_xf_4104_4041_4042_2,true
"LINESTRING (574 -3521, 453 -3333)",line_2201_to_2208_1_cp,bus_2201,bus_2208,false
"LINESTRING (1359 -538, 882 -668)",line_1390_to_1541_1_cp_merged_with_line_1280_to_1390_1_cp_merged_with_line_1280_to_1281_1_pi,bus_1163,bus_1281,false
"LINESTRING (621 -6620, 651 -6556)",line_5109_to_5136_1_cp,bus_5109,bus_5136,false
"LINESTRING (-1308 3419, -1401 3455)",xf_3058_to_3059_2_2winding_transformer,bus_3058,bus_3059,true
"LINESTRING (944 -1807, 894 -1579)",line_1199_to_1481_1_cp,bus_1199,bus_1481,false
"LINESTRING (1155 -5495, 1590 -5552)",line_5148_to_5149_1_cp_merged_with_xf_5148_to_5061_1_2winding_transformer,bus_5149,bus_5061,true
"LINESTRING (-945 3336, -816 3268)",line_3222_to_3623_1_cp,bus_3222,bus_3623,false
"LINESTRING (732 -450, 374 -435)",line_1189_to_1240_1_cp,bus_1189,bus_1240,false
"LINESTRING (-3878 -1892, -3833 -1851)",xf_4004_to_4347_2_2winding_transformer,bus_4004,bus_4347,true
"LINESTRING (-2650 -1357, -2715 -1346)",line_4171_to_4172_1_cp,bus_4171,bus_4172,false
"LINESTRING (-335 3514, -243 3682)",line_3568_to_3575_3_cp_merged_with_xf_3575_to_3423_1_2winding_transformer,bus_3568,bus_3423,true
"LINESTRING (-791 6837, -881 6734)",line_3190_to_3209_1_cp,bus_3190,bus_3209,false
"LINESTRING (-881 6734, -828 6943)",line_3146_to_3209_1_cp_merged_with_xf_3146_to_3147_1_2winding_transformer,bus_3209,bus_3147,true
"LINESTRING (-1250 6362, -1503 6658)",connection Q3,bus_3561,bus_3584,false
"LINESTRING (-1608 2122, -1705 2130)",xf_3306_to_3308_2_2winding_transformer,bus_3306,bus_3308,true
"LINESTRING (592 -4392, 549 -4447)",xf_2150_to_2048_1_2winding_transformer,bus_2150,bus_2048,true
"LINESTRING (516 3511, 619 3536)",xf_3609_to_3434_1_2winding_transformer,bus_3609,bus_3434,true
"LINESTRING (-1045 6993, -1008 7062)",line_3270_to_3305_1_cp,bus_3270,bus_3305,false
"LINESTRING (398 -61, 322 -48)",xf_1179_to_1550_4_2winding_transformer,bus_1179,bus_1550,true
"LINESTRING (-1965 -2388, -2075 -2558)",xf_4135_to_4276_3_2winding_transformer,bus_4135,bus_4276,true
"LINESTRING (1320 -4352, 1368 -4310)",line_2255_to_2261_3_cp,bus_2255,bus_2260,false
"LINESTRING (1311 4487, 1258 4394)",line_3287_to_3618_2_cp,bus_3287,bus_3618,false
"LINESTRING (264 -3628, 340 -3787)",line_2105_to_2154_2_cp,bus_2105,bus_2128,false
"LINESTRING (844 -2351, 963 -2129)",xf_1106_1167_1537_4_3winding_transformer_br2,bus_1167,starbus_xf_1106_1167_1537_4,true
"LINESTRING (1115 -484, 1168 -486)",xf_1461_to_1553_2_2winding_transformer,bus_1461,bus_1553,true
"LINESTRING (-1163 3254, -1064 3231)",xf_3231_3644_3645_2_3winding_transformer_br3,bus_3645,starbus_xf_3231_3644_3645_2,true
"LINESTRING (165 -3371, 105 -3527)",xf_2129_to_2239_2_2winding_transformer,bus_2129,bus_2239,true
"LINESTRING (805 -3201, 809 -3443)",xf_2182_to_2289_2_2winding_transformer,bus_2170,bus_2289,true
"LINESTRING (-1503 6658, -1553 6892)",line_3584_to_3596_1_cp,bus_3584,bus_3596,false
"LINESTRING (1127 -6405, 1139 -6349)",xf_5087_5175_5176_3_3winding_transformer_br3,bus_5176,starbus_xf_5087_5175_5176_3,true
"LINESTRING (1136 -413, 828 -241)",line_1110_to_1511_1_cp,bus_1110,bus_1140,false
"LINESTRING (-2525 -1301, -2378 -1162)",line_4175_to_4200_1_cp_merged_with_line_4175_to_4190_1_cp,bus_4200,bus_4190,false
"LINESTRING (825 368, 825 368)",xf_1099_1100_1532_10_3winding_transformer_br1,bus_1099,starbus_xf_1099_1100_1532_10,true
"LINESTRING (-409 -3284, -437 -3349)",xf_2077_to_2348_5_2winding_transformer,bus_2077,bus_2348,true
"LINESTRING (-1600 3528, -1519 3506)",xf_3359_3360_3361_3_3winding_transformer_br3,bus_3361,starbus_xf_3359_3360_3361_3,true
"LINESTRING (340 -3787, 348 -3879)",line_2128_to_2161_2_cp,bus_2128,bus_2161,false
"LINESTRING (792 -1904, 740 -1889)",xf_2191_2025_2026_2_3winding_transformer_br3,bus_2026,starbus_xf_2191_2025_2026_2,true
"LINESTRING (1449 -5728, 1372 -5727)",line_5073_to_5074_1_cp,bus_5073,bus_5074,false
"LINESTRING (786 -1878, 740 -1889)",xf_2191_2018_2019_6_3winding_transformer_br2,bus_2018,starbus_xf_2191_2018_2019_6,true
"LINESTRING (2049 -1463, 2113 -1416)",line_1204_to_1306_1_cp,bus_1204,bus_1306,false
"LINESTRING (1155 -5495, 1118 -5569)",line_5145_to_5149_2_cp_merged_with_xf_5145_to_5229_1_2winding_transformer,bus_5149,bus_5229,true
"LINESTRING (44 3051, -26 3018)",xf_3333_3335_3336_2_3winding_transformer_br3,bus_3336,starbus_xf_3333_3335_3336_2,true
"LINESTRING (1462 -1510, 1369 -1490)",xf_1148_1075_1076_2_3winding_transformer_br3,bus_1076,starbus_xf_1148_1075_1076_2,true
"LINESTRING (-1650 7315, -1687 7268)",line_3089_to_3523_2_cp,bus_3089,bus_3329,false
"LINESTRING (-335 3514, -139 3745)",xf_3568_to_3501_2_2winding_transformer,bus_3568,bus_3500,true
"LINESTRING (970 -1623, 1034 -1680)",line_1061_to_1267_1_cp,bus_1061,bus_1267,false
"LINESTRING (1823 2202, 1873 2274)",xf_1159_to_1527_2_2winding_transformer,bus_1159,bus_1527,true
"LINESTRING (-1941 -3307, -1942 -3404)",xf_4253_to_4430_1_2winding_transformer,bus_4253,bus_4430,true
"LINESTRING (524 -60, 430 146)",line_1425_to_1467_1_cp,bus_1178,bus_1467,false
"LINESTRING (-1960 -2598, -1876 -2795)",Dec8_line_4128_to_4148_1_dec,bus_4128,bus_4148,false
"LINESTRING (-379 380, -566 379)",line_1354_to_1427_1_cp_merged_with_xf_1427_to_1624_1_2winding_transformer,bus_1354,bus_1624,true
"LINESTRING (-541 4204, -545 4293)",xf_3382_to_3383_3_2winding_transformer,bus_3382,bus_3383,true
"LINESTRING (-1030 3163, -1090 3172)",xf_3390_to_3392_2_2winding_transformer,bus_3390,bus_3392,true
"LINESTRING (963 -2129, 887 -2086)",xf_1106_to_1168_2_2winding_transformer,bus_1106,bus_1168,true
"LINESTRING (1689 -5561, 1749 -5589)",xf_5062_to_5188_1_2winding_transformer,bus_5062,bus_5188,true
"LINESTRING (697 535, 792 555)",xf_1124_to_1047_2_2winding_transformer,bus_1124,bus_1047,true
"LINESTRING (678 -6194, 630 -6240)",xf_5161_to_5031_1_2winding_transformer,bus_5161,bus_5031,true
"LINESTRING (-635 3096, -478 2930)",line_3229_to_3471_1_cp,bus_3229,bus_3471,false
"LINESTRING (-826 5825, -822 5732)",line_3241_to_3483_1_cp,bus_3241,bus_3483,false
"LINESTRING (-1444 -1776, -1378 -1956)",line_4210_to_4213_1_cp,bus_4210,bus_4213,false
"LINESTRING (698 -2614, 686 -2685)",xf_1211_to_1561_1_2winding_transformer,bus_1211,bus_1561,true
"LINESTRING (1161 1128, 897 993)",connection N3,bus_1115,bus_1132,false
"LINESTRING (-1827 -2251, -1945 -2363)",line_4319_to_4320_1_cp,bus_4319,bus_4320,false
"LINESTRING (-2182 -3328, -2134 -3081)",line_4267_to_4292_1_cp,bus_4267,bus_4292,false
"LINESTRING (-478 2930, -479 2780)",line_3471_to_3504_2_cp,bus_3471,bus_3504,false
"LINESTRING (529 439, 359 712)",line_1190_to_1266_4_cp,bus_1190,bus_1260,false
"LINESTRING (-864 -2495, -897 -2567)",line_4216_to_4218_1_cp,bus_4216,bus_4218,false
"LINESTRING (-1637 -3056, -1601 -3239)",line_4302_to_4303_1_cp,bus_4302,bus_4303,false
"LINESTRING (1434 -5510, 1450 -5558)",line_5063_to_5067_1_cp,bus_5063,bus_5067,false
"LINESTRING (-943 2658, -2013 6902)",connection Q2,bus_3583,bus_3225,false
"LINESTRING (147 3136, 66 3102)",xf_3302_3304_3303_3_3winding_transformer_br3,bus_3303,starbus_xf_3302_3304_3303_3,true
"LINESTRING (-52 1424, -1124 2030)",xf_1218_to_1651_1_2winding_transformer,bus_1218,bus_1651,true
"LINESTRING (710 -618, 970 -499)",line_1212_to_1391_2_cp,bus_1212,bus_1289,false
"LINESTRING (898 -6262, 995 -6295)",line_5090_to_5091_3_cp,bus_5090,bus_5091,false
"LINESTRING (1486 -5546, 1502 -5586)",xf_5066_to_5172_2_2winding_transformer,bus_5066,bus_5172,true
"LINESTRING (937 -3740, 933 -3922)",line_2164_to_2186_3_cp,bus_2164,bus_2186,false
"LINESTRING (-2440 -2336, -2511 -2370)",xf_4337_to_4485_1_2winding_transformer,bus_4337,bus_4485,true
"LINESTRING (40 3209, -17 3141)",xf_3362_3364_3363_2_3winding_transformer_br3,bus_3363,starbus_xf_3362_3364_3363_2,true
"LINESTRING (897 993, 820 1294)",xf_1132_to_1183_3_2winding_transformer,bus_1132,bus_1183,true
"LINESTRING (43 4965, 125 5009)",line_3039_to_3218_1_cp,bus_3039,bus_3218,false
"LINESTRING (759 719, 769 804)",xf_1091_to_1003_4_2winding_transformer,bus_1091,bus_1003,true
"LINESTRING (779 -2299, 713 -2244)",xf_2195_2293_2332_2_3winding_transformer_br2,bus_2293,starbus_xf_2195_2293_2332_2,true
"LINESTRING (66 3102, -17 3141)",xf_3362_3364_3363_1_3winding_transformer_br1,bus_3302,starbus_xf_3362_3364_3363_1,true
"LINESTRING (1253 -4202, 1337 -4187)",xf_2142_to_2034_3_2winding_transformer,bus_2143,bus_2034,true
"LINESTRING (-2470 -1647, -2402 -1656)",xf_4104_4041_4042_2_3winding_transformer_br3,bus_4042,starbus_xf_4104_4041_4042_2,true
"LINESTRING (629 -1107, 629 -1107)",xf_1296_1504_1506_1_3winding_transformer_br1,bus_1296,starbus_xf_1296_1504_1506_1,true
"LINESTRING (-409 -3284, -409 -3284)",xf_2077_2205_2349_3_3winding_transformer_br1,bus_2077,starbus_xf_2077_2205_2349_3,true
"LINESTRING (2296 2442, 2502 2560)",xf_1286_to_1578_1_2winding_transformer,bus_1285,bus_1578,true
"LINESTRING (326 -3443, 280 -3311)",line_2145_to_2179_1_cp,bus_2145,bus_2179,false
"LINESTRING (-898 -2745, -898 -2745)",xf_4220_4074_4498_3_3winding_transformer_br1,bus_4220,starbus_xf_4220_4074_4498_3,true
"LINESTRING (-277 -2958, -277 -2958)",xf_2200_2196_2304_3_3winding_transformer_br1,bus_2200,starbus_xf_2200_2196_2304_3,true
"LINESTRING (-1296 4156, -1385 4213)",xf_3021_to_3022_2_2winding_transformer,bus_3021,bus_3022,true
"LINESTRING (-2004 -2596, -2022 -2689)",xf_4112_to_4059_2_2winding_transformer,bus_4112,bus_4059,true
"LINESTRING (1296 -332, 1292 -309)",xf_1269_to_1032_2_2winding_transformer,bus_1269,bus_1032,true
"LINESTRING (-1392 4828, -1477 4995)",xf_3296_to_3008_1_2winding_transformer,bus_3157,bus_3008,true
"LINESTRING (766 -2913, 821 -2923)",line_2234_to_2235_1_cp,bus_2234,bus_2235,false
"LINESTRING (-898 -2745, -943 -2787)",xf_4220_to_4076_8_2winding_transformer,bus_4220,bus_4076,true
"LINESTRING (732 -450, 787 -513)",line_1189_to_1457_1_cp,bus_1189,bus_1338,false
"LINESTRING (789 -107, 867 -1329)",connection N7,bus_1097,bus_1206,false
"LINESTRING (305 -3604, 326 -3443)",line_2039_to_2354_2_pi_merged_with_line_2145_to_2354_1_pi,bus_2039,bus_2145,false
"LINESTRING (-1695 -2902, -1720 -2989)",xf_4301_to_4463_1_2winding_transformer,bus_4301,bus_4463,true
"LINESTRING (554 -7, 715 112)",xf_1121_1123_1635_7_3winding_transformer_br2,bus_1123,starbus_xf_1121_1123_1635_7,true
"LINESTRING (435 -6210, 614 -6127)",xf_5158_to_5028_1_2winding_transformer_merged_with_line_5158_to_5159_1_cp,bus_5028,bus_5159,true
"LINESTRING (-2402 -1656, -2481 -1600)",xf_4104_to_4048_1_2winding_transformer,bus_4104,bus_4048,true
"LINESTRING (-46 1448, 27 1398)",line_1524_to_1581_2_cp,bus_1524,bus_1581,false
"LINESTRING (970 -499, 597 -481)",line_1391_to_1478_1_cp,bus_1289,bus_1478,false
"LINESTRING (735 -2765, 736 -2406)",xf_2120_to_2190_1_2winding_transformer,bus_2120,bus_2190,true
"LINESTRING (1161 1128, 897 993)",line_1115_to_1132_1_cp,bus_1115,bus_1132,false
"LINESTRING (867 -1501, 836 -1563)",xf_1414_to_1620_1_2winding_transformer,bus_1414,bus_1620,true
"LINESTRING (647 2809, 228 2866)",line_3650_to_3652_1_cp,bus_3650,bus_3652,false
"LINESTRING (897 993, 997 1100)",line_1132_to_1153_1_cp,bus_1132,bus_1153,false
"LINESTRING (-491 -2732, -277 -2958)",xf_2200_2196_2304_3_3winding_transformer_br2,bus_2196,starbus_xf_2200_2196_2304_3,true
"LINESTRING (820 1294, 875 1476)",line_1183_to_1621_2_cp,bus_1183,bus_1621,false
"LINESTRING (464 -3836, 399 -3860)",line_2146_to_2189_1_cp,bus_2146,bus_2189,false
"LINESTRING (1461 -6328, 1485 -6382)",xf_5086_to_5197_1_2winding_transformer,bus_5086,bus_5197,true
"LINESTRING (340 -3787, 399 -3860)",line_2128_to_2189_1_cp,bus_2128,bus_2189,false
"LINESTRING (901 1394, 844 1491)",xf_1337_to_1557_1_2winding_transformer,bus_1336,bus_1557,true
"LINESTRING (984 -3929, 1017 -4276)",line_2118_to_2174_2_cp,bus_2118,bus_2140,false
"LINESTRING (1584 -5507, 1434 -5510)",line_5058_to_5063_1_cp,bus_5058,bus_5063,false
"LINESTRING (-389 2652, -438 2691)",xf_3379_3380_3381_3_3winding_transformer_br2,bus_3380,starbus_xf_3379_3380_3381_3,true
"LINESTRING (-2223 -1226, -2137 -1434)",line_4176_to_4184_1_cp,bus_4176,bus_4184,false
"LINESTRING (294 913, 318 946)",line_1341_to_1488_1_cp,bus_1341,bus_1488,false
"LINESTRING (678 -6194, 805 -6131)",line_5161_to_5162_2_cp,bus_5161,bus_5162,false
"LINESTRING (698 -2614, 559 -2881)",line_1211_to_1222_1_cp,bus_1211,bus_1222,false
"LINESTRING (400 -3956, 399 -3860)",xf_2295_to_2189_2_2winding_transformer,bus_2295,bus_2189,true
"LINESTRING (1042 -2200, 951 -2174)",line_1139_to_1395_1_cp,bus_1139,bus_1395,false
"LINESTRING (-2437 -1620, -2402 -1656)",xf_4104_4043_4044_3_3winding_transformer_br3,bus_4044,starbus_xf_4104_4043_4044_3,true
"LINESTRING (-864 -2495, -973 -2291)",line_4216_to_4224_1_cp,bus_4216,bus_4224,false
"LINESTRING (-2547 -2226, -2613 -2221)",line_4132_to_4343_1_cp,bus_4132,bus_4343,false
"LINESTRING (1814 1949, 1875 1982)",xf_1444_to_1629_3_2winding_transformer,bus_1444,bus_1629,true
"LINESTRING (671 -2297, 624 -2357)",line_1318_to_1319_1_cp,bus_1318,bus_1319,false
"LINESTRING (963 -2129, 963 -2129)",xf_1106_1167_1536_3_3winding_transformer_br1,bus_1106,starbus_xf_1106_1167_1536_3,true
"LINESTRING (732 -450, 683 -534)",line_1189_to_1371_1_cp,bus_1189,bus_1371,false
"LINESTRING (752 809, 762 864)",xf_1002_to_1006_10_2winding_transformer,bus_1002,bus_1006,true
"LINESTRING (-2700 -678, -2759 -629)",xf_4198_to_4375_2_2winding_transformer,bus_4198,bus_4375,true
"LINESTRING (621 3932, 568 3851)",line_3615_to_3616_1_cp,bus_3615,bus_3616,false
"LINESTRING (735 -2765, 703 -2878)",line_2120_to_2126_2_cp,bus_2120,bus_2126,false
"LINESTRING (-2169 -2688, -1893 -2668)",line_4091_to_4307_1_cp,bus_4031,bus_4307,false
"LINESTRING (1404 -1052, 1563 -1055)",xf_1102_to_1564_1_2winding_transformer,bus_1102,bus_1564,true
"LINESTRING (1291 -6185, 1325 -6234)",xf_5223_to_5195_6_2winding_transformer,bus_5223,bus_5195,true
"LINESTRING (-896 6940, -990 6975)",line_3401_to_3642_1_cp,bus_3401,bus_3642,false
"LINESTRING (-277 -2958, -707 -2550)",connection S1,bus_2200,bus_4101,false
"LINESTRING (159 -4273, 148 -4380)",line_2006_to_2008_2_cp,bus_2006,bus_2008,false
"LINESTRING (825 368, 825 368)",xf_1099_1100_1533_9_3winding_transformer_br1,bus_1099,starbus_xf_1099_1100_1533_9,true
"LINESTRING (-2074 -2389, -2202 -2504)",xf_4125_to_4238_2_2winding_transformer,bus_4125,bus_4238,true
"LINESTRING (-2627 -1902, -2757 -1977)",xf_4114_to_4363_2_2winding_transformer,bus_4114,bus_4363,true
"LINESTRING (-1211 6608, -1282 6854)",line_3486_to_3529_2_cp,bus_3486,bus_3529,false
"LINESTRING (-613 3347, -944 3422)",line_3566_to_3593_1_cp_merged_with_xf_3496_to_3566_1_2winding_transformer,bus_3593,bus_3496,true
"LINESTRING (-1609 3477, -1496 3449)",xf_3371_3372_3373_1_3winding_transformer_br2,bus_3372,starbus_xf_3371_3372_3373_1,true
"LINESTRING (-2270 -1492, -2249 -1373)",line_4189_to_4193_1_cp,bus_4189,bus_4193,false
"LINESTRING (-1827 -2251, -1850 -2218)",line_4319_to_4322_1_cp,bus_4319,bus_4322,false
"LINESTRING (-2402 -1656, -2402 -1656)",xf_4104_4045_4046_4_3winding_transformer_br1,bus_4104,starbus_xf_4104_4045_4046_4,true
"LINESTRING (-1443 2173, -1302 2259)",line_3441_to_3473_2_cp,bus_3441,bus_3405,false
"LINESTRING (644 526, 528 664)",xf_1150_to_1198_3_2winding_transformer,bus_1150,bus_1198,true
"LINESTRING (1696 -5591, 1731 -5633)",xf_5060_to_5186_1_2winding_transformer,bus_5060,bus_5186,true
"LINESTRING (854 -3647, 880 -3719)",xf_2168_to_2321_5_2winding_transformer,bus_2168,bus_2321,true
"LINESTRING (-1884 -2362, -2087 -2335)",xf_4294_to_4457_4_2winding_transformer,bus_4296,bus_4457,true
"LINESTRING (1130 -1867, 944 -1807)",xf_1151_to_1199_1_2winding_transformer,bus_1151,bus_1199,true
"LINESTRING (-1074 1989, -1124 2030)",line_1357_to_1651_1_pi,bus_1357,bus_1651,false
"LINESTRING (1253 -4202, 1007 -3430)",xf_2199_to_2134_4_2winding_transformer_merged_with_line_2134_to_2135_4_cp,bus_2143,bus_2199,true
"LINESTRING (1419 -1517, 1369 -1490)",xf_1148_1073_1074_1_3winding_transformer_br3,bus_1074,starbus_xf_1148_1073_1074_1,true
"LINESTRING (-1013 6597, -1211 6608)",line_3096_to_3486_2_cp,bus_3096,bus_3486,false
"LINESTRING (-277 -2958, -357 -3142)",line_2200_to_2205_2_cp,bus_2200,bus_2205,false
"LINESTRING (-1334 6180, -1435 6262)",line_3172_to_3626_1_cp,bus_3172,bus_3626,false
"LINESTRING (40 3209, -17 3141)",xf_3362_3364_3363_1_3winding_transformer_br3,bus_3363,starbus_xf_3362_3364_3363_1,true
"LINESTRING (1281 -6304, 1139 -6349)",line_5085_to_5112_1_cp,bus_5083,bus_5087,false
"LINESTRING (816 -2090, 671 -2297)",xf_1317_to_1586_2_2winding_transformer,bus_1317,bus_1318,true
"LINESTRING (-1586 -2960, -1550 -3113)",line_4312_to_4313_1_cp,bus_4312,bus_4313,false
"LINESTRING (237 -3162, 238 -3228)",xf_2162_to_2271_4_2winding_transformer,bus_2162,bus_2271,true
"LINESTRING (-487 4295, -446 4346)",xf_3238_to_3239_1_2winding_transformer,bus_3238,bus_3239,true
"LINESTRING (340 -3787, 325 -3872)",line_2128_to_2160_1_cp,bus_2128,bus_2160,false
"LINESTRING (736 -2406, 747 -2705)",line_2190_to_2193_1_cp_merged_with_line_2193_to_2194_1_RLC,bus_2190,bus_2192,false
"LINESTRING (-1156 6759, -1072 6873)",xf_3140_to_3142_1_2winding_transformer,bus_3140,bus_3142,true
"LINESTRING (1379 -6154, 1446 -6186)",xf_5099_to_5206_1_2winding_transformer,bus_5099,bus_5206,true
"LINESTRING (-782 5815, -822 5732)",line_3160_to_3483_1_cp,bus_3160,bus_3483,false
"LINESTRING (1189 -3799, 1230 -3851)",xf_2187_to_2092_1_2winding_transformer,bus_2187,bus_2092,true
"LINESTRING (-629 6039, -586 6101)",xf_3243_to_3659_1_2winding_transformer,bus_3243,bus_3659,true
"LINESTRING (-1997 -2284, -2045 -2244)",xf_4295_to_4458_2_2winding_transformer,bus_4295,bus_4458,true
"LINESTRING (882 -668, 861 -757)",xf_1281_to_1576_1_2winding_transformer,bus_1281,bus_1576,true
"LINESTRING (1058 1182, 997 1100)",line_1146_to_1153_1_cp,bus_1146,bus_1153,false
"LINESTRING (933 -3922, 965 -4006)",xf_2186_to_2094_3_2winding_transformer,bus_2186,bus_2094,true
"LINESTRING (880 -3494, 729 -3348)",line_2206_to_2207_1_cp,bus_2206,bus_2207,false
"LINESTRING (42 -3609, -2 -3673)",xf_2266_to_2267_1_2winding_transformer,bus_2266,bus_2267,true
"LINESTRING (-2137 -3869, -2180 -3969)",xf_4258_to_4435_1_2winding_transformer,bus_4258,bus_4435,true
"LINESTRING (818 -295, 789 -107)",xf_1097_1098_1162_1_3winding_transformer_br2,bus_1098,starbus_xf_1097_1098_1162_1,true
"LINESTRING (-3940 -1763, -3848 -1764)",xf_4166_4356_4492_4_3winding_transformer_br2,bus_4356,starbus_xf_4166_4356_4492_4,true
"LINESTRING (-2613 -2221, -2551 -2153)",line_4343_to_4344_1_cp,bus_4343,bus_4344,false
"LINESTRING (307 3563, -25 3843)",line_3158_to_3624_2_cp,bus_3158,bus_3624,false
"LINESTRING (1296 -332, 1304 -378)",line_1272_to_1382_1_cp,bus_1269,bus_1382,false
"LINESTRING (-976 3255, -1055 3399)",line_3192_to_3506_1_cp,bus_3192,bus_3506,false
"LINESTRING (-2794 -1647, -2530 -1665)",line_4107_to_4116_1_cp,bus_4107,bus_4116,false
"LINESTRING (1449 -5728, 1603 -5786)",line_5073_to_5075_1_cp,bus_5073,bus_5075,false
"LINESTRING (1161 1128, 1335 1359)",line_1115_to_1126_1_cp,bus_1115,bus_1126,false
"LINESTRING (-1315 2864, -1409 2892)",xf_3625_to_3007_1_2winding_transformer,bus_3625,bus_3007,true
"LINESTRING (829 -3277, 845 -3349)",xf_2122_to_2016_2_2winding_transformer,bus_2122,bus_2016,true
"LINESTRING (-759 5917, -822 5732)",line_3201_to_3483_2_cp,bus_3201,bus_3483,false
"LINESTRING (-3108 -1515, -3182 -1502)",xf_4170_to_4361_1_2winding_transformer,bus_4170,bus_4361,true
"LINESTRING (562 3886, 380 3765)",xf_3602_to_3295_1_2winding_transformer_merged_with_line_3602_to_3607_1_cp,bus_3295,bus_3607,true
"LINESTRING (-535 5511, -514 5595)",xf_3120_to_3121_1_2winding_transformer,bus_3120,bus_3121,true
"LINESTRING (778 -5332, 581 -5395)",xf_5151_to_5016_6_2winding_transformer,bus_5070,bus_5016,true
"LINESTRING (327 -1203, 407 -1151)",xf_1012_to_1383_4_2winding_transformer,bus_1012,bus_1383,true
"LINESTRING (721 -4255, 676 -4257)",xf_2202_to_2044_3_2winding_transformer,bus_2202,bus_2044,true
"LINESTRING (-52 1424, -1124 2030)",xf_1218_to_1651_3_2winding_transformer,bus_1218,bus_1651,true
"LINESTRING (464 -3836, 472 -3932)",xf_2146_to_2249_6_2winding_transformer,bus_2146,bus_2249,true
"LINESTRING (339 -3574, 343 -3661)",xf_2306_to_2341_4_2winding_transformer,bus_2306,bus_2341,true
"LINESTRING (263 -555, 355 -490)",xf_1433_to_1626_2_2winding_transformer,bus_1433,bus_1626,true
"LINESTRING (359 712, 323 829)",line_1260_to_1261_1_cp,bus_1260,bus_1261,false
"LINESTRING (-211 3633, -335 3514)",xf_3576_to_3424_2_2winding_transformer_merged_with_line_3568_to_3576_4_cp,bus_3424,bus_3568,true
"LINESTRING (779 -2299, 713 -2244)",xf_2195_2293_2332_1_3winding_transformer_br2,bus_2293,starbus_xf_2195_2293_2332_1,true
"LINESTRING (1136 -413, 1269 -521)",xf_1110_to_1169_3_2winding_transformer,bus_1110,bus_1169,true
"LINESTRING (540 -4107, 689 -4097)",xf_2184_to_2328_6_2winding_transformer,bus_2111,bus_2328,true
"LINESTRING (895 4111, 1122 4261)",line_3614_to_3617_2_cp,bus_3614,bus_3617,false
"LINESTRING (-2396 -2385, -2440 -2336)",line_4236_to_4337_1_cp,bus_4236,bus_4337,false
"LINESTRING (-759 5917, -822 5732)",line_3201_to_3483_1_cp,bus_3201,bus_3483,false
"LINESTRING (1823 2202, 2000 2110)",line_1159_to_1331_1_cp,bus_1159,bus_1331,false
"LINESTRING (-1862 -2484, -1784 -2602)",Dec25_line_4277_to_4285_1_dec,bus_4277,bus_4285,false
"LINESTRING (715 -6409, 656 -6456)",xf_5101_to_5096_4_2winding_transformer,bus_5101,bus_5096,true
"LINESTRING (-1147 2506, -1314 2549)",line_3367_to_3513_2_pi_merged_with_xf_3633_3514_3513_4_3winding_transformer_br3,starbus_xf_3633_3514_3513_4,bus_3367,true
"LINESTRING (-2616 -1803, -2706 -1816)",line_4002_to_4144_1_cp,bus_4002,bus_4144,false
"LINESTRING (-1996 -3550, -2030 -3754)",line_4246_to_4332_1_cp,bus_4246,bus_4332,false
"LINESTRING (529 439, 359 712)",line_1190_to_1266_1_cp,bus_1190,bus_1260,false
"LINESTRING (1291 -6185, 1317 -6224)",xf_5223_to_5026_5_2winding_transformer,bus_5223,bus_5026,true
"LINESTRING (2666 -1661, 2749 -1684)",xf_1225_to_1021_1_2winding_transformer,bus_1225,bus_1021,true
"LINESTRING (1814 1949, 1875 1982)",xf_1444_to_1629_2_2winding_transformer,bus_1444,bus_1629,true
"LINESTRING (1417 -5541, 1434 -5510)",line_5057_to_5063_1_cp,bus_5057,bus_5063,false
"LINESTRING (758 -1418, 707 -1482)",xf_1324_to_1062_1_2winding_transformer,bus_1324,bus_1062,true
"LINESTRING (-1022 4658, -1392 4828)",line_3477_to_3533_2_cp,bus_3477,bus_3157,false
"LINESTRING (-3222 -1469, -3108 -1515)",line_4167_to_4170_1_cp,bus_4167,bus_4170,false
"LINESTRING (-541 4204, -545 4293)",xf_3382_to_3383_4_2winding_transformer,bus_3382,bus_3383,true
"LINESTRING (-1475 6850, -1458 6865)",line_3005_to_3006_1_cp,bus_3005,bus_3006,false
"LINESTRING (805 -6131, 898 -6262)",xf_5162_to_5090_1_2winding_transformer,bus_5162,bus_5090,true
"LINESTRING (-1323 6690, -1211 6608)",line_3148_to_3486_1_cp,bus_3148,bus_3486,false
"LINESTRING (-125 2966, -187 2958)",xf_3413_3415_3414_1_3winding_transformer_br3,bus_3414,starbus_xf_3413_3415_3414_1,true
"LINESTRING (313 384, 359 712)",line_1191_to_1266_3_cp,bus_1191,bus_1260,false
"LINESTRING (1761 -5608, 1696 -5591)",line_5059_to_5060_1_cp,bus_5059,bus_5060,false
"LINESTRING (-444 -283, -579 -293)",line_1435_to_1437_1_cp,bus_1435,bus_1437,false
"LINESTRING (1626 1705, 1832 1817)",line_1192_to_1423_1_cp,bus_1192,bus_1423,false
"LINESTRING (-885 3246, -936 3314)",xf_3519_to_3522_1_2winding_transformer,bus_3519,bus_3520,true
"LINESTRING (-1369 7106, -1368 7212)",xf_3189_to_3191_1_2winding_transformer,bus_3189,bus_3191,true
"LINESTRING (679 322, 313 384)",xf_1144_to_1191_2_2winding_transformer,bus_1066,bus_1191,true
"LINESTRING (340 -3787, 324 -3947)",xf_2128_to_2236_1_2winding_transformer,bus_2128,bus_2236,true
"LINESTRING (-283 3067, -249 3097)",xf_3345_to_3347_3_2winding_transformer,bus_3344,bus_3347,true
"LINESTRING (-2190 -2878, -2134 -3081)",Dec14_line_4123_to_4292_1_dec,bus_4123,bus_4292,false
"LINESTRING (805 -6131, 898 -6262)",xf_5162_to_5090_2_2winding_transformer,bus_5162,bus_5090,true
"LINESTRING (-3496 -1689, -3288 -1647)",line_4158_to_4165_1_cp,bus_4158,bus_4165,false
"LINESTRING (-2313 -3113, -2376 -3188)",xf_4271_to_4445_1_2winding_transformer,bus_4271,bus_4445,true
"LINESTRING (-946 5782, -1065 5797)",line_3161_to_3285_1_cp,bus_3161,bus_3285,false
"LINESTRING (-553 3019, -635 3096)",line_3048_to_3229_1_cp,bus_3048,bus_3229,false
"LINESTRING (-1347 2481, -1147 2506)",line_3386_to_3633_1_cp,bus_3386,bus_3633,false
"LINESTRING (-1843 -2005, -1727 -2102)",line_4131_to_4145_1_cp,bus_4131,bus_4145,false
"LINESTRING (339 -3574, 334 -3643)",xf_2306_to_2339_6_2winding_transformer,bus_2306,bus_2339,true
"LINESTRING (-419 5506, -453 5410)",xf_3492_3565_3494_2_3winding_transformer_br1,bus_3149,starbus_xf_3492_3565_3494_2,true
"LINESTRING (-283 3067, -249 3097)",line_3346_to_3503_1_pi_merged_with_xf_3346_to_3347_1_2winding_transformer,bus_3344,bus_3347,true
"LINESTRING (-673 5521, -419 5506)",line_3167_to_3492_1_cp,bus_3167,bus_3149,false
"LINESTRING (1372 -5727, 1287 -5684)",line_5074_to_5123_1_cp,bus_5074,bus_5123,false
"LINESTRING (-1522 -3231, -1550 -3288)",line_4314_to_4315_1_cp,bus_4314,bus_4261,false
"LINESTRING (-2083 -2441, -2056 -2473)",line_4279_to_4280_1_cp,bus_4279,bus_4280,false
"LINESTRING (2127 -1817, 2213 -1829)",xf_1136_to_1059_1_2winding_transformer,bus_1136,bus_1059,true
"LINESTRING (580 -475, 504 -544)",xf_1393_to_1534_3_2winding_transformer,bus_1393,bus_1534,true
"LINESTRING (-496 2609, -503 2553)",xf_3385_to_3446_1_2winding_transformer,bus_3385,bus_3446,true
"LINESTRING (941 -6397, 958 -6360)",xf_5093_5202_5203_1_3winding_transformer_br2,bus_5202,starbus_xf_5093_5202_5203_1,true
"LINESTRING (-1074 6928, -1160 6857)",line_3077_to_3643_1_cp,bus_3077,bus_3643,false
"LINESTRING (-1970 -3309, -1901 -3129)",line_4247_to_4335_1_cp,bus_4243,bus_4335,false
"LINESTRING (-1099 6377, -1125 6585)",xf_3293_to_3294_1_2winding_transformer,bus_3259,bus_3294,true
"LINESTRING (970 -1623, 968 -1737)",line_1061_to_1311_1_cp,bus_1061,bus_1311,false
"LINESTRING (-2315 -3045, -2291 -2954)",line_4272_to_4275_1_cp,bus_4272,bus_4275,false
"LINESTRING (-1691 7364, -1687 7268)",xf_3330_to_3331_1_2winding_transformer_merged_with_line_3329_to_3330_1_cp,bus_3331,bus_3329,true
"LINESTRING (937 -3740, 1059 -3919)",xf_2172_to_2277_1_2winding_transformer,bus_2164,bus_2277,true
"LINESTRING (-1728 2079, -1830 2075)",xf_3397_to_3399_2_2winding_transformer,bus_3397,bus_3399,true
"LINESTRING (-175 4565, -314 4388)",xf_3600_to_3442_1_2winding_transformer_merged_with_line_3573_to_3600_1_cp,bus_3442,bus_3573,true
"LINESTRING (1079 -5510, 1155 -5495)",line_5147_to_5149_1_cp,bus_5147,bus_5149,false
"LINESTRING (-611 4070, -685 3675)",xf_3636_to_3543_1_2winding_transformer,bus_3319,bus_3543,true
"LINESTRING (825 368, 915 383)",xf_1099_to_1019_6_2winding_transformer,bus_1099,bus_1019,true
"LINESTRING (703 257, 703 257)",xf_1092_1093_1525_1_3winding_transformer_br1,bus_1092,starbus_xf_1092_1093_1525_1,true
"LINESTRING (1977 -1315, 1900 -1313)",line_1165_to_1307_1_cp,bus_1255,bus_1307,false
"LINESTRING (-1334 6180, -1473 6366)",xf_3172_to_3657_2_2winding_transformer,bus_3172,bus_3003,true
"LINESTRING (-2370 -2224, -2456 -2217)",line_4234_to_4235_1_cp,bus_4234,bus_4235,false
"LINESTRING (584 -5883, 535 -5915)",xf_5055_to_5183_1_2winding_transformer,bus_5055,bus_5183,true
"LINESTRING (-1022 4658, -1392 4828)",line_3477_to_3533_1_cp,bus_3477,bus_3157,false
"LINESTRING (-907 -2658, -942 -2695)",xf_4219_to_4393_2_2winding_transformer,bus_4219,bus_4393,true
"LINESTRING (-1895 6824, -1736 6747)",line_3094_to_3516_2_cp,bus_3094,bus_3516,false
"LINESTRING (1977 -1315, 2122 -1315)",line_1278_to_1294_1_cp,bus_1255,bus_1294,false
"LINESTRING (-1068 2461, -1006 2471)",xf_3134_3135_3136_1_3winding_transformer_br3,bus_3136,starbus_xf_3134_3135_3136_1,true
"LINESTRING (-249 -3683, -267 -3784)",xf_2343_to_2058_7_2winding_transformer,bus_2343,bus_2058,true
"LINESTRING (-1791 4951, -1667 5002)",line_3031_to_3216_2_pi_merged_with_xf_3031_to_3032_2_2winding_transformer,bus_3220,bus_3032,true
"LINESTRING (893 -1656, 861 -1721)",xf_1479_to_1645_1_2winding_transformer,bus_1479,bus_1645,true
"LINESTRING (237 -3162, 280 -3311)",line_2162_to_2179_1_cp,bus_2162,bus_2179,false
"LINESTRING (2031 2351, 2140 2475)",xf_1335_to_1591_1_2winding_transformer,bus_1335,bus_1591,true
"LINESTRING (-2347 -3142, -2408 -3221)",xf_4273_to_4447_1_2winding_transformer,bus_4273,bus_4447,true
"LINESTRING (-1983 -3864, -2070 -4112)",xf_4341_to_4487_1_2winding_transformer,bus_4225,bus_4487,true
"LINESTRING (-1030 3422, -1030 3422)",xf_3226_3227_3228_1_3winding_transformer_br1,bus_3226,starbus_xf_3226_3227_3228_1,true
"LINESTRING (732 -450, 1044 -449)",xf_1440_to_1575_1_2winding_transformer,bus_1189,bus_1575,true
"LINESTRING (-961 6663, -909 6699)",xf_3199_to_3200_1_2winding_transformer,bus_3199,bus_3200,true
"LINESTRING (1128 -2184, 1210 -2379)",line_1247_to_1327_1_cp_merged_with_xf_1588_1327_1068_2_3winding_transformer_br2,bus_1247,starbus_xf_1588_1327_1068_2,true
"LINESTRING (2004 -5764, 1965 -5720)",xf_5043_to_5219_1_2winding_transformer,bus_5043,bus_5219,true
"LINESTRING (-172 5490, -134 5468)",line_3061_to_3272_1_cp,bus_3000,bus_3272,false
"LINESTRING (639 56, 715 112)",xf_1121_1123_1634_6_3winding_transformer_br3,bus_1634,starbus_xf_1121_1123_1634_6,true
"LINESTRING (-422 3036, -744 2835)",line_3490_to_3589_2_cp,bus_3490,bus_3589,false
"LINESTRING (-952 -2323, -707 -2550)",line_4139_to_4151_2_cp,bus_4139,bus_4101,false
"LINESTRING (1335 1359, 1536 1414)",xf_1126_to_1182_1_2winding_transformer,bus_1126,bus_1182,true
"LINESTRING (-82 -3150, -166 -3350)",xf_2209_to_2175_1_2winding_transformer,bus_2209,bus_2175,true
"LINESTRING (-164 -511, -38 -133)",line_1259_to_1422_2_cp,bus_1259,bus_1409,false
"LINESTRING (-747 2974, -777 2968)",xf_3601_to_3445_1_2winding_transformer,bus_3601,bus_3445,true
"LINESTRING (243 911, 173 819)",line_1430_to_1489_1_cp,bus_1430,bus_1313,false
"LINESTRING (618 4166, 544 4081)",xf_3266_3154_3155_1_3winding_transformer_br3,bus_3155,starbus_xf_3266_3154_3155_1,true
"LINESTRING (-2439 -3222, -2503 -3300)",xf_4274_to_4448_1_2winding_transformer,bus_4274,bus_4448,true
"LINESTRING (-2397 -2645, -2467 -2697)",xf_4240_to_4422_1_2winding_transformer,bus_4240,bus_4422,true
"LINESTRING (729 -3348, 747 -2705)",xf_2207_to_2194_1_2winding_transformer,bus_2207,bus_2192,true
"LINESTRING (-419 5506, -398 5494)",xf_3492_to_3493_4_2winding_transformer,bus_3149,bus_3493,true
"LINESTRING (889 -5317, 819 -5329)",line_5071_to_5072_1_cp,bus_5071,bus_5072,false
"LINESTRING (43 4965, 159 5054)",line_3039_to_3051_1_cp,bus_3039,bus_3051,false
"LINESTRING (2031 2351, 2300 2524)",line_1335_to_1628_1_cp,bus_1335,bus_1173,false
"LINESTRING (-2083 -2441, -2148 -2427)",line_4279_to_4288_1_cp,bus_4279,bus_4288,false
"LINESTRING (-587 3475, -612 3661)",xf_3579_to_3428_1_2winding_transformer,bus_3560,bus_3428,true
"LINESTRING (811 -5700, 642 -5751)",line_5053_to_5054_1_cp,bus_5053,bus_5054,false
"LINESTRING (782 -3231, 853 -3239)",xf_2171_to_2276_4_2winding_transformer,bus_2171,bus_2276,true
"LINESTRING (830 -5662, 711 -5677)",xf_5113_to_5215_5_2winding_transformer,bus_5113,bus_5215,true
"LINESTRING (546 -6661, 651 -6556)",xf_5135_to_5222_1_2winding_transformer_merged_with_line_5135_to_5136_1_cp,bus_5222,bus_5136,true
"LINESTRING (-1013 6597, -947 6840)",xf_3096_to_3098_2_2winding_transformer,bus_3096,bus_3076,true
"LINESTRING (66 3102, -187 2958)",line_3333_to_3413_1_cp,bus_3302,bus_3413,false
"LINESTRING (-1345 4055, -1396 4072)",xf_3010_to_3011_1_2winding_transformer,bus_3010,bus_3011,true
"LINESTRING (406 416, 238 527)",xf_1134_to_1185_4_2winding_transformer,bus_1134,bus_1185,true
"LINESTRING (-335 3514, -25 3843)",line_3568_to_3624_1_cp,bus_3568,bus_3624,false
"LINESTRING (858 -1966, 795 -1987)",xf_1480_to_1071_3_2winding_transformer,bus_1480,bus_1071,true
"LINESTRING (1253 -4202, 1274 -4304)",xf_2143_to_2037_2_2winding_transformer,bus_2143,bus_2037,true
"LINESTRING (-982 5236, -833 5026)",xf_3482_to_3557_2_2winding_transformer,bus_3482,bus_3557,true
"LINESTRING (-2030 -3754, -2056 -3852)",xf_4332_to_4483_1_2winding_transformer,bus_4332,bus_4483,true
"LINESTRING (877 -4079, 888 -4181)",xf_2167_to_2197_4_2winding_transformer,bus_2167,bus_2197,true
"LINESTRING (766 -2913, 821 -2923)",line_2234_to_2235_2_cp,bus_2234,bus_2235,false
"LINESTRING (-864 -2495, -898 -2745)",line_4216_to_4220_1_cp,bus_4216,bus_4220,false
"LINESTRING (-535 5511, -514 5595)",xf_3120_to_3121_2_2winding_transformer,bus_3120,bus_3121,true
"LINESTRING (1446 -1310, 1369 -1490)",line_1103_to_1148_1_cp,bus_1103,bus_1148,false
"LINESTRING (915 -6284, 944 -6257)",xf_5238_to_5225_2B_2winding_transformer,bus_5238,bus_5225,true
"LINESTRING (894 -1579, 860 -1643)",xf_1481_to_1482_1_2winding_transformer,bus_1481,bus_1482,true
"LINESTRING (1161 1128, 1363 1597)",line_1115_to_1145_1_cp,bus_1115,bus_1145,false
"LINESTRING (875 1476, 907 1571)",line_1621_to_1630_1_cp,bus_1621,bus_1630,false
"LINESTRING (997 -6215, 944 -6257)",xf_5092_to_5225_2A_2winding_transformer,bus_5092,bus_5225,true
"LINESTRING (149 -3261, -68 -3103)",line_2203_to_2204_1_cp,bus_2203,bus_2204,false
"LINESTRING (-1603 7237, -1616 7306)",xf_3144_to_3145_2_2winding_transformer,bus_3144,bus_3145,true
"LINESTRING (-2613 -1157, -2685 -1080)",xf_4195_to_4373_1_2winding_transformer,bus_4195,bus_4373,true
"LINESTRING (721 682, 809 725)",xf_1149_to_1082_4_2winding_transformer,bus_1149,bus_1082,true
"LINESTRING (-2227 -2760, -2169 -2688)",xf_4031_4030_4029_1_3winding_transformer_br3,bus_4029,starbus_xf_4031_4030_4029_1,true
"LINESTRING (-1218 5893, -1253 5859)",xf_3063_to_3064_3_2winding_transformer,bus_3002,bus_3064,true
"LINESTRING (1161 1128, 1251 1182)",xf_1115_to_1546_6_2winding_transformer,bus_1115,bus_1546,true
"LINESTRING (-1876 -2795, -1901 -3129)",xf_4148_to_4335_2_2winding_transformer,bus_4148,bus_4335,true
"LINESTRING (-973 -2291, -1008 -2283)",xf_4224_to_4340_2_2winding_transformer,bus_4224,bus_4340,true
"LINESTRING (900 -3575, 935 -3619)",xf_2178_to_2284_1_2winding_transformer,bus_2178,bus_2284,true
"LINESTRING (-314 4388, 43 4965)",xf_3573_to_3507_1_2winding_transformer_merged_with_line_3039_to_3507_1_cp,bus_3573,bus_3039,true
"LINESTRING (-1272 4174, -1150 4053)",xf_3027_to_3029_2_2winding_transformer_merged_with_line_3027_to_3072_1_cp,bus_3029,bus_3072,true
"LINESTRING (516 3511, 608 3514)",xf_3609_to_3436_3_2winding_transformer,bus_3609,bus_3436,true
"LINESTRING (937 -3740, 880 -3494)",line_2164_to_2165_1_cp_merged_with_xf_2206_to_2165_1_2winding_transformer,bus_2164,bus_2206,true
"LINESTRING (901 1394, 952 1463)",line_1336_to_1453_1_cp,bus_1336,bus_1453,false
"LINESTRING (1155 -5495, 1051 -5654)",line_5149_to_5169_1_cp,bus_5149,bus_5169,false
"LINESTRING (1237 -445, 1115 -484)",line_1221_to_1461_1_cp,bus_1221,bus_1461,false
"LINESTRING (-2396 -2385, -2466 -2423)",xf_4236_to_4418_3_2winding_transformer,bus_4236,bus_4418,true
"LINESTRING (-937 6566, -1018 6497)",line_3067_to_3068_1_cp,bus_3067,bus_3068,false
"LINESTRING (-274 3142, -253 3222)",xf_3357_to_3355_2_2winding_transformer,bus_3357,bus_3355,true
"LINESTRING (679 322, 313 384)",xf_1144_to_1191_1_2winding_transformer,bus_1066,bus_1191,true
"LINESTRING (-973 -2291, -993 -2257)",xf_4224_to_4072_1_2winding_transformer,bus_4224,bus_4072,true
"LINESTRING (-334 403, -422 428)",xf_1627_to_1574_1_2winding_transformer,bus_1627,bus_1574,true
"LINESTRING (380 3765, -25 3843)",line_3607_to_3624_1_cp,bus_3607,bus_3624,false
"LINESTRING (-3172 -1760, -3245 -1797)",xf_4169_to_4402_6_2winding_transformer,bus_4169,bus_4402,true
"LINESTRING (123 5110, 120 5207)",line_3050_to_3054_1_cp,bus_3050,bus_3054,false
"LINESTRING (-327 2944, -478 2930)",line_3411_to_3471_1_cp,bus_3411,bus_3471,false
"LINESTRING (1434 -5510, 1486 -5546)",line_5063_to_5066_1_cp,bus_5063,bus_5066,false
"LINESTRING (1415 -6262, 1528 -6369)",line_5076_to_5077_1_cp_merged_with_xf_5076_to_5019_1_2winding_transformer,bus_5077,bus_5019,true
"LINESTRING (1311 4487, 1258 4394)",line_3287_to_3618_1_cp,bus_3287,bus_3618,false
"LINESTRING (900 -4034, 924 -3962)",line_2138_to_2163_2_cp,bus_2136,bus_2121,false
"LINESTRING (449 -4098, 540 -4107)",line_2110_to_2112_2_pi_merged_with_line_2110_to_2159_1_cp,bus_2104,bus_2111,false
"LINESTRING (1232 -816, 1305 -872)",xf_1114_to_1030_2_2winding_transformer,bus_1114,bus_1030,true
"LINESTRING (380 3765, 621 3932)",line_3607_to_3615_1_cp,bus_3607,bus_3615,false
"LINESTRING (-1880 -2134, -1926 -2226)",line_4321_to_4323_1_cp,bus_4321,bus_4323,false
"LINESTRING (2191 2245, 2287 2279)",xf_1419_to_1622_2_2winding_transformer,bus_1419,bus_1622,true
"LINESTRING (-1687 7268, -1726 7292)",xf_3632_to_3087_3_2winding_transformer,bus_3329,bus_3087,true
"LINESTRING (2398 -1573, 2478 -1579)",xf_1208_to_1209_2_2winding_transformer,bus_1208,bus_1209,true
"LINESTRING (735 -2765, 736 -2406)",xf_2120_to_2190_2_2winding_transformer,bus_2120,bus_2190,true
"LINESTRING (2279 -1561, 2342 -1574)",xf_1293_to_1503_2_2winding_transformer,bus_1293,bus_1503,true
"LINESTRING (484 3585, 419 3556)",xf_3535_to_3613_1_2winding_transformer,bus_3535,bus_3613,true
"LINESTRING (1696 -5591, 1731 -5633)",xf_5060_to_5186_2_2winding_transformer,bus_5060,bus_5186,true
"LINESTRING (818 -295, 912 -715)",line_1098_to_1119_1_cp,bus_1098,bus_1119,false
"LINESTRING (-969 3656, -891 3562)",line_3395_to_3470_2_cp,bus_3395,bus_3470,false
"LINESTRING (540 -4107, 577 -4314)",xf_2159_to_2073_1_2winding_transformer,bus_2111,bus_2073,true
"LINESTRING (-2633 -1576, -2794 -1647)",line_4106_to_4107_1_cp,bus_4106,bus_4107,false
"LINESTRING (495 -5796, 418 -5827)",line_5069_to_5126_1_cp,bus_5069,bus_5126,false
"LINESTRING (1013 -5622, 1008 -5612)",line_5142_to_5143_1_cp,bus_5142,bus_5143,false
"LINESTRING (-1884 -2362, -2087 -2335)",xf_4294_to_4457_3_2winding_transformer,bus_4296,bus_4457,true
"LINESTRING (-944 3422, -813 3546)",xf_3496_to_3567_2_2winding_transformer,bus_3496,bus_3567,true
"LINESTRING (1161 1128, 1393 1164)",xf_1115_to_1544_5_2winding_transformer,bus_1115,bus_1544,true
"LINESTRING (76 -134, 156 -160)",xf_1428_1501_1540_2_3winding_transformer_br3,bus_1540,starbus_xf_1428_1501_1540_2,true
"LINESTRING (276 -3103, 260 -3033)",xf_1009_to_1606_3_2winding_transformer,bus_1009,bus_1007,true
"LINESTRING (-1492 2904, -1591 2968)",xf_3254_to_3257_1_2winding_transformer,bus_3213,bus_3257,true
"LINESTRING (2600 -1798, 2581 -1815)",xf_1408_to_1614_2_2winding_transformer,bus_1137,bus_1614,true
"LINESTRING (-1211 6608, -1211 6608)",xf_3486_3561_3488_2_3winding_transformer_br1,bus_3486,starbus_xf_3486_3561_3488_2,true
"LINESTRING (516 3511, 503 3236)",xf_3609_to_3648_2_2winding_transformer,bus_3609,bus_3648,true
"LINESTRING (1062 -6237, 1077 -6174)",line_5098_to_5132_2_cp,bus_5098,bus_5132,false
"LINESTRING (721 682, 703 849)",line_1197_to_1342_1_cp_merged_with_xf_1149_to_1197_5_2winding_transformer_merged_with_line_1342_to_1463_1_cp,bus_1149,bus_1463,true
"LINESTRING (-1634 -2146, -1611 -2026)",line_4201_to_4202_2_cp,bus_4201,bus_4202,false
"LINESTRING (1188 -2387, 1210 -2379)",xf_1588_1327_1068_2_3winding_transformer_br3,bus_1068,starbus_xf_1588_1327_1068_2,true
"LINESTRING (-685 3675, -335 3514)",line_3543_to_3568_1_cp,bus_3543,bus_3568,false
"LINESTRING (-2561 -1437, -2652 -1307)",line_4174_to_4183_1_cp,bus_4174,bus_4183,false
"LINESTRING (522 -5879, 765 -5745)",line_5052_to_5056_1_cp,bus_5052,bus_5050,false
"LINESTRING (820 1294, 786 1440)",line_1183_to_1210_1_cp,bus_1183,bus_1203,false
"LINESTRING (-1965 -2388, -2015 -2389)",Dec12_line_4135_to_4136_1_dec,bus_4135,bus_4136,false
"LINESTRING (1135 -792, 1145 -823)",line_1459_to_1472_1_cp,bus_1459,bus_1472,false
"LINESTRING (2167 2176, 2576 2235)",line_1385_to_1386_1_pi_merged_with_xf_1386_to_1607_1_2winding_transformer,bus_1385,bus_1607,true
"LINESTRING (854 -3647, 782 -3231)",line_2168_to_2180_1_cp,bus_2168,bus_2171,false
"LINESTRING (-1165 4217, -992 4175)",xf_3532_to_3606_1_2winding_transformer,bus_3532,bus_3606,true
"LINESTRING (-1218 5893, -1253 5859)",xf_3063_to_3064_1_2winding_transformer,bus_3002,bus_3064,true
"LINESTRING (82 758, 1 805)",xf_1458_to_1636_2_2winding_transformer,bus_1458,bus_1636,true
"LINESTRING (-1553 4615, -1368 4590)",xf_3185_to_3186_2_2winding_transformer_merged_with_line_3185_to_3263_2_cp,bus_3186,bus_3263,true
"LINESTRING (-187 2958, -187 2958)",xf_3413_3415_3414_2_3winding_transformer_br1,bus_3413,starbus_xf_3413_3415_3414_2,true
"LINESTRING (40 -3765, 16 -3858)",xf_2101_to_2228_4_2winding_transformer,bus_2101,bus_2228,true
"LINESTRING (-2260 -2230, -2370 -2224)",Dec20_line_4233_to_4234_1_dec,bus_4233,bus_4234,false
"LINESTRING (-478 2930, -600 3049)",xf_3471_to_3545_2_2winding_transformer,bus_3471,bus_3545,true
"LINESTRING (-2098 -4013, -2063 -3911)",xf_4257_4379_4434_2_3winding_transformer_br3,bus_4434,starbus_xf_4257_4379_4434_2,true
"LINESTRING (1296 -332, 1292 -309)",xf_1270_to_1032_3_2winding_transformer,bus_1269,bus_1032,true
"LINESTRING (1237 -445, 1378 -394)",line_1221_to_1372_1_cp,bus_1221,bus_1372,false
"LINESTRING (-1218 5893, -1065 5797)",line_3063_to_3285_1_cp,bus_3002,bus_3285,false
"LINESTRING (-328 2956, -478 2930)",line_3412_to_3471_2_cp,bus_3412,bus_3471,false
"LINESTRING (-392 -3198, -409 -3284)",xf_2077_2205_2346_2_3winding_transformer_br3,bus_2346,starbus_xf_2077_2205_2346_2,true
"LINESTRING (-2190 -2878, -2202 -2504)",line_4123_to_4239_1_pi,bus_4123,bus_4238,false
"LINESTRING (-1936 -2305, -1997 -2284)",line_4278_to_4295_1_cp,bus_4278,bus_4295,false
"LINESTRING (828 -241, 1157 -402)",line_1141_to_1569_1_cp,bus_1140,bus_1569,false
"LINESTRING (-250 4608, -314 4388)",xf_3581_to_3431_2_2winding_transformer_merged_with_line_3573_to_3581_2_cp,bus_3431,bus_3573,true
"LINESTRING (-479 2780, -602 2881)",xf_3504_to_3572_1_2winding_transformer,bus_3504,bus_3572,true
"LINESTRING (66 3102, -283 3067)",line_3374_to_3503_1_cp,bus_3302,bus_3344,false
"LINESTRING (-1586 -2960, -1578 -3039)",xf_4312_to_4470_2_2winding_transformer,bus_4312,bus_4470,true
"LINESTRING (1063 2437, 1349 2391)",line_1109_to_1143_1_cp,bus_1109,bus_1142,false
"LINESTRING (-1250 6362, -1211 6608)",xf_3486_3561_3488_2_3winding_transformer_br2,bus_3561,starbus_xf_3486_3561_3488_2,true
"LINESTRING (-1945 -2363, -2078 -2282)",xf_4320_to_4476_3_2winding_transformer,bus_4320,bus_4001,true
"LINESTRING (850 -6309, 898 -6262)",xf_5090_5200_5201_5_3winding_transformer_br3,bus_5201,starbus_xf_5090_5200_5201_5,true
"LINESTRING (861 -4054, 924 -3962)",xf_2083_to_2086_1_2winding_transformer_merged_with_line_2083_to_2163_1_pi,bus_2086,bus_2121,true
"LINESTRING (764 27, 875 144)",xf_1117_to_1176_3_2winding_transformer_merged_with_line_1176_to_1491_3_cp,bus_1117,bus_1252,true
"LINESTRING (-1094 1961, -1124 2030)",line_1599_to_1651_1_pi,bus_1599,bus_1651,false
"LINESTRING (-2202 -2504, -2313 -2476)",line_4238_to_4241_1_cp,bus_4238,bus_4241,false
"LINESTRING (-2307 -3803, -2249 -3731)",xf_4254_4377_4432_1_3winding_transformer_br2,bus_4377,starbus_xf_4254_4377_4432_1,true
"LINESTRING (-1884 -2362, -1759 -2530)",Dec27_line_4297_to_4334_1_dec,bus_4296,bus_4334,false
"LINESTRING (-1150 4053, -1254 4050)",line_3072_to_3116_1_cp,bus_3072,bus_3116,false
"LINESTRING (-1391 3478, -1519 3506)",line_3334_to_3358_1_cp,bus_3334,bus_3359,false
"LINESTRING (2504 2612, 2721 2689)",xf_1347_to_1594_1_2winding_transformer,bus_1347,bus_1594,true
"LINESTRING (-2083 -2441, -2149 -2453)",xf_4279_to_4451_3_2winding_transformer,bus_4279,bus_4451,true
"LINESTRING (-553 3019, -478 2930)",line_3048_to_3471_1_cp,bus_3048,bus_3471,false
"LINESTRING (-1358 5009, -1392 4828)",line_3284_to_3646_2_cp,bus_3284,bus_3157,false
"LINESTRING (721 -4255, 690 -4332)",xf_2202_to_2042_1_2winding_transformer,bus_2202,bus_2042,true
"LINESTRING (-457 -3444, -482 -3533)",xf_2270_to_2078_4_2winding_transformer,bus_2270,bus_2078,true
"LINESTRING (-759 5917, -751 6043)",xf_3201_to_3202_1_2winding_transformer,bus_3201,bus_3202,true
"LINESTRING (-1913 -3805, -1919 -3912)",xf_4245_to_4425_1_2winding_transformer,bus_4245,bus_4425,true
"LINESTRING (-478 2930, -489 2977)",xf_3471_to_3472_6_2winding_transformer,bus_3471,bus_3472,true
"LINESTRING (579 -361, 507 -416)",xf_1326_to_1556_2_2winding_transformer,bus_1326,bus_1556,true
"LINESTRING (-976 3255, -938 3182)",line_3192_to_3534_1_cp,bus_3192,bus_3534,false
"LINESTRING (-2249 -3731, -2249 -3731)",xf_4254_4377_4432_1_3winding_transformer_br1,bus_4254,starbus_xf_4254_4377_4432_1,true
"LINESTRING (-65 3166, -17 3237)",xf_3402_to_3403_1_2winding_transformer,bus_3402,bus_3403,true
"LINESTRING (-3172 -1760, -3241 -1776)",xf_4169_to_4404_5_2winding_transformer,bus_4169,bus_4404,true
"LINESTRING (1136 -1159, 867 -1329)",xf_1158_to_1206_3_2winding_transformer,bus_1158,bus_1206,true
"LINESTRING (340 -3787, 464 -3836)",line_2128_to_2146_1_cp,bus_2128,bus_2146,false
"LINESTRING (742 -5731, 811 -5700)",line_5049_to_5053_1_cp,bus_5049,bus_5053,false
"LINESTRING (-1021 5352, -1049 5444)",xf_3106_to_3107_1_2winding_transformer,bus_3106,bus_3107,true
"LINESTRING (1355 -6119, 1251 -6104)",line_5097_to_5131_1_cp,bus_5097,bus_5131,false
"LINESTRING (-2525 -1301, -2578 -1258)",xf_4200_to_4383_2_2winding_transformer,bus_4200,bus_4383,true
"LINESTRING (120 5207, 11 5168)",line_3054_to_3060_1_cp,bus_3054,bus_3060,false
"LINESTRING (830 -5662, 627 -5695)",xf_5129_to_5220_1_2winding_transformer,bus_5113,bus_5220,true
"LINESTRING (307 3563, 421 3575)",line_3158_to_3612_1_cp,bus_3158,bus_3612,false
"LINESTRING (-2644 -2675, -2644 -2675)",xf_4038_4035_4036_2_3winding_transformer_br1,bus_4038,starbus_xf_4038_4035_4036_2,true
"LINESTRING (902 -2246, 963 -2129)",xf_1106_1167_1536_3_3winding_transformer_br3,bus_1536,starbus_xf_1106_1167_1536_3,true
"LINESTRING (-1138 3004, -1230 3017)",xf_3342_to_3343_1_2winding_transformer,bus_3342,bus_3343,true
"LINESTRING (1359 -538, 1451 -458)",xf_1316_to_1555_1_2winding_transformer,bus_1163,bus_1555,true
"LINESTRING (120 5207, 181 5298)",xf_3054_to_3055_1_2winding_transformer,bus_3054,bus_3055,true
"LINESTRING (-1438 4311, -1330 4261)",line_3101_to_3634_2_cp,bus_3101,bus_3634,false
"LINESTRING (-1272 2398, -1373 2400)",xf_3123_to_3125_2_2winding_transformer,bus_3123,bus_3125,true
"LINESTRING (-1112 3466, -1030 3422)",xf_3226_3227_3228_1_3winding_transformer_br3,bus_3228,starbus_xf_3226_3227_3228_1,true
"LINESTRING (-1438 4311, -1510 4330)",xf_3101_to_3103_3_2winding_transformer,bus_3101,bus_3103,true
"LINESTRING (735 -2765, 955 -3011)",line_2120_to_2148_1_cp,bus_2120,bus_2107,false
"LINESTRING (-2551 -2153, -2624 -2161)",xf_4344_to_4490_1_2winding_transformer,bus_4344,bus_4490,true
"LINESTRING (1114 -526, 1359 -538)",line_1388_to_1541_2_cp,bus_1388,bus_1163,false
"LINESTRING (-1072 6873, -1045 6993)",line_3142_to_3270_1_cp,bus_3142,bus_3270,false
"LINESTRING (-2474 -3181, -2543 -3249)",xf_4232_to_4409_1_2winding_transformer,bus_4232,bus_4409,true
"LINESTRING (-1446 4295, -1330 4261)",line_3102_to_3634_1_cp,bus_3102,bus_3634,false
"LINESTRING (-969 3656, -1030 3726)",xf_3395_to_3396_1_2winding_transformer,bus_3395,bus_3396,true
"LINESTRING (877 -4079, 900 -4187)",xf_2167_to_2272_6_2winding_transformer,bus_2167,bus_2272,true
"LINESTRING (1398 -4306, 1368 -4310)",line_2242_to_2261_1_cp,bus_2242,bus_2260,false
"LINESTRING (-274 3142, -283 3067)",line_3357_to_3503_2_cp,bus_3357,bus_3344,false
"LINESTRING (-2129 -1569, -2042 -1799)",line_4192_to_4194_1_cp,bus_4192,bus_4194,false
"LINESTRING (156 -160, 156 -160)",xf_1428_1501_1540_2_3winding_transformer_br1,bus_1428,starbus_xf_1428_1501_1540_2,true
"LINESTRING (-758 4083, -611 4070)",line_3018_to_3636_1_cp,bus_3018,bus_3319,false
"LINESTRING (-891 3562, -685 3675)",xf_3470_to_3543_3_2winding_transformer,bus_3470,bus_3543,true
"LINESTRING (-3940 -1763, -3848 -1764)",xf_4166_4356_4491_3_3winding_transformer_br2,bus_4356,starbus_xf_4166_4356_4491_3,true
"LINESTRING (-1760 -2851, -1789 -2936)",xf_4287_to_4455_2_2winding_transformer,bus_4287,bus_4455,true
"LINESTRING (1111 -6098, 1068 -6138)",xf_5095_to_5178_1_2winding_transformer,bus_5095,bus_5178,true
"LINESTRING (431 -841, 373 -902)",xf_1310_to_1508_2_2winding_transformer,bus_1310,bus_1508,true
"LINESTRING (-2137 -1434, -2144 -1797)",xf_4184_to_4117_1_2winding_transformer,bus_4184,bus_4117,true
"LINESTRING (264 -3628, 146 -3531)",connection V2,bus_2105,bus_2106,false
"LINESTRING (923 -2947, 907 -2953)",line_2251_to_2256_1_cp,bus_2251,bus_2256,false
"LINESTRING (714 507, 662 546)",xf_1090_to_1005_8_2winding_transformer,bus_1090,bus_1005,true
"LINESTRING (-673 5521, -650 5604)",line_3167_to_3168_1_cp,bus_3167,bus_3168,false
"LINESTRING (1876 1777, 1778 1737)",line_1226_to_1322_1_cp,bus_1226,bus_1322,false
"LINESTRING (732 -450, 1044 -449)",xf_1440_to_1575_2_2winding_transformer,bus_1189,bus_1575,true
"LINESTRING (955 -3011, 923 -2947)",xf_2148_to_2251_1_2winding_transformer,bus_2107,bus_2251,true
"LINESTRING (-1895 6824, -2013 6902)",line_3094_to_3225_2_cp,bus_3094,bus_3225,false
"LINESTRING (528 -55, 735 61)",line_1200_to_1333_1_cp,bus_1200,bus_1333,false
"LINESTRING (985 -570, 828 -241)",line_1105_to_1140_1_cp,bus_1105,bus_1140,false
"LINESTRING (-3501 -1584, -3575 -1572)",xf_4157_to_4345_1_2winding_transformer,bus_4157,bus_4345,true
"LINESTRING (876 -435, 1005 -407)",line_1215_to_1320_1_cp,bus_1215,bus_1320,false
"LINESTRING (715 -6409, 796 -6353)",line_5101_to_5103_1_cp,bus_5101,bus_5103,false
"LINESTRING (-335 3514, -25 3843)",line_3568_to_3624_3_cp,bus_3568,bus_3624,false
"LINESTRING (1008 -5612, 811 -5700)",xf_5143_to_5053_2_2winding_transformer,bus_5143,bus_5053,true
"LINESTRING (-1550 -3113, -1522 -3231)",line_4313_to_4314_1_cp,bus_4313,bus_4314,false
"LINESTRING (238 527, 118 641)",line_1185_to_1468_1_cp,bus_1185,bus_1468,false
"LINESTRING (1327 1555, 1459 1657)",line_1207_to_1473_1_cp,bus_1207,bus_1473,false
"LINESTRING (313 384, -170 484)",xf_1494_to_1647_1_2winding_transformer,bus_1191,bus_1647,true
"LINESTRING (311 234, 524 -60)",line_1401_to_1425_1_cp,bus_1401,bus_1178,false
"LINESTRING (-1347 4373, -1330 4261)",line_3187_to_3634_1_cp,bus_3187,bus_3634,false
"LINESTRING (-1221 5429, -1287 5502)",xf_3432_to_3433_1_2winding_transformer,bus_3432,bus_3433,true
"LINESTRING (898 -6262, 1139 -6349)",line_5090_to_5112_1_cp,bus_5090,bus_5087,false
"LINESTRING (307 3563, 390 3598)",xf_3158_to_3527_1_2winding_transformer,bus_3158,bus_3527,true
"LINESTRING (692 -193, 524 -60)",xf_1120_to_1178_1_2winding_transformer,bus_1120,bus_1178,true
"LINESTRING (1145 -823, 1202 -890)",xf_1472_to_1058_1_2winding_transformer,bus_1472,bus_1058,true
"LINESTRING (307 3563, 371 3639)",xf_3158_to_3438_1_2winding_transformer,bus_3158,bus_3438,true
"LINESTRING (241 -3841, 167 -3906)",line_2214_to_2215_1_cp,bus_2214,bus_2215,false
"LINESTRING (765 -5745, 811 -5700)",line_5050_to_5053_1_cp,bus_5050,bus_5053,false
"LINESTRING (789 -107, 715 112)",line_1097_to_1121_2_cp,bus_1097,bus_1121,false
"LINESTRING (-725 6053, -696 6159)",xf_3069_to_3070_2_2winding_transformer,bus_3069,bus_3070,true
"LINESTRING (-314 4388, -570 4803)",line_3573_to_3640_3_cp,bus_3573,bus_3640,false
"LINESTRING (-668 4073, -661 4211)",xf_3393_to_3394_1_2winding_transformer,bus_3311,bus_3394,true
"LINESTRING (-929 -3281, -912 -3273)",line_4102_to_4152_1_cp,bus_4096,bus_4152,false
"LINESTRING (2133 2144, 2223 2165)",xf_1392_to_1611_1_2winding_transformer,bus_1392,bus_1611,true
"LINESTRING (2000 2110, 2085 2129)",xf_1331_to_1512_2_2winding_transformer,bus_1331,bus_1512,true
"LINESTRING (-1600 3528, -1532 3501)",xf_3358_3360_3361_1_3winding_transformer_br3,bus_3361,starbus_xf_3358_3360_3361_1,true
"LINESTRING (1073 -728, 1103 -805)",line_1166_to_1300_1_cp,bus_1166,bus_1300,false
"LINESTRING (529 439, 485 488)",line_1190_to_1406_1_cp,bus_1190,bus_1406,false
"LINESTRING (693 -3618, 540 -4107)",line_2147_to_2184_1_cp,bus_2147,bus_2111,false
"LINESTRING (307 3563, 348 3653)",xf_3158_to_3525_2_2winding_transformer,bus_3158,bus_3525,true
"LINESTRING (885 495, 825 368)",xf_1099_1100_1533_9_3winding_transformer_br3,bus_1533,starbus_xf_1099_1100_1533_9,true
"LINESTRING (-944 6649, -909 6699)",xf_3198_to_3200_2_2winding_transformer,bus_3198,bus_3200,true
"LINESTRING (-2620 -2183, -2551 -2153)",xf_4399_to_4344_3_2winding_transformer,bus_4399,bus_4344,true
"LINESTRING (-2042 -1799, -1944 -1667)",line_4194_to_4204_1_cp,bus_4194,bus_4204,false
"LINESTRING (-3288 -1647, -3039 -1644)",xf_4165_to_4111_1_2winding_transformer,bus_4165,bus_4111,true
"LINESTRING (937 -3740, 1104 -4052)",xf_2130_to_2241_2_2winding_transformer,bus_2164,bus_2241,true
"LINESTRING (1073 -728, 1135 -792)",line_1166_to_1459_1_cp,bus_1166,bus_1459,false
"LINESTRING (-1314 5960, -1417 6057)",line_3023_to_3195_1_cp,bus_3023,bus_3195,false
"LINESTRING (1017 -4276, 1031 -4245)",xf_2174_to_2279_2_2winding_transformer,bus_2140,bus_2279,true
"LINESTRING (-1080 4673, -918 4796)",line_3604_to_3608_1_cp,bus_3604,bus_3550,false
"LINESTRING (-982 5236, -833 5026)",xf_3482_to_3557_1_2winding_transformer,bus_3482,bus_3557,true
"LINESTRING (1017 -4276, 1031 -4353)",xf_2140_to_2338_1_2winding_transformer,bus_2140,bus_2338,true
"LINESTRING (-918 5722, -890 5735)",xf_3065_to_3066_1_2winding_transformer,bus_3001,bus_3066,true
"LINESTRING (-1345 4055, -1177 4045)",line_3010_to_3475_1_cp,bus_3010,bus_3475,false
"LINESTRING (1031 -3962, 1064 -4051)",xf_2264_to_2312_3_2winding_transformer,bus_2264,bus_2312,true
"LINESTRING (1111 -6098, 1251 -6125)",line_5095_to_5100_1_cp,bus_5095,bus_5100,false
"LINESTRING (-172 5490, -151 5482)",xf_3061_to_3062_2_2winding_transformer,bus_3000,bus_3062,true
"LINESTRING (503 3236, 647 2809)",line_3648_to_3650_2_cp,bus_3648,bus_3650,false
"LINESTRING (340 -3787, 324 -3947)",xf_2128_to_2236_2_2winding_transformer,bus_2128,bus_2236,true
"LINESTRING (994 -2933, 923 -2947)",line_2229_to_2251_1_cp,bus_2229,bus_2251,false
"LINESTRING (2161 -1359, 2122 -1315)",line_1288_to_1294_1_cp,bus_1288,bus_1294,false
"LINESTRING (-2980 -1919, -3043 -1993)",xf_4357_to_4012_2_2winding_transformer,bus_4357,bus_4012,true
"LINESTRING (997 -6215, 981 -6261)",xf_5092_to_5177_6_2winding_transformer,bus_5092,bus_5177,true
"LINESTRING (-1727 -2102, -1782 -2384)",line_4145_to_4146_1_cp,bus_4145,bus_4137,false
"LINESTRING (-600 3049, -702 3207)",line_3545_to_3595_1_cp,bus_3545,bus_3595,false
"LINESTRING (715 -6468, 662 -6530)",xf_5106_to_5211_2_2winding_transformer,bus_5106,bus_5211,true
"LINESTRING (-951 2806, -422 3036)",xf_3491_to_3490_1_2winding_transformer,bus_3074,bus_3490,true
"LINESTRING (-1012 3485, -1033 3534)",xf_3205_to_3206_3_2winding_transformer,bus_3205,bus_3206,true
"LINESTRING (1111 -6098, 1068 -6138)",xf_5095_to_5178_2_2winding_transformer,bus_5095,bus_5178,true
"LINESTRING (-1884 -2362, -2012 -2461)",xf_4299_to_4461_1_2winding_transformer,bus_4296,bus_4461,true
"LINESTRING (-1391 3478, -1519 3506)",line_3334_to_3359_2_cp,bus_3334,bus_3359,false
"LINESTRING (-1013 6597, -961 6663)",line_3096_to_3199_2_cp,bus_3096,bus_3199,false
"LINESTRING (1986 1943, 2144 1943)",xf_1402_to_1613_2_2winding_transformer,bus_1402,bus_1613,true
"LINESTRING (431 -841, 373 -902)",xf_1310_to_1508_1_2winding_transformer,bus_1310,bus_1508,true
"LINESTRING (1281 -6304, 1291 -6185)",line_5084_to_5223_2_cp,bus_5083,bus_5223,false
"LINESTRING (-611 4070, -685 3675)",xf_3636_to_3543_5_2winding_transformer,bus_3319,bus_3543,true
"LINESTRING (-1021 5352, -982 5236)",line_3106_to_3482_1_cp,bus_3106,bus_3482,false
"LINESTRING (867 -1329, 758 -1418)",line_1206_to_1324_1_cp,bus_1206,bus_1324,false
"LINESTRING (-898 -2745, -898 -2745)",xf_4220_4394_4497_1_3winding_transformer_br1,bus_4220,starbus_xf_4220_4394_4497_1,true
"LINESTRING (-2996 -1862, -3064 -1874)",xf_4358_to_4016_5_2winding_transformer,bus_4358,bus_4016,true
"LINESTRING (721 682, 809 725)",xf_1149_to_1082_3_2winding_transformer,bus_1149,bus_1082,true
"LINESTRING (-2074 -2389, -1960 -2598)",Dec7_line_4125_to_4128_1_dec,bus_4125,bus_4128,false
"LINESTRING (825 368, 911 407)",xf_1099_to_1020_8_2winding_transformer,bus_1099,bus_1020,true
"LINESTRING (170 -3726, 154 -3805)",xf_2281_to_2090_2_2winding_transformer,bus_2281,bus_2090,true
"LINESTRING (-1550 -3113, -1565 -3205)",xf_4313_to_4471_2_2winding_transformer,bus_4313,bus_4471,true
"LINESTRING (228 2866, -422 3036)",line_3564_to_3652_1_cp_merged_with_xf_3490_to_3564_3_2winding_transformer,bus_3652,bus_3490,true
"LINESTRING (968 -1737, 989 -1806)",xf_1311_to_1056_2_2winding_transformer,bus_1311,bus_1056,true
"LINESTRING (2576 2235, 2802 2320)",line_1607_to_1608_2_cp_merged_with_xf_1608_to_1015_1_2winding_transformer,bus_1607,bus_1015,true
"LINESTRING (565 1391, 731 1347)",line_1302_to_1424_1_cp,bus_1302,bus_1257,false
"LINESTRING (-921 -2976, -967 -3102)",xf_4221_to_4103_2_2winding_transformer,bus_4221,bus_4103,true
"LINESTRING (-1378 -1956, -1229 -2017)",line_4213_to_4215_2_cp,bus_4213,bus_4215,false
"LINESTRING (-2169 -2688, -2075 -2656)",xf_4091_to_4412_4_2winding_transformer,bus_4031,bus_4412,true
"LINESTRING (-725 6053, -759 5917)",line_3069_to_3201_1_cp,bus_3069,bus_3201,false
"LINESTRING (1046 -5970, 971 -5848)",line_5163_to_5168_1_cp,bus_5163,bus_5168,false
"LINESTRING (-964 7085, -990 6975)",line_3376_to_3642_1_cp,bus_3376,bus_3642,false
"LINESTRING (-2127 -4027, -1983 -3864)",line_4260_to_4341_1_cp,bus_4260,bus_4225,false
"LINESTRING (-172 5490, -68 5301)",line_3061_to_3274_1_cp,bus_3000,bus_3274,false
"LINESTRING (-2030 -3754, -2056 -3852)",xf_4332_to_4483_2_2winding_transformer,bus_4332,bus_4483,true
"LINESTRING (-2452 -1688, -2402 -1656)",xf_4104_4039_4040_1_3winding_transformer_br2,bus_4039,starbus_xf_4104_4039_4040_1,true
"LINESTRING (-1782 -2384, -1751 -2289)",line_4137_to_4142_1_cp,bus_4137,bus_4142,false
"LINESTRING (-2527 -1019, -2580 -975)",xf_4196_to_4242_2_2winding_transformer,bus_4196,bus_4242,true
"LINESTRING (1612 -1106, 1522 -1083)",xf_1025_to_1565_1_2winding_transformer,bus_1025,bus_1565,true
"LINESTRING (1007 -3430, 729 -3348)",line_2199_to_2207_1_cp,bus_2199,bus_2207,false
"LINESTRING (-1791 4951, -1863 4969)",xf_3219_to_3221_2_2winding_transformer,bus_3220,bus_3221,true
"LINESTRING (-1716 4891, -1791 4951)",xf_3638_to_3038_1_2winding_transformer,bus_3038,bus_3220,true
"LINESTRING (778 -5332, 600 -5403)",xf_5151_to_5013_3_2winding_transformer,bus_5070,bus_5013,true
"LINESTRING (-882 -2787, -898 -2745)",xf_4220_4394_4497_1_3winding_transformer_br2,bus_4394,starbus_xf_4220_4394_4497_1,true
"LINESTRING (-2098 -4013, -2063 -3911)",xf_4257_4379_4434_1_3winding_transformer_br3,bus_4434,starbus_xf_4257_4379_4434_1,true
"LINESTRING (714 507, 714 507)",xf_1090_1091_1523_9_3winding_transformer_br1,bus_1090,starbus_xf_1090_1091_1523_9,true
"LINESTRING (937 -3740, 1104 -4052)",xf_2130_to_2241_3_2winding_transformer,bus_2164,bus_2241,true
"LINESTRING (-1960 -2598, -1964 -2673)",xf_4128_to_4054_3_2winding_transformer,bus_4128,bus_4054,true
"LINESTRING (-885 3246, -936 3314)",xf_3519_to_3520_2_2winding_transformer,bus_3519,bus_3520,true
"LINESTRING (927 178, 1022 203)",xf_1483_to_1590_2_2winding_transformer,bus_1483,bus_1590,true
"LINESTRING (778 -5332, 565 -5371)",xf_5152_to_5015_5_2winding_transformer,bus_5070,bus_5015,true
"LINESTRING (721 -4255, 682 -4281)",xf_2202_to_2043_2_2winding_transformer,bus_2202,bus_2043,true
"LINESTRING (697 535, 788 582)",xf_1124_to_1050_2_2winding_transformer,bus_1124,bus_1050,true
"LINESTRING (-1368 4590, -1080 4673)",line_3263_to_3531_1_cp_merged_with_xf_3531_to_3604_1_2winding_transformer,bus_3263,bus_3604,true
"LINESTRING (1363 1597, 1626 1705)",xf_1145_to_1192_2_2winding_transformer,bus_1145,bus_1192,true
"LINESTRING (193 -3623, 170 -3726)",xf_2177_to_2281_1_2winding_transformer,bus_2177,bus_2281,true
"LINESTRING (1073 -5646, 1056 -5668)",xf_5119_to_5120_4_2winding_transformer,bus_5119,bus_5120,true
"LINESTRING (1761 -2378, 1681 -2347)",xf_1587_1328_1067_1_3winding_transformer_br3,bus_1067,starbus_xf_1587_1328_1067_1,true
"LINESTRING (978 -738, 1020 -850)",xf_1125_to_1181_1_2winding_transformer,bus_1125,bus_1181,true
"LINESTRING (-763 4172, -776 4267)",xf_3019_to_3020_3_2winding_transformer,bus_3019,bus_3020,true
"LINESTRING (1438 -1461, 1369 -1490)",xf_1148_1077_1078_3_3winding_transformer_br2,bus_1077,starbus_xf_1148_1077_1078_3,true
"LINESTRING (2504 2612, 2300 2524)",line_1347_to_1628_1_cp,bus_1347,bus_1173,false
"LINESTRING (-1064 3231, -1064 3231)",xf_3231_3644_3645_1_3winding_transformer_br1,bus_3231,starbus_xf_3231_3644_3645_1,true
"LINESTRING (574 -3521, 729 -3348)",line_2201_to_2207_1_cp,bus_2201,bus_2207,false
"LINESTRING (-564 4081, -533 4111)",line_3350_to_3354_1_cp_merged_with_xf_3350_to_3351_3_2winding_transformer,bus_3354,bus_3351,true
"LINESTRING (-2072 -2841, -2134 -3081)",xf_4133_to_4292_5_2winding_transformer,bus_4133,bus_4292,true
"LINESTRING (-1657 -2805, -1639 -2861)",xf_4311_to_4469_2_2winding_transformer,bus_4311,bus_4469,true
"LINESTRING (1269 -521, 1492 -482)",line_1275_to_1349_1_cp,bus_1169,bus_1349,false
"LINESTRING (507 -5712, 413 -5730)",xf_5122_to_5217_2_2winding_transformer,bus_5122,bus_5217,true
"LINESTRING (745 -6429, 712 -6485)",xf_5104_to_5210_1_2winding_transformer,bus_5104,bus_5210,true
"LINESTRING (-314 4388, -25 3843)",line_3573_to_3624_1_cp,bus_3573,bus_3624,false
"LINESTRING (-1013 6597, -912 6796)",line_3096_to_3207_2_cp_merged_with_xf_3207_to_3459_1_2winding_transformer,bus_3096,bus_3459,true
"LINESTRING (1058 1182, 1179 1409)",xf_1146_to_1193_3_2winding_transformer,bus_1146,bus_1193,true
"LINESTRING (924 -3962, 803 -3560)",line_2163_to_2181_1_cp,bus_2121,bus_2181,false
"LINESTRING (-1530 6296, -1334 6180)",line_3407_to_3658_1_pi_merged_with_xf_3172_to_3658_1_2winding_transformer,bus_3407,bus_3172,true
"LINESTRING (1253 -4202, 1189 -3799)",line_2135_to_2187_2_cp,bus_2143,bus_2187,false
"LINESTRING (-2291 -2954, -2187 -2766)",Dec22_line_4275_to_4289_1_dec,bus_4275,bus_4289,false
"LINESTRING (-2004 -2596, -2072 -2841)",Dec3_line_4112_to_4134_1_dec,bus_4112,bus_4133,false
"LINESTRING (-1851 -1994, -1886 -1930)",line_4071_to_4325_1_cp,bus_4071,bus_4325,false
"LINESTRING (786 1440, 808 1383)",line_1203_to_1380_1_cp,bus_1203,bus_1380,false
"LINESTRING (713 -2244, 713 -2244)",xf_2195_2293_2332_1_3winding_transformer_br1,bus_2195,starbus_xf_2195_2293_2332_1,true
"LINESTRING (1269 -521, 1203 -624)",line_1169_to_1528_2_cp,bus_1169,bus_1528,false
"LINESTRING (-52 1424, -1302 2259)",line_1218_to_3473_1_cp,bus_1218,bus_3405,false
"LINESTRING (997 1100, 1053 1146)",xf_1153_to_1201_2_2winding_transformer,bus_1153,bus_1201,true
"LINESTRING (1369 -1490, 1369 -1490)",xf_1148_1073_1074_1_3winding_transformer_br1,bus_1148,starbus_xf_1148_1073_1074_1,true
"LINESTRING (105 -3527, 94 -3685)",line_2239_to_2240_1_cp,bus_2239,bus_2240,false
"LINESTRING (-544 2719, -687 2591)",line_3163_to_3635_1_cp,bus_3163,bus_3635,false
"LINESTRING (-1600 3528, -1519 3506)",xf_3359_3360_3361_2_3winding_transformer_br3,bus_3361,starbus_xf_3359_3360_3361_2,true
"LINESTRING (-897 -2567, -926 -2601)",xf_4218_to_4392_2_2winding_transformer,bus_4218,bus_4392,true
"LINESTRING (238 -3228, 237 -3162)",xf_2162_2271_2315_5_3winding_transformer_br2,bus_2271,starbus_xf_2162_2271_2315_5,true
"LINESTRING (877 -4079, 888 -4181)",xf_2167_to_2197_2_2winding_transformer,bus_2167,bus_2197,true
"LINESTRING (-2169 -2688, -2064 -2666)",xf_4091_to_4415_2_2winding_transformer,bus_4031,bus_4415,true
"LINESTRING (1111 -6098, 1123 -6149)",line_5095_to_5111_1_cp,bus_5095,bus_5111,false
"LINESTRING (-1391 3478, -1280 3508)",xf_3408_to_3409_1_2winding_transformer,bus_3334,bus_3409,true
"LINESTRING (1977 -1315, 1861 -1281)",line_1165_to_1449_1_cp,bus_1255,bus_1449,false
"LINESTRING (323 829, 360 873)",line_1261_to_1438_1_cp,bus_1261,bus_1438,false
"LINESTRING (927 178, 1022 203)",xf_1483_to_1590_1_2winding_transformer,bus_1483,bus_1590,true
"LINESTRING (629 -1107, 629 -1107)",xf_1296_1504_1505_2_3winding_transformer_br1,bus_1296,starbus_xf_1296_1504_1505_2,true
"LINESTRING (830 -5662, 711 -5677)",xf_5113_to_5215_4_2winding_transformer,bus_5113,bus_5215,true
"LINESTRING (-1983 -3864, -2070 -4112)",xf_4341_to_4487_2_2winding_transformer,bus_4225,bus_4487,true
"LINESTRING (1958 2291, 2120 2328)",line_1164_to_1273_1_cp,bus_1164,bus_1273,false
"LINESTRING (-1732 7269, -1687 7268)",line_3088_to_3523_1_cp,bus_3088,bus_3329,false
"LINESTRING (825 368, 715 112)",line_1099_to_1121_1_cp,bus_1099,bus_1121,false
"LINESTRING (450 985, 243 911)",line_1241_to_1431_1_cp,bus_1241,bus_1430,false
"LINESTRING (703 -2878, 629 -2952)",line_2126_to_2169_1_cp,bus_2126,bus_2169,false
"LINESTRING (-869 5466, -1070 5934)",line_3558_to_3591_3_cp,bus_3558,bus_3591,false
"LINESTRING (895 4111, 621 3932)",line_3614_to_3615_1_cp,bus_3614,bus_3615,false
"LINESTRING (858 -1966, 794 -2014)",xf_1480_to_1069_1_2winding_transformer,bus_1480,bus_1069,true
"LINESTRING (820 1294, 872 1361)",line_1183_to_1283_2_cp,bus_1183,bus_1283,false
"LINESTRING (516 3511, 599 3571)",xf_3609_to_3435_2_2winding_transformer,bus_3609,bus_3435,true
"LINESTRING (-988 5391, -982 5236)",xf_3045_to_3046_2_2winding_transformer_merged_with_line_3045_to_3482_1_cp,bus_3046,bus_3482,true
"LINESTRING (-602 2881, -744 2835)",line_3572_to_3589_1_cp,bus_3572,bus_3589,false
"LINESTRING (795 -151, 880 -123)",xf_1112_to_1538_2_2winding_transformer,bus_1112,bus_1538,true
"LINESTRING (2161 -1359, 2113 -1416)",line_1288_to_1306_1_cp,bus_1288,bus_1306,false
"LINESTRING (-2633 -1576, -2979 -1308)",xf_4120_to_4368_2_2winding_transformer,bus_4106,bus_4368,true
"LINESTRING (-833 5026, -704 5136)",line_3557_to_3569_1_cp,bus_3557,bus_3569,false
"LINESTRING (678 -6194, 805 -6131)",line_5161_to_5162_1_cp,bus_5161,bus_5162,false
"LINESTRING (-478 2930, -600 3049)",xf_3471_to_3545_4_2winding_transformer,bus_3471,bus_3545,true
"LINESTRING (-1657 -2805, -1644 -2907)",line_4311_to_4317_1_cp,bus_4311,bus_4317,false
"LINESTRING (-2134 -3081, -2191 -3149)",xf_4292_to_4438_1_2winding_transformer,bus_4292,bus_4438,true
"LINESTRING (1051 -5654, 888 -5675)",line_5167_to_5169_1_cp_merged_with_xf_5167_to_5042_6_2winding_transformer,bus_5169,bus_5042,true
"LINESTRING (-2493 -1830, -2306 -1996)",line_4110_to_4143_1_cp,bus_4110,bus_4143,false
"LINESTRING (-1621 7237, -1616 7306)",xf_3143_to_3145_1_2winding_transformer,bus_3143,bus_3145,true
"LINESTRING (574 -3521, 693 -3618)",xf_2201_to_2147_2_2winding_transformer,bus_2201,bus_2147,true
"LINESTRING (-1071 4053, -1013 3992)",line_3478_to_3479_2_cp,bus_3478,bus_3479,false
"LINESTRING (579 -361, 970 -499)",line_1326_to_1391_1_cp,bus_1326,bus_1289,false
"LINESTRING (944 -1807, 1022 -1940)",line_1199_to_1229_1_cp,bus_1199,bus_1229,false
"LINESTRING (1590 -5552, 1608 -5594)",line_5061_to_5125_1_cp,bus_5061,bus_5125,false
"LINESTRING (900 -3575, 935 -3619)",xf_2178_to_2284_2_2winding_transformer,bus_2178,bus_2284,true
"LINESTRING (220 -3218, 237 -3162)",xf_2082_to_2162_1_2winding_transformer,bus_2082,bus_2162,true
"LINESTRING (-410 2650, -438 2691)",xf_3379_3380_3381_3_3winding_transformer_br3,bus_3381,starbus_xf_3379_3380_3381_3,true
"LINESTRING (380 3765, 568 3851)",line_3607_to_3616_1_cp,bus_3607,bus_3616,false
"LINESTRING (621 -6620, 593 -6670)",xf_5109_to_5212_1_2winding_transformer,bus_5109,bus_5212,true
"LINESTRING (1976 2090, 2034 2210)",line_1334_to_1447_1_cp,bus_1334,bus_1447,false
"LINESTRING (380 3765, -25 3843)",line_3607_to_3624_2_cp,bus_3607,bus_3624,false
"LINESTRING (2140 2475, 2236 2578)",line_1591_to_1648_1_cp,bus_1591,bus_1648,false
"LINESTRING (-1945 -2363, -2078 -2282)",xf_4320_to_4476_2_2winding_transformer,bus_4320,bus_4001,true
"LINESTRING (-3745 -1757, -3689 -1737)",xf_4160_4097_4401_1_3winding_transformer_br3,bus_4401,starbus_xf_4160_4097_4401_1,true
"LINESTRING (120 -4188, 101 -4289)",line_2219_to_2282_1_cp,bus_2219,bus_2282,false
"LINESTRING (-1621 7237, -1687 7268)",line_3143_to_3523_2_cp,bus_3143,bus_3329,false
"LINESTRING (-2836 -1815, missing missing)",connection S8,bus_4109,connection S8,false
"LINESTRING (-2836 -1815, missing missing)",connection S9,bus_4109,connection S9,false
"LINESTRING (-613 3347, missing missing)",connection Q7,bus_3593,connection Q7,false
"LINESTRING (-2072 -2841, missing missing)",connection S4,bus_4133,connection S4,false
"LINESTRING (-314 4388, missing missing)",connection Q9,bus_3573,connection Q9,false
"LINESTRING (-2794 -1647, missing missing)",connection S7,bus_4107,connection S7,false
"LINESTRING (1008 -5612, missing missing)",connection T3,bus_5143,connection T3,false
"LINESTRING (1007 -3430, missing missing)",connection V1,bus_2199,connection V1,true
"LINESTRING (1251 -6104, missing missing)",connection T2,bus_5131,connection T2,false
"LINESTRING (-2144 -1797, missing missing)",connection S2,bus_4117,connection S2,true
"LINESTRING (904 -5344, missing missing)",connection T1,bus_5150,connection T1,false
"LINESTRING (-92 2939, missing missing)",connection Q8,bus_3563,connection Q8,true
