timestamp,original_daily_timestamp,CNSW_demand_norm,CQ_demand_norm,CSA_demand_norm,GG_demand_norm,NNSW_demand_norm,NQ_demand_norm,SESA_demand_norm,SNSW_demand_norm,SNW_demand_norm,SQ_demand_norm,TAS_demand_norm,VIC_demand_norm,NSW_Solar_norm,QLD_Solar_norm,SA_Solar_norm,VIC_Solar_norm,NSW_Wind_norm,QLD_Wind_norm,SA_Wind_norm,TAS_Wind_norm,VIC_Wind_norm,Summer_Year
2024-12-01,2024-12-01,0.11280283070146953,0.3527353598802511,3.7231734210231036,1.9399692177340988,0.4653404405694298,1.168288023142545,0.16795394924205545,1.1874343437135688,2.293385521586279,2.100457400503287,1.1265262461757986,1.2008430718338645,1.05117600883851,1.2057768662150787,0.9910186329308607,1.330083221572394,0.7581683567117611,0.4343241749408254,0.7335625152239016,0.8066753020240259,0.8180846938817016,2025
2024-12-04,2024-12-02,0.12068227322193002,0.31412356790844226,3.80537921036834,1.830672145137532,0.47940568533708705,1.1532552166789831,0.17558427879344674,1.195576227722305,2.3707941691796686,2.009639556271974,1.1675165656654634,1.22032498104833,1.058433752762009,1.2175266141059478,0.9700648727737066,1.3244183666527058,0.6354993823629747,0.3356076154509878,0.37982473903432706,0.8127321906881744,0.8210778586242053,2025
2024-12-07,2024-12-03,0.10692523141345929,0.27877416648744274,3.813915148435782,1.7306080147966085,0.4611602024251402,1.1394921506004654,0.17637681281470055,1.1838924537389959,2.230553277428905,1.9264899244379057,1.157648597301236,1.222389337900173,1.0545462480669476,0.9242155291869014,0.9819664464657607,1.3278860000905361,0.6083462993601904,0.382031630771465,0.39906078954830465,0.6978637645046495,0.3516856939697125,2025
2024-12-10,2024-12-04,0.10379006976757048,0.2651647515116305,4.437650126505094,1.6920843041230818,0.45678178774767686,1.1341935697787846,0.23616511855072775,1.1811693015157125,2.1986267592602773,1.8944891040950287,1.127747957355525,1.2391775572756862,1.0389265621366073,1.143888459395739,0.9576813078448231,1.3413622731976313,0.6062508272413623,0.54161901340473,0.45787983408921523,0.2552277383007326,0.2850081540593094,2025
2024-12-13,2024-12-05,0.11103181055404705,0.24914692793212673,5.113688174979019,1.646731517659827,0.467713033068306,1.1279546367936493,0.302433922698724,1.187683004447365,2.272237182215484,1.8568312065910364,1.1273884569365542,1.3226900977930043,1.0421373422784157,0.8939374102148999,0.9479747729574073,1.3420388202599716,0.5689447861744257,0.5419458642485192,0.46940408158500885,0.4607605019814835,0.496013692623828,2025
2024-12-16,2024-12-06,0.11095171852384204,0.2314636230961944,4.640345317823897,1.5966746331716326,0.4653962301617887,1.1210696473869102,0.2761860757171079,1.1864222181248816,2.2721250374936197,1.8152189122510922,1.1177759429660994,1.3434086851498237,1.0532872060915972,0.8904208597635679,0.8871511233168701,1.3129132619332458,0.46093501137065607,0.5519871417497068,0.6623772118408794,0.4807479577903845,0.7801990987542209,2025
2024-12-19,2024-12-07,0.1103908408580175,0.2209939767554423,3.926451828259955,1.5670377628192433,0.4635329155554555,1.116993293781104,0.1868226619160309,1.1857420255538613,2.266528397467992,1.790565963260725,1.108268439152944,1.2289026606277305,1.0525772051448137,0.9144230260039486,0.6038158303261059,1.0253727396907502,0.4250812506897526,0.5365618803833224,0.5047087143136556,0.2913930195774689,0.33207255561904137,2025
2024-12-22,2024-12-08,0.11984664630023299,0.23237106754488573,3.751238155607456,1.5992433695334416,0.47505213319984974,1.1214229607667436,0.17251392351620234,1.1929011938879808,2.3641222484923095,1.8173293463876647,1.112616082717622,1.2090516759921912,0.9290796572067707,0.7646872190596454,0.7923502720725223,0.9097196414932047,0.39697620598516553,0.4971692621120573,0.5033833383981927,0.3076224267920137,0.18215499525698198,2025
2024-12-25,2024-12-09,0.12386972745286166,0.27282791678276536,3.950692524930499,1.713766304036934,0.4805576857567858,1.1371748225765468,0.18907256904115288,1.197260602633392,2.4043725799064175,1.9125210100586427,1.1144071209183926,1.2215980604654222,0.823809385802808,0.9507484702935016,0.97498608502087,1.3420388202599716,0.43009036662097827,0.3908924956542716,0.6035885769605938,0.3584850103478035,0.3127131175464038,2025
2024-12-28,2024-12-10,0.10631726965184342,0.2761261711116521,4.375783832753134,1.7231028211769335,0.4594083877695906,1.1384589968153653,0.2344989624000638,1.1827346643312797,2.227336460751698,1.9202825026841759,1.110113095848643,1.2390588570179317,0.5886908624287643,1.0957521927380183,0.9478408150851962,1.3420388202599716,0.4101624300460153,0.45041124331227855,0.5655259036573322,0.258622715777633,0.27154564914672996,2025
2024-12-31,2024-12-11,0.10800970773368,0.28023998984884607,4.320064589170981,1.7347589091363567,0.46315115043568833,1.1400632192319933,0.22550017169919664,1.1849648897398377,2.2415206394318474,1.9299429408521203,1.1126469157459213,1.3019721682701355,0.8722110185417801,1.1293528572048075,0.7050657050654342,1.1099577417635258,0.4050312755980433,0.4391145544926657,0.7727600525841039,0.5933162357080075,0.4474829317730553,2025
2025-01-03,2024-12-12,0.1214332798171996,0.28452143290829207,3.8817544376973014,1.7469061734945264,0.4777896304604858,1.1417365313349217,0.18267271729583584,1.1949502611999179,2.381994452349913,1.9399828854520011,1.1066749702526388,1.2345185711344089,0.6508089117308568,0.9312666762778199,0.8252661058218358,0.5056605342455783,0.3989028514352121,0.40169504178673393,0.823156952482684,0.6009548258827785,0.5424847076689704,2025
2025-01-06,2024-12-13,0.10373506679503787,0.2835796181521773,3.828364329281321,1.7442331419779524,0.45669867090557725,1.141368232212416,0.1794628214198405,1.1811202878888731,2.1980736753629113,1.937758218953014,1.114028687130672,1.2196272954258762,0.8604750260724581,1.0144230612614358,0.7867302437533591,1.113441943109695,0.4076044787800361,0.44332903887125474,0.8197627296482398,0.49565072284029266,0.5463416236790749,2025
2025-01-09,2024-12-14,0.09891420928600113,0.26536082324674565,3.7070656374939226,1.6926683113726284,0.44942234319069374,1.1342765590466686,0.1664596547221562,1.1767844990390557,2.1490736857881574,1.8948603106221158,1.1083364932923705,1.203697311138965,0.9648850099212666,0.6967890044236535,0.9378643237329691,1.0935783980912004,0.3846781591733121,0.3890147564998502,0.32517258996668336,0.5878167196185459,0.2660099759436951,2025
2025-01-12,2024-12-15,0.11372205326655464,0.2463969773633256,3.679021478142574,1.63900066332201,0.4712888974644532,1.126896232344995,0.1638564272093536,1.189814242467937,2.3007342685135153,1.8502446439255853,1.1123092775207906,1.200483124095256,0.9508020098713097,0.6048030971794792,0.9171845943458803,0.9296779688076424,0.5971452569350052,0.3763044739193245,0.28539984732573387,0.18210954791830758,0.144546824183452,2025
2025-01-15,2024-12-16,0.1441478387435861,0.28289768167110646,3.8969244885409475,1.74227122142854,0.5104164231938418,1.1410954824621962,0.1840818868659074,1.2140656050648642,2.612650443268313,1.9362159311341114,1.129175922901126,1.2221501573008093,1.032726385138498,1.089795299197932,0.9666691170092168,1.3420388202599716,0.4230774344036697,0.3744010403153035,0.570038298488754,0.5728167839023748,0.2884672008834835,2025
2025-01-18,2024-12-17,0.12833123215476416,0.2975241091975365,4.072881086821296,1.7836748732972225,0.48940282489244274,1.146790277444957,0.200413702839671,1.2008777744962391,2.4508544766492593,1.970620701946409,1.1105435095743856,1.2233815216294623,1.0474812791088335,1.15424384750094,0.8783917259807534,1.31118411533056,0.5444923679723803,0.3579180282202674,0.6720666649089206,0.3589916625273763,0.22692658247362793,2025
2025-01-21,2024-12-18,0.12329775341432252,0.30438460568047593,4.683498979389636,1.8035759446101416,0.484519581886516,1.149897515057582,0.2651786585465299,1.198037962349331,2.397748041116925,1.9867557497552157,1.121760449879093,1.2291232634857039,0.9389873786735038,1.1649255673019112,0.9722418771317364,1.0611519222064232,0.44695900659377813,0.3028099577565763,0.6804684145996918,0.2639926672349389,0.12047650623280715,2025
2025-01-24,2024-12-19,0.15241274082224016,0.33808081048008215,3.914624784367367,1.898652178381722,0.5058515715143644,1.1629589736191597,0.18572481755802098,1.2164512716508966,2.7007351368902146,2.0659056318236466,1.121825608668529,1.216085273034792,1.047101284492264,1.2183754737520769,0.9804675533364833,1.3420388202599716,0.5992867154596132,0.3675193419232881,0.617861509904878,0.5327663925726447,0.6348095102807626,2025
2025-01-27,2024-12-20,0.09996893784538398,0.3958947739156761,3.7596709960543393,2.073008671758407,0.45067016770597146,1.1875859115982252,0.17134229080189048,1.1775284881251296,2.15996595069278,2.19078429765063,1.111262388326669,1.2023073312483197,1.04587176016096,1.2043596522724553,0.9661427376107949,1.20350618738159,0.5613442468159204,0.38220838182962485,0.6769542231566055,0.26865101842709743,0.7360924496534655,2025
2025-01-30,2024-12-21,0.08814351582950598,0.28293395553260553,3.697900053005463,1.7559555908507658,0.4331646545116336,1.1442265779554694,0.16560885417928192,1.1670963790959445,2.039587843092258,1.9204717241051814,1.0992699850285943,1.1911671825243566,1.0520271472228664,1.1399179708248675,0.9850898565267482,1.3420388202599716,0.5227713229184694,0.40963464981807696,0.4480284531033898,0.10621910409608638,0.35965407863307897,2025
2025-02-02,2024-12-22,0.08910348307537537,0.23574467481141886,3.8165498197723613,1.6087931947541279,0.4346138881265461,1.1227364735044112,0.17690914618551573,1.1679599545461996,2.049346455487113,1.8252461869994168,1.1118907986526803,1.2038867197994267,1.0598450429192805,1.1763248779186668,0.9669227124036688,1.3420388202599716,0.4727944769432098,0.5098391451596347,0.31444814279213035,0.5144801131001123,0.12469264287337346,2025
2025-02-05,2024-12-23,0.09099343615218232,0.2100017830312002,4.303059608715376,1.5359216851389181,0.4361408426636131,1.1127153805999157,0.22810742290434927,1.169208135431216,2.069814856915822,1.764677402838449,1.1152422392471084,1.2604179722804223,1.0586769178537154,1.1589072064470691,0.9638159020907173,1.3420388202599716,0.3400652682407129,0.551845904204524,0.3991777369950978,0.4062987777808845,0.37060594347480624,2025
2025-02-08,2024-12-24,0.12832030732808947,0.2975241091975365,4.072882257180277,1.7836748732972225,0.48940172496518775,1.146790277444957,0.20041380803424222,1.2008773834536706,2.4507473223988256,1.9706210960791446,1.1105347841419446,1.223381851531455,1.0474812791088335,1.15424384750094,0.8783917259807534,1.31118411533056,0.5444923679723803,0.37213678402783607,0.6720666649089206,0.2946747565689074,0.22692658247362793,2025
2025-02-11,2024-12-25,0.09737801669530889,0.1846847700748151,4.281096287011344,1.4642557401199667,0.4440246066517358,1.102856315229107,0.2217664970251974,1.1737641881136351,2.134786559440053,1.705084722694456,1.1013438865917826,1.193038258100542,1.0536158411121916,1.1810767766026051,0.9662086261606524,1.3420388202599716,0.3061036425878327,0.41837874308077105,0.5640139935169932,0.29556172928530305,0.3536133156935567,2025
2025-02-14,2024-12-26,0.12192523411850988,0.21710821538864866,4.6716086461877016,1.5560381653212083,0.4797041422069361,1.1154803738955028,0.25782289433997513,1.1953396599106092,2.384506613089507,1.7813870588469216,1.1076473064613088,1.2244450714378066,1.0476520653695485,1.1937540640199422,0.9526152563056882,1.3420388202599716,0.375929323854538,0.4711959200844732,0.4916588813452053,0.13115523678706845,0.2850844361886346,2025
2025-02-17,2024-12-27,0.15390692460358857,0.2444908786788022,4.581796261650936,1.6335514455622402,0.5237235554534986,1.126141805385334,0.2563879708846944,1.2235468547993509,2.7117435882111662,1.8458171809362414,1.1191321482356757,1.288462174119122,1.004099441427139,1.1823358039228848,0.8966726944391217,1.231216244529519,0.5323662496976445,0.5025906927076902,0.5515408476736385,0.371325654299638,0.5450086365282253,2025
2025-02-20,2024-12-28,0.14766946505968115,0.2516920137230972,4.04849921962513,1.6539359983850694,0.5129844617711035,1.1289455650033478,0.19826023847315744,1.2172342379743295,2.6488727975296156,1.8627535566847528,1.107755256766159,1.2110833369679557,1.0440061450481568,1.134157250024015,0.4281058139162298,0.8253945216571876,0.4913211522724875,0.520704216571862,0.3957362836333037,0.6964498782854275,0.386691003580606,2025
2025-02-23,2024-12-29,0.13696156644049085,0.2586072164675303,3.870378344394203,1.6735111593438585,0.5027510506302039,1.1316379970583381,0.18315733553622085,1.2089142877861712,2.5388419101961164,1.8790167990081343,1.1131647684014063,1.1978161063182151,0.8043066636815217,1.1553519323265662,0.9228867998722904,0.8656183433371825,0.35435330691592515,0.5122089378875838,0.3778137465968955,0.15551860571796342,0.37318050859617424,2025
2025-02-26,2024-12-30,0.13154095242262287,0.24948834918192525,3.7941323155700943,1.6528966361849573,0.47702223289274776,1.1292806467623,0.17662353165375,1.1962836342676386,2.4905006893873614,1.8551715920887708,1.1011363166052588,1.203336608167896,0.8124847824066014,1.1724343244772102,0.9895878465346659,1.0496042326487582,0.34608778883935437,0.4736737821893876,0.5552156850655622,0.25826834033884033,0.4014747637058222,2025
2025-03-01,2024-12-31,0.1283089826932985,0.2975241091975365,4.072883690601598,1.7836748732972225,0.4894000850898307,1.146790277444957,0.2004139357705073,1.2008766718116628,2.4506362636121315,1.9706207030833305,1.1105260599402054,1.223381941010426,1.0474812791088335,1.15424384750094,0.8783917259807534,1.31118411533056,0.5444923679723803,0.3579180282202674,0.6720666649089206,0.2775453873925855,0.22692658247362793,2025
2025-03-04,2025-01-01,0.13499743917259505,0.24721189374395175,4.0046243015207015,1.6161475877598335,0.5182630086614513,1.1306364192457055,0.17996985361779777,1.2175763497468564,2.5893219718616427,1.8684059105061082,1.119500281292142,1.2118633937160923,1.0379869678433915,1.1809353202022184,0.9885249092416395,1.3397954481296876,0.30326056124672435,0.4598659528935468,0.5543371025487702,0.6861391540737184,0.3583468819712744,2025
2025-03-07,2025-01-02,0.12684492810810366,0.2767203366666651,5.564492787686538,1.696915457847611,0.5057946503902038,1.1425035644150374,0.31306503822475423,1.210154220908567,2.506542299350211,1.9396366790675157,1.1277233095903307,1.269812640610016,1.0053899951698877,1.155447419701727,0.9537777865583918,1.3420388202599716,0.3930697472331103,0.4456091372645117,0.47850062051560677,0.5600577061098821,0.2796269691165473,2025
2025-03-10,2025-01-03,0.1555186304030619,0.2671508051326639,4.413649153444595,1.6707225844496847,0.5492558592349955,1.1386550719758428,0.21302452572069328,1.2367964761951882,2.8126650612548785,1.9165364984160553,1.120622418326176,1.2762980096105585,1.0329738515188978,1.0959675409517908,0.9756212743315983,1.3416273098749683,0.5202949961417075,0.48513333569230116,0.6524166885777556,0.5398690587847708,0.7069227578477841,2025
2025-03-13,2025-01-04,0.1143767877848743,0.2610019663734576,3.7513388145327533,1.6538925420705848,0.4749043067159125,1.136182248875322,0.15736713941526248,1.1946770154441884,2.3833639036657335,1.9016879349114983,1.1158908884707608,1.1914452315121766,0.8716676508644872,1.0968259217040577,0.9908809046291965,1.0672242077982124,0.6303345871673951,0.4483187989196068,0.5802286267975917,0.5713977382421208,0.46741147923429394,2025
2025-03-16,2025-01-05,0.08579481848660851,0.272152754740363,3.7517265791588152,1.684413472319081,0.4436116300389148,1.1406666611438345,0.15753982569632669,1.1727004415778708,2.0654777997139946,1.9286004302005235,1.1178791811583748,1.1976816875878737,0.9890346853927432,1.1814788507701879,0.9910186329308607,1.3420388202599716,0.6161454329454243,0.43950329434263374,0.46154010165129433,0.4506635119883669,0.280404824768918,2025
2025-03-19,2025-01-06,0.10120212161621041,0.2658076507529073,3.893314174014501,1.6670462282623024,0.46772222732061325,1.1381149076039054,0.16929856879334942,1.1871865843190268,2.228540949212195,1.9133090750528188,1.1177686542554035,1.2188938818471065,0.9936969982365187,0.9070943680244175,0.9727365664037727,1.3420388202599716,0.5428884134861821,0.47382197891640304,0.4111477810569999,0.09096865029482336,0.2564438410223992,2025
2025-03-22,2025-01-07,0.13077840311540795,0.2706434725595755,3.8781245397902446,1.6802824094245032,0.5086147054040554,1.140059686626696,0.16820057791432955,1.2118248645863483,2.5549672227418982,1.9249912913671618,1.1244489796266612,1.2200576995209667,0.9177100858801528,0.7424527260089819,0.9910186329308607,1.286472384538775,0.40207552105955097,0.4086080361746626,0.5948325495241723,0.5459961425159123,0.47285302111801686,2025
2025-03-25,2025-01-08,0.11584392420765695,0.27690449942233414,3.8108913005262965,1.6974195270866197,0.48974028221815724,1.14257762747988,0.16237246805607874,1.2004777573620222,2.3911538369514096,1.9401023783495148,1.1276430872521352,1.2084242590607241,1.0148679141441463,0.610412227929222,0.9910186329308607,1.3420388202599716,0.406132163605887,0.23299588902684265,0.539672003090439,0.6609881035689084,0.3203022127406443,2025
2025-03-28,2025-01-09,0.1079871517260312,0.2778899464443814,3.9873072351792924,1.7001168077068574,0.47814607944801035,1.142973935951088,0.17737664964485478,1.1931723725723549,2.3017136579987105,1.9424821851570868,1.124380937301976,1.2101809904408394,1.0421299180237253,0.676519047578299,0.9608250513436419,1.3284128623772635,0.5655487595027737,0.39758611697038093,0.5181202640420858,0.6479723068945296,0.36095648592721463,2025
2025-03-31,2025-01-10,0.11284357518254944,0.26189335219940907,4.841836415100909,1.6563323620342594,0.4829202195522301,1.1365407294174714,0.2527515993106184,1.196455937052759,2.355979505246009,1.9038630581676659,1.1242695617067695,1.2579941668179346,1.03622272518257,1.013415532439869,0.9509627262278845,1.3420388202599716,0.550886174980596,0.4147165383444586,0.5670061208832669,0.43952879556327734,0.3651156397993995,2025
2025-04-03,2025-01-11,0.14020614730005343,0.24758122507095054,4.142467657618056,1.617158499278915,0.5289134947681611,1.1307849499521723,0.1902357617695972,1.2238489177114797,2.6447006542832314,1.8693112099035307,1.122034585347665,1.2138473415573034,1.0541515689389451,1.189516803198015,0.9901640806703411,1.3420388202599716,0.46314486587602033,0.4039774527016735,0.662194147251763,0.5533835339365697,0.6227659821526688,2025
2025-04-06,2025-01-12,0.10818847348539375,0.2605946755285577,4.3100721004291636,1.6527777435499704,0.48014757536476393,1.1360184522294257,0.2062427970185527,1.194343637510364,2.301879085999248,1.9007206424139818,1.126204444626548,1.244853389457677,1.0511706022202663,1.166498194344424,0.9898120857417673,1.3407113351935234,0.6038546987739408,0.47246067171677086,0.6321160816151469,0.1963633945559547,0.5667283275420035,2025
2025-04-09,2025-01-13,0.15181356904775684,0.28621297690544517,5.218430065350651,1.7228978562284496,0.5435647127607158,1.146321134370462,0.2837800643010845,1.2333221903624572,2.7679600711077548,1.9625561693768283,1.1370908626262315,1.331304842272995,1.0493597337659202,1.1431083661045212,0.9439165414790517,1.341426310645859,0.5441929125652771,0.4759801396989859,0.47999457026186615,0.33893654369501514,0.1884329027883141,2025
2025-04-12,2025-01-14,0.17830910454309362,0.2942025537630388,5.355335589443016,1.7447662021007968,0.5838628517621866,1.1495342306217584,0.29983153110706784,1.2575255761962445,3.0537591463101066,1.9818369967106284,1.1630395383787413,1.3057229919875804,1.0467330921777365,1.1642005409579033,0.9242502836699337,1.3083054476235383,0.4147770768075406,0.3782127167062058,0.3457863055134478,0.4217127253413582,0.2518589308164503,2025
2025-04-15,2025-01-15,0.20606122077193945,0.3049750512864074,5.3705339208303435,1.7742517196319056,0.6301164220254272,1.1538665091116802,0.30036225086829915,1.2853058358006213,3.3475093443120025,2.0078280661307883,1.125328382312557,1.262156773233113,1.0385882178867805,1.215629991363378,0.7540740891429943,1.293083331656566,0.4727938709930613,0.4497486158077689,0.3587603564147324,0.22031271953125098,0.3322269291176265,2025
2025-04-18,2025-01-16,0.21575823492410218,0.2955045106654666,5.103543526148119,1.7483298119606516,0.6418308066488994,1.1500578269366521,0.28036850479659703,1.293114091349443,3.449344151151756,1.9849768452958978,1.1273131081790617,1.3022244539730004,1.0219359540512818,1.2014778934822643,0.8434655744457121,1.082793636598914,0.5049851568097188,0.4754864699749831,0.5901588902786488,0.2921039842500149,0.5613276399649131,2025
2025-04-21,2025-01-17,0.21244360097249582,0.28856150722846524,4.25214827901441,1.7293260415148008,0.6388960422647949,1.1472656216002088,0.1994531843589925,1.2905445916767744,3.413858617023214,1.968207868899945,1.1265605583992109,1.2614107628985676,0.9756233772920658,1.0830747136042165,0.38110700328490404,0.9907281617249514,0.4770185398035955,0.4373704976809638,0.5763795568462384,0.7761178850230431,0.6301407563248654,2025
2025-04-24,2025-01-18,0.11325467338479704,0.2829836283578419,3.8766542803467954,1.7140587698352174,0.4883993208840461,1.1450224161734521,0.16789791434812484,1.1992330109955656,2.35548835573194,1.9547293520926639,1.1182442898872604,1.2063666613187585,0.9569854084872564,1.1715264193680872,0.9855222270752024,1.3420388202599716,0.46926489368019375,0.34992509539969435,0.5737754099729888,0.6584092716916046,0.41034398649317055,2025
2025-04-27,2025-01-19,0.11109237808869395,0.2886901304819371,4.144192377531198,1.7296780976846602,0.48384339192485415,1.1473173488071147,0.1931845703551963,1.1968175817251452,2.3337102112334245,1.9685055204052406,1.122851417656987,1.2216037557566208,0.9109778434589707,1.2229773786844633,0.9746733488427465,1.3420388202599716,0.42152797276322973,0.39785476956395766,0.4636445904501781,0.5763297208684387,0.3249642369469076,2025
2025-04-30,2025-01-20,0.13120476032792078,0.31097360863498896,5.035432655890347,1.7906704395912545,0.5159112515713257,1.1562788950625154,0.26776169058012883,1.216112811457911,2.5460681071627054,2.0222908343229458,1.16681686666851,1.2797480051454233,0.8019786005942015,1.1214690311334445,0.9656941870607467,1.2857850351910272,0.38445372613854156,0.501337635344688,0.34583642229385375,0.25433755498238403,0.3076209812069574,2025
2025-05-03,2025-01-21,0.17105714468512873,0.31599906983745135,5.438679445524916,1.8044256716169045,0.5755771794296338,1.1582999395422222,0.3039008253036619,1.2516324655863449,2.9774440891041545,2.034426721670349,1.140359879894654,1.3067715419131547,1.0245192013343083,1.1385201483346166,0.90768632432939,1.332312882399608,0.26347087208257197,0.4137024081470996,0.3828276771280011,0.47433430282808287,0.32380781619510773,2025
2025-05-06,2025-01-22,0.13016208492481163,0.31923256018403207,5.625163434918984,1.8132760902645213,0.5105792422515851,1.1596003232773557,0.3185050045352948,1.2128481299886529,2.5404073641633085,2.042224726525129,1.1141520108750949,1.25692303816832,1.011931534791184,1.132473244694203,0.9426688927970872,1.3392556889870282,0.5300309716681869,0.350074616267915,0.5403639981228223,0.6084329015632787,0.4246035100834024,2025
2025-05-09,2025-01-23,0.1422277486821557,0.32743435499434553,5.990043090974501,1.8357253102101527,0.5339089263478837,1.1628987651829248,0.34757583988140794,1.2267631259381768,2.6626962483445666,2.0620180628458415,1.122438319418885,1.4194807216836167,1.034111039929501,1.2001386805478946,0.9258377548473898,1.3356061896257714,0.5225342343198722,0.46758398835529275,0.6156212821386703,0.6297183027419277,0.6527891803183721,2025
2025-05-12,2025-01-24,0.18301706878151786,0.30772210294456054,4.969361850183361,1.7818251588725307,0.5974916564344098,1.155435924864448,0.25972439892362204,1.2644494962793358,3.104433754961023,2.0143295658565146,1.1259500695586027,1.356893664510824,1.046470544746475,1.00811787515426,0.9004365202418905,1.3396654347435566,0.4180263981398022,0.509807186061378,0.5508435611865099,0.6656413763520612,0.746860726642832,2025
2025-05-15,2025-01-25,0.1537835999757597,0.2690705062973517,3.9021233358756664,1.6759770290872105,0.551269147208775,1.1394271010628567,0.17003785369833602,1.2369544533253203,2.7884617975074546,1.9211479933488893,1.1184949253435077,1.238123795466001,0.9839018055604477,1.0410971266381948,0.9801971811825229,1.2415470029097242,0.4286912438564184,0.4862391250179215,0.6387464483457954,0.5987842962201311,0.540469496201523,2025
2025-05-18,2025-01-26,0.1269173658698362,0.2736777416780685,3.737960388676612,1.6885875353568842,0.5054440798483809,1.141279951402192,0.15624255685141253,1.20971100327725,2.515009898522508,1.932263181318226,1.0913585348365,1.2054696215920198,0.7231770242215176,0.9568122875105356,0.8725823158958218,0.6981237212850935,0.25315664067656823,0.4521574301036845,0.3642290390079826,0.7856512720208776,0.30076860959854346,2025
2025-05-21,2025-01-27,0.12525568665198078,0.2915396158363918,3.972800446365653,1.7374774497380727,0.5063248923353569,1.1484633008465108,0.17780787224796268,1.2100493137092518,2.48580412562469,1.9753734500724767,1.130001351173018,1.261217909672026,0.7396148337299318,0.8805484470996681,0.9773225544651293,1.1588433680652146,0.5136837471039235,0.4826616262640573,0.31737883524183175,0.5916759047749823,0.16164009400422477,2025
2025-05-24,2025-01-28,0.1761425060175748,0.30428276248686964,4.430753317797377,1.772356844252771,0.5832095359251102,1.1535880974126755,0.21611365635042967,1.2558778357800167,3.0312611979430413,2.0061485123018366,1.120213042469941,1.2906336585757252,0.9408899667563733,0.7906684181843954,0.9702026722480863,1.2693707473765834,0.36248447621613517,0.4891885163190913,0.41899347024428946,0.337294412494189,0.3246136802255535,2025
2025-05-27,2025-01-29,0.16575599500993066,0.30324428047848434,4.617674959711227,1.7695144051367464,0.5684405224450796,1.153170460576912,0.24018077854378492,1.2471040589664106,2.9190920798086086,2.003649870684727,1.1317550186092746,1.332577917198408,0.7500180383762552,0.8299144779088533,0.9694198256937197,0.9894715672508828,0.4615080348434936,0.47371802306806304,0.6513275039213657,0.5728980130438656,0.6522722468772906,2025
2025-05-30,2025-01-30,0.21062628855704485,0.32235139713278277,3.950896812969654,1.8218126991008283,0.592591224561243,1.16085459786447,0.17413747398703927,1.276106530531447,3.4101846606994375,2.049757848032358,1.1272614026876298,1.2209242413392194,0.9797045923160396,0.8089193855836904,0.989370056202861,1.327920699761311,0.5834969672413272,0.4032357648608847,0.6688310307503891,0.6826602187489507,0.6105392646498905,2025
2025-06-02,2025-01-31,0.10056669950742513,0.2812720238292779,3.9411885187948514,1.709373927039124,0.46722191087505405,1.1443340755553362,0.17332151163199053,1.1867643702034512,2.221544444529887,1.9506173622297955,1.1227038978150763,1.2176294999357264,0.9832084077252431,0.8886144378596331,0.9813057852767987,1.3420388202599716,0.6403024708686661,0.49367824624197687,0.6637321819176613,0.21675316171220013,0.5837744633788534,2025
2025-06-05,2025-02-01,0.09500477968141634,0.25563568880513815,4.827799902563648,1.6403085783429319,0.4712335627995142,1.1319277075966663,0.25112524615584775,1.188872888003672,2.326744008376392,1.8898431797728663,1.118351460911479,1.3006813320250667,0.9450662058922771,0.6508860887009618,0.9515956455295698,1.341707458442465,0.5681862990656784,0.5096237732145397,0.3707545284079457,0.38165362197580255,0.2687633401576145,2025
2025-06-08,2025-02-02,0.12431977639168333,0.25355061594434664,4.444052133741867,1.6345931726501846,0.515011146066509,1.1311049782352522,0.22941331019020722,1.2168005839684988,2.6835097293782626,1.8848146687198488,1.1284338867640098,1.284823716013207,0.9610958180850957,0.6801081792840631,0.933051859626036,1.331583739777802,0.441565616740644,0.48778687893347966,0.7382304178228108,0.37542968492242695,0.5176857875748305,2025
2025-06-11,2025-02-03,0.14456311855529796,0.27543544158786587,4.06724926034979,1.6945817337147133,0.5495865349371853,1.139740306668796,0.18541659746428538,1.2362505920477187,2.9380569437632227,1.9377256679472474,1.1139646468033932,1.2303149521057257,0.917907363475891,0.8305788799022721,0.9762975223366491,1.3255477735663124,0.4619530178506216,0.4580070067251878,0.6846432663897041,0.31710022348301714,0.5692074436628253,2025
2025-06-14,2025-02-04,0.11694849577847886,0.27196073197981624,4.267999050637634,1.6850886297884884,0.507929866479802,1.1383803209069951,0.20357603386319512,1.2108382148201124,2.593536191666934,1.9292798373471651,1.1170642308388536,1.2490976335152597,0.8864532272194088,0.8199328116937489,0.9800013692149616,1.1549679766494307,0.5604737139543048,0.5239481441654432,0.6776842810830023,0.45258963662199214,0.506096527631075,2025
2025-06-17,2025-02-05,0.12743909648970692,0.2711602103552952,4.389324839188182,1.6828628861939308,0.5233077188517608,1.1380533832300541,0.21371571416492902,1.2199630972004332,2.721407831885548,1.9274015475813797,1.1159048534947387,1.316420338046157,1.0198101368627002,0.7523441462261146,0.9595521541267107,1.18296861857686,0.6247393639974398,0.5264743649835282,0.4309639347394076,0.48807254893832924,0.35401685881197514,2025
2025-06-20,2025-02-06,0.1302412780857201,0.27135818433709996,4.350366169673509,1.6834055499221847,0.5266507365269126,1.1381314998079866,0.2112537629613028,1.2223753715061298,2.768019559304303,1.9278849326224567,1.1231443973914697,1.289390002492052,0.8766339079046106,0.8327396971866375,0.9889677019199908,1.130624201861037,0.5147324639132854,0.5190002799173496,0.5794200610491571,0.442897570524129,0.26475185988692035,2025
2025-06-23,2025-02-07,0.12820010248167568,0.2798532358596713,3.8476491502417955,1.7066913519396696,0.4998023094691353,1.1414834826819105,0.16606845865340544,1.2153606568853126,2.7651334346346665,1.948401761541676,1.113748648722079,1.231914826337323,0.7308242922961777,0.9121044555003471,0.9910186329308607,1.3245437110759437,0.3467478423113867,0.3790347387699603,0.7033085001730891,0.6449634954917668,0.4740182039020782,2025
2025-06-26,2025-02-08,0.10014549267019683,0.2900429869735031,3.7532331962334995,1.7354477877569945,0.4759511663757482,1.1457946707846853,0.15809855351215088,1.1922395955297649,2.3957857675940364,1.9714952912032222,1.1029075870211895,1.1958672875822054,0.9141491257949773,1.1810255058600105,0.8881947304869835,1.3182260471850686,0.7091455955046535,0.2705168499697638,0.6863515640629545,0.7322628089441081,0.841804915243749,2025
2025-06-29,2025-02-09,0.08173343923123395,0.29572618581301074,3.774444300572037,1.7502671592847179,0.4483066768714345,1.1477700195015075,0.15988941970549528,1.1753061532715126,2.1691416714326976,1.986623129584788,1.096857112882076,1.2033534575979405,1.0587172867663217,1.2183038311632313,0.9832169706269925,1.3420388202599716,0.3107178374968732,0.33683161143674045,0.27350036402556976,0.7423350901994706,0.2212231936368968,2025
2025-07-02,2025-02-10,0.11697511596943182,0.32400327285847935,3.883053807281508,1.8277802834671615,0.5056628487468892,1.1589285745595848,0.169124174978977,1.2096329746616006,2.594847792634063,2.05497895773126,1.1040326093134556,1.2323543846709448,1.0591698145863837,1.1011161187067338,0.9500622502115373,1.3420388202599716,0.40501767671877725,0.3475757199589,0.6405168496542892,0.7073804656891274,0.6866380777006543,2025
2025-07-05,2025-02-11,0.14811317697994802,0.4020217501297119,3.844824131827915,2.0416280747715483,0.5558927655398915,1.1897100338587039,0.16669956033424332,1.2414444686246333,2.96517954682837,2.243554414321156,1.1186469505400236,1.2175928329427226,1.0566786257704528,1.2078005271486891,0.8738637574249742,1.2608803019485615,0.6460058312019867,0.3256822349443021,0.7985138857088827,0.8148526512270641,0.8438780368206825,2025
2025-07-08,2025-02-12,0.09333914671676437,0.42537404949161334,3.828018533835691,2.1056347603310197,0.4675887893630173,1.1995926196591065,0.1644718943470408,1.1868585071844655,2.313898260597069,2.299994220740401,1.1255773285069677,1.2148321364354586,1.053240616750159,1.21070315805728,0.9554846257164449,1.3420388202599716,0.4595198553553516,0.43981782208202913,0.529744630235779,0.7251094994492059,0.6120386457937901,2025
2025-07-11,2025-02-13,0.09395907975586883,0.30414587263146137,3.7874447971124523,1.773341766014708,0.46942712035255085,1.1510906399295986,0.16098721522316853,1.1878039706463872,2.314328028236865,2.0070039861209708,1.1297048083095325,1.2168854091634849,1.0182329494275235,1.1615973055172264,0.9857438336369079,1.3420388202599716,0.4851562179067362,0.4532376308755861,0.41880931693940937,0.8049475080614975,0.22259022781131457,2025
2025-07-14,2025-02-14,0.09271259647389667,0.2735611088977727,3.917079582802663,1.6894783297812896,0.46727371028209785,1.1390128188429054,0.17192986259345397,1.186529691044161,2.3030097025419902,1.9331269315458353,1.1227389203997973,1.2214962653502903,1.0554253069754596,1.1548101756664826,0.9863864811426442,1.3413183695298738,0.5816514838031793,0.47188281070637245,0.3927493461772767,0.3623571380902499,0.2475932830612249,2025
2025-07-17,2025-02-15,0.0879168208331756,0.24947527793628882,3.928692854990316,1.6234222588361238,0.458988744377936,1.1294969285890946,0.17369419721315185,1.1816271385923922,2.2425707709442184,1.8749617008792492,1.103146690059423,1.2138487955216324,0.98854309976954,1.1596967963732043,0.981525457565216,1.3282221567413643,0.47722535189524035,0.44425046172859617,0.3246754240554337,0.10789542214350056,0.22288188028948558,2025
2025-07-20,2025-02-16,0.11004298443141856,0.2649492180279111,4.306698899021686,1.6658379146340003,0.49360964290571174,1.1356026458606088,0.2089099753167718,1.2028472516107138,2.511252174912908,1.9123659497135264,1.0977686423104216,1.2304795602371366,1.0418515720985884,1.1839705128494664,0.9058929133776332,1.3108344275807127,0.23827847586123324,0.4124999151548205,0.20543888317949272,0.37157802790506606,0.20967040186802355,2025
2025-07-23,2025-02-17,0.1385904456161649,0.3000316703943621,3.904544082501664,1.7620195473973972,0.5381880537836558,1.149451498314803,0.17309221376532835,1.230070787515532,2.8642049583756997,1.9971401976313952,1.11745957964372,1.2306994515186158,0.9959739203824078,1.195484849549237,0.9909510495503868,0.8322459459720378,0.4580475197799543,0.3855683874393822,0.5892508986184837,0.7752158524103224,0.6664635054461905,2025
2025-07-26,2025-02-18,0.10635780024956039,0.3303900720015502,3.8216661205607383,1.8452472369571176,0.4882895217920408,1.1614346271731117,0.16387577737503842,1.199538068018028,2.4712664106417748,2.07049663469653,1.1309085362226057,1.216681489701041,1.0462004377673573,1.213336444044313,0.9887027919448808,1.3420388202599716,0.39443207576428846,0.33446232306403056,0.37980596266749334,0.671259266287011,0.248676373732109,2025
2025-07-29,2025-02-19,0.09625198908841893,0.338694779011456,3.845578577170368,1.8680041684246245,0.4732274001778535,1.16470899751953,0.1658943653949509,1.1901089108852723,2.3417223807641507,2.090575340361163,1.1341693668600088,1.2169691019853743,1.0047176520359806,1.1993766131749812,0.9910186329308607,1.3420388202599716,0.48831181956678504,0.42459652777172574,0.3749936996261185,0.7302472162848221,0.472101572106697,2025
2025-08-01,2025-02-20,0.0957004791544225,0.3363864699841877,3.993330872873567,1.861676364823829,0.47236834808903966,1.1637980102799845,0.17836699642190348,1.1895479360075667,2.335161529001266,2.0850044082994135,1.1319209357260578,1.2191157971815243,0.9678244790096363,1.1685337910313944,0.9910186329308607,1.3420388202599716,0.6387123991348431,0.45270135915988235,0.4851803911102112,0.7021338107540672,0.318689412776224,2025
2025-08-04,2025-02-21,0.08447401582848231,0.2736572056939341,4.0968895987652765,1.6897268830938312,0.45293030722118144,1.1390455070977854,0.1875256133675007,1.178080853410282,2.2018012426542004,1.9333831471944785,1.135681394534662,1.22298420580194,0.9955410668737753,1.1342394222676562,0.9856482672156192,1.3414276169374977,0.6026235980000105,0.432746132145275,0.5890075415833955,0.2579347657081502,0.3946691776629476,2025
2025-08-07,2025-02-22,0.07891147592045496,0.24905265319631092,4.235309591537876,1.6222817586665297,0.44343162522987273,1.1293364914187916,0.1992195660010115,1.1724214069130052,2.135630792336644,1.8739085749883047,1.115570536196418,1.2127555879063525,1.0222658459248883,1.0994694601142865,0.9741593124917979,1.3387159321670183,0.6163037143429076,0.48013119545940564,0.515829410734286,0.2941482788299363,0.5293872078352628,2025
2025-08-10,2025-02-23,0.0789576647416282,0.2469565913200507,4.798126803491776,1.6165336767063678,0.44351144318047636,1.1285085230614216,0.25028600574496296,1.172468650032215,2.136180261817169,1.8688647643846419,1.1046362650493218,1.2542554817838223,1.0034867349191208,1.048550051631199,0.9480236465811822,1.3420388202599716,0.646449022375158,0.5246553045248071,0.506125261677988,0.5134238313894001,0.49417497060580795,2025
2025-08-13,2025-02-24,0.09372647790416173,0.2577368878369483,5.284614732759649,1.6460811855104076,0.46896832204337263,1.1327613802740382,0.29179279866062996,1.187552393456101,2.311625137684329,1.8949463221332228,1.1277474690128928,1.311451597495572,0.9876138961122453,1.0470000909072135,0.9546787664576523,1.3390475382661418,0.5165442897632423,0.5338419093937464,0.4820476146572951,0.5307017779495175,0.6211919961104756,2025
2025-08-16,2025-02-25,0.10129938063207687,0.2558492376768476,5.199300839053377,1.6408939421017443,0.4819040714994477,1.1320119698234772,0.2853632688969016,1.1952067453735473,2.404537047501358,1.8904117943126468,1.1253526414219974,1.2416430898044233,0.9905166592922591,1.13350680497877,0.9623085241448965,1.2934452663318878,0.37527133763556136,0.47956375293116854,0.49600117647216724,0.5220326167345277,0.4708535178152214,2025
2025-08-19,2025-02-26,0.10063214022771351,0.2548409222939691,5.3733870895988884,1.6381460624855002,0.4808997119426156,1.1316197478207504,0.2998906354283093,1.1946121301113164,2.3936309284254644,1.887943493526194,1.118210628951451,1.2773332099119383,0.9474398881145133,1.171961169165985,0.9267353423792282,1.3155265778894325,0.5012769570937785,0.4927183468332556,0.45027226861885294,0.3430192966644932,0.40772141370327203,2025
2025-08-22,2025-02-27,0.1080277398386021,0.25818737645981954,5.2699613336670055,1.6473172895718715,0.49367571599440574,1.1329395799444724,0.29047925659123974,1.202171896874138,2.484209533589766,1.8960434391115601,1.0979534452908497,1.3774033695334604,0.9167696486257542,1.1106059345426034,0.9111809396337406,1.3270248681629175,0.4374494735778139,0.49531983583157946,0.3078548972153946,0.3531126538599548,0.5913436841419467,2025
2025-08-25,2025-02-28,0.10312822697248165,0.2422559471288725,5.46885645929879,1.603644929978925,0.48471469767513076,1.1266524010262902,0.30724949723929224,1.1968694798224873,2.4263093025458673,1.8575222271998106,1.113962302561847,1.3861271318269999,1.0211661554771219,1.038191503950922,0.9338307648893043,1.2820982242607302,0.5734064404328164,0.4874940230209704,0.624410348814748,0.5035474742670192,0.6291981662854298,2025
2025-08-28,2025-12-01,0.11721708415503658,0.3892382592891946,3.9361378265593068,2.0726710690146923,0.4636748649290944,1.1576819829827445,0.18393476850107818,1.1867576594322597,2.249487706574421,2.029400319227467,1.1604696746600585,1.2464257926601345,0.9597521911606385,1.269625247743144,1.3470137895131553,1.5010001896486473,1.0094688031413632,0.48045882138425067,0.8411175522547292,0.8012282702649797,1.0185069059342249,2026
2025-08-31,2025-12-02,0.12257288612192195,0.38576876179349456,3.8952704397885243,2.062844948066333,0.47151890511785144,1.1563300075071048,0.1808055794029184,1.1914696678413108,2.30401122936129,2.021274315215207,1.170531399117062,1.2280367125385026,1.1926992819717275,1.265296585489613,1.4551329224475036,1.5472332450864281,0.9082937053797283,0.40522401318422124,0.6199980201823039,0.8144975117504858,0.974188627753338,2026
2025-09-03,2025-12-03,0.1276066859869645,0.37354910950979553,3.9075092930103215,2.0282626770985406,0.4771252463550183,1.1515742402455647,0.18128036382936685,1.1949668351185632,2.355166228359691,1.9925019247899374,1.1640628111361102,1.225691575718689,1.232744592952729,1.266531864877647,1.4539674329710175,1.7048053715780174,0.8659884305483926,0.3499520497005396,0.43118095129278095,0.8046660648384811,0.8137607337591558,2026
2025-09-06,2025-12-04,0.14922156130629272,0.3949452216131762,3.884714302403411,2.091568551557655,0.5092397672214417,1.1605925859525863,0.17916538752660605,1.214098267380743,2.574889161436448,2.042843913221553,1.1334410107162414,1.2288886703482873,1.2313088552746778,1.2595960906680987,1.4483541046130082,1.7069524223984278,0.8397383995903495,0.3312987379368488,0.5952907897299239,0.7995112697683645,0.9159699939418745,2026
2025-09-09,2025-12-05,0.13448232076387873,0.4146100944286358,3.7946352223138438,2.148182405680764,0.48356236696566135,1.1684149925186968,0.1708040533857644,1.1996290929288227,2.425236923972829,2.0831855605716925,1.1333008822255897,1.2200272897124274,1.2303541418956883,1.2583957554401648,1.4552592232353818,1.7005708589783732,0.8822281172829222,0.33537892863578184,0.3739271244838457,0.8047371805046725,0.8358222616993172,2026
2025-09-12,2025-12-06,0.11220556650297371,0.38947533631589076,3.7695545514865505,2.073730646804192,0.4557139751635926,1.157864242240995,0.1684773899146518,1.1821166014910311,2.1985984029943073,2.0292279176104424,1.0894662159983695,1.2065755440469483,1.2241339284417725,1.2562744193969921,1.450168525470633,1.7069524223984278,0.6503273879385324,0.38307895972257283,0.4508055734520093,0.8011989996879657,0.4280527537271729,2026
2025-09-15,2025-12-07,0.11615645572992937,0.36155649309220356,4.7153046993490975,1.9943166089757085,0.4620672480213499,1.1469053693640912,0.25821465958649525,1.1858039217684324,2.2387528020844183,1.9641768706614369,1.1010104261083322,1.2223239152184733,1.1931272717806445,1.2496514366979485,1.4384475553272862,1.7069524223984278,0.7250221622498536,0.5532549993935806,0.6092988240564687,0.5672588566870207,0.5792284385900527,2026
2025-09-18,2025-12-08,0.14678924255814552,0.3903802200311233,4.038148752698611,2.0758987927752965,0.5028817781640623,1.1581254773472343,0.19340809379128712,1.2115102446779598,2.5502813605989996,2.0320638322525073,1.12724180301671,1.2997928081668506,1.2095876117477946,1.2398786290938646,1.3229491734786956,1.7040475033077458,0.6668521465360729,0.5144695772328053,0.5736335329546913,0.5888371354237049,0.8803968779186369,2026
2025-09-21,2025-12-09,0.15374212577497098,0.39597172360747385,3.8184471568979657,2.0923842697967583,0.5036496177503208,1.1608069849179188,0.17301533156154722,1.2133269458057998,2.6212427243168186,2.0452214386069434,1.123726611587507,1.2235732868059,1.2168882322120524,1.212751221792902,1.4552592232353818,1.7069524223984278,0.6972883338430115,0.4448362857018178,0.4053553331115502,0.5355510507719315,0.43805054485322575,2026
2025-09-24,2025-12-10,0.12617048596533353,0.39426200302219466,3.8190266738373992,2.0955046492578813,0.4748828752721175,1.161944328614335,0.17306893570949236,1.193638835142136,2.34059144845937,2.0400644724948744,1.1080744755637775,1.2251050209688854,1.2088563977456563,1.2072868318253047,1.4552592232353818,1.6468944850173421,0.6908956223397578,0.473215022604796,0.5189781885958833,0.35081193784221804,0.3977627560978498,2026
2025-09-27,2025-12-11,0.12247517996800734,0.3963890769669349,3.8573693117492933,2.0929083265395274,0.47067604390481455,1.1604650239868697,0.17662771125948235,1.1909350144733897,2.3030293910058157,2.046234372622683,1.1345025629886272,1.226927003401287,1.2270332635657923,1.2491020434758953,1.317437760552111,1.7059177629230475,0.6344393439372672,0.5257741792530528,0.5998236084507301,0.7016725127649965,0.5304173214403523,2026
2025-09-30,2025-12-12,0.1131050506891378,0.3464926242197948,3.8000557291972257,1.9516643083360012,0.45747317682553484,1.1410378553290967,0.17130823969487471,1.1830635890020749,2.2077276220342226,1.9288240997700596,1.1595529807130105,1.2220234896715627,1.191910819140641,1.2249032881711412,1.4552592232353818,1.6590832294198432,0.47482716229802785,0.38347798405027494,0.4383212775653423,0.7279394856072319,0.6470235667225809,2026
2025-10-03,2025-12-13,0.11530855457923904,0.3581712047671907,3.7835634142928836,1.9847233634540586,0.4607876885348914,1.1455849071393684,0.16977797990245802,1.1850427920755466,2.2301331048999797,1.9562334835045567,1.1240972720140066,1.211736916037581,1.2284763802056697,1.2203157193997543,1.4552592232353818,1.6823405267317417,0.6832165257427959,0.3983069559859985,0.25581781624906863,0.6620548635874851,0.5665406754705613,2026
2025-10-06,2025-12-14,0.12932574046537137,0.3793587548050171,3.9338395059250666,2.0447363536898546,0.4819487354010698,1.1538427215459905,0.18393593503373423,1.197651281338269,2.3726116728147124,2.0059848670635847,1.1353784333130752,1.2082069677914962,1.1997689764906643,1.2544926700703831,1.4396993785191834,1.5350647605005874,0.8072560316978153,0.405489999425262,0.42075222722039163,0.7482691182559857,0.551444631466603,2026
2025-10-09,2025-12-15,0.12294688025375507,0.46932513937760695,4.692250101108857,2.3043484699583665,0.4713927037112,1.190015101153622,0.2592558848450093,1.1916288299321154,2.3077783495005355,2.209806521232485,1.1400691267465872,1.2327986010725533,1.2285644112321281,1.2557823850270036,1.4368181261141522,1.7057562576228646,0.7910876602480205,0.49452354849889757,0.5687192957738929,0.20700404499732264,0.1313372518232271,2026
2025-10-12,2025-12-16,0.12902209239186901,0.3560078281984586,5.524830826375103,1.9785993963781134,0.47865512230955753,1.1447425971121976,0.33494395178749464,1.196010164979774,2.3696110827660357,1.9512320150733513,1.114055900663808,1.265516828099588,1.2101823620379406,1.1898619482661357,1.3910858885172668,1.7041718498105112,0.702258403779977,0.5779291438249166,0.5546732207448625,0.18950209674477397,0.4637775396060456,2026
2025-10-15,2025-12-17,0.14370655582737452,0.34261389833308226,5.814472901743872,1.9406846263146829,0.4980827443602043,1.1395276745376508,0.3652943156654721,1.2076961511731699,2.518999892990622,1.9197424438190411,1.1207314043899954,1.3658140951998925,1.1870096048358936,1.2380137843574925,1.3931979016419647,1.672890135000543,0.6096331434026648,0.5705467130696982,0.4604756753672251,0.4278792396334272,0.4816662419808216,2026
2025-10-18,2025-12-18,0.15989753898186715,0.3542519721387743,6.048823086354376,1.973629026388645,0.5088924559541478,1.1440589551431204,0.38271222613933287,1.2157691196145608,2.684378312924931,1.9471448733845969,1.1290313343457097,1.2565700120674423,1.115278159240355,1.218071709217772,1.3857910256749426,1.7005712199975929,0.6226509709171428,0.4089820779659973,0.5160038833328372,0.47063774615957277,0.48729635756933826,2026
2025-10-21,2025-12-19,0.13912430028735484,0.35026098667807265,5.753971803558027,1.9623315730687878,0.49392162563131536,1.142505066087415,0.3606939447974942,1.2051483097120985,2.472450265141349,1.9376689918493475,1.1106113237268835,1.393764045855718,1.0901764536307939,1.2316120949244056,1.1446695222869336,1.6671877198864635,0.624146655940466,0.5287611792047356,0.7250247509054429,0.7196958651717429,0.7828951476494468,2026
2025-10-24,2025-12-20,0.16813035875578736,0.3518357967904094,4.016248870625262,1.9668226271121938,0.5094305571933573,1.1431259010041515,0.1913767697143566,1.2175866631017118,2.767640290929812,1.9412625076779386,1.1191524983887957,1.2420751679167061,1.1279164661872625,1.1780367541954708,1.4281495458737155,1.6704075881123954,0.6238115028954933,0.44214464624280236,0.4722375458421557,0.7293652312215625,0.7356206128666163,2026
2025-10-27,2025-12-21,0.10497529992984912,0.34876929014692076,3.9401177611211446,1.9581089638056302,0.4451683200031604,1.1419242744006042,0.18431035820379554,1.175742291275882,2.125100272653289,1.9340824565283756,1.1249893245955116,1.203046045599161,1.08456151582299,1.1509269725728788,1.2514686842228915,1.7069524223984278,0.8485513165149573,0.5351857963135142,0.5593582318459327,0.28150946794182524,0.42049529465348745,2026
2025-10-30,2025-12-22,0.11701911283561779,0.3653305827729311,4.2119618975600215,2.0050319877716056,0.46335391630516254,1.14838219519943,0.22221412622446987,1.1865766832675007,2.2475190876955833,1.9730227245761893,1.1345697295456285,1.212989045318828,1.0368587420404891,1.1727821138349894,1.3786820527583141,1.7029684046530984,0.8108046240687267,0.5300308695823205,0.6124651438056745,0.4859375135645931,0.48554784891852837,2026
2025-11-02,2025-12-23,0.11465595390193976,0.3368274347355466,4.236486588816517,1.9291234339812284,0.4559732170227657,1.138390546190287,0.21543074070783225,1.1824936438112248,2.223683552248815,1.8982890528180125,1.1227241743722047,1.2103902272630465,1.012175498000572,1.1702754505336646,1.4420701844460524,1.6522773873333805,0.8097657925552603,0.4843531182137747,0.4000464723919674,0.34578300518288485,0.34518369191024634,2026
2025-11-05,2025-12-24,0.143693671301876,0.34261389833308226,5.784249897693802,1.9406846263146829,0.49808123891545464,1.1395276745376508,0.362606353925535,1.2076892004146242,2.518869106083492,1.919742574186023,1.1207309209701724,1.3543739669448505,1.1870096048358936,1.2380137843574925,1.3931979016419647,1.672890135000543,0.6407850910818162,0.5705467130696982,0.4604756753672251,0.28257511778395134,0.4816662419808216,2026
2025-11-08,2025-12-25,0.09960995169544336,0.26330098250074746,4.350017692602599,1.716170170502851,0.43711586296293736,1.1086472149660191,0.2247342443905688,1.170931463728839,2.0705837064708863,1.7329109900977993,1.105882002243492,1.2105547505647678,1.1732032990162247,1.0755559613009826,1.4377546558353356,1.7061717647185037,0.6670798986262504,0.5311732143773927,0.5205320553519568,0.2914992807556544,0.42686096225364556,2026
2025-11-11,2025-12-26,0.1188645679880151,0.28990858768850275,4.296055626262989,1.7914894590697177,0.46503306498550534,1.119006877889261,0.2241620516696258,1.1878031656348773,2.266309219850887,1.7955759258208444,1.1214603527476605,1.2038637056583414,1.1995307099802381,1.0413809971645875,1.4384856077557975,1.7069524223984278,0.6515136529383672,0.547939759310149,0.48559186425952583,0.3120289332352066,0.3890450186965154,2026
2025-11-14,2025-12-27,0.14270057470134584,0.3030937314895165,5.123644183953514,1.82881319924714,0.4956721676474388,1.1241405096894386,0.2988706143897982,1.2068932455614305,2.5087788272614784,1.826651565991062,1.1247094237794242,1.2322176424818079,1.0540680588666127,1.1301555423339513,1.4288660290000599,0.7646314248418915,0.5656866895302403,0.5051877393889148,0.41285988859149353,0.4326831896228489,0.4542791958881617,2026
2025-11-17,2025-12-28,0.14351581939728525,0.30974258221902656,5.287233978711171,1.8477257114325738,0.4978516447919713,1.126750385148936,0.31258792448994255,1.2083952722383016,2.5170370547337377,1.8421280566539169,1.1244118220197679,1.2686069567460638,1.0209963062406124,1.1758238118642568,1.4231765159175915,1.6828880200416532,0.30919991335769836,0.4962369458564979,0.413913470418022,0.07634064366495959,0.35719626761023365,2026
2025-11-20,2025-12-29,0.16032657722532972,0.3369855857385467,4.5092940984661265,1.9247523289694044,0.5196206879105418,1.137336292754082,0.2836517532228135,1.221467793875287,2.6879677696573436,1.9064061816432187,1.1334034686379812,1.3361739456449377,1.168530178212837,1.1574287181429757,1.1222348031080185,1.4808854073807634,0.6981105506420014,0.4806322726497417,0.7146388897055113,0.6693209003147632,0.8319801846166834,2026
2025-11-23,2025-12-30,0.17408776629411582,0.32347365992502924,3.9036522984855284,1.892284855944661,0.5050300389190618,1.1334141356002316,0.1809261962496929,1.223101852238976,2.8281446383438995,1.8741161885755222,1.105801159631389,1.198315738374419,1.1482847910703764,1.2372517622288564,1.4543171532136265,1.6990861242328918,0.7503962860980937,0.4637798955769856,0.5381266006237777,0.6363923402890085,0.5299371967738236,2026
2025-11-26,2025-12-31,0.14368016609524586,0.34261389833308226,5.784216969268067,1.9406846263146829,0.498078902404665,1.1395276745376508,0.36259696718852624,1.2076817434269755,2.5187322517148605,1.9197420360432491,1.1207304712715893,1.3543245635206187,1.1870096048358936,1.2380137843574925,1.3931979016419647,1.672890135000543,0.5357410275582286,0.5705467130696982,0.4604756753672251,0.309739701830034,0.4816662419808216,2026
2025-11-29,2026-01-01,0.11127422527858687,0.33844209005225073,4.0215767755385805,1.9012984518527176,0.4701757305751966,1.141712400850924,0.17666642661864793,1.1899541005528302,2.245597212034454,1.9274538645333261,1.1214217891865763,1.1993179820065414,1.2128651896422287,1.2494457201324312,1.4529770034835567,1.7069524223984278,0.6044535636790764,0.4421446084014568,0.4086009038686412,0.7380492081814976,0.37102699035232234,2026
2025-12-02,2026-01-02,0.1512690861108576,0.3481231006507745,5.409175488826744,1.927730827165087,0.5294229155488663,1.1455789030316164,0.29619560097449615,1.2257949283891463,2.6745479602297113,1.9510278131976269,1.1105480486502313,1.2848966407048281,1.1986223367409514,1.2384837866962977,1.4369074714360661,1.6308450383255906,0.6312532584540212,0.5322220086371309,0.7297692772893493,0.43361025691051647,0.4440074303356872,2026
2025-12-05,2026-01-03,0.20633806332884846,0.335894557270407,4.15441184209682,1.8942599574424968,0.6229181855845701,1.1406610596385778,0.18783058182190027,1.2810077687843613,3.2534431486206232,1.9214890636911632,1.1228835325846955,1.2024364963298166,1.2132770096945475,1.2418929080271768,1.2956300871870985,1.6853212065475034,0.7390326245050591,0.5038065277028445,0.6432240959481742,0.7577216445630689,0.8755666136271122,2026
2025-12-08,2026-01-04,0.10794893709970525,0.3436689941674795,3.803138180953669,1.915539446244562,0.462697990644737,1.143787634927902,0.15831544405483008,1.1857387467127682,2.2112889514952316,1.9402435758336023,1.120436540942729,1.2010038654266992,0.8408496142238924,1.234398064746154,0.26102716769822965,0.2939876835537962,0.9215751701377592,0.5569008247613112,0.6354549961681131,0.26714908190347225,0.5507327942488661,2026
2025-12-11,2026-01-05,0.11776549627509685,0.36411621114774334,3.8533387819781577,1.9715057292548082,0.47535319855764463,1.1520107084295779,0.16253162180694264,1.1941087460972353,2.3160294429571735,1.9896466015739716,1.1154437128272259,1.2227393425195991,0.8319213139737035,1.033742357099787,1.4433758898060303,1.0279428592209643,0.8998053006232729,0.5081120981711906,0.37813609445230867,0.12867804311662226,0.4455453326563266,2026
2025-12-14,2026-01-06,0.14819176104257747,0.3617091556886041,4.085363060646925,1.9649173558302007,0.5226718981344343,1.1510426845203436,0.18496163094366883,1.2216112739573048,2.64076176496188,1.9838521454686189,1.1268597027210019,1.214739069991986,1.1400781916900606,1.069081841754285,1.4372987209134274,1.5766909220569176,0.6338986664177405,0.4046722726718246,0.5106358003452725,0.1478334604203702,0.4466777045895886,2026
2025-12-17,2026-01-07,0.1319703161841822,0.36767419950341435,4.911626355902944,1.9813182731060195,0.4992709440046007,1.1534718118097942,0.25628279509819846,1.2080832670457549,2.467969156939567,1.998092735921542,1.127268947138242,1.2312783745514209,1.205665224531,1.2283293104859745,1.420414782597031,1.5815462885298524,0.8298692152879373,0.37131667333500185,0.5466128988778653,0.15890521579013103,0.5369090687328701,2026
2025-12-20,2026-01-08,0.12571376590257316,0.36919404056966315,5.659149987308417,1.9854043070957257,0.4935573449480708,1.1540528135302721,0.3188447679726067,1.2038112042678615,2.399971928707026,2.001915611232066,1.1324737085718408,1.292045490129445,1.203963232828554,1.2312855748379044,1.4085029488062635,1.6472872944889252,0.8331554254854434,0.5574504862294444,0.5845919239147382,0.7215102145297003,0.6422449183936477,2026
2025-12-23,2026-01-09,0.1752339510599567,0.36802556124507696,4.371796698872977,1.9822854642114667,0.5689916469832363,1.1536153565326615,0.20610061152772483,1.2489449884631747,2.9245072186812253,1.9989061159855344,1.1449632161170498,1.2634539722565001,1.218827315695709,1.2348604872887645,0.8711990481664815,1.3816487479049189,0.7143514709722214,0.5228865855291503,0.6739872531861351,0.7991012370865181,0.844939145639003,2026
2025-12-26,2026-01-10,0.10659616896389225,0.35956175450570066,3.7831469288963686,1.9590749424558958,0.4630698880237563,1.1501934983584394,0.15663083001386235,1.1857238464193387,2.1958383347646175,1.9785154080258294,1.1301870555197358,1.200300839355677,1.033989835706972,1.191199832944405,1.4552592232353818,1.6787553438561933,0.7017938840642046,0.4634517362827908,0.5892089115554727,0.7773492932999152,0.7036595051007947,2026
2025-12-29,2026-01-11,0.09887628063630984,0.31678854971526665,3.9159793151714837,1.8419647126231347,0.45042245304881956,1.132977368387809,0.16794672462918062,1.1782542529634956,2.1141660182554016,1.8753941558229439,1.128270615410811,1.2044345851187164,1.0475203782490752,1.019544490568427,1.44201998299927,1.706282205604502,0.8447916032618912,0.5579070010813535,0.5591110278141997,0.39984480904625724,0.5322412737409536,2026
2026-01-01,2026-01-12,0.11489848205855256,0.3328117684411656,4.659159152508106,1.885822025651791,0.4755563071806544,1.139421282082393,0.23249054256254648,1.1931421996168274,2.284207959050219,1.9141485847907767,1.1328413377788273,1.2747454167607337,1.2020093316884368,1.0661350663861242,1.4433533630043216,1.5606744372707149,0.8169043323671089,0.5476946347712651,0.4251957824388269,0.5009703699171392,0.5110121277309216,2026
2026-01-04,2026-01-13,0.12569665283708725,0.34702298454226493,4.741630665686072,1.9247196887155127,0.49281524704260027,1.1451364791857945,0.24396325974189093,1.20362242426162,2.3983768172599476,1.948466840625295,1.1408057288412197,1.3118020297307063,1.128285106769031,1.1680122091936826,1.4434684708911645,1.548427193391311,0.8084784707452886,0.49619585550221945,0.39854532312240354,0.5042309808416902,0.45249008515868333,2026
2026-01-07,2026-01-14,0.13184434607277845,0.3530984841741233,4.115669678256398,1.9413490037370167,0.501875350512521,1.1475798082744693,0.18457477415098178,1.2090875893476298,2.464561795016653,1.9631089464126767,1.124497342284784,1.309510765594996,0.839706319341773,1.144813414457322,1.4552592232353818,1.5829843017564036,0.6763967811484773,0.414383435065563,0.7178464045579988,0.5223605455812703,0.5271662054832452,2026
2026-01-10,2026-01-15,0.12793824534006715,0.33838899318297316,3.862312283983166,1.9011591395517247,0.48893462222749134,1.141693504958706,0.1632846872007618,1.2024495461574591,2.4265627882004797,1.9274861445728368,1.1352199230543984,1.2220963419053117,0.9262742601271449,0.9821432064135296,1.4493025960299906,1.63566867165046,0.49825015978472853,0.35621336240725193,0.6104297245742557,0.5630222781720686,0.8097524597896629,2026
2026-01-13,2026-01-16,0.10867124498110751,0.33187060563488985,3.848289211784021,1.8832459545363474,0.46607600078506073,1.1390427831904464,0.16210645540557905,1.187530410762372,2.2180375534581644,1.9118723846786554,1.1424582987686036,1.2222388989667468,1.0688259084890845,0.7944225354688383,1.4552592232353818,1.5633879370689667,0.6682024610846277,0.29993800385539643,0.5825695251611226,0.3264117499937611,0.7033694545678865,2026
2026-01-16,2026-01-17,0.10110580740164181,0.3274201132024071,3.795693488552876,1.871064465329395,0.45405412395243516,1.1372529686169026,0.15768543001071986,1.1804053149009497,2.1377567343588515,1.901082802836838,1.1322755921011782,1.2224824276294544,0.8783309679000141,1.0694607403025527,1.4237501165791544,1.428006659394427,0.7320116943850917,0.2774279409746249,0.3465818144489664,0.47109584334591237,0.6075937040110925,2026
2026-01-19,2026-01-18,0.10912168973395843,0.3590139148676596,3.8175552936946966,1.9575401902751643,0.4671328354630496,1.149958763790721,0.1595238347578927,1.1881485551391564,2.2225760558085255,1.9772906636671852,1.1339677522414195,1.2308037861265362,0.9505021106087954,1.2171026905235192,1.1575188511790275,1.507936535272185,0.4634730246113858,0.44575724693466756,0.7027313444195914,0.37804042412119354,0.5271290392618382,2026
2026-01-22,2026-01-19,0.13236835491991733,0.383551979376584,3.8625342173314077,2.0247035689287234,0.5003646180106432,1.1598637299464318,0.1633056096495918,1.2084549597556982,2.4744725924892927,2.0365346579907095,1.1419739645336133,1.2309602941455242,1.0018771895066532,0.9266128140419396,1.1864159305810282,0.8614149062103179,0.6551408432082929,0.49031622802345215,0.6830514335866243,0.3691231654550309,0.7145329416419217,2026
2026-01-25,2026-01-20,0.1366494511020917,0.4010475675457929,3.972633518547365,2.0840389167622106,0.5091120670470576,1.1717039437272696,0.17255620234146873,1.2135779282046237,2.516578722407135,2.0786190551326857,1.1303656097328254,1.2263397350261533,1.2192042945835084,1.1910917712965219,1.4506267048471109,1.7069524223984278,0.5202571847039518,0.28816001788538653,0.607034140970362,0.3166758066742561,0.4548084517674636,2026
2026-01-28,2026-01-21,0.17149478699097048,0.47418364999742363,3.90646671924515,2.2738027984214284,0.5634355173584883,1.1971129983322188,0.16889048148201655,1.245694416512374,2.886010049988726,2.2551587600497394,1.1227208088939749,1.2530037581326976,1.2282624087891034,1.180620679196698,1.3740690652793346,1.4312367490376843,0.6184818846975809,0.4191146900439697,0.7492556942323515,0.6473558823248451,0.97425992986564,2026
2026-01-31,2026-01-22,0.22190490727113676,0.3994526145367246,3.8799299071006934,2.0682253679978366,0.6373297538661508,1.1662216321967243,0.1647669726332692,1.2925065687242063,3.419517604993942,2.0749511420130675,1.1064109888156193,1.2250394956483834,0.9944659303697673,0.927620971401055,1.1676957572604048,1.3228902044445285,0.8485859581125431,0.4237247858720789,0.8115180757729614,0.8206138828969832,0.9533690440696934,2026
2026-02-03,2026-01-23,0.13893192967653845,0.39738359463333345,3.8564379569833434,2.062622360501919,0.5145062576448933,1.1654141341487994,0.16279165903010095,1.2165351054460114,2.539562023863306,2.069794812387469,1.1169433049945927,1.2197513834524298,1.1760032279937278,0.8359533212231678,1.4411793675744837,1.7069524223984278,0.2920663279637272,0.4435800091292703,0.3689997258483818,0.8105725003216465,0.6066457108203109,2026
2026-02-06,2026-01-24,0.13972472760311055,0.3400590720803121,3.8341183146557816,1.9056586927859218,0.5159460744402677,1.142335865061135,0.16091419140598257,1.2173168592601464,2.5466928896166348,1.9315141585822806,1.105252410443371,1.2186120809678105,1.137624480433443,0.9183547136197164,1.44902598103554,1.7069524223984278,0.3356427112940872,0.33514526105451875,0.31683732259388825,0.6364985180984302,0.2219223992872943,2026
2026-02-09,2026-01-25,0.15960681597384713,0.33435072959246664,3.8307016811191468,1.890034323043638,0.5442409637057989,1.1400401922220549,0.1606261573990783,1.2342975145005217,2.7621904435773654,1.9177239864304272,1.1209672089001987,1.2109353095538715,1.1674880451300755,0.9945599115225345,1.4552534919981115,1.7069524223984278,0.4493933649612151,0.3720830468390445,0.3918646947894035,0.6678437444401044,0.36681985702084957,2026
2026-02-12,2026-01-26,0.16298153297733803,0.3515035093752877,3.9288365675571195,1.937029890243986,0.5483718453409707,1.1469573855761077,0.16887395278501036,1.236917688482938,2.7950004687015833,1.9590236478629222,1.1207916637539825,1.2153621684106282,1.177308005221516,0.798471650571866,1.4550779862047012,1.6949910706657754,0.43409852533982646,0.4324859615051447,0.3378289434426439,0.4452580760413716,0.22516258022865054,2026
2026-02-15,2026-01-27,0.18512004209902871,0.3779597558663203,4.242619477911084,2.0093970425120222,0.5734795905560865,1.1575780422870807,0.19679474660255883,1.2539912223422842,3.0376255553722116,2.023069888457453,1.1326605441800188,1.241018627058026,1.1965678299486342,0.9020280883167885,1.4545285636889176,1.6789181442701393,0.5253158426140433,0.36469650590331393,0.500296690427689,0.5862057178317294,0.22263600990921464,2026
2026-02-18,2026-01-28,0.1508950356623967,0.41177740767742027,5.369629089727447,2.102016950123126,0.5313130592994776,1.1712015946793335,0.2919177453910957,1.226591892187634,2.666981904913153,2.104557681402629,1.1280385994942534,1.2885135731095922,1.2218726688257435,1.0058077683098974,1.4333350684065358,1.7069524223984278,0.7708923587441284,0.44138889572915807,0.4021101537913419,0.43269357174758266,0.21649842889757748,2026
2026-02-21,2026-01-29,0.17909656776726268,0.39764900794507924,5.999347236839662,2.063288694658855,0.5713628515528608,1.1654962917866327,0.34520442551260483,1.252406686422999,2.965583001859435,2.070597275164171,1.1270884986283296,1.400140132191261,1.2179896327105193,1.0910613260040334,1.400517001601477,1.7066655127674255,0.6993507143703627,0.4905291813252652,0.5493471971973196,0.5161225484537072,0.6858751987425687,2026
2026-02-24,2026-01-30,0.22300590413402566,0.36504639583343407,5.377076325511576,1.9740517530898245,0.6444834078649921,1.1534204152198755,0.3103451630817669,1.2952672575211632,3.430361065729757,1.9918739297953323,1.153026815806582,1.425101520634127,1.2066366859614777,1.2289829039091844,1.0815265349948473,1.64576464357855,0.5103054421452964,0.5142885490904932,0.6744765457100249,0.5595006467333997,0.8646561179438431,2026
2026-02-27,2026-01-31,0.22767646334757424,0.35953859851994036,4.275806734171287,1.9589763014238173,0.6557199642359123,1.150169771236278,0.1980339687073674,1.300207320107321,3.4791574126430147,1.9785128022020886,1.1100551566044392,1.260258295618399,1.187005706667105,1.138831793602706,0.3965154240603883,1.1866772010810656,0.6467682787970562,0.48544599730832566,0.42953834028535404,0.5759653131371304,0.5601434910105589,2026
2026-03-02,2026-02-01,0.13489082740272712,0.3959054726914439,3.7441317492962165,2.0599244916608495,0.514162614285564,1.1621216155571206,0.15390491745387563,1.217348460306832,2.728001988642033,2.067672412532631,1.0982754774736923,1.2104846448350424,1.0275592437733023,1.2344044413619724,1.4245739111814026,1.6790766725827082,0.7013942624711149,0.38642427280797026,0.5267883591840066,0.8148012365947753,0.7616434135883642,2026
2026-03-05,2026-02-02,0.1310476189630453,0.4901177049953361,3.752324012522604,2.3228359505773213,0.5039408353984186,1.2009868088644313,0.1545979148690418,1.2124696290704335,2.674825806075842,2.2928753755623816,1.1113838854628901,1.2198338670670876,1.2096771837299698,1.2534278431059023,1.3671346774247801,1.70694914272944,0.8729997696571787,0.3925109929203428,0.5067792371768602,0.7889397391178444,0.7837801613036975,2026
2026-03-08,2026-02-03,0.09755417890136216,0.3434799993130035,3.7776712151598137,1.9162534022798283,0.4598477613011273,1.1414473204428437,0.15673725874284078,1.183631246177896,2.2557533366339357,1.9410257337634027,1.1172497855321841,1.220868290426226,1.085599213913817,0.9250521264286584,1.4503888230301916,1.7069524223984278,0.8791604476134997,0.5481141949714727,0.47661114187063364,0.2383544581424713,0.43627262891400564,2026
2026-03-11,2026-02-04,0.1047788693295199,0.3276404909872033,3.8517862497879447,1.8728556817926254,0.4726304948957101,1.1352046036624728,0.16299339216214906,1.191194768613387,2.340569018620487,1.9027346457237093,1.1323855612499134,1.2255490536450682,1.0046300458332391,0.8918331235142324,1.4552592232353818,1.6941467734675986,0.8280850783312749,0.49978053005182194,0.5165490536234628,0.4989501566986412,0.5272329442171582,2026
2026-03-14,2026-02-05,0.10401195268779166,0.33348843877126383,4.149535017962007,1.8888956475590692,0.47079049910328963,1.137515763105421,0.18970473206007563,1.1902545519628183,2.3319934899557344,1.9168959489868667,1.1429666794476943,1.2536723351544588,0.7242109112683164,0.7612294946251489,1.4463346782569735,1.6374378728732595,0.8119396998139804,0.44003884807572563,0.6286962642676868,0.399209296120168,0.5085454188896316,2026
2026-03-17,2026-02-06,0.09856932465989114,0.34002254197114906,4.055696054957821,1.906801689892923,0.4589413339966849,1.1400923273468415,0.18040144628037946,1.1830923029897966,2.2781924906460627,1.9326249423027135,1.133982866248969,1.2387671340988233,0.8570095163649597,1.0833531666609477,1.1335036638435059,1.4720096465028267,0.9232606999485106,0.3796083587307275,0.5612448703586747,0.442452216170432,0.5587031789353453,2026
2026-03-20,2026-02-07,0.09272425421554979,0.3267610032458144,4.411745184732149,1.8704450687939058,0.45076674808500083,1.1348576306265004,0.2134511592106308,1.1782523898259243,2.201122411817356,1.9005024552686964,1.1266766020478536,1.2316494908889293,0.5607742858710499,0.9096065658560057,1.3437280255468893,1.5670097119934827,0.963973847393388,0.2897028031499723,0.6531605016060615,0.6024662740587274,0.8394111000038955,2026
2026-03-23,2026-02-08,0.09436429247110557,0.3419146311426538,4.414389825594545,1.9119300632004173,0.4532681584908946,1.1408178747532367,0.2123673489355091,1.1801409348105663,2.2182822114915073,1.937238238876918,1.1158520588318617,1.2172915160733622,0.47993165034229335,1.1917712179498445,1.4234623102651,1.0202021187250525,0.9616277707562065,0.23878938245431947,0.5974573791041247,0.6153728731050422,0.7977480551065745,2026
2026-03-26,2026-02-09,0.11272811051867741,0.3763002184226289,4.538936102495714,2.0062403854314574,0.48256743580186334,1.154406019083711,0.22552630503625207,1.1972214438339517,2.4455389927531943,2.0203046865337972,1.134987878093269,1.2482647891780716,0.9556663309400493,1.0893801612125362,1.4436685807969822,1.1112787508956865,0.7764806229638571,0.41705519926801515,0.5926265980670232,0.6043823690380891,0.6443793118588503,2026
2026-03-29,2026-02-10,0.12367783533367692,0.38481796791005113,4.150103248721772,2.0295325018195047,0.5014302467650582,1.157746700840289,0.19174740587985323,1.2083689468458252,2.578984904581576,2.0410315908539367,1.1493837524499142,1.2557403219132361,0.9626738770113664,1.1780425928257114,1.4410544891456976,1.4037674299604972,0.31168495306217364,0.3678117681175189,0.6262943903444088,0.5164629532927452,0.4317950155382955,2026
2026-04-01,2026-02-11,0.11680130588125766,0.35862448770982674,3.9983628541291183,1.9577940495796966,0.49073587529689977,1.147433207660463,0.1767655743805169,1.2024972160030274,2.486694443379612,1.9776031209202851,1.146349507624832,1.262781456268778,1.1149522936121614,1.1311168454103948,1.405776905286054,1.5610290290982956,0.7835623396218547,0.35107194148143267,0.5020575791529709,0.42580989424753235,0.662224052817274,2026
2026-04-04,2026-02-12,0.11906049333632922,0.3530521316736352,4.489321662076893,1.9425082309371628,0.49553998541415945,1.1452303259641254,0.218884520804877,1.20478229571679,2.5197105185899735,1.9642026321623711,1.1435276559081866,1.3126531380221749,0.8382691170473525,1.1571077646257033,1.447910942951669,1.5318332190895445,0.6920424099255662,0.2857622625249118,0.32961862808035675,0.49111654143179906,0.6513421833347229,2026
2026-04-07,2026-02-13,0.11097506236516656,0.3630434494773667,3.9474236800847797,1.9698928277350465,0.4815659455817717,1.149171751998398,0.1737522514671554,1.1964769392742696,2.4199201716615475,1.9882752087618139,1.1350889347428288,1.2821414654953078,1.1323552453798171,1.1905362724584867,1.4425217200577862,1.2938534259185095,0.5294961073637589,0.17817694047724655,0.6072167346694209,0.4365113049143927,0.3659997223216982,2026
2026-04-10,2026-02-14,0.10898387855230478,0.38630700173163296,3.819029360831298,2.0336141061462136,0.47795017399086054,1.1583342447374139,0.1602274117413665,1.1944858300177021,2.3939247463444353,2.044509769990506,1.1089052869270823,1.213239567919536,1.1909379670739286,1.1880832293390748,1.1556413889509878,1.5119105187562112,0.5645265294480518,0.1869324055747786,0.4984356145132666,0.6108265811398476,0.5569867051931718,2026
2026-04-13,2026-02-15,0.10512994099621502,0.39870841728182066,3.7465179676479647,2.0676200407442753,0.47325279153782007,1.1632320902828568,0.15410644958915368,1.1915577433851767,2.344724223723203,2.0744338445029036,1.1215451158846845,1.2244025863810486,1.2059679046092855,1.2060285652140676,1.4539796556279088,1.5667795020016984,0.7716211929780101,0.4419603828676208,0.3304720962763667,0.44834547034346894,0.5042482945094314,2026
2026-04-16,2026-02-16,0.11345672805913802,0.41707862012884883,4.1290392834712275,2.1179844446822376,0.48710914449554055,1.1704841696378023,0.18730977664900839,1.199830097683808,2.4532168314095664,2.118887484937189,1.1488911001449102,1.2681150704324609,0.9014617308370984,1.1052878946748461,1.4431247101297053,1.5752491539129376,0.7552589509235857,0.40853955595840624,0.21036992169863292,0.29882897895648375,0.3832069847243547,2026
2026-04-19,2026-02-17,0.1468724559674004,0.42946544568661577,3.895063368120325,2.151937355373928,0.5409396172932828,1.1753715347614424,0.16855508737636007,1.2330843453299272,2.8443268924161877,2.1488399279111823,1.1430453247640935,1.2335843104015387,1.12730135801406,1.1548154089351537,1.4399488618339067,1.4531280965935025,0.8042601764163547,0.41469878066814697,0.8042787214920848,0.562862536911776,0.8920564454752948,2026
2026-04-22,2026-02-18,0.11486174264828812,0.49438393574660594,3.824150654435512,2.3305616189682166,0.4871054227263059,1.201744153515205,0.16066156664314774,1.2001318002451256,2.4649615658590935,2.305762654610856,1.1365258090954984,1.2312265310423458,1.114170166181897,1.0674543291529184,1.425216399167992,1.3761897247113306,0.8675858587295535,0.41158335243837885,0.5887241799443657,0.6758137507031402,0.8597219603600066,2026
2026-04-25,2026-02-19,0.10692124671248791,0.40765921834869173,3.8230243409483857,2.092157036488226,0.4763487333237727,1.1667646061296433,0.16056695351868905,1.1933893394446333,2.3659986251991745,2.0961610226510574,1.1376500826285474,1.2350920854372467,1.2304534497548427,1.2367659127931967,1.3807445693395004,1.6775865557510337,0.2654582017567672,0.25496236640467895,0.4303621255340946,0.48851553301103146,0.3505143025228736,2026
2026-04-28,2026-02-20,0.10107102189877497,0.36667055671824583,3.8356983784672987,1.979801443653887,0.4660582136571041,1.1505907417300474,0.16163589566825057,1.1873612292919766,2.296683341811502,1.997063353685617,1.1358969185494898,1.2282343761167052,1.1069438434088343,1.1148780304341828,1.4552592232353818,1.6693720265483027,0.8365315323025405,0.5143144751436984,0.5430938711494673,0.5627296273529501,0.47367652545824485,2026
2026-05-01,2026-02-21,0.0923001792243922,0.309044730491885,3.78913056769345,1.8218419300747986,0.4510906479504141,1.1278522670222448,0.15770383530373805,1.178442903731555,2.1923640286059243,1.857745365448101,1.115827380545253,1.2084213166958617,1.0322008770154776,0.5746330926008912,1.4478345607483964,1.7043386355535108,0.8446094197151004,0.5913281191392019,0.5442655288681664,0.08439787023831241,0.375260259048289,2026
2026-05-04,2026-02-22,0.0961011997199248,0.3038364683942128,4.130383969569925,1.8075648021175947,0.45765713220292487,1.125796917195478,0.18736734437811992,1.1823285663464533,2.2375040464099625,1.8451839996853985,1.1232005343953753,1.238633723513983,0.6853711287659436,0.3658714729983363,1.4391497061173062,1.6311716162160426,0.7306659241993257,0.5512465965659816,0.3013984763610154,0.20838434958497032,0.39095614821094476,2026
2026-05-07,2026-02-23,0.1165061614188445,0.33371075671694467,4.409574822451733,1.889446798473605,0.49130960910463717,1.13758238098553,0.21218822700085432,1.2022843949215365,2.4831310067511536,1.9174812300357322,1.1360274802996777,1.2497483463815597,0.9947773768333722,0.7350165706213405,1.3770655121868605,1.5737186450718426,0.4851546307686216,0.4336431386242394,0.3555859031134722,0.13860823580672543,0.21096010901955647,2026
2026-05-10,2026-02-24,0.12866283324607675,0.3469566381870541,4.080515406904421,1.925762232109916,0.5116420786775215,1.1428115237353487,0.18259075194009436,1.214700670768798,2.6326381031052675,1.9494898705026478,1.1339930766466821,1.2478353823144908,1.0890600131454935,0.926681098292671,1.445019927465467,1.494689192365009,0.4993300540982626,0.39494591672803697,0.35919743505513735,0.4191166931161749,0.4277788497627019,2026
2026-05-13,2026-02-25,0.1294426410035472,0.3839437907707601,3.8361714719265922,2.0271456097261495,0.5113955235956426,1.1574051432710761,0.1616756535807561,1.2154131647502153,2.6368396670845513,2.038888412055994,1.1469836227478105,1.2279852256844899,1.034295086250346,0.9619494270561895,1.4130099635178393,1.6919309750474827,0.7888552933804561,0.2182965460394233,0.5133705431341691,0.7089681974147062,0.8859992727730276,2026
2026-05-16,2026-02-26,0.11254190078717573,0.3595706416802111,3.8334617942693083,1.960338176702642,0.4860592966480632,1.1477886484094981,0.16144777208385672,1.1991352627410523,2.4327458639297657,1.9799584003550514,1.1608140957772817,1.2304288940601331,1.2227207618603126,1.190851380604883,1.4169920475430733,1.7069524223984278,0.455587035241992,0.16454404012027443,0.4656109361638008,0.8126817810791485,0.8153348868331944,2026
2026-05-19,2026-02-27,0.10214813152479264,0.3666772832194261,3.8204620949688413,1.979821023004419,0.46801246611802966,1.1505938108337166,0.1603495689372199,1.188486496530512,2.3093918180823523,1.9970951592499497,1.1424034266804168,1.2310946827343363,1.2196128870324703,1.244535751477424,1.4395053874971708,1.6906079793230357,0.665631066521941,0.3260879149840391,0.29055657126458795,0.7768473741444691,0.5447912814436138,2026
2026-05-22,2026-02-28,0.09877097433380262,0.33791805355606014,3.7408538945653595,1.9010032130133698,0.46208513441429155,1.1392511166932895,0.15363065454343147,1.1850100358354951,2.2693667922753615,1.9274928002999232,1.1250525058926564,1.2115971148181333,0.960267526803463,0.9891497525253656,1.3132614360810866,1.4220618945145196,0.6472296135212073,0.38545416253830334,0.2300307641226998,0.54729031186861,0.1482929834161562,2026
2026-05-25,2026-12-01,0.1849919505282745,0.45490090171716807,4.027454734409277,2.2600629921869704,0.5344117764987991,1.1669368833973963,0.188280459555133,1.2343402551759344,2.8039699383887715,2.0807368064950853,1.1243497729686451,1.2382841653831966,1.2776273824179951,1.2423279528145474,1.4424198824498398,1.1371349841083755,1.078138074867777,1.1435143958561393,0.9097445097416085,1.5863029440701861,1.1700881296135173,2027
2026-05-28,2026-12-02,0.13983720988216286,0.5505247296242606,3.823542973719865,2.5327292052590877,0.472606510605777,1.2044528749491632,0.16676745215913233,1.1953099669297902,2.345614097204812,2.3022968197873617,1.1368529949668642,1.2279918388936055,1.2778449873824378,1.20843172548167,1.455259268873627,1.7069524386091732,1.166915688831181,1.1602441642549555,0.5353027085325582,1.579556914800998,0.9703119056212482,2027
2026-05-31,2026-12-03,0.1370429569484043,0.43953790204701965,3.9908009365863966,2.2165425856406404,0.47399947744418774,1.1606477236627877,0.1835874968012439,1.1949597445830993,2.318061564295383,2.044600193135436,1.135594838264536,1.2360947144869363,1.210480513284381,1.2411922368573862,1.4466352342296025,1.7069524386749484,1.2039745641987094,1.1972734330491075,0.39066153008130894,1.3991164081364986,0.36030406856295405,2027
2026-06-03,2026-12-04,0.15481045320232584,0.5232600339555504,4.44321748122888,2.4569374553195225,0.4960737448118292,1.1944973830155696,0.2261197339112643,1.2095070604336322,2.49811388925846,2.2358033933097436,1.1344324552995138,1.2306179184456476,1.4019376635239396,1.2479155339846377,1.4375249486793147,1.7069524386749484,1.115839019357076,0.98162585294699,0.6017063019580569,1.6368423496096767,0.3752532447631642,2027
2026-06-06,2026-12-05,0.1325333177058094,0.42529211037888853,4.018211549214894,2.1762170465199038,0.46738792599823253,1.1551012785115138,0.1876394151088384,1.1909643801987255,2.272267371928836,2.010863100799617,1.1379797299043086,1.2198302284920013,0.9553679222305744,1.2422198534679714,1.386889713502484,0.8029635121397467,1.3672612926633096,1.1411557694906609,0.9366628628026868,1.6045210413502613,1.1851453741333393,2027
2026-06-09,2026-12-06,0.14323298870532747,0.46188647190047843,3.882538464131431,2.2798049557672417,0.48110762000539187,1.1693489748758668,0.1722427243976456,1.1992981712600213,2.3803474915237306,2.0969575476665074,1.1356707602831122,1.2208282261085717,1.33401663515268,1.2433438181139738,1.3242606194698279,1.3891440881470851,1.4728992273900272,1.1365867356397246,0.9515316560726763,1.6493754044355655,1.1245187680750584,2027
2026-06-12,2026-12-07,0.15265715159179627,0.4369018583586192,3.9427096620108792,2.2220300617634656,0.49121279725568767,1.162655254913513,0.177825837977951,1.2067879659934473,2.474254043712736,2.0346961494820337,1.1456924352291982,1.2367977396911431,1.1484264198700007,1.1468922369384766,1.4009658342374214,1.2293630483634448,1.4019833678627538,0.647244084201898,0.9486495993105132,1.6143985689516345,1.1025121426455247,2027
2026-06-15,2026-12-08,0.12826224588337842,0.4100358561642042,3.8320367412836562,2.133031409653695,0.4609245411189433,1.1491614688533365,0.16755376842983605,1.1871162314160182,2.2288317788713408,1.9751996494737276,1.1488397301428972,1.2363536142263312,1.445525164181182,0.9291928214726288,1.453735879419105,1.6567760258063513,1.096542130726994,0.7184817468599256,0.32524673231041995,1.619474968249004,0.6946555673478618,2027
2026-06-18,2026-12-09,0.1354911996000811,0.3937739566847322,3.8554518892771856,2.0869946784220854,0.47046033708626867,1.1428290904774203,0.1697299322820438,1.1930058270801627,2.3014502915863595,1.9369758211328079,1.1324587294492523,1.2312749423177571,1.4427834526567966,1.1925765489149227,1.4384156966073804,1.7069524386749484,0.31558727194911246,1.162599086063903,0.4826396656183393,1.5732665823009597,0.5764854318514113,2027
2026-06-21,2026-12-10,0.14145959926545149,0.404197910754947,3.971543278154658,2.1165022122186006,0.4784224318307584,1.14688765394309,0.1821594147500428,1.197844247996011,2.36187429500449,1.9615058357647264,1.1444305019941061,1.2340179768345099,1.4392075240408488,1.1837419412948533,1.447051059374171,1.7069524386749484,1.4364276081026577,1.086081519765564,0.7729384858879709,1.5894592848706781,0.8277022871001484,2027
2026-06-24,2026-12-11,0.1256360615376222,0.3637677714138821,3.978724635758256,2.002057078923446,0.4569645043158599,1.1311467032531948,0.18117272724129369,1.1847552241777408,2.2021366344174442,1.8664251799577194,1.1420282129019261,1.2279260569957984,1.1744759116365002,0.6263536640661047,1.4459522816373922,1.7069524386749484,1.4487595200865393,1.12027225630056,0.8203170589595077,0.657349664816738,0.8227531123299816,2027
2026-06-27,2026-12-12,0.12021198983857252,0.34729667099287725,4.644443861289257,1.9554294378508974,0.448788862990367,1.1247331735178812,0.2440566161669182,1.1798806502208623,2.1470113896450966,1.827594132154536,1.1311425530147963,1.2291248454628803,1.3008795419954933,1.1795773773466758,1.1945451809307004,1.7069524386749484,1.3883740085393117,1.1979129312303933,0.7679270462959069,0.8924746496704774,0.8038571770387276,2027
2026-06-30,2026-12-13,0.12388298422727569,0.3534245588907789,4.280803740215042,1.9727764903272984,0.45431803304643964,1.1271191986489038,0.20921346729022502,1.183179119986729,2.18432713601078,1.8420488327527733,1.137859903569391,1.2535112766707732,1.3826428148952807,0.9567476164619314,0.576199621858334,1.584225906368858,1.3262740309515144,1.0703426578332862,0.8629170458462527,1.3053442487982478,0.8869801719534802,2027
2026-07-03,2026-12-14,0.135241613891605,0.38282830416036334,5.14807334331603,2.0560424142410607,0.47073447715074174,1.1385749145935602,0.2957486048211256,1.1931309142946989,2.2996742926201463,1.9112680306371743,1.1453474204212348,1.4190418299702996,1.1880943087196183,0.7417787351513337,0.9132962373428292,1.7069524386749484,1.2229381302369757,1.0131440561984904,0.7628935842354775,1.3658436344050893,0.791403925145302,2027
2026-07-06,2026-12-15,0.14660501409353788,0.4118318258781896,4.333664461173173,2.138111860970186,0.48459300993192134,1.1498599164494467,0.217634264540935,1.2017733891827247,2.4139484719310964,1.9794860832433439,1.1422742339633536,1.2631421032120633,1.193898135175066,0.9747998502266594,1.4421736295201766,1.7069524380915102,1.1681888558035596,0.6290604807462978,0.5480039967959183,1.2919471989987608,0.5755037804110313,2027
2026-07-09,2026-12-16,0.15580762596842146,0.4061696506778098,4.166359913455871,2.122107344512216,0.49729176267841435,1.1476608894707763,0.2011301699150708,1.2087843901009259,2.506447223966818,1.9661197038313976,1.1482178966894305,1.2483699525401435,1.1240319693376957,1.0565737425925927,1.441852867701093,1.2959236806469152,0.8664924302074385,0.8685487608693103,0.424644867583269,1.0080393276444757,0.7684936475644483,2027
2026-07-12,2026-12-17,0.1892319128058791,0.4087840575630293,3.9390200690850166,2.1294844140312,0.5444264988653936,1.1486732687545045,0.17748716969126466,1.237885040344636,2.8458449328794915,1.9723317157156024,1.1252923441523828,1.2580695606327088,1.2321713254601852,1.1133864605125245,1.1954863297507603,1.6406827721709252,0.6694204525905051,0.8794050509108851,0.7546843078849689,0.5502838304134879,0.859142828870287,2027
2026-07-15,2026-12-18,0.15573215969016357,0.43571401446779107,3.8738111871342937,2.2057386255893334,0.4949379686529919,1.1594814372359508,0.1714342083154611,1.2079178120353924,2.4987384060429116,2.035545731774717,1.137231124278861,1.222411079280711,1.1850643234791813,1.2129538285467019,1.4552592752417446,1.7069524384364425,0.9519969523369326,0.690881811713195,0.5023244794644097,1.3871791101158524,0.776828316635652,2027
2026-07-18,2026-12-19,0.1223349917054304,0.4255615033737426,3.81514120684079,2.1769770518431155,0.45198101836455257,1.1552055621254853,0.1659895007353168,1.1817875178147472,2.168603130479322,2.0115550896864103,1.1360567203070526,1.2129021679754244,1.26275903243893,1.202738449690182,1.4420919226079831,1.706952438490155,0.8236585535128118,1.041707197389218,0.5079391628693318,0.7528401052571575,0.34047458373412,2027
2026-07-21,2026-12-20,0.12691613249574712,0.42343584140592655,3.993682979131042,2.170978831975521,0.45891093843509945,1.1543823830824462,0.18256246399280301,1.1859122766135048,2.2151672675793748,2.006483666673851,1.1357038644492472,1.214560512124444,1.1317983656374335,1.2452168023282286,1.4321311732621906,1.6959558382585596,0.4869065106942482,0.873928048723213,0.5263530047614426,0.5949244547725363,0.5611163893528919,2027
2026-07-24,2026-12-21,0.14034146697018907,0.43311236374817225,3.9950713201565935,2.200133973475987,0.4767054275803858,1.1588488029224315,0.18268887593336822,1.1972177904055092,2.35099524290745,2.029391343991334,1.1300281489749517,1.2395622567652893,0.3359782437076158,1.1890142638423808,1.1596708085766791,0.7432426835341054,0.5098325979883042,1.0874254726102386,0.7574783322529122,0.7302744061196793,0.5367995762076173,2027
2026-07-27,2026-12-22,0.13272606795460246,0.4523438481143795,3.8923943228572973,2.2552660393022084,0.4665628163023954,1.1662131322876115,0.17315903298128563,1.1907991620325855,2.2740804796434455,2.0705274134313942,1.12454313080619,1.2314708175379594,1.1436899591949465,0.8376993057767127,1.443750171205185,1.4301502556836132,1.4275940620666916,1.0115155378133587,0.5359966624649245,0.7979835259979992,0.9584667804099694,2027
2026-07-30,2026-12-23,0.126892695192785,0.4021045691132424,3.8470414896584706,2.110595298629452,0.45887517366163644,1.1460770149578556,0.16894982624799226,1.1858909499098627,2.2149273668485154,1.9563893527692158,1.1278926310755333,1.2176171902139907,1.4411483641071956,1.1341576985214452,1.4463358458346698,1.7069524380038166,1.1873560944594332,0.8462708006333053,0.44880251290466705,1.4097703074577104,0.5310675502961296,2027
2026-08-02,2026-12-24,0.12955371217163558,0.3548580806652705,3.833422561742503,1.9768410362498958,0.46051835770314287,1.1276788887103235,0.167685964193345,1.1872116694686898,2.2406834406639247,1.8451611947484423,1.1277175339049168,1.2006294103927695,1.2245753251879523,1.0113088544162883,1.4513293624851038,1.6876613509671405,0.5611843687149694,0.8526672837312756,0.5400892713428068,1.4451623798560542,0.55725800724308,2027
2026-08-05,2026-12-25,0.10069908452208164,0.31496501943194916,3.8326767196122837,1.8639068501985587,0.4193433509962961,1.112144854745196,0.16761991703040166,1.1623350224089668,1.9487055604213177,1.7510973902196958,1.107069185580781,1.1857478106273285,1.3860101421857154,0.694435781906505,1.4302280662203064,1.7010433968396612,1.198656931199263,0.7453608333661886,0.48863792786228527,0.6656488355049952,0.5334049383356221,2027
2026-08-08,2026-12-26,0.11338399613289236,0.3300196415986864,4.4536601743221205,1.9065226211241875,0.4384551390179763,1.1180063674060652,0.2277063873862385,1.1737333416034614,2.0776337800787354,1.7866449608366965,1.1212677033023006,1.220216173082866,1.423039420692301,0.9470762067879244,1.4335124234459833,1.7069524386749484,1.1441307401469727,1.0715283861807268,0.2505858866384913,1.4037605084069216,0.4736351966713824,2027
2026-08-11,2026-12-27,0.13960588793565926,0.3563761171029876,3.996097971939435,1.98113101480501,0.47514464594016775,1.1282682530510963,0.1827882002718389,1.1957813396260464,2.3433007031525657,1.8486822604533102,1.136246330902546,1.2205307037228352,1.3198911851780954,1.1692575483764367,1.036763076742036,1.3496715612417693,1.16509057925081,0.8937939088467232,0.8974902898656831,1.5240789526613707,1.0232384749592218,2027
2026-08-14,2026-12-28,0.1207762978260823,0.38367982168479414,3.8230171604202337,2.0584259450725195,0.44339382396624727,1.1389001525620412,0.16672128677015352,1.1774118942072713,2.1515847170597606,1.91292613492891,1.1117100252373877,1.2006456382375001,1.2227061184786157,1.1748290358878029,1.4226745773438778,1.7036456620762936,1.1391977797983341,0.8275073590698618,0.7417122079861618,1.12988986884847,0.4480560752872809,2027
2026-08-17,2026-12-29,0.11922437672018905,0.394162504407555,3.8379470152153465,2.0881094529336846,0.4469132466480491,1.1429838593204755,0.16810763663216383,1.178772178769096,2.135416332663583,1.937652815732339,1.1241841465437208,1.2062367601535373,1.1846869263638846,0.7848097857265975,1.4552592752417446,1.706952438074844,1.0757340995020006,0.6485477557397543,0.49486420929841346,1.173725564784605,0.3511306528398314,2027
2026-08-20,2026-12-30,0.12136244508231507,0.3609393724530852,3.8910106927950756,1.9940484162901022,0.4505174420721483,1.1300449550238678,0.1730335677918616,1.1809138806450674,2.158715292991841,1.8595718756467663,1.128284081015837,1.209464804065947,1.3931696851985178,0.4965581309054132,1.4443012086656664,1.6993864738182223,1.1311052843613916,0.7665597234014152,0.6146155300080465,0.8439550773530702,0.5237837839461499,2027
2026-08-23,2026-12-31,0.1164430686226438,0.3584165344503721,3.8888077510491703,1.9869718075709066,0.4420740172022959,1.1290778922882259,0.17387656327324474,1.1758980225459286,2.107830974814268,1.8534772412284115,1.1195449085229543,1.2023754491737428,1.2818098009356929,0.8318172953099702,1.446687412757846,1.5781730131062732,1.1979037242338595,0.9597388619056566,0.7637922043104198,0.9021332972098585,0.825015249956002,2027
2026-08-26,2027-01-01,0.10698888218362455,0.3482154090779848,4.034148528782739,1.9335246703050295,0.4424228388108187,1.1284438583577334,0.17270216544448883,1.1755184023030238,2.0604185753481303,1.8453005123330728,1.1099641737446484,1.217600816665502,0.8207909896050007,0.9480424605225135,1.444883093164383,1.3065821017730688,1.2123530607369941,0.9150673075211825,0.760212367617224,0.9115508902479235,0.673740690331297,2027
2026-08-29,2027-01-02,0.1134454415678786,0.3608028220822522,3.9034477165144734,1.9679778087935613,0.45206207467922876,1.1335060251017013,0.16069046509464718,1.1814995797669543,2.128813997401938,1.8757553587685338,1.1112346165470162,1.2141999908299648,0.9384437287622416,1.08605495109073,1.452292572658971,1.3005294815592934,1.1429506423946474,0.8515792310143586,0.6844457938021403,0.5455438145977668,0.6475874871998913,2027
2026-09-01,2027-01-03,0.12276366648696908,0.376061140659495,3.8888006000484237,2.0097415118336066,0.46804926449371287,1.1396423258872497,0.1594617812317075,1.1907025978142942,2.2274384140226746,1.9125664797122548,1.1330299369832546,1.2128231956716184,1.1484045672722625,1.1550763039363552,1.3881592180793845,1.4355462720228938,0.731403172086777,0.9088321869097604,0.48468851809177466,0.7674718209330709,0.7898510191626462,2027
2026-09-04,2027-01-04,0.12952037971764696,0.39184537401087355,3.9487010450411266,2.0529446992887035,0.47046447372082156,1.1459901292085601,0.16449776469766808,1.1923928755268214,2.3024025094350273,1.9507586582470666,1.1232298327380341,1.2195929413716833,0.8879760488871162,0.5303830023707663,1.339619834909699,1.4446955552700145,0.5483185376369263,0.7814937506777562,0.7720885762841159,1.3254166177463615,0.8652288934498465,2027
2026-09-07,2027-01-05,0.14525940955260008,0.41734572389074537,3.979654405439393,2.1227543994312885,0.5012361672494704,1.1562506284491483,0.16710117442249592,1.2109408732011004,2.466401090108592,2.0122505774486665,1.1292270957446469,1.2191927800655997,1.3826773355225432,0.9597116690560915,1.454619487773999,1.4268734004509787,0.5095081347790916,0.5487722206496335,0.7681089982823408,0.5473141459223694,0.8218010784002742,2027
2026-09-10,2027-01-06,0.12337527984269421,0.44015921939532926,3.9431853458289265,2.1872348788637144,0.4664014296873501,1.16639201627598,0.1641721255100197,1.1897326133024149,2.2348958230460774,2.0665949152165934,1.1248977463219976,1.2187628506306436,1.0963932151946174,0.9394065247354224,1.4552592752417446,1.6324774179778614,1.2892059437129735,0.8380212070072756,0.7612248261820787,1.0535566563613847,0.7349905737219027,2027
2026-09-13,2027-01-07,0.1210892417378454,0.37582741054106344,4.062437134786857,2.00915920922402,0.465402654787475,1.139572591672473,0.1742178050699775,1.1891353252688495,2.2096348861722594,1.912051003550098,1.1248611075791506,1.2262641644598757,1.1419132506574021,0.6766024515847405,1.4552592752417446,1.6817022149284833,1.2712202235905372,0.9254642056926544,0.7446679236897988,0.5946935758529412,0.6658550802430182,2027
2026-09-16,2027-01-08,0.1168709146311142,0.34343827452330483,4.534354845005492,1.9204833462966207,0.458532340892162,1.1265371327882205,0.2162654765368985,1.185063896171504,2.164996536723846,1.8339270984486538,1.1253917841515357,1.2406080742134864,1.3124822300061727,0.4846205239571081,1.4409557513491682,1.7069524386749484,1.2743994593011527,1.0058724358304063,0.6695369013066059,0.38342814546182163,0.6336703718335213,2027
2026-09-19,2027-01-09,0.11780695230278938,0.32507366598114545,4.833754121327628,1.8701831664698432,0.46005971118481614,1.1191371516128639,0.24120081648856637,1.1859651104396598,2.174894660182108,1.7895740200344363,1.1257097813541528,1.2531401485918587,1.3819831729556138,0.5541876907843666,1.4374489002220658,1.7069524386749484,0.8923765441930804,1.0889494596907499,0.627312304451947,0.7795104555937559,0.341861663540474,2027
2026-09-22,2027-01-10,0.13056687726238358,0.33872209379221235,5.217469389871055,1.9075404232301505,0.4792364038172283,1.1246260171657727,0.2735272716581494,1.1978192366174991,2.3100464586845835,1.8224775644583846,1.12581505881997,1.2923875921521164,1.4370807699722057,0.9236729670086645,1.4247675536910875,1.7069524386749484,0.8914964316705707,1.0578427420845915,0.35589150001665043,0.2350996347995258,0.41745946609583584,2027
2026-09-25,2027-01-11,0.1490441912883077,0.3582372168673705,4.921618337310249,1.960955460444941,0.5073658201333554,1.1324742385856563,0.2626753264284418,1.2144805025243797,2.5064206137844174,1.869709716565116,1.1444028316243142,1.4341305000715083,1.4412972295459063,1.0031529483663242,1.255486183849153,1.7007794123396598,0.6835449226039328,0.9940904431033432,0.8293628441147718,1.29306383015607,0.8906209052071835,2027
2026-09-28,2027-01-12,0.16791153710360562,0.37201520445610997,4.2396181406218165,1.9986673303350493,0.535177226603267,1.138015208130379,0.19090815983354503,1.231001459584295,2.7061019656617287,1.9030302526654386,1.1232545644371181,1.2519196091698708,1.4300349407893065,1.0141719055570264,1.452631773338235,1.7069524381452426,0.6550533077081128,1.0065062310325845,0.5753296748676378,1.5231772168703648,0.8808036902624025,2027
2026-10-01,2027-01-13,0.16851553713025075,0.3808510692939709,4.059799725454496,2.0228520658325255,0.5363847050212015,1.1415686485242806,0.1738326445397517,1.2315581326239657,2.7123917445102252,1.9243416529902495,1.142666479429558,1.282703862183741,1.4312251433406482,1.2053422435217294,1.3343269095559218,1.6787749902420739,0.6378951765725975,0.9420493588110901,0.7418213132811694,1.0005419685349406,0.8484849598226665,2027
2026-10-04,2027-01-14,0.23091657881778582,0.39795693527189696,3.981803244925522,2.0697403007379,0.6217591662846786,1.1484765120097198,0.16727950927634086,1.2871458981628008,3.3739641491287875,1.9654682238313805,1.1166588124286059,1.232248350947591,1.435974836864636,1.2433948748322439,1.4552592752417446,1.7053814351383103,0.9462452970109929,0.7926097247172199,0.64171169289926,1.4232758234160838,0.6362800365241045,2027
2026-10-07,2027-01-15,0.15815222038537008,0.4096716820393413,3.9278498650117433,2.1019711529298224,0.5208190789084399,1.1535103150965655,0.16274657188547734,1.2226613750487711,2.602902982133603,1.9936682005046817,1.1335644147024475,1.2274997053012606,1.4386853981776018,1.2566942692545742,1.4410389473999707,1.649572432581495,1.367037693465961,0.7015951142257195,0.8252166085516887,1.2793288115812975,1.1926987694128672,2027
2026-10-10,2027-01-16,0.11891767376918662,0.3852680874142634,3.9003673410714974,2.0350049963178876,0.46093394324904424,1.1433716350790477,0.16043753414047107,1.1864935825616456,2.1868034656604642,1.934620595891293,1.1246609254979194,1.2130641941006999,1.4368453876420815,1.2510041864158996,1.453734008962304,1.6241387857541458,1.4347772498580766,0.7966098959982353,0.5575006618540768,1.6385888554851729,1.082284759732264,2027
2026-10-13,2027-01-17,0.1218590904388961,0.3884517689674594,3.838769442040309,2.043656020108159,0.46662235437205657,1.1446253533730877,0.15525950606926914,1.1898642593084774,2.217774537097403,1.942481503004275,1.1344973965008012,1.2109716307270033,1.4342833646789719,1.1052680422028698,1.4070264374331858,1.7069524386749484,0.5608547381014191,0.7316677261891426,0.5048924114108861,1.6317822960420885,0.6500792305027545,2027
2026-10-16,2027-01-18,0.15921015020554435,0.3957277923915608,3.93172606308734,2.0653205534646695,0.5198435507106948,1.1485666178196365,0.16307222234397264,1.2219867990693105,2.6154705262627864,1.9563221044396555,1.1359624595950284,1.2296385327308674,1.2933034904809473,0.8736516187976202,1.4552592752417446,1.7069524386749484,0.6899481585200661,0.807231100331965,0.6585342567608611,1.6042380207934583,1.0204432150935048,2027
2026-10-19,2027-01-19,0.13002062374668355,0.4089026226598936,4.081133222230923,2.099632266859018,0.4774621161032432,1.1528498895170238,0.1756987248515333,1.1966882019170795,2.3047496718370666,1.9920280633600593,1.1431004245321867,1.2273790413524275,1.4406791283413576,1.16322681773343,1.4552592752417446,1.704135395798132,1.3082210422278822,0.8527971767199853,0.5376304170434637,1.5139883863286743,0.7133845987174886,2027
2026-10-22,2027-01-20,0.12352666912306713,0.36789651352693714,4.4918128020375665,1.9873940180782945,0.46899732255355503,1.1363588311498398,0.21297635412096294,1.1912737492281786,2.235566823938501,1.8930733830982973,1.1195712019831272,1.2397281078703242,1.3830295082933737,1.0831394828295926,1.4371775675341454,1.7069524386749484,1.2719484527410487,1.27572515866017,0.4498931629900905,0.40735000946483396,0.48381140312246823,2027
2026-10-25,2027-01-21,0.14093247982329782,0.3661495337468795,4.80823303179952,1.9826123469306438,0.4954672789317166,1.1356562641298575,0.23913166181395334,1.2074365639889357,2.4205745683607125,1.8888812065513862,1.1410412542281645,1.2922419991097749,1.4206806851705982,1.043758662144827,1.4379815744819435,1.7069524386749484,0.9186759271040577,1.1771325342787535,0.5851367144325105,0.8384327689546827,0.4284610201942216,2027
2026-10-28,2027-01-22,0.17582969271245913,0.363129875974779,4.616065992596205,1.9743472080102915,0.5484001616794855,1.1344418754372538,0.22309248023111133,1.238852386844521,2.789870931673355,1.8815481352620747,1.1321241332738137,1.254122313828442,1.4006066113318831,1.216350376293835,1.4482671859338765,1.7069524386646935,0.750100168604251,0.8561306148494504,0.5038371551996342,1.433020109648816,0.41090892789068434,2027
2026-10-31,2027-01-23,0.174943031742557,0.35685245841322616,5.254498686367328,1.9571652295063995,0.5482684762162653,1.1319173428984022,0.2767045346753662,1.2387292583557397,2.7804465100129496,1.8662481940843132,1.1278518780952393,1.265066350534045,1.4366152708411024,1.1535475605033474,1.410302824092643,1.7069524386749484,0.5341007789010782,1.0928282634473558,0.6059592501681799,0.7632957583418494,0.2971134001152826,2027
2026-11-03,2027-01-24,0.1860866834644021,0.36524223441803866,6.006390606166656,1.9801289746164272,0.5615180521448844,1.135291383711528,0.3408267722151631,1.2480201779653584,2.8988282763781026,1.886463174174089,1.134546346696153,1.3434340998568584,1.4031874875909733,1.184574500592497,1.2290431005537237,1.55724037415899,0.5261115686885668,0.9379048246180636,0.6837994858223668,1.24792821078727,0.8035099349441713,2027
2026-11-06,2027-01-25,0.23965175289664925,0.38461756829134514,4.863731213091894,2.0331613921871394,0.6417069145998353,1.1430833874867161,0.2484421534217795,1.2970563155447603,3.4667218370687056,1.9333079959351078,1.140011158703952,1.410768971478987,1.4094476869540022,1.1472327635985264,0.8606732126893261,1.1136859322484625,0.9580364029336789,0.948028213273969,0.7408979921804647,1.3350032409135024,0.8455282079987184,2027
2026-11-09,2027-01-26,0.20103781731585135,0.39751151407732005,4.049826625480844,2.068453549662401,0.5891939694776003,1.1482688297175518,0.17299498204743557,1.2640937116987756,3.0568806013607137,1.9643294034408991,1.1168485251723814,1.2333509421922297,0.981562871482996,1.2322721595341424,1.3122236856517278,1.3924045589948435,1.1891240975240829,0.9587513601821658,0.4778869503664344,1.4109735204722538,0.7472864863974983,2027
2026-11-12,2027-01-27,0.14076317147066703,0.44194449512729567,4.070755584722738,2.191125863627521,0.48999698324982266,1.1665833900537916,0.17476237670207187,1.2052358145002153,2.418767427027971,2.0693958907495897,1.135451622926632,1.2399227049714852,1.2380809469899166,1.1790168174172775,1.3788932379574221,1.7069524386749484,1.4373219982569931,0.9338570595200139,0.5253700035266665,1.3305055429180286,1.0371080706994171,2027
2026-11-15,2027-01-28,0.13229738398666346,0.4109079567386669,4.291185943733838,2.1051210874865998,0.4814326242494047,1.1536563566838707,0.19622698332445485,1.1986893893482908,2.329101304384337,1.9968272024250087,1.1404293306349342,1.2393910809719626,0.656873687454733,1.0768632067813608,1.4138036409824606,0.5515007150663622,1.4288464531039595,1.2665522047441904,0.4301282342429294,1.1725506744547338,1.0050599286890698,2027
2026-11-18,2027-01-29,0.12808966777136283,0.39172090170808144,4.154628626939269,2.052627144071284,0.47373963465349134,1.1459498451157308,0.18213803019648914,1.1942332595977805,2.284347878904707,1.9504582091572957,1.1448117607356512,1.2521129755510225,0.566537204987448,1.0669895040750061,1.4494322134209825,0.7613481347376894,1.283466988213239,1.1701241598968641,0.5870968949872278,1.5932064987921268,0.9403221409052868,2027
2026-11-21,2027-01-30,0.14071979388768224,0.38437834235779317,3.9417771435967226,2.032547673783352,0.49521323980413223,1.1430045255398484,0.16391413018862816,1.2071548186502647,2.4181428288431075,1.9325400925357423,1.1138422293480688,1.2115312153880626,1.1655037335189915,1.1390589155618196,1.4312782577235403,1.7069524379714633,0.8561415803977636,1.1514502362420433,0.5652866232649334,1.5256247324604149,0.5049863400022238,2027
2026-11-24,2027-01-31,0.12599730674321302,0.39288303018707643,3.9902277774342254,2.055838253594528,0.47163979028362635,1.1464299791927863,0.16798664033354305,1.1930295124268533,2.2620383489366773,1.9530371905638566,1.1216623850665757,1.2133219717083923,1.3500578746726013,1.1284065086299886,1.3722934579370296,1.6892542297732736,1.0845512580116787,0.970929683185368,0.5515168597235769,0.8834269001872519,0.4437120971984216,2027
2026-11-27,2027-02-01,0.13423959290291215,0.40176080894981675,4.007782068293452,2.081342980646733,0.4926956247232933,1.1475879031511964,0.17011106160602169,1.2072898625666468,2.538717433162704,1.9759651602221058,1.1334949735616444,1.2273774294307251,1.1340323599502569,1.06992803642644,1.445890583491108,1.2247979890464298,1.0356569661444603,1.064162482274685,0.7144338616799147,1.2344487175137095,0.6608161016204933,2027
2026-11-30,2027-02-02,0.11474493257618458,0.3884805541217164,4.0023055170523065,2.0449404423093434,0.466425281772348,1.1423477718287076,0.16962359184136624,1.1897052188753607,2.3007977405595463,1.9439704741383883,1.1357813004776671,1.2277239031571554,1.3896357053010333,1.029121908571579,1.4552592752417446,1.7069524384529189,0.9654743222823056,0.7142051463417441,0.6756406428148256,1.0717786747094422,0.6422066477546134,2027
2026-12-03,2027-02-03,0.11576339063112569,0.3849835749356421,4.095266305489975,2.0353548676675164,0.46887963434348434,1.140967931430987,0.17747097536271705,1.190982081577221,2.31224927728372,1.9355088346468947,1.13695973893742,1.2363488458758078,1.3784734956181264,1.0207065815691225,1.4422463318824854,1.6610172228931597,0.9690498865009144,1.050921025908146,0.5060705094156402,0.9306375868135257,0.41895881536954865,2027
2026-12-06,2027-02-04,0.13572930250791804,0.4150784393300531,3.996571932430726,2.1178479774493493,0.4987070383206441,1.1528427820870808,0.1715851437404468,1.2095487128458966,2.5575401168359964,2.0082853349514695,1.1452102881981538,1.2622279118913746,1.2957691093014032,1.2116840425555988,0.7025026716917184,1.0814797488303811,0.9505231015238516,1.0090125793094031,0.8244981995744669,1.013319446497179,0.6967762538203035,2027
2026-12-09,2027-02-05,0.13805145474869956,0.38899321418037475,3.9091463742418298,2.0463509478450685,0.5011138069080893,1.14255201719252,0.1617657207969576,1.2113312080103849,2.5878498799929757,1.9451090173095462,1.1363756668733451,1.2455196831699475,1.1170989940157336,1.1722341852070106,1.3690628808752034,1.1978139687094338,1.151160566820942,0.9454242345273673,0.932531657659891,1.4463567756978883,0.9546922551520136,2027
2026-12-12,2027-02-06,0.11625636582109257,0.4005090626440834,3.9086247417543842,2.077914913672748,0.4691702025404024,1.1470951435145613,0.161718899820383,1.1913276278683078,2.318528383434935,1.9728288042592326,1.107497717809004,1.2127627468150497,0.8178629691626748,1.1926452360921953,1.3343322823729589,1.6048380511691125,1.0860345640080655,0.6322041664570962,0.7872553722081157,1.478116224373417,0.9107387363065279,2027
2026-12-15,2027-02-07,0.11892714055437419,0.45088914407125397,3.862100309423502,2.216031637819256,0.47423439315016114,1.1669815207910657,0.15779380296079176,1.1941498564117166,2.352617811936093,2.0945120775872277,1.1210389076411134,1.2115223509022188,1.3901376398719534,1.0362487599477797,1.3224697835020958,1.6931195529142096,0.94931716248161,0.5798536944609013,0.6330596414891504,1.5949775592579802,0.729539756617204,2027
2026-12-18,2027-02-08,0.11984294418092221,0.41137925415355986,3.921015671851666,2.107722139980618,0.47593039996283903,1.1513883839899166,0.16276397595159425,1.195153248901262,2.3606908749386175,1.9991520305582602,1.1240097038605334,1.2270342572852644,1.3297521561181285,1.0855618725701857,1.4445668908113702,1.6967824449055908,1.0582857767087555,0.9381623120596988,0.6265945978517967,1.1813900600672265,0.6352811551147803,2027
2026-12-21,2027-02-09,0.11759353904391721,0.38371189622233,4.259105628298454,2.031869059015996,0.47162487916942697,1.140466151584919,0.19296052470319822,1.1927392449486482,2.334297520277037,1.9323959525097067,1.1737544718110398,1.244104815359517,1.415934177919585,1.0523588937617985,1.3969936500598525,1.7069524386749484,1.1173175898555476,1.0052222103446278,0.5179855782633375,0.7621008853029334,0.6424706506329012,2027
2026-12-24,2027-02-10,0.11693095973917157,0.3839036819102079,4.922030322461737,2.03241324731661,0.4709093232965067,1.1405487265564593,0.24866391860575102,1.192179152366516,2.326107951816275,1.9328713878177113,1.1419227648607846,1.3005279995442354,1.4117757111581677,0.933501139583221,1.430131875059631,1.7069524386749484,0.9839149805752874,0.9116320115327176,0.48486285776327587,0.6205895297654771,0.5707675922307281,2027
2026-12-27,2027-02-11,0.1315811872581919,0.3860797919831826,4.781491051162364,2.038387062021952,0.49352276423227603,1.141410687108741,0.24537457828677503,1.2056051901673834,2.5054152208927887,1.9381450759604704,1.143061531881335,1.314812459445818,1.4374793804652954,1.0335159798181917,1.0353551463208317,1.6658962195044626,0.6925795710942466,1.0477797807886289,0.836508873620834,1.4954502070026683,0.8366674424879328,2027
2026-12-30,2027-02-12,0.14519654781433666,0.381953313826955,4.036375970222268,2.027074759127231,0.5148250700685433,1.1397820110326686,0.17250046612498146,1.2191242099407893,2.6727616776780785,1.9280886444850782,1.130635449804587,1.2416173180483194,0.8878249164339922,1.0758180475187165,1.4095212453993378,1.203828248630511,1.0160365136639626,0.8943107143313827,0.5296981046971311,1.598763423417335,0.5330379502457492,2027
2027-01-02,2027-02-13,0.10636650975583838,0.39564132841574856,3.901450697552263,2.064575505756885,0.45225196458926264,1.1451757571520558,0.16111051828845868,1.1812682232677116,2.2009454106461117,1.961072834340835,1.1028537278009114,1.2134311782512548,1.0886740179042471,1.2192917276548016,1.4335520116685248,1.6863107924237246,1.1140160934001022,0.8414439127601016,0.47818251833838926,0.9653260821055046,0.5036230760811876,2027
2027-01-05,2027-02-14,0.1086853738644346,0.3764345261906064,3.854449051346867,2.0119372201522427,0.45666505168021987,1.1376006810989518,0.15714365730561033,1.1837501149835858,2.2281868970753145,1.9146363094606582,1.1159488823581423,1.2155790234353965,1.3175641207521092,0.9417631793237867,1.4552592752417446,1.6466873221420315,1.1241607305217283,0.8519277097530308,0.6418679992929366,0.7550807851788676,0.5514004544114589,2027
2027-01-08,2027-02-15,0.11416086683843145,0.4007487906138751,4.383992352158396,2.0785831685507627,0.4656388787436315,1.1471938945714213,0.2029502013032917,1.1891939940417764,2.2971925246476794,1.9735366232599687,1.1342330128703035,1.2462741230855006,1.3992064290575712,1.0130760944599169,1.4484758320934181,1.6999585980748089,1.2029900363323107,0.8607961278881976,0.5246151338417561,0.4281689071851648,0.5321796984844059,2027
2027-01-11,2027-02-16,0.12010074352976584,0.37407576818658866,4.9104016436791955,2.005460956816302,0.47638711949408086,1.1366659794941705,0.25186308087853077,1.195419971919035,2.364258536039755,1.9091425451777853,1.1328987985260168,1.2822246077713304,1.351210556210182,1.071395186845388,1.363713630878459,1.6609322808084326,1.1982186071614638,1.1932127907565455,0.5057140208709402,0.8877796902667535,0.6127029868336881,2027
2027-01-14,2027-02-17,0.11780765066891462,0.3759227054737864,6.073071532626705,2.010525526170346,0.4723493234872793,1.1373954625639626,0.34720327076566476,1.1930549993427109,2.33657502867426,1.913670349624454,1.1263265059166565,1.307017175400219,1.3798700118606053,1.1933090569409173,1.4249375508259112,1.6469342386119736,1.276417725879989,1.1694887812580497,0.6984012134345189,1.0627396232107722,0.609836643038921,2027
2027-01-17,2027-02-18,0.12012641432622083,0.38168860693946677,6.178678392103829,2.0263249336257534,0.47636686186986155,1.139668514032963,0.35705369605207826,1.1954285885374119,2.3641024774353916,1.9276108602975588,1.1304830435826707,1.32336701763545,1.3089868515611924,1.0737234307841113,1.439243883020721,1.7069524386749484,1.3245740955367462,1.2031257313257295,0.7479956803129395,1.4299665460990634,0.7120165349938307,2027
2027-01-20,2027-02-19,0.1286638305696196,0.3771807407421715,4.96833787734149,2.013970027314091,0.49038112449734667,1.1378904015087103,0.2671684176184989,1.2037178044436894,2.469831549473038,1.9166652263362316,1.1222241533608623,1.4220072940792996,1.2923399332674215,0.6826000362053275,1.3783195098305738,1.7069524386749484,1.0733805832049548,0.8143326441756548,0.7789787649241539,1.4370496059472682,0.8076104107700501,2027
2027-01-23,2027-02-20,0.12933670942670822,0.3679887596354127,4.244409700346829,1.9887743923020427,0.4907846829552262,1.134263619727468,0.19234577702123934,1.2039541185861633,2.477239993613999,1.8942933154373156,1.1121285914853543,1.253591014766425,1.3189624531644923,0.7863316134706523,1.4370946306647143,1.29788326658559,0.7266379116640891,0.5549867404894143,0.4590580911581542,1.027942857125029,0.3319639324806467,2027
2027-01-26,2027-02-21,0.13670400034633245,0.4217853301554612,3.8984995528258546,2.1362346922385296,0.5024783866316059,1.1554901033753433,0.16086026979584922,1.2113208741327282,2.563843479117396,2.0242761296105662,1.1247446061092905,1.224793391677658,1.3441196447646917,1.2469901708278244,1.4552592749912663,1.5317239340075872,0.5460087476038991,0.8495716498286268,0.593855113211224,0.5582474675471342,0.521019951406447,2027
2027-01-29,2027-02-22,0.14001182877296997,0.5492794614163599,3.9831532204562654,2.4894563556512406,0.5056538062854333,1.2071955946527595,0.16800761725813315,1.2138009234187221,2.610789073756142,2.3245149817799415,1.130602331116166,1.2294224552787518,1.416576854947372,1.2563664019280938,1.4276762209067513,1.6306324870437237,1.0504026593239344,0.730659661947576,0.7593767215682559,1.5685140606008061,0.96964241387554,2027
2027-02-01,2027-02-23,0.1170764020235927,0.5313129235969449,4.002309885766163,2.4415762003564865,0.47104827825062145,1.20061699470515,0.1696281114509806,1.1922758118032104,2.3302088109624073,2.2845812692011926,1.145204920859729,1.2308605084262736,1.2918482495798473,1.2368251266479349,1.4527922814258467,1.7069524386749484,1.3172458396172138,0.7765170618814186,0.602154947833025,1.1094503538693958,0.6425157224676293,2027
2027-02-04,2027-02-24,0.11645945256753397,0.4213127114090763,3.936138799621533,2.134943007310751,0.47006174499357867,1.1553050397196283,0.1640428620451841,1.1916882354921043,2.3205654743726747,2.0232964124575323,1.1462940447995904,1.231596815788853,1.1185036058419833,1.1290453690578077,1.4535232880203257,1.5752396288293813,1.2541866090693867,1.0966579482442496,0.6123856567824407,1.1520941423055393,0.28853262938357516,2027
2027-02-07,2027-02-25,0.121632186751516,0.4150647279010519,3.9890113758329657,2.1178135125104305,0.47901806135753433,1.1528385360051623,0.16850535476433148,1.1969766193849103,2.381963736664666,2.0082272994746053,1.1505227368124729,1.2358461294546483,0.9576303553526131,1.034298433771279,1.4515317187057062,1.7069524375782206,0.9015251674891948,0.9639727315959831,0.45022688911786596,1.5804865120078029,0.9329921827700315,2027
2027-02-10,2027-02-26,0.12481052088401824,0.4232196507428239,3.9104480684381415,2.1401651478205768,0.48300853690024614,1.1560556218330529,0.16187171559832964,1.1995765275630976,2.42147465655047,2.027839390256576,1.1514689799192874,1.2300005858454426,1.392798182282181,0.9347010148075273,1.437035211842332,1.7069524386749484,0.5454142860912811,0.6910882918349839,0.3829283013312277,1.3997585580171692,0.3570740649047517,2027
2027-02-13,2027-02-27,0.11112489954330178,0.39829270861399896,3.862513897107815,2.0718368758396792,0.46085200378759594,1.1462195745119612,0.15782353357648868,1.1862362824679902,2.257169813832634,1.9674752894575258,1.1245457507250283,1.215651136906174,0.9992549248546575,0.5740484755964458,1.4342475110611963,1.6106341690931933,0.6202659603374585,0.696975998463487,0.337825169691118,0.2725689619606771,0.3034358545029013,2027
2027-02-16,2027-02-28,0.12959199389862447,0.4154059556577164,3.908788636302836,2.1187476071907305,0.49105768347547724,1.1529727166890795,0.16177694468201412,1.20446144778527,2.4782680918535984,2.008817082732028,1.1276052456209604,1.2307351572923424,1.341197110160251,0.7548985273179618,1.4504133525096352,1.6875221811369807,0.30485250587871277,0.5184655903979682,0.39081579076138995,0.3572371909540244,0.558651013824264,2027
2027-02-19,2027-12-01,0.14773620805206067,0.4090140036704633,4.560637906680142,2.103092721992251,0.47689452426080886,1.138487220450043,0.2300287961126393,1.1979772020995547,2.335510251647416,1.9109950988338802,1.1267686280508271,1.264854463542506,1.4734302687651786,1.1277630470624629,1.4521476413927694,2.1963429743361282,0.8558158572209221,0.6444655853022625,0.4381731295739138,1.2748094929176361,0.9163507429385037,2028
2027-02-22,2027-12-02,0.15823159647546675,0.42438642349283134,4.052700858026739,2.1466078705646208,0.4918004575401952,1.1444724171231333,0.18075755995962142,1.206872832030009,2.441302869677255,1.9470380488227437,1.1216731362348344,1.2815896270496574,1.6848547388230004,1.1969086656906784,1.455216561655834,2.311299578682982,0.4999669044022251,0.933232346779167,0.7510167365890804,1.1151417920352047,1.0231343985570251,2028
2027-02-25,2027-12-03,0.14546888743747616,0.4261131435830044,3.912284334836275,2.1514966459216165,0.4718228269034873,1.145144919562588,0.16772057320728323,1.194978362461837,2.3115219565492575,1.9510037440041264,1.103953745424346,1.2264528860510737,1.7047565267975116,1.2112097186620443,1.2899925018972398,2.2771827064657235,0.7404642745331195,0.9919849589117113,0.5951464032761804,1.3915274292937803,0.6585973969265249,2028
2027-02-28,2027-12-04,0.13036250781487768,0.4101491346277146,3.8773153264792364,2.106305140006734,0.45077379634406806,1.1389289860992542,0.16447448664183206,1.1823777687460886,2.158889590953789,1.913172797406399,1.11937626367782,1.212936803823365,1.666980442234798,1.2422244548448609,1.4491215545101126,2.263399971329895,1.896503699212566,0.7635956537737952,0.5020739342329197,1.6213596452637273,0.8359612661460292,2028
2027-03-03,2027-12-05,0.1352764924567007,0.3877671567029584,3.931837643126202,2.0429489426552667,0.45820090311977363,1.1302149020265557,0.169535564648457,1.1868021691361814,2.2088394651968954,1.8605671839707725,1.1224488520144333,1.21342246407905,1.5025045900084044,1.2034500520967029,1.4142979548930696,2.25056571938268,2.2616014675186324,1.5351644162680675,0.5451458050213802,1.0698862677104257,0.5456096946964927,2028
2027-03-06,2027-12-06,0.14129210462776187,0.4110998592196979,3.9775639966622536,2.108997450761171,0.46720043358240954,1.1392993980116182,0.17378131898135862,1.1921888790650734,2.2699839242832147,1.9156587498442894,1.1296131315798426,1.242744375507139,0.9219829001446818,1.1185389771738234,1.433110389714588,2.158381542073081,2.1142410499516906,1.4306755035286816,0.5607600505818978,1.5215954981842692,0.7796705372131185,2028
2027-03-09,2027-12-07,0.1454057856545795,0.4166281785718749,3.977103053730317,2.1246456614538864,0.47333167737686077,1.1414516037324616,0.17373363578499473,1.1958316630143782,2.311785836410363,1.9286877353386431,1.1375076650318081,1.2386432783787487,1.4307417680306636,1.2323690673199992,1.4393573205475376,2.0125981118760805,1.1667858493271763,1.0555940770851202,0.6960275632092098,1.2358798580662074,0.8476572934358982,2028
2027-03-12,2027-12-08,0.1472473212096248,0.39813680326442175,4.039815334492507,2.0723072964462315,0.47396800243153253,1.1342533889769224,0.1795508880607139,1.1965721434409606,2.3297581129807,1.8852078674746116,1.114189528831592,1.240637255666058,1.5483818750015295,1.1841141458667146,1.444340835460431,2.1498901052129966,1.2984024365089548,0.9101979645401846,0.8165655384582736,0.6934052573916896,1.0908178668006292,2028
2027-03-15,2027-12-09,0.1468390272559133,0.4430506783786256,4.045925259318537,2.2022328174295467,0.4753941153173678,1.1523931185341474,0.18011685551720885,1.1970510685281588,2.32622047551222,1.9861008612649826,1.1308479211856834,1.2436070750093278,1.4195266542939922,1.1909314470533927,1.4411009996010038,1.1233193544184823,1.1148718176036148,0.4276934590843228,0.6845592179670886,0.7726510679912751,1.3218798656071498,2028
2027-03-18,2027-12-10,0.1414915529605814,0.41995394466101493,3.976766856033625,2.1377051002630054,0.46753365367318267,1.1436002542196517,0.17370208304904597,1.192362872300409,2.2718324993203254,1.930103575143656,1.137262671606716,1.2270789098134793,1.5136062766909677,1.2304519285284878,1.4552592752417446,2.142434861655435,1.801803214907308,0.6694585794916706,0.4953929045428161,1.1132002294336238,0.7414762686222484,2028
2027-03-21,2027-12-11,0.13013865401238883,0.3869044771523061,3.9921888521488778,2.0405136844041607,0.4504493730005278,1.1298806036035787,0.17513807723478397,1.1821832621386756,2.156630485609485,1.8584538468950123,1.1279500647472742,1.2114215745313743,1.6849083301210195,1.2465097592553387,1.445911923709921,2.2505323724499138,1.718937999479573,1.159609459857085,0.4586062659773025,0.9109940545844802,0.8866574423722483,2028
2027-03-24,2027-12-12,0.13306804608354722,0.39163604799607615,4.61152457562891,2.053899189625998,0.4548750360302981,1.1317208829040044,0.2390143322975301,1.1848205722905416,2.1864234095208097,1.8695679604736708,1.124284776631899,1.2329217784703181,1.695654254014073,1.2398397475756682,1.4443696549475658,2.314507731314729,1.7024686241109281,1.3729261782206887,0.5670702123538703,0.9787930688963629,0.7085287858383295,2028
2027-03-27,2027-12-13,0.14384429591427822,0.3998201242391732,4.057764397367979,2.0776289062991022,0.47114256396150056,1.1350391499830699,0.18122272847517382,1.1945147370306917,2.2959737356554095,1.888035313379006,1.128312443040264,1.2812253741156576,1.7083340916159349,1.199517220058257,0.6995532750198991,2.306736996931052,1.2255330255121342,1.2709019282192153,0.5303603258062145,1.1276622769631843,1.221538763227512,2028
2027-03-30,2027-12-14,0.14778038465216498,0.4123355055021333,4.2011295809563265,2.1125114099810496,0.47626436921491133,1.1397842808542056,0.1945355278794075,1.197798432413289,2.335801049104201,1.9185571256190712,1.1145544979988482,1.2447784909095987,1.6620879921085148,1.2425023024123165,1.4407257931905246,2.2771300572404622,0.8254563193115331,1.0779583808018707,0.33605192126439265,0.7575713121434502,0.39586625562893746,2028
2027-04-02,2027-12-15,0.17081354811022303,0.4262633038425229,4.087135985391675,2.1519349184590535,0.5079189397641697,1.145206477195567,0.18395283003326532,1.2175362387633837,2.5691761068944343,1.9513628220437078,1.1306348969731599,1.2288042412062696,1.4806209087067084,1.2102296200024207,1.3945481310791175,1.4222796104939688,0.9845453365727019,0.8650565936590441,0.48697512875455945,0.8232718181430083,0.5134208935360004,2028
2027-04-05,2027-12-16,0.14747038018878555,0.43351190745918916,4.316288101117241,2.172452577252878,0.4766038260846279,1.1480284213553318,0.20632149382868775,1.1977743467795248,2.3328533231071664,1.9684429925731375,1.1269008074359839,1.2287034733459745,1.5580855423679763,1.2387500122469963,1.4347632999362192,2.315779472670187,1.5760067837771738,0.7422844453294357,0.41704350942877116,0.5930848562314152,0.43508160280030944,2028
2027-04-08,2027-12-17,0.1463011283718545,0.41627513422437784,4.921874988176565,2.12366267241754,0.47449595905635905,1.1413179848088726,0.2644498461368052,1.196513237454031,2.3207550258177436,1.9277838627775183,1.1220087086032562,1.258308780553963,1.6769075998352894,1.2115826096377458,1.441067632863293,2.315779472670187,1.7773953530659754,1.250214939229772,0.6826527571464909,1.2911563343102044,1.1383159180302844,2028
2027-04-11,2027-12-18,0.20273808900067014,0.406744925376123,4.346582705099147,2.096685880718926,0.5532464224691962,1.1376613821955015,0.2080369186081821,1.2452837225293583,2.8914205508268616,1.9049981280440909,1.1198382178394855,1.2372852977993511,1.6118293901300786,1.2243785044580027,1.4479823199191963,2.0910425212058925,1.5535025833651874,1.3071054002602203,0.7307381616434349,1.5141323840120329,1.3224479784639975,2028
2027-04-14,2027-12-19,0.1682184902841633,0.4202529325178807,3.9444963881333837,2.134913752327769,0.4890608116155123,1.1428646212486728,0.17071456286123027,1.2100498191987945,2.5389451619974803,1.9367046868021727,1.1361061920739957,1.2082324159103175,0.8092865820886685,1.2469796119961354,1.4502888485981635,1.860374212217743,2.171028808500532,1.2437012950658521,0.9014782545366957,1.6500709396361868,1.4158887549447665,2028
2027-04-17,2027-12-20,0.19767358519034373,0.47287586389643493,3.9559278439796106,2.286057551133162,0.5420704867349483,1.1641321512156784,0.1717747156286697,1.2388820171475947,2.8355784498946663,2.060814046268842,1.1415622712651403,1.2345045612728218,1.6818040930481997,1.2217328890478043,1.4552592752417446,2.315779472670187,0.676373776796795,1.2383891140054017,0.3824110873767174,1.6474109619465216,1.2533147219077914,2028
2027-04-20,2027-12-21,0.1988893401631009,0.4748087016760612,4.042526542206257,2.294693461249416,0.5452404303446274,1.1653581485586542,0.17981257646294582,1.240291149120056,2.8487351702080552,2.0559852932449543,1.1463583595734592,1.2399799475967586,1.701941673786721,1.2433273569391907,1.4497666739966968,2.315779472670187,0.545051865484833,0.7561470498170793,0.530038476257601,1.6189204728133506,0.7180349980235736,2028
2027-04-23,2027-12-22,0.16455377659738724,0.4554341818684629,4.040734197823782,2.2345102471077123,0.49542548214116255,1.1565641695318556,0.1813821470909403,1.2093016173917157,2.5031505880728684,2.0197302585361663,1.14270106585342,1.2239246955477798,1.5056535372114774,1.2517656770604004,1.4546551035168909,2.2991672726225576,1.0890631449592407,0.5739596876743932,0.5159658106336057,1.5006476575337142,0.5438097572623515,2028
2027-04-26,2027-12-23,0.1585138374404677,0.4444900032039573,4.127443305730309,2.203530972786469,0.4923468364998553,1.1523032616361468,0.1877741562052765,1.2074193847400922,2.444927750795687,1.993862198890238,1.1386809680174306,1.2209860802915955,1.5164586949227006,1.2310539335550024,1.4336677460881788,2.315779471350151,0.9648122248834035,0.7868180804217427,0.5503884905191954,0.2263445213945897,0.5285583728066444,2028
2027-04-29,2027-12-24,0.14991685418123452,0.4127123508125043,4.024999533327543,2.1153737525692886,0.4776259936907364,1.140351579054896,0.17840102123027643,1.1986790793214572,2.3553400778739464,1.9161439492223589,1.1276552549586234,1.2337908632092196,1.6927309421416092,1.140636740527802,1.452565678853137,2.315779472670187,1.1996395879930386,0.8702217687223051,0.6555654479641627,0.9281807320455283,0.6999649025243275,2028
2027-05-02,2027-12-25,0.14496473858920977,0.3515687366080476,3.8005952982413485,1.9404789410957939,0.47284640336016726,1.116120687422592,0.15736204311398075,1.195535989534441,2.307486324477826,1.7747185044452933,1.1125886784256451,1.1970160339398415,1.6335983813577264,1.0150328926598933,1.4528375206553195,2.252347547660827,1.0996772413269786,0.7484274471177454,0.7181052575051433,1.2463539239237411,0.8760980181357995,2028
2027-05-05,2027-12-26,0.13309848981405809,0.37121977117806,3.7827792657226675,1.9961059647403925,0.4517983926037998,1.1237718116092734,0.15570955286520569,1.1829984359483332,2.1810327596491543,1.8211954493428937,1.1279255693430121,1.2047680770264102,1.6763639984090102,0.9205670642706294,1.4552592752417446,2.223213800850602,1.7731237517763345,0.5319086406584406,0.870535735098136,1.3174455606780473,1.3209739804830187,2028
2027-05-08,2027-12-27,0.12751934548753396,0.3776219922468687,3.826353507599201,2.0142290005385046,0.44648369100220053,1.1262645145558285,0.15975209946358732,1.1798311621660176,2.130099749414697,1.836366180924799,1.120967027002414,1.2037036551231537,1.5132962698351011,0.8926811889920194,1.4551958022556883,2.237924912716331,2.3099413044033907,0.8322266767587401,0.8592008245922943,0.8305287973247566,1.3294706293031469,2028
2027-05-11,2027-12-28,0.12437596061546867,0.36449520318599343,3.9053865852780465,1.977070442374151,0.4417703567105891,1.1211536032956402,0.16723037401919896,1.1770123842266078,2.098138761600416,1.8056762625460672,1.1270539343571073,1.2062187850851287,1.5406080994327895,0.834086161708772,1.4552592752417446,2.315779472670187,2.2549530455449402,1.224384626612127,0.8117550190668795,0.4610410371051952,1.0490804720717402,2028
2027-05-14,2027-12-29,0.13104236014829668,0.3709241999567144,4.567919842679749,1.995311446460235,0.4518337327189863,1.1236666072186405,0.23230739317859275,1.1830089650699391,2.165903552595579,1.8208693636240505,1.138914493021023,1.2249555750904952,1.626833302157802,0.8744039343644393,1.4351534909951358,2.315779472670187,1.68248442022382,1.5334267024899844,0.6303358647726933,0.8388483689999685,0.45550515638280353,2028
2027-05-17,2027-12-30,0.1426892476701026,0.3719945612663201,5.180187702507783,1.9982992001306314,0.4675681386850682,1.124073475994304,0.29102812241601006,1.1929050388625702,2.2838595566386584,1.8234786212462377,1.136629440374056,1.2769507494454484,1.6879638833278099,0.8852844654419897,1.4072884369309884,2.315779472670187,1.5437159547870354,1.5433844848109166,0.6148182785083806,0.8589432931148185,0.31184353805214304,2028
2027-05-20,2027-12-31,0.14401920178024175,0.37140213802110417,5.229726680273268,1.9966395050435057,0.4687659051593164,1.1238468688030991,0.29554613344860436,1.1936104896403905,2.2948042198533694,1.8220093345789405,1.1256631874612286,1.3082687174929557,1.6883827615493259,1.1538861708755945,1.430395099432634,2.315779472670187,1.3970826991706424,1.4252894675050405,0.5902411237055012,1.0402399395836457,0.9899429043446352,2028
2027-05-23,2028-01-01,0.13857767931564385,0.36824422068882007,4.470549748255543,1.963802737377188,0.47894713496780406,1.1258807033156037,0.20272777489630092,1.1985043382056537,2.3004453918679246,1.8302283808239537,1.1323301109778343,1.2644741656223863,1.575215357160704,1.0114240298788806,0.7778237348748835,2.3111216522649514,1.0978708191393232,1.0476044068899804,0.2785552601007479,1.125331866102863,0.7605825801747537,2028
2027-05-26,2028-01-02,0.1596601332419293,0.38513037652042154,4.425941801572721,2.01002200913865,0.5079856008754876,1.1326716568681512,0.20117062286313633,1.216080937698323,2.523135403069772,1.8708989148881763,1.1410399509145372,1.2360078168915771,1.6466339993916723,1.2483731126693833,1.445687461575736,1.8307487303906231,1.0642664668300474,0.6982569435211652,0.544710904643155,0.9681351818297134,0.6658778199391474,2028
2027-05-29,2028-01-03,0.15162376663493027,0.41180755251315965,3.9348640975002986,2.083089924489018,0.49744999596093264,1.1434214337121746,0.15680079062844676,1.2099845794315942,2.438017986154187,1.9350453540669155,1.1297122183674648,1.2152436908455837,1.6960977822503729,1.24315093116041,1.4548612622821202,2.271380250386365,2.018998349516376,1.370457241301592,0.6491779470692349,0.6912837373315599,0.8555723466342942,2028
2027-06-01,2028-01-04,0.15623511630343773,0.4547606601597463,3.882552497701965,2.2006077673489397,0.5044359495575234,1.1606742419698834,0.1541849322531973,1.2141316446666517,2.486831295959223,2.0386536645142823,1.1290375272391686,1.2300478701428663,1.6510997006039305,1.2382014917235526,1.4551781044936938,2.268997834994803,2.1045032815118443,0.9305692946694835,0.7960906488778265,0.616822214078274,1.1023834858092305,2028
2027-06-04,2028-01-05,0.14901665365555333,0.4420134697642441,4.000718963922356,2.1657608090115144,0.49531496860834623,1.1555664844039302,0.1624290063811717,1.2085655059182754,2.4109235682054244,2.0078364090491627,1.124707071661384,1.2409964836328289,1.4374645282479803,1.1854961901545138,1.1778725428717782,1.4522138014248744,2.3022363877499474,1.167689552567949,0.8709753867227603,1.2222929147320454,1.2044689810954992,2028
2027-06-07,2028-01-06,0.15264395253194046,0.43911293054909856,4.007746428715032,2.157832504546448,0.4992270938087747,1.1544046319199268,0.16292816964950527,1.21068145334241,2.448619901751547,2.0007600127247205,1.1508607486787907,1.2713537653762828,1.3321661024180216,1.063357300667119,1.3804184184697976,1.4094242841308853,2.336376306972014,1.2138161292130432,0.8130107430737258,1.5689262725286026,0.8338708398799841,2028
2027-06-10,2028-01-07,0.15424595369834077,0.4154001312529045,3.865865806571627,2.0952811133374354,0.5006148156278227,1.1458778167805117,0.15100456599612883,1.2119102179932224,2.4655015726162306,1.9415227347640887,1.1228068573763743,1.2348946226843702,1.3073310718758018,0.9785476255246783,1.095474125893404,1.7814147697960263,1.7502669258032464,1.2334867484280738,0.7383123277315359,1.3160111938526962,0.5282784827189548,2028
2027-06-13,2028-01-08,0.15582850485890698,0.4068093821227095,3.8678053531233716,2.069359829900529,0.5047655689556355,1.1413901076060882,0.15116805338763295,1.2143054465407301,2.4825707530577654,1.92301289738164,1.1236707805361679,1.2164265439786712,1.4117178508749593,1.0127728386380872,1.3896719707844112,2.0705163046129766,1.1885245945524814,1.2432541201807927,0.4088655136325926,1.0854392007074964,0.5051087660890833,2028
2027-06-16,2028-01-09,0.14479862910091817,0.4214245922769089,4.2824382176662485,2.1093632761002876,0.4883737715013456,1.1472677752426024,0.18786255533613402,1.2044108006543672,2.366279558893911,1.9582627511203676,1.1215651915912144,1.2263878071404097,1.4041219544374668,0.9053045441506442,1.4382559525191043,2.1996396480904927,1.8425410073911839,1.3344699662841637,0.3961373165917038,0.760480865257413,0.3438036237006441,2028
2027-06-19,2028-01-10,0.1754578725622215,0.4216311836759043,5.054723646736413,2.1099287363868875,0.5307737477396665,1.147350858213142,0.26238453294251696,1.2302122260410286,2.68956176028336,1.9586989958019048,1.132969073590629,1.2808414278884803,1.4328936104431198,1.1640834497291828,1.3570662170674959,2.3127940602439248,1.7779981973065713,1.5555927161492535,0.7226919032537221,0.7925955673126828,0.7185391667764573,2028
2027-06-22,2028-01-11,0.1589770734568839,0.4082970505974694,6.319587256595499,2.0734317465902823,0.5088707658872305,1.1419883897971534,0.3640320766127811,1.2165808751759875,2.51551110799449,1.9265368413923998,1.130685581720189,1.273328552517249,1.190346835766944,1.090632670643843,1.4380223787068422,2.213159175540514,1.3681697338422452,1.3993824739499257,0.706677605478173,0.7923750209652344,1.0275981697982948,2028
2027-06-25,2028-01-12,0.1499808670153932,0.4153183398748022,4.611988633702125,2.0926497854773594,0.49687395235047316,1.144812078618354,0.21369409480206453,1.2094662670207879,2.421119604053212,1.94362940284868,1.1229793457044719,1.2796482868407566,1.5462705286935172,1.2415839931738049,1.4520269615433385,2.209063145438965,2.145384833109098,1.3998223596304986,0.5545798592265492,0.6998033971746308,1.079651388923415,2028
2027-06-28,2028-01-13,0.15336536034582016,0.41990059720941303,4.274383264928293,2.105230904714473,0.5021220391347385,1.14667160462645,0.18548496642169396,1.2126813561571832,2.4569324224042983,1.954546287669245,1.129365139179635,1.3217042518619948,1.6674971799557152,1.2417477833977937,1.4552592752417446,2.1128932693840143,1.9148107473736238,1.3295390384834962,0.5547511698855333,1.2003569832474745,1.1713214740139948,2028
2027-07-01,2028-01-14,0.15944790223283167,0.41656756118229515,4.136364630125517,2.09606904114338,0.5111614073511623,1.1453144666964075,0.17373205410947717,1.217708956257006,2.520907178298729,1.9466136948226622,1.133765847423252,1.310840252736702,1.457890393869794,1.2057416094015547,1.4359002207269795,1.8781213886114796,1.6545657974942922,1.1489743227244988,0.4336957338950509,1.3806252773596417,0.877536960753866,2028
2027-07-04,2028-01-15,0.15833542177048615,0.42762711666490655,4.248630081940147,2.126340265646684,0.5089352970301491,1.149762188680257,0.18421436627906382,1.216878971825619,2.508990238146203,1.973270747569564,1.1233933888757213,1.2269778999147345,1.5619508214335216,1.2452307308412982,1.448527731340523,2.2908612687345045,1.3124934934981254,1.1903282839457858,0.3792806407276024,0.796042759968125,0.5320338849923122,2028
2027-07-07,2028-01-16,0.1643269262310696,0.4463621952673063,4.050635803895828,2.1776202413110113,0.5191306732118307,1.157296706822237,0.166526329295578,1.2228557845888797,2.5723951678972954,2.0185000465332497,1.1269423463427013,1.2923892851210417,1.674087322387033,1.2482345314608039,1.2251603292617403,2.315779472670187,0.9165607997849473,1.2647742764217997,0.494758263215089,0.5605860648277258,0.5856064755317061,2028
2027-07-10,2028-01-17,0.23423589943116718,0.47210639704833796,4.023746768726429,2.2480849553606497,0.6250033712314755,1.168323305609354,0.1642678544483233,1.287557611075176,3.31131390854089,2.0804190282605672,1.1397526098325734,1.2366666828642305,1.2701579738016462,1.1633924029080558,1.028330400892624,1.642614341825247,1.1265773823076366,1.1885659152171355,0.5043157947971038,0.9368505534352828,0.599879903206831,2028
2027-07-13,2028-01-18,0.15073048426747343,0.4647752559719352,4.098745012343712,2.2280282576220465,0.4926686540262565,1.1647057718397864,0.17057324334714064,1.2078526556536289,2.428705736647287,2.062696700296727,1.1348467283659336,1.2314432251152883,0.7363827453710248,1.04839699783296,1.0178155300030378,2.1698904878444383,1.6393674454208218,1.0291841405285649,0.76726262149452,0.8990665795575706,1.0494266535412204,2028
2027-07-16,2028-01-19,0.13738527517386356,0.4620939697537954,4.432673239361712,2.2206863493033744,0.47758687082289397,1.1636262048666084,0.1987317862880658,1.197707173986294,2.2879012379832204,2.0562691591998723,1.1333812010508375,1.2489358262214263,0.8061246934478676,1.054852775498418,1.447471226142978,2.236933654784995,2.453449095066788,1.2380737359678906,0.8310884054854072,0.7130981314800555,1.3956549075260274,2028
2027-07-19,2028-01-20,0.13699541632846013,0.4150353962594299,5.13942671103189,2.091890668487645,0.47693392622795877,1.1447048659231578,0.26078321046027814,1.1973241035091704,2.2837717357315706,1.9429751877948616,1.1337233771211115,1.2740759146895302,1.5071755642719173,0.7353904329811729,1.4420973372925467,2.315779472670187,2.4569554153105257,1.5983911077650481,0.8653588919264231,0.3370196012136146,1.1433449439356211,2028
2027-07-22,2028-01-21,0.13493051424954927,0.39099392229154023,5.991656967691762,2.0260711823617807,0.47360776312406616,1.1350297463065298,0.33653247810153186,1.1953425227489696,2.2619233483424726,1.8849246662397108,1.1276968357092154,1.2905817062025386,1.6366177719578687,1.0169962988353838,1.1591907346667234,2.315779472670187,2.167666762388178,1.652390842948179,0.8543167159738609,0.4351242578890378,0.8948283113597109,2028
2027-07-25,2028-01-22,0.1322242680289455,0.3764672182501489,4.72902646048113,1.9863099871085144,0.46919976302973776,1.1291876723146868,0.22353798675421416,1.1927308180275176,2.233286790041306,1.850023702967296,1.1245507001169868,1.2976959559884507,1.5618541017768013,1.0427724158640241,0.515868824480259,2.3112049206746805,1.796304897922568,1.508157805296633,0.822615647914686,0.5771133888726139,0.8570351495296098,2028
2027-07-28,2028-01-23,0.13696597371587488,0.38860541341077676,4.051147080316877,2.0195335639917733,0.4766569742490908,1.1340691810982955,0.16657134693664563,1.1971528895418686,2.283404254613851,1.8793084759917207,1.1319558741307483,1.3078279570442273,1.5990846107089842,1.1613896597682032,0.7374011539537324,2.168708941437858,1.5742885258993442,1.3057134428561432,0.6916408681141661,0.6756195199474014,0.6416326425529876,2028
2027-07-31,2028-01-24,0.1468920643387871,0.4158894936923146,4.715264214591869,2.0942190986330615,0.49308597826736533,1.1450443473027394,0.22486252165629905,1.2068852505435812,2.388497404864224,1.9449819580109422,1.1343633535863766,1.4306447923800047,1.4158374824383604,1.1856274175146455,1.1788117524502433,2.3098998269943647,1.4505783663762875,1.0393312779212267,0.45401349698034915,0.44842212931783887,0.7522054797860724,2028
2027-08-03,2028-01-25,0.14795305123320934,0.4220839981385422,4.882608114287754,2.1111787416671834,0.4933162489952305,1.1475375084355368,0.2428323429620727,1.2073349949804368,2.399378568303094,1.9597565158938783,1.1387832484772558,1.4265375607215034,1.0136599159659516,0.8558222116203705,1.3576759545022148,2.183585038163499,1.3552924659625412,0.9123748670107544,0.3079786372294134,0.38983780957840924,0.7968147739044861,2028
2027-08-06,2028-01-26,0.14297174685283304,0.3900946555425345,5.164116787970814,2.0236201261797753,0.4854226760241089,1.1346725332560537,0.26851145361580075,1.2027174972152987,2.3469554683600915,1.8827507589209298,1.1337482419821734,1.3394482113363155,1.2227459829107732,0.753562440522956,1.4157974578547072,2.1220957342193283,1.960086259060189,1.1897603930843288,0.3103469602797334,1.151865401577314,0.8009343883580075,2028
2027-08-09,2028-01-27,0.15697863698100512,0.40761099192821176,6.184117007339702,2.0715589955171136,0.5082979383732571,1.1417146592823488,0.3516027913846031,1.2162535479556853,2.4951749485425525,1.92497838712032,1.128275555695573,1.3538866913790035,1.3752582391218784,0.6106284104692702,1.4255809731673785,1.9159333386635393,1.6990586528691696,0.9033998824972191,0.3956693893294757,1.4675485393170755,0.9639435149770607,2028
2027-08-12,2028-01-28,0.17553344708023916,0.40338266839940123,4.535745349584571,2.059980540702931,0.5359323313377096,1.1400120170333206,0.20729035273608604,1.2325396468826906,2.691049456581248,1.9146929467137452,1.1252872798128393,1.400270575588803,1.4116782300855812,1.0234554029328973,1.4423498418522103,2.0804122328017876,0.8916060891466431,1.2581953861172994,0.6169479205803009,1.216376724679673,0.9815422856873613,2028
2027-08-15,2028-01-29,0.1680765258510637,0.39924065806121295,4.2989465860840905,2.0486943956284467,0.5203767065060344,1.1383681368281602,0.19008297604724234,1.2242448219653477,2.612078556770217,1.9046353178706816,1.1270729730739653,1.2292632223079187,1.2979354452450345,1.0674814543801843,1.4504502938633839,1.9260151169281876,1.3024440442319782,1.3147911967015555,0.7316919285637365,1.0103648436484038,0.8215087063419607,2028
2027-08-18,2028-01-30,0.16837360824452607,0.4233356320090759,4.822937483776247,2.1145939998324508,0.5244123115610153,1.1480363209296036,0.23402970068860546,1.2256160721743123,2.6154162697572056,1.9629064696256187,1.1304933558825256,1.2796610882437252,1.480065675285691,1.1256913963327524,1.4271183251095267,2.053834738481173,1.3070412088089072,1.1136416221038339,0.5549221576196425,0.5235851172947565,0.516605778864847,2028
2027-08-21,2028-01-31,0.23647847627690705,0.4695774474516791,6.033655242013213,2.241215760509318,0.6248396676915569,1.1666556334343272,0.341173822255008,1.287856023332214,3.3351519638223994,2.0742262837825294,1.1384204022712905,1.441895961733482,1.6117452000712822,1.1060868716087673,1.391374358119122,2.2733683892451912,0.8326886846647973,0.7807631815815135,0.42428396911348004,1.1139236569414932,0.2619908887338278,2028
2027-08-24,2028-02-01,0.23823207701236487,0.5821486865843408,4.436830970511366,2.552203384306983,0.6406139563700074,1.2092662134563192,0.19973821092824398,1.301421424452058,3.6747979138774074,2.3463958366399256,1.1406687610399522,1.252597415370279,1.2028556570432554,1.2133303645865514,1.2073270375516052,2.227266767259248,1.0095681678450137,0.6014199898223429,0.8454106612055302,1.5947381484007024,1.456666911189958,2028
2027-08-27,2028-02-02,0.13423698037055576,0.5602373772217919,4.089974199871497,2.504056945043194,0.4786609451134516,1.2046049406908177,0.17046550156449622,1.198355790655683,2.4427985268161976,2.2654252313025163,1.13810706795316,1.2272076447970246,1.1854973586040292,0.9743296149077042,1.4552592752417446,2.2757208825718513,1.3641175587086485,0.5771569581969218,0.822095113046537,1.282530103242885,0.8882877001216697,2028
2027-08-30,2028-02-03,0.12713451320071573,0.42634459710654354,4.094695100515185,2.127073308847704,0.47295067032108196,1.1491604619674278,0.1708570150954352,1.1947161585279702,2.340698311695875,1.966424540679643,1.1330734654431447,1.232815469020923,1.4018174159525039,0.6603344601554956,1.4552592752417446,2.2249075607347684,1.6606501620773508,0.8696978786074275,0.699060710381311,1.3923421746784304,1.2157446838131432,2028
2027-09-02,2028-02-04,0.11905412776005182,0.38557236103289233,4.080142478457461,2.0123657450301877,0.45889518023001935,1.1308023499430027,0.16965302565809431,1.1864245497739752,2.244526589086425,1.8728130023281384,1.1377884273394339,1.2284128938743428,1.6807800568194877,0.9999084412273959,1.4552592752417446,2.307246750379517,2.2585531812588577,1.3625657660198927,0.7234280020672317,0.6474599536587732,0.945685196043495,2028
2027-09-05,2028-02-05,0.11458071528664522,0.368960015853577,4.217732674633119,1.966783024244382,0.4515219890305887,1.1242298301890938,0.18227635917919632,1.182033996105763,2.191005497170321,1.8329377142428434,1.1347296851409658,1.224620544546386,1.6240702565376228,1.2675849936534072,1.4302884465786059,2.2485351344501776,2.314667552205197,1.358003833316222,0.6855256905298496,0.6363428627252208,0.8489013538800158,2028
2027-09-08,2028-02-06,0.11858204703751009,0.37369401669220176,4.654181939221109,1.9797696197064578,0.45843510438493595,1.1261016359529663,0.22004407868519002,1.1861246376884187,2.2385260721191704,1.8443903215210165,1.129907685874717,1.2380233824483362,1.5319855797623496,1.1939926135476997,1.4105368919271413,2.308804291767363,2.3750567857165756,1.3835053534120807,0.7262160553204942,0.6350752182512919,0.9121259620983017,2028
2027-09-11,2028-02-07,0.1239635563467472,0.38089330265683946,5.220533615165385,1.9994990985996939,0.46773010976166174,1.1289406329329452,0.2680147981109066,1.1916255901028343,2.302443894537685,1.8616953017626117,1.1372265074226364,1.2651247686395577,1.586306668584471,1.1978971899317221,1.4272585768873254,2.315779472670187,1.8822486975421908,1.2682017627268576,0.7993911912237248,0.8133578386772085,0.8438378605142988,2028
2027-09-14,2028-02-08,0.127683709360069,0.3928732217412026,4.627044084658621,2.032331568652591,0.47375565860384505,1.1336655184113826,0.23371598230004803,1.195245906206779,2.347010181662125,1.8906912141471282,1.1474111224168895,1.2866398444484235,1.6364836511682606,1.2590843146376731,1.113646848238452,2.314567909652809,1.4507334754042185,1.20115061880842,0.8127214707625632,0.9547078460257254,0.7241819622010807,2028
2027-09-17,2028-02-09,0.15008705161764846,0.40913840232384185,4.1954995221026845,2.0769359581506723,0.5095569424405414,1.1400909509656967,0.17936410382862894,1.216581795743812,2.6178517635333867,1.9298695904761722,1.1425157725612363,1.249693941512312,1.5186670464213425,1.2616834968246844,1.4249925385965998,1.8136933983368246,0.391288509077644,0.8909103508177003,0.48619829116327196,0.6541052879538872,0.5488454209203063,2028
2027-09-20,2028-02-10,0.16273143722394234,0.42602847726299836,4.128955512879713,2.1232218309156536,0.5309818943945143,1.1467510786020074,0.17375989122289176,1.2294704206919655,2.7667269401380805,1.970715471352184,1.1480666175445868,1.2404165398069007,1.6296836539733128,1.245260040791856,1.4552592752417446,2.2867202309575396,1.641993814980733,0.9777963689049063,0.6090105474433454,0.9319071983948611,0.7633240837677222,2028
2027-09-23,2028-02-11,0.1286623311893313,0.411368092998929,4.161616673987779,2.0830324349061264,0.47538282626228356,1.1409649470697518,0.17651479427962777,1.1962955718820518,2.3585130662434475,1.9352180656844955,1.1452838029632313,1.2320427455689453,1.6643600041525193,1.256353982423084,1.4551037095307577,2.288821345557006,2.1809314240956144,1.1584094402779725,0.6823343955218826,0.9120848712402057,1.0687560078236702,2028
2027-09-26,2028-02-12,0.11934192469987993,0.3867626706537935,4.2352533807529165,2.0155849575954985,0.4597560164177558,1.131255558250686,0.18346810847678352,1.1869037760471515,2.2475450359405658,1.8758813594038717,1.1357448340331278,1.2418606202358504,1.5888004008971797,1.2368522122545806,1.4376894882284141,2.2248019954907035,2.0305535148360248,1.5422091429331857,0.6319796284916488,1.023264464046862,0.9374903531741257,2028
2027-09-29,2028-02-13,0.12383325085352682,0.3968492180209458,4.476393707660979,2.0432396557955634,0.46751603213524573,1.1352379482915453,0.2060304786827735,1.1914953673807873,2.3008807323051785,1.90032072653838,1.1354004956190924,1.290574866478846,1.6912721453184307,1.2352270349670005,1.4139865271966592,2.315372462658062,1.7322008639304407,1.5361337364824776,0.44453486992427266,1.29197825793952,1.1987432255249464,2028
2027-10-02,2028-02-14,0.1412215139315977,0.39910394731769233,5.006628729552783,2.049435217749849,0.49528106850314335,1.1361333351779703,0.25529814009884366,1.2080619560577717,2.5126294701871403,1.9057186926911402,1.1518887677622554,1.2921997779588505,1.66230069780941,1.180742926942342,1.4426162157061486,2.214324656629455,1.4809141107956172,1.5025988947073639,0.4843529984643201,0.8159065081403457,0.7204331511000791,2028
2027-10-05,2028-02-15,0.14978849860132465,0.4009804864396271,4.503694228700282,2.0545701575225426,0.5099099879299717,1.136870438840222,0.2171030732826076,1.2166174839711226,2.6139454480927737,1.9102908670094991,1.1709767712895967,1.262565504898876,1.68587770649309,1.025057168236382,0.9046581937297566,2.2950906088824023,1.454678957815538,1.5755653262830085,0.648679494880948,0.6967084353141163,0.4858943499084185,2028
2027-10-08,2028-02-16,0.14989924385190762,0.40429228180153437,4.211546088609523,2.063636825355003,0.5098396446663862,1.1381729374913683,0.18222675993885626,1.2165616822890284,2.6148212568950866,1.9181673016258576,1.1426875515125872,1.2503838037728023,1.677716489112131,1.1180630663952311,0.49454651090206586,1.8557480937141164,1.2920488378712902,1.435417610091565,0.43628085684982587,1.4402923841700943,0.3703298295052938,2028
2027-10-11,2028-02-17,0.20358098735759345,0.42814212740366636,4.116835750395009,2.1290101639869903,0.585349067593315,1.1475830442812476,0.17272690119652628,1.263636192817964,3.2808294854435722,1.975852460429675,1.1436130388268375,1.2493964547842018,1.638717587809087,1.1924404616168132,1.4111907166655442,2.256922176913567,1.1774734072646453,1.0806379010616842,0.6380282045314776,1.6486454018899137,0.7577555797152604,2028
2027-10-14,2028-02-18,0.15285667641138329,0.438347010203535,3.9986800831520966,2.1618897157154144,0.5145565297955988,1.1534647865405265,0.1627501804349658,1.219614079967436,2.653005099597645,1.9893020691166914,1.1687374443982232,1.2264954410834603,1.7026982770399914,1.2177972439726328,1.423214575534066,2.17478925768987,1.9724021232535336,0.9385706368738199,0.5557639599824725,1.645540619451193,0.9862237389293715,2028
2027-10-17,2028-02-19,0.12153567842431552,0.4136043641837554,3.9745963165887743,2.089163244550928,0.4634908174088709,1.1418476991326394,0.16072096588488358,1.1891235738387702,2.2736387556844817,1.9406452054286567,1.1312404566053258,1.2208034362965088,1.5987116499231442,1.206065769474176,1.4552592752417446,2.315323001142862,2.22097452873957,1.3912676631161571,0.49668971326132727,0.9228757098637692,0.409566872023655,2028
2027-10-20,2028-02-20,0.1545970093886876,0.40783655219127396,3.9352084756304655,2.073349227610789,0.5175504957277113,1.1395703775865513,0.15784883850629555,1.2216708377832222,2.669004529238425,1.926804768088925,1.1418760392827254,1.2213464389794197,1.636963745766733,1.0595183602709763,1.1446723935304968,2.246708470992635,1.7977196220733445,0.8888685452047017,0.5967305204843631,1.5916990541117149,0.9284069074411144,2028
2027-10-23,2028-02-21,0.15408445718091762,0.4437859257044893,4.063502808378201,2.1718964204590208,0.5122975209219216,1.153757672945841,0.16822895414992178,1.2189536654605517,2.6805502611481264,2.013605032027536,1.174545240309219,1.232995158555135,1.6457033762547262,1.199016850663062,1.3956264041779554,2.315779472288737,1.5716367599790197,0.936644875539236,0.6717227092171413,1.5700074507905069,0.6151555013902114,2028
2027-10-26,2028-02-22,0.13502372226259884,0.43554256168341604,4.02716312980564,2.149298524697123,0.48679657997919557,1.1505042491674213,0.1657345729627616,1.2029200787130856,2.433931401002697,1.9936385869247173,1.1523691145221249,1.2426414506165706,1.3683878998988843,1.1838109766090117,1.4392932952817652,2.2646326447434286,2.0290275228669614,1.1548187569229365,0.6995137743346663,1.1196641870472819,0.6222026642059019,2028
2027-10-29,2028-02-23,0.14639883572399526,0.43695666659622406,4.613386752325356,2.1531734354263747,0.5041946261409732,1.1510617394185265,0.21512847725669318,1.2138268209754994,2.5704647401239855,1.9970927580720526,1.1413808930827878,1.2950080135678124,1.1397478236534262,1.0389259085550517,1.4161603797205669,2.2695214280514633,1.8243266250850554,1.0008324200761818,0.7123782294721048,1.2498894566960759,0.40542933367654593,2028
2027-11-01,2028-02-24,0.14895483357519934,0.43689151824242206,4.603823636350393,2.152993223770837,0.5107810484111598,1.151035416413886,0.2182947568335878,1.2171043676528197,2.604679672556065,1.9969427742702637,1.1426420711590115,1.2553881234238897,1.0558685005354986,0.8940519532010343,1.4408735685561609,1.471973883610468,1.769434935624983,1.0716070816088377,0.7958077836401196,1.0586192823428981,0.6231887181000493,2028
2027-11-04,2028-02-25,0.13711593930390958,0.4102853306969306,4.358150407105053,2.080063480293319,0.4901500689974254,1.1405373320401944,0.1932334163272673,1.204897696169031,2.4702998314346516,1.9326739716570813,1.1436142988197475,1.2439661655070848,0.9214515480836438,0.7798853267764285,1.4390142966539434,2.0607154321621413,1.8635452077130032,1.1820856529047081,0.8286994604670278,0.9819419791667617,1.0280330225949097,2028
2027-11-07,2028-02-26,0.12524806333768312,0.3975481871273569,4.402115138181882,2.0451490326188697,0.4699345923345825,1.135511266180556,0.1973889174749932,1.192934300309888,2.3176958519221538,1.902033075811189,1.1339526955845924,1.2488822661030108,1.0990629492956816,0.8633832893230885,1.4428853126320345,1.8675495480333655,1.7515642501361277,1.171410726966557,0.6166503046394133,0.841857517037867,0.9535525622055855,2028
2027-11-10,2028-02-27,0.13239653500157783,0.402502552241122,4.243415994437734,2.058726850039058,0.4823071923901514,1.1374651756690648,0.18341137666881846,1.2002485167451222,2.4025709395121613,1.914198219555765,1.1388025520412268,1.2412836485617076,1.3664965615620015,1.045290393917347,1.3257605710511664,1.9937600410211398,1.7521870375536879,1.185757747166126,0.33558134625650116,0.497848357123855,0.6064551308084822,2028
2027-11-13,2028-02-28,0.13845639167222368,0.42514874286144305,4.354277569785062,2.1208028867892406,0.49277674291165974,1.1464011160412821,0.19282812042902125,1.2064434491704559,2.4763040630038704,1.9687068373430323,1.1471973108010998,1.258744741604423,1.2004148391155076,1.157617061864315,1.3445255069506519,1.4476586802034646,2.1292812172495275,1.0606499792628363,0.42572258185545847,1.0752697820811015,0.7705980944223154,2028
2027-11-16,2028-02-29,0.13607308856037775,0.4439128436907685,4.306133937751002,2.1722365441491576,0.48780755245359125,1.1538048169235107,0.18877330927071764,1.203763417571748,2.446766452231139,2.0138904299839773,1.1786342815900428,1.255788453286133,1.0102534552279188,1.2287955900089387,1.3838914144922467,1.4593608010538222,2.2090219542252507,0.6988040857464926,0.31613910641100784,1.2787405692998313,0.5504152722903829,2028
2027-11-19,2028-12-01,0.14804649010449195,0.39769472244117926,4.114926767392252,2.170738573777152,0.46705492224280776,1.1197405212354605,0.18280933498828586,1.19300968573662,2.265631170219465,1.7973738676492421,1.1228890178243907,1.2422478217481843,1.6230162511791653,1.2819198101676301,1.5712396625214053,2.5566283898133424,2.2658905597252237,1.2507363259206596,0.5522199149605865,1.0166650841777245,0.6067788254188247,2029
2027-11-22,2028-12-02,0.1415326037881401,0.3845328788741857,4.371949873631083,2.133480786359888,0.4572248042596485,1.114615961583627,0.20724060509626158,1.1871522591015582,2.1994302689916294,1.7663687753438377,1.1177441219300754,1.2592035303124942,1.6615040681804047,1.2824961313214998,1.5729488199543338,2.5566283898133424,1.9312611541796754,1.3491213790287933,0.38784456497978076,0.9285225597628167,0.4704529510513353,2029
2027-11-25,2028-12-03,0.14481636524398794,0.39887988008948877,4.324321188811435,2.17410124019829,0.46217850492871737,1.12020378351915,0.20886077619149737,1.1901033460629413,2.232787971892791,1.7997486380847079,1.1275003102903542,1.3014858056971188,1.6700317544721532,1.3182912009767465,1.572850732056285,2.5560931502541,1.4774644461058095,1.2828626995909609,0.8165535926561652,0.5859741263946168,1.2016679246961475,2029
2027-11-28,2028-12-04,0.17850628942676716,0.4443109915492894,4.108697464608002,2.302706877667438,0.5050536497411815,1.1378928054298338,0.18183607293669135,1.2167887879799046,2.5709509987554062,1.906634518464395,1.1477219190270884,1.2447672657313056,1.5125314151698277,1.3118620115180155,1.3740289959608445,2.36020873336352,1.7570510726165607,0.9347137221878652,0.6294893859722691,1.8676868239259345,1.7135883544338462,2029
2027-12-01,2028-12-05,0.15460252841820926,0.5125123798175257,4.063055221228628,2.4987046756800506,0.4764973356770768,1.1651339499964855,0.1776025324449006,1.198754786641859,2.332062617392315,2.062237865935343,1.1446742287804963,1.2396670115027864,1.71996770605109,1.3283932873418847,1.3104928429137626,2.5447012931615975,1.6553753821790385,1.0444919709773302,0.5250222662698022,1.4069405984569858,0.645616113515446,2029
2027-12-04,2028-12-06,0.15664356143334512,0.494973791721433,4.130873885597416,2.4465056829959195,0.480012577656014,1.1579784466425955,0.1838873482911424,1.2007335041939193,2.35297777469705,2.0255984608555844,1.1333716574475752,1.2462549925524042,1.067330501743024,1.3244269969334603,1.5906558490048568,2.273429434962812,2.0872800659857833,1.0277476718392384,0.9408950468224826,1.583735946439042,1.8335915785674697,2029
2027-12-07,2028-12-07,0.15109151159561424,0.5057991982862844,4.005515731207971,2.480395341941467,0.4716328047885183,1.1626824771295357,0.17224823020636534,1.1957362678562105,2.2964961721484607,2.050066439563371,1.1510362352435823,1.25041926699587,1.7256869538706203,1.3347305313679916,1.5707766441697197,2.449656111147452,2.664208304406328,1.0741218968741402,0.5658397379453638,1.827838435754654,1.6087355689508036,2029
2027-12-10,2028-12-08,0.1451367163899378,0.43119358690541526,4.045888438643897,2.265565245857621,0.46263597095045156,1.132783293938487,0.17600912021872417,1.1903791799103376,2.23598642487552,1.8761009565211217,1.148258872919103,1.2367572992150841,1.6720392937429598,1.3232006900442697,1.5730079175557978,2.488029808976824,2.053809528072415,1.108840298913115,0.7806459452912382,1.3011080447697798,0.5899275081847127,2029
2027-12-13,2028-12-09,0.1379210715704855,0.415638566653697,4.33815597145658,2.221546604262569,0.45173522624314094,1.1267301371744791,0.20736242980213088,1.1838790436597995,2.1625484503337,1.8395447488826346,1.1150088646353244,1.2242624380809066,1.6592508377273507,1.1279302278814858,1.4505954136958643,2.5566283898133424,2.215604786336416,1.3033140555723846,0.8131735116562123,0.7642860579051679,0.6848087920331957,2029
2027-12-16,2028-12-10,0.15966069361234603,0.4373842219247573,4.0047175061182685,2.2830893407997728,0.48455801123486697,1.1351936158491436,0.17276456273150498,1.203437881012097,2.3835592727058366,1.8904219756328486,1.1408266667777092,1.2290130387501637,1.5970765828372047,1.1359027361134983,1.4406083421418983,1.4676378496625182,2.540776299512093,1.2882310398867227,0.8671782322197213,1.3184762173312026,1.1519319181351875,2029
2027-12-19,2028-12-11,0.1627330320629118,0.4955344184665444,4.066175784812623,2.4477022562166066,0.4792630442244945,1.1578354691473103,0.17789462771364456,1.2002884552261286,2.396638951554281,2.027148060784168,1.1355557816841515,1.2492894428992734,1.409054982610535,1.2978186940704912,1.5678230518627045,2.320673102427776,3.0877178549620927,1.1559206944893505,0.8971579109155373,1.916804726221432,1.8506629506332881,2029
2027-12-22,2028-12-12,0.15451316651130953,0.45876083654431526,4.080650053215585,2.343643638254555,0.4764912382252199,1.1435265565496049,0.17922813045292774,1.1986317990393367,2.33102119870576,1.9408064331931387,1.156556056439793,1.255161128749288,1.6999428139353339,1.2294638345383957,1.502207109253488,2.0194520693731564,1.5269061650167493,0.41147642497989073,0.903381920608048,1.874213797477069,1.7433541864838213,2029
2027-12-25,2028-12-13,0.15165770898601533,0.48017253530407494,3.9705642326023862,2.404228451165535,0.4724847823553316,1.1518570682706963,0.16901421847491305,1.1962503250212881,2.302322889694021,1.991408638289125,1.1512439263312026,1.2579377725683571,1.6872817824117317,1.271379684152505,1.4956638008804626,2.4978324022262095,2.987896418639034,1.1066712747735326,0.7536917259396765,1.7997052993380087,1.739155397870247,2029
2027-12-28,2028-12-14,0.15416758232084815,0.44659109241534006,4.076138496508165,2.3091516291731224,0.4762979942270168,1.1387783081288565,0.17881226250027205,1.1985170155653706,2.327858057400787,1.9123648512580125,1.178589124911145,1.24829619960658,1.7245472882515336,1.3179507145811475,1.589087537556626,2.4485052851552127,1.2710579019476036,0.9882713831470312,0.7212431275007625,1.6692830212612537,1.3746295529439851,2029
2027-12-31,2028-12-15,0.14632884813497954,0.43359762186700473,3.9739587165584425,2.2723704566879004,0.46446556528590455,1.1337193041912133,0.16933153977753546,1.1914663146743965,2.2481791988229594,1.881789117301511,1.1720225486673526,1.232312413123403,1.69844571808163,1.2966717109402528,1.5872663616798026,2.5392827795449455,2.371550137385257,1.0606696230094845,0.7098995322452891,1.308746362087127,0.9881295314097296,2029
2028-01-03,2028-12-16,0.14295495890603505,0.40701613520177854,3.941308962423978,2.197138668970833,0.45937359160871627,1.1233729837971398,0.16630610633915988,1.188432145681059,2.2138880887244508,1.8192121893339817,1.1295693348268734,1.2181157127467133,1.7162571795664479,1.2781341778012925,1.5833277202674676,2.4843219059114787,2.49583184567919,1.5484070705062871,0.7807604295252656,1.0423817098469597,1.3281373027445822,2029
2028-01-06,2028-12-17,0.14494154113117663,0.4054974742693293,4.120880664039081,2.1928261579565245,0.4623833357769596,1.122778520179119,0.1830049386580847,1.1902260217558593,2.2341287297123626,1.8151671144932302,1.1302108075798705,1.2200881216619226,1.6728967301269007,1.117584018328411,1.551490871566076,2.5456544680174624,2.607709116149064,1.5275450588434554,0.8916436216786587,0.7199409550714276,1.247270203067578,2029
2028-01-09,2028-12-18,0.15159016937296854,0.42178432651877723,4.5703097452464085,2.2389817578141074,0.47239767354737916,1.1291318956951313,0.23043016599920862,1.1962005821878807,2.3017205278357045,1.8531630874991665,1.1405220204786732,1.24083832901953,1.7175729792438088,1.1893151025520323,1.4464211025476668,2.5566283898133424,2.5096174286752,1.6019647545927038,0.9300696064414354,0.7705681728895358,1.2222487421656631,2029
2028-01-12,2028-12-19,0.14880106122277253,0.41663381645627856,4.188606436532369,2.2243502808262523,0.4682106235104215,1.127114451857658,0.2031065016514107,1.193698437794975,2.273365904185993,1.8415591571258507,1.1382976247125027,1.2413340411009064,1.712097342855919,1.2956524190531626,1.232795998563322,2.5566283898133424,2.351657765071357,1.6170397100575564,0.7678282183322914,0.8512611898060163,1.2655949812318834,2029
2028-01-15,2028-12-20,0.14845648593870653,0.42292920011680496,4.230296272944745,2.2421708870854697,0.4676869281577972,1.1295655573555259,0.1936920139390661,1.193387011493342,2.2698579158486396,1.8563847966956832,1.1348354652255606,1.247588627838344,1.6613524685111194,1.2934979223617442,1.3932277633618726,1.8006444022773207,2.057923100662667,1.5522489846373004,0.3655828049080444,0.886226685992066,1.02670353034222,2029
2028-01-18,2028-12-21,0.1494114919293144,0.4219943219152275,3.982324952573636,2.239524493569405,0.4691078449890606,1.1292015629360488,0.1701680225878741,1.1942385378404512,2.2795486006430274,1.8541852137135306,1.1331239461397495,1.230167648048942,0.9393095428716549,1.2683986125882214,1.5871488363750774,2.2666020261925612,1.511118862609239,1.4540043035988997,0.43847417964350466,0.659987352301628,0.3507790950181454,2029
2028-01-21,2028-12-22,0.1522389523021362,0.42725408587120745,3.9406997234666146,2.25442571182424,0.4716494710679003,1.131252297945002,0.1663460389497927,1.1957476158560842,2.3051564803862155,1.8664071220463851,1.1265900777759845,1.2315307640751085,1.2959581613639308,1.1499025544979162,1.5896209973880489,2.472824808691781,0.9610665499459358,1.1511018476770079,0.4295354848236178,1.161841638848827,0.4268210471500211,2029
2028-01-24,2028-12-23,0.1599009002058459,0.39679916736114357,3.9613721029763953,2.168206547197025,0.4832769765728022,1.119392552399955,0.1681659989559831,1.2030405891580032,2.3834278173015475,1.794515972338202,1.1249907563944483,1.2168411677814892,1.6285954503629487,0.5572241038494543,1.5874214299184435,2.5566283898133424,0.6547233350371192,0.2293656815737974,0.19728065749648668,1.4827458208976512,0.3901375933981384,2029
2028-01-27,2028-12-24,0.15064498304514135,0.3692581199174792,4.290554261263997,2.09024187349266,0.4696198867214765,1.1086687387848984,0.19881484115900938,1.1949147678467764,2.291700820189452,1.7291705747455621,1.1125823208642323,1.2434541008777884,1.713992673852492,0.8951367083220333,1.5609184866227346,2.5566283898133424,1.4041708167246645,0.9183689314146966,0.4574455217080023,0.8017344366497496,0.5535342231651722,2029
2028-01-30,2028-12-25,0.16361973956392845,0.3915253276512524,5.219563383543651,2.1532746094093795,0.4882826239884217,1.1173384693055208,0.28715091350650174,1.2059797233439844,2.4210352836620226,1.7818559636786753,1.12383988344866,1.2639727724340601,1.7117568686845532,0.9813741417003294,1.5333931435833947,2.5434583537486795,2.1445006217896396,1.444108850504596,0.5254514530140385,0.8160311842422975,0.48297195041495306,2029
2028-02-02,2028-12-26,0.1645742430983822,0.4016561840745108,6.01425743980427,2.181952463725425,0.49048973864141476,1.1212829152381782,0.35952316491059916,1.207387374531608,2.4331640592933654,1.8058473661778804,1.1209221642152012,1.4216703469279381,1.7217164224626247,1.1256968902000495,1.548921099118784,2.5558518450004946,2.367859325544899,1.526742911499506,0.7301679883567532,1.594925074724796,1.604281121155652,2029
2028-02-05,2028-12-27,0.1788715650656264,0.41474346654400346,4.63583615015201,2.218999187904771,0.5083118399224973,1.1263784446835299,0.23076278559804864,1.2178753937733777,2.5758733982714697,1.8368723301631507,1.1171854493440971,1.2647970579559713,1.600388529982385,1.2895612036861084,1.5126752509766532,0.9069924301903884,2.179059828123543,1.1389118219255383,0.8049945936672473,1.8575051504567077,1.7100973036142788,2029
2028-02-08,2028-12-28,0.1498340899070713,0.42216917128853687,3.967312876033642,2.2400867126391777,0.4694067122728834,1.1292853736588166,0.16872235801547988,1.1944213923037703,2.2835666436656634,1.8544816384806861,1.1213885018919543,1.2156492216779462,1.4571969995454317,1.2850095567041941,1.588722244547943,2.501611560258444,2.171681685755126,1.2206989159878123,0.5717527252318586,1.0600457864023252,0.9308153960598464,2029
2028-02-11,2028-12-29,0.14513683141964567,0.4196863732907112,3.9826586807055064,2.2330612071052762,0.4626808721087418,1.1283193165941379,0.170346920984065,1.1904034249193711,2.236125644328659,1.848627554071654,1.1261329487053555,1.2410218924297598,1.5954933100381763,1.2088921310187997,1.5836492811354985,2.3559792937327395,2.5103019775916877,1.3979512666078275,0.6596186791328598,1.3468946134408617,0.5046875217508382,2029
2028-02-14,2028-12-30,0.14136362614591913,0.41068286495560274,4.224469780341808,2.2075798648322493,0.4569509143607429,1.1248150372908228,0.19464671290578558,1.1870003787225842,2.197785998553434,1.8273961598498776,1.1210076633121395,1.256982434356606,1.6659319523446898,1.1364373643837835,1.5790602940145473,2.556503194868288,2.266105267859971,1.3365066398012084,0.5793854429109412,1.305405586020767,0.42658733593450354,2029
2028-02-17,2028-12-31,0.15064413989335962,0.3692581199174792,4.290540220982689,2.09024187349266,0.4696179276847104,1.1086687387848984,0.19881358821652695,1.1949138005017557,2.2916921994981685,1.72916870981557,1.1125821497966268,1.2434443035411653,1.713992673852492,0.8951367083220333,1.5609184866227346,2.5566283898133424,1.5411208079549166,0.9183689314146966,0.44743266256469993,0.8017344366497496,0.5719638640520371,2029
2028-02-20,2029-01-01,0.14756814305873667,0.4163606494737198,4.185591440133755,2.1987347041585927,0.4819407443472126,1.1305421384281698,0.1765257100948685,1.2012857788829214,2.318129355930326,1.8569527061547382,1.1252280931288876,1.2319409966314245,1.4028943730444738,1.279648062707053,1.58361571723114,2.306893862600848,1.5426367103173064,1.210132748265341,0.8063886781588641,1.4165525036368225,1.0745142039291706,2029
2028-02-23,2029-01-02,0.16833741462626062,0.4485285321938302,4.000619149212424,2.286739431126353,0.5126251576911411,1.1434604254069523,0.15863753856112253,1.2198524534158812,2.5364686403263113,1.9344858883332614,1.1447889068419803,1.2266653371817178,1.7094094614796946,1.242509674594601,1.5826101313869452,2.3568604385126504,1.348667519114861,0.8933404019147392,0.6678926184074415,1.0925579711826368,0.9306841819681323,2029
2028-02-26,2029-01-03,0.14775276713766916,0.48297359159321335,4.027289607762723,2.3829571014190574,0.4822404867653872,1.1581546434757202,0.16088217468683563,1.2014250732378895,2.317101599393556,2.0157177062781475,1.1307859851130224,1.228688728858489,1.6259958662031107,1.304370430346559,1.585867135545757,2.4561836227350393,1.879173983664007,0.7872341806490533,0.7776101366172251,0.9904735114107774,1.2413698525660193,2029
2028-02-29,2029-01-04,0.14061330773185277,0.4359486453752048,4.076825142901161,2.2535404394729497,0.47127523228161217,1.1389371394452232,0.16527665911567585,1.1949322057568745,2.244712612882124,1.9036768918438223,1.1344747592107172,1.2229317708490803,1.5890363692812755,0.6931546857453259,1.5866343297945162,2.5468720847076014,2.5767375352436543,1.0634702163899596,0.7926152374717623,0.9275612246960329,1.0405355249164099,2029
2028-03-03,2029-01-05,0.14041864231830675,0.4263691319487816,4.273856803367895,2.226112626450716,0.4709603909024954,1.134560034030167,0.18182409766184027,1.194739518837859,2.2426398706509882,1.88079516892493,1.1289014578505054,1.22851083296197,1.5916398429017042,1.1444752428887355,1.5714799699285127,2.549973342176058,2.7154527935585175,1.3706741980936228,0.7192795438160742,0.8237100528055756,1.233842016581331,2029
2028-03-06,2029-01-06,0.13420151347643372,0.4250184492044063,4.963127559951895,2.2223803652753364,0.4608858473607221,1.1340015124423792,0.24156483666692175,1.1887560785039535,2.1768607654877745,1.8777310868629702,1.12153093425712,1.2493298313270187,1.618744558282648,1.274199857850332,1.5543041597396343,2.5566283898133424,2.580485515421575,1.3158665331247608,0.6446464928099416,1.1666569521964019,1.035405983196431,2029
2028-03-09,2029-01-07,0.1400806093488713,0.43778811661651834,5.085743775309254,2.2573478008426413,0.47045836914681327,1.1391436837892597,0.25192412754239124,1.1944325086363445,2.239079895776328,1.9085739797151098,1.1301053659383804,1.2902697917685049,1.711548360380798,1.3018843934526612,1.520894170771949,2.5566283898133424,2.200151638780002,1.1559416267478029,0.5833109313242255,1.0352646930264828,0.9293505042706749,2029
2028-03-12,2029-01-08,0.16246656993860903,0.47883120734261736,4.5585452001339934,2.370402452119354,0.5053826686529047,1.1559602967700409,0.20766577713304862,1.215564121233343,2.4757485135387043,2.0058245857861294,1.138020540973746,1.2588223786187838,1.719688217231267,1.1911432203716648,1.538395464886974,2.5543571475137004,1.4094108370583958,0.9660938371528801,0.6315772198391563,1.27175429592585,0.8039087722560292,2029
2028-03-15,2029-01-09,0.15823618288565616,0.4609923736842875,4.586289424126894,2.3208702726172916,0.4981355729181236,1.1484798168127752,0.21010669317937564,1.2113616207683762,2.4309099617143524,1.9644495927027417,1.133399286958054,1.250030016450559,1.7135661967593507,1.1726251606407423,1.5252090173305677,2.553671627857163,2.188137621240697,1.0999735444299212,0.49263961653925964,0.8350589022978103,0.8643465762552444,2029
2028-03-18,2029-01-10,0.16052553768041294,0.4501010295402607,4.717790768648957,2.291038064930845,0.50341771426925,1.1440904498661215,0.22087909816390372,1.2139675441611864,2.4551580183494606,1.9382485636581528,1.134988687895315,1.3133531526983226,1.675995349655397,1.013250753886788,1.5419353047088529,2.5566283898133424,2.1649565073126906,0.9057383904947287,0.2942206385753778,0.9249428512036779,0.7196569173389513,2029
2028-03-21,2029-01-11,0.16614116819208086,0.43713498272151846,5.007723674198046,2.2555473289046954,0.5088811490936851,1.1388754741377183,0.24534936164526902,1.2175828528864618,2.512958585471707,1.907090648847828,1.1428725706043212,1.2834620547393834,1.696990157080932,1.0213471486147754,1.5687013934376806,2.5550191767795396,1.537984790432018,1.1713700346945741,0.5882969575812542,0.6981547602553753,0.6068655249361204,2029
2028-03-24,2029-01-12,0.16071498801446377,0.4174375032624044,5.44360442751592,2.201630479298169,0.5027131340767528,1.1309527513614788,0.2821592676738447,1.2139293026015485,2.457237340894512,1.8594252478473239,1.1430290797412241,1.2848441188734432,1.6206308723969816,0.8420984810780455,1.5330550669030256,2.553134925750206,1.8396918484949663,1.3094204508556488,0.6689672858724548,0.8435200540859593,0.6323698094273547,2029
2028-03-27,2029-01-13,0.15441502260545142,0.38988603072245026,4.63198394577768,2.1262190681463977,0.4920146731582943,1.1198726234517238,0.23898673750732424,1.207708918574367,2.3904978957316008,1.7930717113942372,1.1399346087811144,1.3445048807953677,1.7047617221264517,0.6185435674415193,1.5034884810952889,2.5566283898133424,1.8462189536478053,1.2379657050224833,0.867282873882148,1.7778966908907325,1.6528542764259015,2029
2028-03-30,2029-01-14,0.17746875341520307,0.40894749781415535,4.047509867666189,2.1783923951950666,0.5279585415755066,1.127538402308486,0.16257713536527466,1.2289067475280917,2.6334360635945933,1.8390038070085826,1.1380479400967736,1.2365510313926071,1.7189793974849417,0.7983025813107986,1.543582338708841,2.4571097006339664,1.7139170934485306,1.3497003664950817,0.6140212099407725,1.6413365813531315,1.647778821707218,2029
2028-04-02,2029-01-15,0.17562108074566113,0.42550867408280807,5.032477155871629,2.2237221690188544,0.5248661074491124,1.1341986616144926,0.24778886320030774,1.227082872109571,2.6133967842676125,1.878878034914716,1.1424091528916023,1.2849286071164985,1.7042107995688147,0.7223801049579459,1.4991774451771145,2.1883151607697,2.6520212265796697,1.4144838388939136,0.5864541276807675,1.4597835455433368,0.816633974578291,2029
2028-04-05,2029-01-16,0.17825410676287423,0.42948351201851903,4.4802392670269215,2.234601733453758,0.5301720185353612,1.1357971865451857,0.2333684438568367,1.230231503237875,2.6410072539950367,1.8883136029241756,1.1524889236272116,1.4542919350507746,1.710932869551609,0.8735488009707121,1.5175624482209655,2.5557851443061126,2.309920302649448,1.390498752255503,0.8503394055176794,1.503784161949719,1.0926093310607503,2029
2028-04-08,2029-01-17,0.1896827633579769,0.42856458479823084,4.116758053053941,2.232086525187608,0.54544083655632,1.1354276298024373,0.17111885001867702,1.239653440596985,2.760984650623082,1.8860892054965754,1.115439590221004,1.253535115980547,1.3821465263737986,1.1061948680743088,1.0834601534789656,1.07257067981117,1.884735705506844,1.1592935258074017,0.775533974583936,1.761136830757752,1.5768378774124705,2029
2028-04-11,2029-01-18,0.14884143365464125,0.45674477841364397,4.105975306253281,2.309239934324877,0.48467977420580044,1.146769777217484,0.16748718778013855,1.2028786433618026,2.331792135152713,1.954167400290985,1.1427903606820764,1.238172737705135,1.3397174963106357,1.3158264223129674,1.5906558490048568,2.5453496064182057,2.793704797916923,1.1283720299078874,0.7597590120334934,1.4777906484576855,1.224296285393135,2029
2028-04-14,2029-01-19,0.14069443223356692,0.42118053773091274,3.990786541976223,2.211943611081427,0.4714403513491192,1.1324876084510938,0.1577955818761304,1.1950217986938187,2.2455784001904533,1.868450586399129,1.1308838818116194,1.2334242515528049,1.5300187638379565,1.1581905523062466,1.582429599411791,2.5566283898133424,2.7738314176964765,1.5155378192411912,0.6600696281472017,0.4060455580762621,0.9440825188246625,2029
2028-04-17,2029-01-20,0.13772329755896828,0.4138283481750476,4.096237175977392,2.1917518266282094,0.46609856865713656,1.1295012899389474,0.166771451431314,1.1920006219280441,2.2140706045500007,1.8509002975638889,1.1326348087202223,1.2312994707850313,1.6572374864885604,1.2591291957567676,1.5900812124705819,2.5304239253377636,2.4781242601999596,1.4237306153522569,0.8132642251308391,0.43564130852553395,0.9975975590365461,2029
2028-04-20,2029-01-21,0.13880617884051516,0.4370144286546907,4.182877625955394,2.25523131026414,0.46834659517337374,1.138833051285575,0.1740326156627315,1.1931982007953432,2.2256052305213982,1.9070924717117306,1.1338773812867613,1.2312766409209814,1.0722290958608973,1.2926945362036024,1.5896010254006845,2.482519607563798,1.9894801553188362,1.173665597036682,0.6841219061068233,0.6713248842387513,0.8440514481851492,2029
2028-04-23,2029-01-22,0.15273943597639722,0.4761343675885447,4.39814807622668,2.363138945234356,0.4903140632101476,1.1549270073666729,0.19464722572932036,1.2062039660116104,2.37279232209601,1.999308574964716,1.1372363838077733,1.2749811928251202,1.6221257095858181,1.2510238393529005,1.5597898424849803,2.5566283898133424,1.1336857713123945,0.9783899145571688,0.6171889426084689,0.7139974594757996,0.5880236062844412,2029
2028-04-26,2029-01-23,0.17429687632357227,0.48264891403644,4.3284245009527815,2.380535420265101,0.5231914408276649,1.1578667539885128,0.18791068560942567,1.2261586005664058,2.5973924124589436,2.0159711917996486,1.1381557801307067,1.2436125634862951,1.5787084633067956,1.2489179862160151,1.5902960266208308,1.983609752457194,0.9890140229660399,0.7889988877517723,0.5980319480631043,0.24793673593496898,0.3134751047663797,2029
2028-04-29,2029-01-24,0.18177513656206445,0.4945944013662357,4.163555831314633,2.413130825318426,0.5369439430251923,1.1631321147130134,0.17353670966915744,1.2342347186107077,2.6800862954955544,2.045577491298805,1.1294589373937733,1.2871339972868225,1.7180511914474486,1.308435646630419,1.590655848733486,2.5565712631982183,1.408123622290909,0.7538195069094311,0.6089282006372986,1.6567798275691286,0.9929321285683853,2029
2028-05-02,2029-01-25,0.14884089764815572,0.45674477841364397,4.105991993263845,2.309239934324877,0.4846789377981468,1.146769777217484,0.1674886774104063,1.2028780973813273,2.3317863733154707,1.9541625219509466,1.1427902189051833,1.2381717738066107,1.3397174963106357,1.3158264223129674,1.5906558490048568,2.5453496064182057,2.793704797916923,1.0517737344943758,0.7597590120334934,1.5777603035714736,1.224296285393135,2029
2028-05-05,2029-01-26,0.18137089241294369,0.5038689839946469,4.096963531362146,2.4382106048356995,0.5331267449744024,1.1657154427067282,0.1668007593902515,1.2319994730660633,2.6746060896655317,2.0682419309248874,1.1341568584951522,1.2231995647036393,1.7109557192881444,1.2745495857837112,1.5857067243751723,2.4712738542068267,1.600569897042211,0.9183326203829361,0.5994016691184805,1.6948000658474676,0.7053890278516141,2029
2028-05-08,2029-01-27,0.2000374237179377,0.47152406420858534,4.310735420171826,2.3496713531952693,0.5655475895720172,1.1527042575181494,0.18469925877672388,1.2511236626282245,2.8717402872728917,1.9900023783729184,1.1378033884937704,1.2589296248196264,1.7088313042722558,1.1534910477783713,0.6991506035787999,2.502121756978647,1.406368307503913,1.1006887336277498,0.895817747531935,1.5926947775787355,1.4634452158189741,2029
2028-05-11,2029-01-28,0.18450996147421894,0.4911780229653759,3.98533569702586,2.4034664050761734,0.5381209430865315,1.1606083132674896,0.15735669134016886,1.23506163626995,2.705829529812232,2.037504723439405,1.1297452651828777,1.2258280261063024,0.9711412166795701,1.289928811012477,0.8650996842481933,0.8541486909294981,1.1364841632151172,1.0483061494804775,0.3577203694992869,0.6554318921682817,0.4736910531889904,2029
2028-05-14,2029-01-29,0.17405452770117352,0.5005558346165964,4.082095783438005,2.4291368423397426,0.5094334772754263,1.1647452879353248,0.16553442526318005,1.2190397489984441,2.5945518076154714,2.0599998282938126,1.1369580034011808,1.241631125705556,0.7130077159442607,1.264082419565881,1.5205876843728472,2.286362996589356,1.3811573109519204,0.8536696252949921,0.32660955729774094,0.41024484599710975,0.6292612636792007,2029
2028-05-17,2029-01-30,0.17111998944852197,0.5253342528974307,4.040367278203837,2.4969715490250497,0.5183790151535254,1.1743514688226044,0.162025885756381,1.2231448042437771,2.5658473867149,2.119692477932361,1.1408146711233882,1.2455351744975462,1.5139659530503324,1.0022878903832566,1.5859892947726677,2.5333788635119183,0.9350575023620324,0.8923454383952463,0.4625760282858906,0.7523547261403989,0.48649384483302505,2029
2028-05-20,2029-01-31,0.17675753411804562,0.5266222360220585,3.9415747023625656,2.5011086261775137,0.5266180899203542,1.1756094076847117,0.15367382564407892,1.2280173098350693,2.6251915361397105,2.121044118251908,1.1206164245603327,1.235463741918839,1.7131759739506522,1.025000436751629,1.4319455081018073,2.5548837168726437,0.8348986221579147,0.48669476695214237,0.4987306122407758,1.7667126884953293,0.9553267057637205,2029
2028-05-23,2029-02-01,0.1873800221806805,0.5205076180924717,4.170169368857833,2.48523539100551,0.5631321724671149,1.1699392885445152,0.1735524587992518,1.2493206500240766,2.973845924912986,2.1093785394551556,1.127149796458831,1.241592869643251,1.7086440617361245,1.1623292915089813,1.5122450081421392,1.9366682889752214,2.696597778811554,0.5677247048152805,1.0232971843537308,1.8307087295211444,1.6769767053677227,2029
2028-05-26,2029-02-02,0.15455711385081572,0.6192341293221895,3.993715904872467,2.7558414746583875,0.5070310874756813,1.2084487880904344,0.15992966414289284,1.2161837846672163,2.57855232609311,2.348306144763824,1.1243927796108033,1.2385816741362934,1.6596689916628742,1.1666240714677867,1.425550323400716,1.9272632403571506,2.5738186494332185,0.7730589851319363,1.0230968157923839,1.4793308828631047,1.6114617342869906,2029
2028-05-29,2029-02-03,0.13697674736635373,0.4531420748406036,3.8262137517047328,2.300566113976261,0.4778944925661759,1.1429120791378315,0.14448497277314792,1.1985796602150802,2.369140269042881,1.946979155159745,1.1275733625575457,1.221018040950765,1.7115190467227515,1.0200127977002245,1.5556945127120998,1.6973836375253077,2.3128467301989337,0.6046684852091029,0.4040283109252852,1.809074122943633,1.65186911717366,2029
2028-06-01,2029-02-04,0.145901183258358,0.47441364927188984,3.8979451811565005,2.3594050034280283,0.4923962370772848,1.1515082881554741,0.15053450405453925,1.2074305158638747,2.4756171645811085,1.997395700998811,1.134742687017404,1.2231623815221724,1.7211013732159566,1.1528359835261452,1.590236204451584,2.551065850525434,1.2304294049007358,1.3594483461775535,0.44657382951108177,1.699676611974967,0.6388044079698159,2029
2028-06-04,2029-02-05,0.1710113183273576,0.4839382315664203,4.202031616350785,2.385538346476915,0.532554243298855,1.1552762353411024,0.17623071633999193,1.2311742310658276,2.779437929385761,2.0208821233937893,1.1429553380346613,1.2378912872161911,1.7188021465577101,1.0414686020610775,1.5779499722705772,2.5566283898133424,1.451487461252716,1.4640403740484145,0.6269147942519325,1.7192233660573961,0.6854396654178091,2029
2028-06-07,2029-02-06,0.16251829516358263,0.4653907266898701,4.4520565731419675,2.3341473171205163,0.5185595808319893,1.1477476005716862,0.1989774719661477,1.2228591205610146,2.676865645246549,1.9766819451741175,1.1474975834306655,1.2394618128968828,1.7134866332069745,1.1212470538197528,1.5773837977154,2.5566283898133424,2.3784837959144673,1.4209443657954421,0.5793100704388128,1.2672592355536887,0.8055507711661164,2029
2028-06-10,2029-02-07,0.1528112476649806,0.46082883363602706,4.71330403643662,2.3216479365699545,0.5039263912302695,1.1459495650708418,0.22115821505242086,1.214156294215231,2.5601771404409943,1.9656435289560532,1.1370885284764434,1.2485930113220383,1.653485040318437,1.1415535604659728,1.5738104049619692,2.5551264723314384,2.392538610571467,1.3480064021262337,0.6355063886859625,0.8495390478786167,0.9861910956102172,2029
2028-06-13,2029-02-08,0.1425050054258945,0.4544971355850344,5.308762407365679,2.304304245355448,0.4874484878559694,1.143455836406726,0.27118923778097037,1.2042314602123525,2.434757814365076,1.9501966774538932,1.1499132180113367,1.2773893170486748,1.1535873521978888,0.9912076107932557,1.5432919894441393,2.4738018959725183,2.233266155484677,1.2448510231004486,0.4502376392466686,1.0447464382785254,0.7849857462640747,2029
2028-06-16,2029-02-09,0.16517574322592649,0.45029881395108945,4.314371202085503,2.293492578410797,0.5216849833971577,1.142065132271964,0.18569221287635976,1.2247202997765687,2.708799571747206,1.9382830013849042,1.145681609234246,1.2854989627840767,1.7130302129740973,1.319044416170822,1.5786764464896526,2.5426674275307724,0.6966700927541973,0.9136437181081494,0.61568630116905,0.938686716919341,1.1040206312930814,2029
2028-06-19,2029-02-10,0.17764341184747223,0.4714638107081203,4.028566531150144,2.350810820977282,0.5430751463124076,1.1501502452430592,0.1615731640127758,1.2375301193857484,2.8567247524661337,1.9912538828284179,1.1181037825864724,1.2505952882468738,1.7159732671864278,1.3318952521108482,1.5906558490048568,2.499921709304339,2.1261727153171863,1.1784736830767204,0.8634935021169323,0.7926783491597764,1.3024763843303175,2029
2028-06-22,2029-02-11,0.15224244792714509,0.5364269192389131,3.976949708518552,2.5296212144489463,0.5025584226980958,1.1763189601845037,0.15720663691971729,1.213388002989082,2.55426627335566,2.1468076489696815,1.1363873949730081,1.2256809952539158,1.7231333707973637,1.3266265133602115,1.5906558490048568,2.5566283898133424,2.1536234936978893,1.2252511375067987,0.48341243540066925,1.641403288304211,1.3681378241838915,2029
2028-06-25,2029-02-12,0.14153053844571312,0.6277717558711815,4.082390072351233,2.782019090328216,0.48524519646286823,1.2133727027169523,0.16610209273908524,1.203080925337622,2.4242413906688682,2.3674418230538876,1.1250943908728317,1.2397959001884304,1.6074027174174514,1.3292876035791674,1.58413831585061,2.487017240550011,2.4246955492073234,1.2911101750130025,0.6395297574644419,0.9923760842194488,1.0208583518829115,2029
2028-06-28,2029-02-13,0.13682503576315375,0.46225160913305824,4.199385269609646,2.33359312906577,0.47764556091140553,1.149854262245938,0.17710287513777712,1.1984280786185133,2.3673106209433943,1.964748469430282,1.1385779319064557,1.2425862543056267,1.4153215326240964,1.1089255502588844,1.5773571875994221,2.5565354485319154,2.663137598780711,1.3259451843102392,0.5664059317761462,0.5611303892653557,0.6863553774756599,2029
2028-07-01,2029-02-14,0.14873905142328242,0.4515022924357848,5.07358899197949,2.296082142591846,0.4980572172342268,1.1422691909898062,0.250827846075154,1.2105565574891308,2.512489039567428,1.9431078299457687,1.13787055406621,1.2969240294548654,1.703815167096822,1.106655023799136,1.574079927228648,2.5468243864516213,2.5349849957905564,1.496550232840512,0.5964933834602698,1.0656896738272879,0.6227256766816708,2029
2028-07-04,2029-02-15,0.16980677935022298,0.45280684319211767,5.79512201187147,2.299649497857809,0.5303300457206238,1.1427806744520326,0.31848905252995585,1.2300231409661166,2.7627484207427404,1.946109229743808,1.142346078911689,1.4305187930258918,1.710065277575674,1.1911144833841874,1.5424363504451648,2.474378216220522,1.478734110167333,1.5002223418262775,0.5594605102884672,0.8298335363377956,1.1015717542669694,2029
2028-07-07,2029-02-16,0.1749893701422912,0.4456797131704611,4.4151242513560796,2.280112895374746,0.5382476345862253,1.139968291456091,0.19419708125271054,1.2354973850806519,2.8239672246444467,1.9288520987322162,1.1455184870421538,1.385128719202943,1.6886484771458459,1.0840060316157385,1.5862821851673623,2.491529399983745,0.9848364635243754,1.2074885616310993,0.36017016156382997,1.6947752445553093,1.2683940980597437,2029
2028-07-10,2029-02-17,0.16856455356536948,0.45067668991745596,4.131745259465588,2.2940457700914845,0.51015755658302,1.142029972362761,0.17106117897346873,1.219254598139479,2.783746153249605,1.9403356272393961,1.1373447065231082,1.239566967039193,1.6316187926019357,1.120619105405631,1.5906558490048568,2.534275834421544,1.3958325342406295,1.2074849725247967,0.38391475016772103,1.5127109605693743,0.8147740375533407,2029
2028-07-13,2029-02-18,0.16562984117052143,0.45238662534984125,4.407291951361335,2.2984999943081412,0.5247807400071742,1.1426157655237237,0.1942885535678279,1.2263570299871416,2.712539434078792,1.9451206557839484,1.1343680369005198,1.2625804644353376,1.6922105873475939,1.2028212685196675,1.565988225988508,2.5491238218056904,1.8011726877843197,1.2943394328427265,0.43928985338615356,1.7159046507242532,0.5194715208669239,2029
2028-07-16,2029-02-19,0.21803698601678517,0.4572225687434112,5.005212097246313,2.3117527296851694,0.6094305205863999,1.1445227585330682,0.24471005290939987,1.2780667821844345,3.3466739163757593,1.9568298241453692,1.1478734492351803,1.2716972070224755,1.6759533668329454,0.8902654215401944,1.5532885463773605,2.5293143251021415,1.3795795157661987,1.2743965702662698,0.7353278292208323,1.3943271086143962,0.5496245941679765,2029
2028-07-19,2029-02-20,0.17117875225492363,0.45349614635773344,5.305878877713521,2.30154264458797,0.5289898869639472,1.1430540716162234,0.27358737532781763,1.2301986926401332,2.781186328543315,1.947723814770512,1.1377060616102908,1.2530778999116885,1.6464865827857924,0.9538332182390873,1.53093856244956,2.515416462021236,2.5863570054328475,1.1482585209060974,0.885174156962132,1.3844403665284046,1.6047660389259526,2029
2028-07-22,2029-02-21,0.13912787080149652,0.4488863258390185,5.954226111902447,2.288903543583187,0.48152989814792546,1.1412339405128729,0.3267058136388974,1.2007543300302714,2.3947127879102608,1.9365966353126929,1.1794473966864467,1.2845322654316802,1.379950686072181,1.0944860629015338,1.4919542377948563,2.5470726542424162,2.8084928012509716,1.1959602718444293,0.8596434326068539,1.4437586847118566,1.389146981098947,2029
2028-07-25,2029-02-22,0.14025077962549315,0.43304782507206047,6.402440351092387,2.2454920419222173,0.4835654860228348,1.1349856920865993,0.36336727322118195,1.201930535046952,2.4079881384413664,1.8982651242237862,1.1481229088785478,1.3232140237247632,1.6585560945242532,1.0363224899570531,1.5174729891592207,2.5390272305136095,2.72057837541054,1.459743377842349,0.8774373569966571,1.636462167844503,1.4085382701270195,2029
2028-07-28,2029-02-23,0.13989109870410565,0.4268001222162395,5.086974809082086,2.228363987662707,0.4829011789256291,1.1325195309867049,0.2584482760660018,1.2015498385587557,2.4037274706066745,1.8831252757840224,1.1406636821781229,1.3277853005770295,1.706833742601805,1.2471796740420393,1.4895287389293073,2.545048659026387,2.459873656345176,1.446628949592855,0.9592029994436448,1.681399746755529,1.3328258739546264,2029
2028-07-31,2029-02-24,0.13914421620344636,0.4266989253071329,4.182969087093882,2.228088928399229,0.48069497190180355,1.1324804903903793,0.17460405323693098,1.200238253680375,2.3968673658819055,1.883091902784118,1.1424885046310629,1.2389988399535445,1.6797674779706822,1.3115902759967153,1.0307752107826567,1.9593431997295536,2.3079215018706383,1.4289302837482603,0.35922600543167865,1.5364088804046243,0.9350554452773083,2029
2028-08-03,2029-02-25,0.16711130997536772,0.4554821960566087,3.9520165861364656,2.3069829429992144,0.5266768298639255,1.1438363290238927,0.15510017386332903,1.2284103150121166,2.7287468265663195,1.9529055089220055,1.126694367480218,1.235987404732778,1.6524643042425209,1.2876023522034294,1.5574081625019887,2.5128375405884875,1.6875678845271436,1.1916692809852434,0.46610690986955594,1.2089383706079613,1.0944625068614267,2029
2028-08-06,2029-02-26,0.1577083319264545,0.481227120822121,4.118459772460365,2.3775524804019152,0.510663238679381,1.1539947998927025,0.1691521905474678,1.2179765521409571,2.622356201749307,2.0152429210996696,1.1173191747373545,1.2453599321194182,1.6514875179529878,1.15341075960311,1.5879109070248052,2.4669878680212896,1.3679448337333497,0.886452490891299,0.3880124085539211,0.8701207716974857,0.5673959240299403,2029
2028-08-09,2029-02-27,0.15893980942328206,0.4789452127127664,4.082658661684449,2.3712968118822655,0.5142970355451859,1.153094127386796,0.16612983405030102,1.2203733315466518,2.6311148157443256,2.009382518629193,1.1153044797954932,1.2509995696044978,1.6448470141896425,1.2947894472597246,1.48960093775682,2.478886833024807,1.453118668430535,0.8644857291883101,0.6587000280165024,0.49384249651491124,0.5900697169478466,2029
2028-08-12,2029-02-28,0.15825641153876568,0.49772033524221165,4.115000631539226,2.42379758586193,0.5116501454042373,1.1614487565312233,0.1688615172839101,1.219438247075572,2.623418128867211,2.054642223038565,1.1187147654309428,1.241562954431596,1.684785173727569,1.304279964072794,1.5198643785275834,2.497410278573625,1.9571335734037223,0.7245779539775977,0.5172036140966915,1.7183003617850303,0.7672676933763576,2029
2028-08-15,2029-12-01,0.16394173168055348,0.4683465339067116,4.494080972506497,2.4998431350834966,0.48702752731144255,1.1325178826096836,0.2172216125366001,1.204830889827985,2.3989755074527803,1.8731854119075035,1.139498768889382,1.2446157324436646,2.397022131497735,1.1515506736472825,1.40844732736233,3.2340686332954305,2.5793171282442753,2.376337544102138,0.6393366713507178,1.3835264162973397,1.0326638696342159,2030
2028-08-18,2029-12-02,0.16809923443283875,0.48593461963831136,4.354264546857089,2.5496304823813247,0.49329864392726874,1.1393657982646523,0.20288492619336226,1.208567540818753,2.441215897362011,1.9147785665554462,1.151536736228782,1.2931678743510115,2.376553052545738,1.2755019328539876,1.5027667124179973,3.0369518264734965,1.28837245012121,2.037395317852009,0.6983742970733862,2.1409170686595522,0.8198488809520468,2030
2028-08-21,2029-12-03,0.1874592229303545,0.5084200401255972,4.266583462527594,2.6133826363838892,0.5225159853378649,1.1481441079901853,0.1934494315008358,1.2259773106431413,2.6379787954865233,1.9679626969263495,1.164203553501018,1.2704040532681156,2.315755315615573,1.2797037220084393,1.5659252654905793,2.82209567744214,1.89651826010459,1.9450134436870345,0.48342420120900215,1.8578453158019808,0.9689811613129871,2030
2028-08-24,2029-12-04,0.20129146441177076,0.5110464998027275,4.412373888960502,2.6207157574036106,0.5433628309282826,1.1491431013104512,0.21114516647276704,1.2384102341801992,2.778594368266199,1.9742250391819236,1.1372033680060558,1.2678250504900535,2.403414371781604,1.305798027408727,1.3898448603179079,3.2040286960023474,1.7043581675796093,1.9075618551224525,0.850588822254137,0.982494989754201,0.4252455510729139,2030
2028-08-27,2029-12-05,0.30128726948239337,0.5231766018079671,4.648943811042013,2.655052956365818,0.6559481655336648,1.153865952818606,0.2362111148770028,1.314748616675649,3.7741508087285798,2.002671900221865,1.141361250829572,1.261285482252474,1.6811125093351944,1.3071864885357785,1.5708842491563586,2.166180905703476,1.5271573444680706,1.9571087612180367,0.8642888442767336,1.1320220193673423,1.050668199762088,2030
2028-08-30,2029-12-06,0.19533653101068155,0.5220676377465281,4.273856916108898,2.6519137658425933,0.5320627213748564,1.1534341779682458,0.1941261857471177,1.231666011561912,2.7052750123134652,2.0000887521880326,1.1654734355954648,1.2750053024236396,1.6176386871507242,1.0721649994871083,1.5863848240476928,3.0432048701783687,1.7107797745829776,1.7137213889767307,0.6851639655451507,1.2187464252188336,0.6445797559685524,2030
2028-09-02,2029-12-07,0.17217571073824756,0.5059536659470121,4.174008190606706,2.606639560880616,0.4994623598355695,1.1476686897232706,0.18485939684821867,1.2122407774623114,2.4826968610811235,1.9618123457822294,1.1455800243673027,1.2553415244226986,2.311785946386457,1.1832144662820923,1.3821557142717718,2.976485184338997,1.5977903693953905,1.7248377580125223,0.8262451095965958,0.6916728196016851,0.9617308460363092,2030
2028-09-05,2029-12-08,0.15993341267375782,0.46957169800366677,4.244700118485627,2.5035021927766294,0.4800557837422739,1.1330392356799686,0.19141557711877202,1.200687304779343,2.3522623431935035,1.8751345822770848,1.124111248606585,1.2327366383232035,1.3263114266474105,0.9881722673279126,1.4305743566118674,1.5738327098543212,1.7016141291603886,1.5610953221972275,0.8492601945046092,1.6693268716765062,1.743291630648884,2030
2028-09-08,2029-12-09,0.16311154031195824,0.514809944310515,4.227029172900259,2.63136909690855,0.4857747689257909,1.1506083971631251,0.18977404025472744,1.2040844124909,2.390538536005578,1.9824617169927636,1.14023211479214,1.2388731890985507,2.1267041023358697,1.270754038403233,1.5242884217823651,1.8776960103133007,1.5270775752973937,1.9449290792122416,0.6533885888194765,2.068619936224951,1.694919674296825,2030
2028-09-11,2029-12-10,0.1840664774166198,0.5247928743612036,4.326731035798345,2.664340759217371,0.5173975666674391,1.1555895048835376,0.19903204540692784,1.222927462599259,2.6035047056099314,1.999553923540095,1.1355279744602753,1.2538582172560007,2.1839483285407875,0.962170518522132,1.5796394683174433,2.827565236617566,2.260055989419531,1.6092398301089155,0.562542172828932,1.0901026001306695,0.549797608019401,2030
2028-09-14,2029-12-11,0.17599677835563216,0.5307182817176177,4.564189838815171,2.6766053196111272,0.5051555655018692,1.1568496283691432,0.22107219219178867,1.2156498481182259,2.5214678178241083,2.0200839718228574,1.1351518982056845,1.2552926889594391,2.4328784468610385,1.1629900343465651,1.5735149960029933,3.175055055539793,2.5431943062920688,1.1388093164624264,0.725718761771792,1.572720387080273,0.8156297595092762,2030
2028-09-17,2029-12-12,0.18035006147087068,0.5425141082093625,4.334275381850494,2.709792462816356,0.5032287573610479,1.161395005073597,0.2020890466090481,1.216046373417951,2.5581423886469707,2.0487920405436153,1.175428226553774,1.2575553216762352,2.272308235552579,1.2876032229664143,0.58735912764781,1.611929099067184,2.2632870177657667,1.6762610766631225,0.7609759997107582,0.564100306141579,1.2152237819309804,2030
2028-09-20,2029-12-13,0.17072635139792725,0.5311402623520727,4.365671144654362,2.677596027545327,0.49159925987942965,1.1569666016310582,0.20264018914489607,1.2075669470107022,2.4524977416581866,2.021428831543456,1.137576667550348,1.2543169515123156,1.88837505286481,1.2468416815064305,1.497920033290294,3.174605281795783,3.138791092869737,1.3271780277752763,1.035782214208052,1.229751841544609,1.4359611892886486,2030
2028-09-23,2029-12-14,0.1581455300898134,0.4798350065783154,4.390505370360398,2.532364052172351,0.4782591320277965,1.1369909160043516,0.20495128381946498,1.1996052348947757,2.3399761248526176,1.9007327170872097,1.1360569346953753,1.2570324128339345,2.288699148087294,0.9147504218105612,1.5826697174765099,3.2340686332954305,3.4970358434721835,1.8834279199681467,1.0422783297741047,0.7128020228112913,0.9890782290872072,2030
2028-09-26,2029-12-15,0.1511815279336814,0.4554464617097493,4.604545480752881,2.4633263498552367,0.46775508803684784,1.1274952433513659,0.23027146871764495,1.1933464040799417,2.2692231223366774,1.8431716252049957,1.120755823244581,1.2625944043212958,2.2777119848546494,0.846204721163007,1.5715243360522841,3.2340686332954305,3.3399510937287746,2.0827423097591247,0.4743410685044179,2.2192407403141496,1.1859507542351866,2030
2028-09-29,2029-12-16,0.15800710162200216,0.4671843431089819,4.347085950065903,2.496553275995881,0.4780568678248607,1.1320653839819173,0.20092533730012005,1.1994849718328164,2.338597843231997,1.8707962618802538,1.1287821474259492,1.2442295678787376,2.3105269693891173,1.2356249864089521,1.5784516163050764,2.9204031658666842,2.328578342827195,1.289255089635001,0.5048980399036399,2.0835495639060766,0.8537068989804875,2030
2028-10-02,2029-12-17,0.17410686501999162,0.5056649942375995,4.406182751689997,2.6054820983429643,0.502217983416622,1.1470478136502624,0.20640684231697928,1.2139190330656477,2.5021884092587285,1.9616100584820633,1.1326683067110606,1.2656525019783675,2.413904745421511,1.3283105521924845,1.5802699838383,2.953150391551234,1.8768537847141136,1.6794131993112482,0.7357349708889214,0.5323312300546964,0.6007881690435877,2030
2028-10-05,2029-12-18,0.18071680433761728,0.5265343892676104,4.290184759338227,2.6645579807672615,0.5122075000443205,1.1551733063911285,0.19563810599312323,1.219869216292212,2.5693916912647676,2.010600510622435,1.1754076984411164,1.2505065110415123,2.0687492443285884,1.3611885609040104,1.5686633241097696,3.2340686332954305,3.153715122417811,1.5118289634234592,1.1940777409005014,2.6146650437124905,1.8857089423799127,2030
2028-10-08,2029-12-19,0.17003304218633175,0.5750257048985918,4.252310992466642,2.801824425699694,0.49611578687147173,1.1740533853369461,0.1921178203853605,1.2102705398948415,2.460799216304806,2.124542103505879,1.1325890652425168,1.2512856993984016,2.475876839902822,1.3430998569438157,1.5803868734491986,3.234068629071953,3.0198200480493056,1.187070555967003,0.5201845926955043,2.584950079987743,0.8405321856366235,2030
2028-10-11,2029-12-20,0.1812050115861371,0.5505950438961056,4.273069451074184,2.73663126270972,0.513072901085962,1.1654616988012754,0.19404435939848824,1.2203502744565324,2.5743956217915915,2.059527127850122,1.149920915807443,1.2504482434072417,1.7079381942348086,1.3216988248423873,1.5481852035634769,3.21449390747863,2.8401141383368635,1.5813755482449028,0.9763447120085873,2.3444610961936307,1.4711395383489831,2030
2028-10-14,2029-12-21,0.15931091662897662,0.5345918504021943,4.272641009762758,2.6873665796318775,0.4799741874794956,1.1583104763071126,0.19400529464306815,1.2006430899751361,2.3518595739534582,2.029157410295824,1.1336845280371175,1.239272157272885,2.4804137620561337,1.083160159039589,1.58898391155959,3.175682344397123,2.224920358610967,1.1850431961212389,0.5964745332719045,1.652251306807002,0.7978043552761528,2030
2028-10-17,2029-12-22,0.15457499338161151,0.48538116390563396,4.35891453609435,2.5480637862080986,0.47288813738676216,1.1391503105564726,0.2020192293478105,1.1964055001419038,2.303762845693692,1.9130852245233008,1.1090473830644076,1.2335826916635169,2.4332384221021237,1.226058046863071,1.5681415395267013,3.2340686332954305,2.7105750547999263,2.2234171410783836,0.5653542008053611,2.266493741692403,0.3833380040997195,2030
2028-10-20,2029-12-23,0.1681484929096343,0.483432392140737,4.688210860753104,2.5425473192014394,0.4933376012050914,1.1383915568728997,0.23704725956193387,1.208601426922226,2.4417198166030305,1.9085630724706244,1.1585903530216974,1.2648571573678045,2.423120244896977,1.07120383576102,1.420607056415703,3.2340686332954305,2.660694680241678,2.20606951513526,0.6426682007903651,1.9616485115540467,0.7856902133754341,2030
2028-10-23,2029-12-24,0.17916855339833815,0.50066563151108,4.519579249429558,2.591330189395812,0.5006051481975826,1.145101313353733,0.21904569767276277,1.2140922867405697,2.5439344944188624,1.9493429128065263,1.1185683559285549,1.289914863678032,2.092690277368356,1.2980789948232665,0.7688201969816881,2.2262486033840925,2.295855235050334,2.1023445236665825,0.4433175907976356,0.8911620409621354,0.6228436317008592,2030
2028-10-26,2029-12-25,0.14068888244957478,0.4452850843593669,4.041197741851711,2.4345621111085176,0.4518254024726692,1.1235389141907006,0.17252685117761804,1.183891443129691,2.1627014848978376,1.8180101021125181,1.1025553172237708,1.2146281989668983,1.7842718005928069,1.2286721143667667,1.5821995295686369,3.2266722866779203,1.3990891871620483,1.5360039793634426,1.037630889474061,1.205176841014172,1.1961517266468302,2030
2028-10-29,2029-12-26,0.1401250225986349,0.47919832744402574,3.9702760451248564,2.530561767553886,0.4510595655463541,1.1367430250978305,0.16594827573423732,1.1834097201005587,2.15696662548128,1.8981992513795758,1.1141898953347065,1.213486405058334,2.27991093467944,0.9649005275337145,1.5906558490048568,3.234068632077298,2.351874985171449,0.8830029709918646,0.7843985579706572,2.0797495264909798,1.1901986389491526,2030
2028-11-01,2029-12-27,0.18120657946501884,0.5505730510481261,4.273094162828265,2.736574829523425,0.5130751249777329,1.165454489315928,0.1940465666060098,1.2203515940172,2.574410943257474,2.059465880759923,1.1498932400225614,1.2504528573858544,1.7079381942348086,1.3216988248423873,1.5481852035634769,3.21449390747863,2.8401141383368635,1.5813755482449028,0.9763447120085873,2.3444610961936307,1.4711395383489831,2030
2028-11-04,2029-12-28,0.15931205154881928,0.5345918504021943,4.1581859250091675,2.6873665796318775,0.47997579708570925,1.1583104763071126,0.18338467415399368,1.20064404511741,2.3518706646850913,2.0291591245837375,1.1336845866185423,1.2392834859961963,2.4804137620561337,1.083160159039589,1.58898391155959,3.175682344397123,2.224920358610967,0.875577088988059,0.6145017214095095,1.652251306807002,0.7978043552761528,2030
2028-11-07,2029-12-29,0.14235443153839816,0.4643341735558327,4.18307670509179,2.4884851790495475,0.45437283844650356,1.1309556711787456,0.18569904300959247,1.1853940838265953,2.1795602297687444,1.8635652499364315,1.113319241710734,1.2205149107435402,1.2799643344401093,0.6265226735959596,1.5818375089682448,3.2340686332954305,2.948753197322425,1.9486879906830477,0.6344108796966985,2.458068663004915,0.5789913255369663,2030
2028-11-10,2029-12-30,0.14507320780927252,0.48086046615014316,4.187261119620919,2.5352668619528895,0.4585158054823117,1.1373901783112945,0.18609161224319284,1.1878522461919343,2.2072081240066046,1.9025333892322365,1.1109086116574796,1.2454377503769611,1.1768474791460721,0.6563995275456452,1.568279919496476,3.223607056343117,2.3592077409558123,1.434724606299759,0.5118144908632043,2.011638787591841,0.4479204659841867,2030
2028-11-13,2029-12-31,0.1652335556393083,0.5114566716906661,4.100467088211907,2.621876845302303,0.488985522017788,1.1493028016164362,0.1780340142774876,1.2059979318760334,2.412141075961168,1.9745603855041598,1.1225512388069285,1.2219636381688823,2.2655461990843455,0.7670177088957184,1.561424258266864,3.1060519255131767,2.347737138775896,0.7352697372045502,1.1298912770571183,2.6183187584827956,1.888404466406334,2030
2028-11-16,2030-01-01,0.17704236804437634,0.509843425736114,4.737124210509027,2.587288307981984,0.5264283388922724,1.1527824386400505,0.21877178415857312,1.227534620755147,2.6018141830400303,1.9897180417325597,1.1094625552818531,1.2480602530159994,2.455134644782358,1.1906868421139125,1.5062216598488474,3.1023436791373666,2.2545777749752047,1.7608063717098044,0.4699533602537218,2.5005126097669086,0.7678898391063957,2030
2028-11-19,2030-01-02,0.1789456973188009,0.4745426917604855,6.506931424944595,2.4906663138969716,0.5272679012138133,1.1385858598838043,0.3796894357145597,1.2280530636983664,2.6206810975505412,1.9054332354253014,1.1387126017405798,1.463575433146427,2.400384435260254,1.0452323498347191,1.514560066550886,3.2215205721203812,2.1380531848074225,2.285478256163789,0.4986920898959506,1.748483805403769,0.7429828865374668,2030
2028-11-22,2030-01-03,0.18954308134593684,0.4959396296960487,4.744058763293882,2.549232088815357,0.5423482003388803,1.1471908740655636,0.2224136972323841,1.2370483854481003,2.7275099267277394,1.9570536456833927,1.1429091519964456,1.2881867624954093,2.3367873197864926,1.2359916363688217,0.6011449217955698,2.124181167591774,2.0631961462464328,2.1183017431823536,0.4894449431077527,2.413316983325682,0.6480849730122585,2030
2028-11-25,2030-01-04,0.1748078930045659,0.5047379703755601,6.351722392343475,2.5733141137529625,0.5227842638717458,1.1507292236240254,0.360707204948894,1.2253816910578688,2.5781807603444458,1.9775637538815214,1.1102407396039204,1.3220762461257178,2.06116765937351,1.099705019377388,1.5497138430272401,3.234068633156511,1.6363482375117149,1.698589677203216,0.8180534020719292,2.3188089688298406,1.2908650797753356,2030
2028-11-28,2030-01-05,0.18108524109669283,0.4790611172790375,4.820160166885927,2.5030337409091867,0.5325237057393762,1.1404029944764666,0.22476022181424182,1.2311395747101839,2.6431934618411743,1.9155996176172931,1.1079039866344704,1.3223462122980187,2.4505160609252465,0.7532938386212071,1.3586073014853646,3.2340686332954305,1.818646481945086,1.5474042944316884,0.9885889497288475,2.0612384662165453,1.7592196737392125,2030
2028-12-01,2030-01-06,0.1823187411992157,0.4812841367989536,4.368975180798801,2.5091183932254797,0.5267084918330546,1.1412970063485604,0.18685581135529314,1.2295212959772557,2.655328199680005,1.921143768549142,1.113591157977103,1.2321999878592258,1.9455474241068962,1.0031389635137566,1.5800987279557666,2.3897642129319645,1.5876349822435611,1.6438485760471708,0.6712104686781716,2.3984381538020876,0.8910666675197957,2030
2028-12-04,2030-01-07,0.1694470918385918,0.4918980440376122,4.920565980578778,2.5381698277920144,0.5140484479793546,1.14556550582991,0.2405951399599025,1.2202112664963345,2.521464422264053,1.9467789611212765,1.1216362821191028,1.2495700931995675,1.0547964462538744,0.7588253024410215,1.5805682143913669,3.151234034741627,2.0685279542692756,1.6706551048585672,0.8943448437745218,0.9540221954378855,0.9931239180303281,2030
2028-12-07,2030-01-08,0.17948078376644505,0.48475055191416466,5.637239590794406,2.518606347218306,0.5303942385613514,1.142691063428585,0.29779863286851765,1.2298923528501335,2.6276308968827307,1.9298824450774483,1.1178090938989178,1.2825223576172606,2.265076241821635,0.8203724916323288,1.5247559070885512,3.1149754514434673,2.3920120719883773,2.3572517368597783,0.8984266941233369,1.2282974878309278,1.0086723562251583,2030
2028-12-10,2030-01-09,0.17894308778200974,0.4745426917604855,6.506767629715598,2.4906663138969716,0.5272671155514883,1.1385858598838043,0.3796582530380847,1.2280523592670725,2.62065235694343,1.9054363102291,1.1387125618658287,1.4635541434554198,2.400384435260254,1.0452323498347191,1.514560066550886,3.2215205721203812,2.2937408546432683,2.285478256163789,0.4986920898959506,1.748483805403769,0.7429828865374668,2030
2028-12-13,2030-01-10,0.1895229545420477,0.4959396296960487,4.744073945748919,2.549232088815357,0.5423426922450507,1.1471908740655636,0.22240157543652306,1.2370447264729547,2.7272884591649698,1.9570537536909214,1.1429068838122953,1.2881396381647943,2.3367873197864926,1.2359916363688217,0.6011449217955698,2.124181167591774,2.0631961462464328,2.1183017431823536,0.4894449431077527,2.413316983325682,0.6480849730122585,2030
2028-12-16,2030-01-11,0.27049363397767784,0.5009797898397685,4.333823876951074,2.5630358190483324,0.6511294639087493,1.1492214302000732,0.18391377842716666,1.3014536175168547,3.574100318504642,1.9689261075953934,1.130100131515793,1.257766336809266,1.9976671820426082,1.2596899091715856,0.2659131268169599,0.6997293146171117,1.438124804925469,2.262087897526705,0.6806943777506267,1.3088811237807363,0.6843880665593784,2030
2028-12-19,2030-01-12,0.1731139902909985,0.4948472485191521,4.243887481337737,2.546250385416366,0.5139334029777177,1.146755161881257,0.17636867526322528,1.2214190671978877,2.5580042500601126,1.9537876401360998,1.120971403379429,1.2269452139676305,1.3073395737706168,1.31587912486711,0.36946741774641034,0.39110999971224153,1.5405621915034962,1.927693380707703,1.0246945182598683,0.7998592508373409,0.7468342516524247,2030
2028-12-22,2030-01-13,0.14972450993139275,0.5052070382614582,4.297292264874244,2.574598007755851,0.4818857662349775,1.150917864534277,0.18084521709305681,1.2011654695984362,2.312757772241688,1.9788941525309722,1.1155219207520641,1.2376254537036522,0.3979973924160478,1.2610110664828367,0.7039461782225834,1.775426093452747,2.1605582069514213,1.4506833056462192,1.0725316703381604,0.980973948316806,1.3957490065851317,2030
2028-12-25,2030-01-14,0.1622238746294521,0.5198057038811059,4.612764699816167,2.61455616095159,0.5022756194267283,1.156788878674782,0.2106752360243915,1.213246154562226,2.445049080048321,2.014431273893306,1.1305616236718534,1.2900085772384666,1.0579251549213193,1.1334310539868602,0.6600423717524608,2.8568485503021495,2.5659679588945776,1.4016982035132692,0.6958042138341682,1.3767315415297912,1.178423711127556,2030
2028-12-28,2030-01-15,0.1764654838748903,0.5244706385657594,4.338577879158465,2.6273246105167534,0.52478889353511,1.158664933406068,0.18725891507381345,1.2267660608836777,2.5955731362031997,2.026022345307147,1.1335640521375803,1.2755831124263017,0.8896267216107492,1.055753247624567,1.1747902028352655,1.9727979568256537,2.7638150991647303,1.4748086080254301,1.1547148282710928,2.2060295502729996,1.534085219717445,2030
2028-12-31,2030-01-16,0.2628355839035456,0.52936343233393,4.27831550065088,2.640716718217309,0.6626646124703948,1.1606326243227307,0.17926034065494678,1.3084684804195348,3.5063492045677656,2.0376031376255503,1.1228514976526298,1.2485613993589912,1.608159573948193,0.8154339411658806,1.4213428411009863,2.3926422959585536,3.3502119652069426,1.3528023473912751,0.8769403734767731,2.540644696555129,1.7391873180237143,2030
2029-01-03,2030-01-17,0.17756632157340918,0.6571013788891795,4.279116350995363,2.990357821406617,0.5267315284317186,1.2120074494079809,0.1793262262690843,1.2278769346125569,2.607258926616443,2.345841870194856,1.1250666680751262,1.2468850277780437,2.411197634486275,1.122968638547843,1.5757976002337872,3.160558455203211,1.5793974536003466,1.1636910047086089,0.4372478863325963,2.2695633451599133,1.0725385933205824,2030
2029-01-06,2030-01-18,0.18389181279351569,0.6339998239676454,4.259026482772361,2.9271180557662504,0.5367309915889646,1.2027133012488318,0.17763064381559024,1.2337888929195926,2.672762262985805,2.2898973815642334,1.1347443563418649,1.2463664382759827,2.480216219988377,1.1837562421762515,1.5778487373382633,3.2340686332954305,1.8543648164829634,0.5314646877168618,0.6166266993985811,2.644635736983752,1.792769359723344,2030
2029-01-09,2030-01-19,0.178073177214487,0.5569860070637165,4.227591547838655,2.716331017537895,0.5268349385087945,1.1717449514718867,0.17499148859975988,1.2277805107258541,2.6111385319877023,2.103539769376746,1.1096487403408495,1.225791009038152,2.4796380255316106,1.2137549899964613,1.5906558490048568,3.2340686330506236,2.076868825920706,0.5447965181421216,0.6167242708844441,2.6432876420550224,1.547389254644674,2030
2029-01-12,2030-01-20,0.16968659028045308,0.5679035459944579,4.319141633609736,2.7462052650070277,0.514402933033634,1.1761319553499523,0.18269326968519198,1.2204281806749335,2.523983324925708,2.12994304801361,1.1350507379309995,1.2271874204613231,2.4794363026793507,1.225127954556387,1.5306940668880586,3.222308493771049,1.291970376745131,0.6520100533528341,0.5434723633062776,2.5469818292666275,0.9645114457046247,2030
2029-01-15,2030-01-21,0.1595270534558259,0.5399441014614765,4.606675720657865,2.669677182631588,0.4975344468710141,1.164887756824138,0.2068507258381258,1.2105310888773932,2.416427123430636,2.062937262433211,1.1358468614605812,1.2490378458417,2.186516551418211,1.3409126306500811,1.5296397233541978,3.2223406980396296,3.425290278997131,1.7314830255467892,0.7280506534171776,1.9295742585867623,0.9518600972977891,2030
2029-01-18,2030-01-22,0.16452573191527858,0.5114722814441985,4.499521481522786,2.591754944858634,0.5060285062310238,1.1534411074087039,0.20066766695481464,1.2154647646198207,2.469397633990254,1.994419804241585,1.1389732639737722,1.2720841550307582,1.9077473868520567,1.1324471969340733,1.4694846533675154,1.212490949580147,3.3682198442350826,1.903635030742574,1.1199276134555407,2.5307882801258264,1.4080808299055703,2030
2029-01-21,2030-01-23,0.17514285971335303,0.5067985816077318,4.382133933495375,2.578954239183796,0.5233214628234015,1.1515579211004372,0.18797479982212245,1.2257113543646267,2.5817455566281424,1.983100637612083,1.122472765296556,1.3195500384228385,1.9145250493264123,0.6326751878102366,1.5798712156712795,3.0844144679077043,2.772747473854359,1.946025381895851,0.7501484229931434,1.7914110085831028,0.8594330827055091,2030
2029-01-24,2030-01-24,0.18793995264875496,0.49487505879921795,4.735716833702021,2.5463182468931045,0.544163573963684,1.1467627452660172,0.21840312790518518,1.2380630188861494,2.717165108220133,1.9543714674415291,1.1397841891586857,1.4425787710337354,2.2430949822169803,0.25247550821389925,1.5679715110786172,3.2330889650695473,2.459145982464856,1.8565715584003584,0.5389097098121689,1.754713634531989,0.6549677951171983,2030
2029-01-27,2030-01-25,0.27241754158753545,0.48444372235582583,4.313025975098424,2.5177665239296214,0.6730967383120323,1.1425676684214745,0.18216301390715883,1.3145129069389228,3.5928688738854575,1.9292148441011083,1.117137228709008,1.2735737555911564,2.065230951898045,0.8932328304151531,1.5875102891119586,3.156324880065752,1.882942129942985,1.3400085765387852,0.590878498854675,2.1948420435207834,0.5992273595488558,2030
2029-01-30,2030-01-26,0.17849605078425212,0.49195760462347565,4.3352755072859726,2.538332848993866,0.5285602476328198,1.1455894589318951,0.18403684104772253,1.2288439020877298,2.616711151139283,1.94694442315985,1.1210140029053002,1.245402683012644,2.0610293960159995,1.0624404973434811,1.5906558490048568,2.7744126437499483,0.6418103735738444,0.8751180431566594,0.9853040272150175,1.955776846283324,0.7876055572359844,2030
2029-02-02,2030-01-27,0.18560720669111735,0.5404148576185486,4.19389564041218,2.670965686365072,0.5342234463399191,1.1650770767369383,0.17215780983696038,1.2337928573331889,2.69094286080324,2.0635620893964663,1.1342366820858356,1.225914541790756,2.45556435599942,1.2346190713510472,1.5888910730130896,3.2184366015227304,1.9257889882584198,0.7456614280748266,0.7740384484011371,2.5524752984086296,1.774365801050492,2030
2029-02-05,2030-01-28,0.1484734388413007,0.534509301611779,4.161295571506063,2.6548015339761584,0.47988597785401926,1.1627020922693652,0.16943180147477488,1.1999702201615494,2.299528305602327,2.049281735498201,1.1270359673357229,1.229702478871642,2.0103965315199854,1.2992554270169432,1.4880800175375253,3.2340686332954305,3.1869961403986897,1.5308537502694162,0.6360649685462676,2.2524293011988026,0.7915861343448003,2030
2029-02-08,2030-01-29,0.16327745269205268,0.5261504056294564,4.296489072469646,2.632154239668928,0.5020523181691305,1.1594415555937485,0.18078761367293003,1.2132243854165665,2.451704753750091,2.0292746397724115,1.1375921453534672,1.252584248762298,1.1251471361919765,1.0535156453302361,1.5906558490048568,3.0510977539311175,3.3028914775303853,1.7259315655499825,0.9809585430341611,1.4070593923445074,1.1694772101866129,2030
2029-02-11,2030-01-30,0.1589382844808364,0.49259908665828417,4.333151607720239,2.5400886521621437,0.4969127338001834,1.1458474378328907,0.1838667714816179,1.2100839704346757,2.410309416406805,1.9490035978708211,1.134440420157997,1.2536004315711664,1.1578488398204279,0.7734612377461189,1.5906558490048568,3.0233479101681597,3.254783573503421,1.7644467231980132,0.9739110949077229,2.093929956869647,1.7065965612935883,2030
2029-02-14,2030-01-31,0.16260591185413453,0.5126487467185177,4.462686835052086,2.5949667866567907,0.5029218433815602,1.153910629394261,0.1947486088758282,1.2136379988143142,2.4491353559975115,1.9974281394493638,1.139132569512209,1.254346219055399,2.3489407951108525,1.0974849265687645,1.5799279010337655,3.1745098503511042,1.757681097414434,1.044697398039914,0.839397035190298,2.1645485436095577,1.4784381588909992,2030
2029-02-17,2030-02-01,0.14505585230270107,0.5029942281191351,4.252028106500552,2.5697940442391385,0.4873377651099561,1.1476493467311861,0.17769005808512192,1.2040978541863043,2.4329656829105577,1.9750771943276286,1.1412347902713877,1.2480736970836521,2.4410048034124077,1.2629782741108184,1.5845409364357887,2.9444067221782153,2.3767749093556176,0.807739052667135,0.7669232608279899,2.2612636789935285,0.8377566981901473,2030
2029-02-20,2030-02-02,0.13956185312564617,0.49023200278416296,4.255482349898845,2.5348114829933124,0.4778459902700901,1.1426136196266063,0.17799228396677128,1.1984809166971406,2.3676985532438204,1.9438870201318645,1.1425142789810492,1.2340824528357877,2.474115226960222,1.352441611344044,1.5780993592199308,3.1288126621932113,1.8550421817838705,0.9971884434316689,0.8725944614350823,2.1858543959093915,1.1802142976497283,2030
2029-02-23,2030-02-03,0.14385251394814147,0.5346682915208218,4.249458807497561,2.6566159071329363,0.48513724601428265,1.1601473186791829,0.17748859357492539,1.2028298628813834,2.4187078231414594,2.05138230854742,1.145414550549451,1.238183609813829,2.3945489732009198,1.3421492350427908,1.520548004245831,3.1993327196216508,2.6906103537997033,0.6677882985349248,0.9637256207993196,1.6711809414162548,1.0792564104945077,2030
2029-02-26,2030-02-04,0.1483101006503268,0.5186698887251597,4.30257378626001,2.612762639623062,0.4928734586115655,1.1538346587134456,0.18196884539186764,1.207397817864206,2.471639180400933,2.0129758912056936,1.1398653268931758,1.2553899274239646,2.34826129101781,1.3419421955020294,1.5905781692710388,3.211938317869587,3.3710302176424056,1.9378952860725434,0.9368421941013143,1.252929447999511,1.073257323984599,2030
2029-03-01,2030-02-05,0.14910000126613399,0.5024694856344825,4.329138807813942,2.5683556762432147,0.4943599392976987,1.1474422933250734,0.18420913848456805,1.2082426291876514,2.4809559108067196,1.9740277657049234,1.1346859115251982,1.2589391416233235,2.2266509939615355,0.9557299280035113,1.5906558490048568,3.2340686332954305,3.229211644549055,1.8264703522040255,0.8490452337141443,2.4907432593209737,1.200666725899794,2030
2029-03-04,2030-02-06,0.1469701267736444,0.49548108060244017,4.3207442241473295,2.54919973666963,0.4905643569763708,1.1446848039871982,0.18350289782427245,1.2060298492696857,2.455726781218549,1.9571993845998241,1.1500584728689227,1.2552145638099077,2.444278428533634,1.238641736670237,1.482211566737198,3.125005288928133,3.0355857695311887,1.8988197486682754,0.9076387323288183,1.7375604303393977,1.3531683918072432,2030
2029-03-07,2030-02-07,0.1514151984033857,0.5040207702066046,4.460278284586707,2.5726079006245595,0.49832385366707843,1.148054400226719,0.19527905813673346,1.210598792675001,2.5084876350276017,1.9779032272282684,1.1552606577044005,1.2669803718004764,2.197082394255709,1.2155001776411796,1.5791971843367225,3.2299135920244786,2.9620798999828555,2.2127679788991097,0.877446423382012,0.6378104772420169,1.0354166097705382,2030
2029-03-10,2030-02-08,0.14994388376611284,0.4873162669494738,5.040678513538906,2.526819146489169,0.49578135334415585,1.1414631267291908,0.24844823780064107,1.2090939621397125,2.49098724917049,1.9372854298294584,1.139821500111073,1.3265702412396616,2.4371980197134917,1.0474073109838162,1.56287573917376,3.233758830117566,2.8799285823053773,2.3497946732637853,0.598477591018829,0.902210577053903,0.9345390560092935,2030
2029-03-13,2030-02-09,0.14694619600122405,0.472704254225735,5.057700951401925,2.4867661216764763,0.49056613172746977,1.135697509396279,0.2531768089168952,1.2060180871159805,2.455393821628064,1.9015546954979068,1.127657066798399,1.2917425779654743,2.4160171544404263,1.152224355518473,1.5576886942824082,2.4028106887473397,2.696213535661629,2.367439742516287,0.5647248130259268,1.7853648894792136,1.1752361565510914,2030
2029-03-16,2030-02-10,0.1762151732396099,0.4951402598786297,4.4334989209120526,2.548265509939755,0.5411664141918086,1.1445503229080582,0.1930046012285481,1.235950150252016,2.80297474291143,1.9558671742661973,1.1372473560101466,1.246312123397915,2.4548403695241228,1.0854170361269229,1.5849561364289253,3.219870604588568,1.4669141208477454,1.5756793716241464,0.6927216956037064,1.8214811957066521,1.1822149671217774,2030
2029-03-19,2030-02-11,0.16363250466622337,0.513532451651479,4.6020270359950635,2.59868039282866,0.5194291972969836,1.151807525535421,0.20723386700827867,1.2230873736798724,2.6535492097704383,2.00068434625049,1.142263128352862,1.2764892697883292,2.456089817762062,1.345321389676468,1.58629263989548,3.1465848943477774,3.258689768868329,2.2252249044146457,0.6919908039339592,1.6255833647651217,0.9789150410814803,2030
2029-03-22,2030-02-12,0.17354708293225202,0.49946070705742335,4.777078365630053,2.560108303992875,0.5365568661158931,1.146255087514639,0.22277647573910395,1.2332223765157093,2.7712794701946573,1.9668115064525757,1.149914706668715,1.3257720433098,2.365095810543938,1.0928889044600125,1.589510532744682,3.2185041680128683,3.206220749730685,2.4372651841745525,0.6961412930197158,1.5679821015702178,0.7411990473859624,2030
2029-03-25,2030-02-13,0.17412897808338368,0.49916467476460075,4.631845545459554,2.559296847353675,0.5375257782801335,1.1461382790296788,0.21545072579789354,1.2338060263156905,2.7782051323664962,1.9660881555902643,1.1340961536169698,1.3973457209454292,2.2541672820226424,1.1819119607350912,1.5161338750313935,3.192733817288988,2.8909360647586007,2.3121125649404406,0.9591034257297519,2.0638809557815088,0.9241705543232758,2030
2029-03-28,2030-02-14,0.17188807875421575,0.5079887430582151,5.247823215091124,2.583484523955306,0.5336908870247582,1.1496200853381073,0.26463110953237456,1.2315264912712376,2.7515799901799847,1.987392829509378,1.1477829881931214,1.2779422436626313,1.929743580886039,1.1675285675705092,1.5374480252142642,2.807079302675503,2.810239987623055,2.0999625296413846,0.8671106107697363,1.9101361009284912,0.9564899046563075,2030
2029-03-31,2030-02-15,0.15851011015840838,0.489002420158185,4.956660509209458,2.5314410616608054,0.5105793486387215,1.1421284500569306,0.2371655602496666,1.2178502892102538,2.5926944717471736,1.9412761833259182,1.1482802371708338,1.3085136752187552,1.7664766600962283,1.0980249722816648,1.219147475119533,3.019532871130757,2.77682332527681,2.4771513572936543,0.9722719015288136,1.7684363041354596,1.0669646131280572,2030
2029-04-03,2030-02-16,0.14806639403832222,0.47396919902934603,5.615226691234412,2.4902334673965907,0.4925371853435193,1.1361966320051309,0.2958729523182302,1.2071739788116758,2.4686663446129797,1.9047302693733599,1.1315068947700724,1.252676387161876,1.8630018525929237,1.1977041558745771,1.4389329653146925,2.7766172332920274,2.19109607405642,2.363593776895089,0.7390331589226927,1.802997193586539,0.46120197925065204,2030
2029-04-06,2030-02-17,0.15866156194624403,0.4825982319091801,4.878834867537844,2.513886523289502,0.510877682651459,1.1396014812490374,0.2449623151266588,1.2180166764365175,2.594490923983283,1.92564267681322,1.1258654100467038,1.3042717217203905,2.3868829131427804,1.2988125938718351,1.4623527004554633,3.0686881814451943,1.8804318405333953,2.0563296940793374,0.8895919694641115,2.5053481542683467,1.145522110334345,2030
2029-04-09,2030-02-18,0.16971980331123815,0.5055949131162651,4.389036094716413,2.57692278853121,0.5299452349908693,1.1486755265784567,0.18925312425184085,1.2293101361333434,2.72583789576725,1.981527693845822,1.1323336901059657,1.2715112843776217,2.1955414933348867,1.2880344532267862,1.3311870533106647,3.09754353406489,2.0140562124594377,2.3022436968199935,0.5435757998070072,2.3341908885807108,0.8422964385877207,2030
2029-04-12,2030-02-19,0.17009541564745007,0.5000886959966995,4.37643774533284,2.561829690240261,0.5305937549492549,1.1465028798587236,0.18819431459365923,1.229693725412097,2.730284527465469,1.968272809279159,1.1144539173848984,1.2632803525170624,2.257098662972794,1.2483147646569197,1.5906558490048568,2.9790463353208376,2.1946463833174557,2.2880776721013483,0.7581016551210454,0.8315572436351493,0.7654999295920452,2030
2029-04-15,2030-02-20,0.16876265469261825,0.5020161538827677,4.638658076241244,2.5671130417300745,0.5282915666973854,1.1472634175375858,0.2109536766620935,1.2283315396253396,2.7144663249594627,1.973011924581285,1.1185078622388696,1.2674453028005948,2.197446734774207,1.066224217609865,1.587161258713879,2.324925285471191,3.1607965831571265,2.16122343590606,0.7976029286436137,1.4093657856464084,0.7310851226300479,2030
2029-04-18,2030-02-21,0.1674405561529403,0.49392156995734887,5.280847516311232,2.545044184581254,0.5260077567120379,1.1441150153005328,0.2676014848835525,1.2269802089214403,2.698773122477064,1.9532369745526905,1.1352328830869616,1.299867182449324,2.214026042460636,0.6701235187578306,1.5275669385785091,3.087122840232038,3.029421834823617,2.1308728886507287,0.614812046298377,1.1140926218984295,0.5937781696858419,2030
2029-04-21,2030-02-22,0.1611415483263044,0.4716694071863385,5.485634590093138,2.484270204652695,0.515125445022788,1.135419387006121,0.28238966632655593,1.2205405080687666,2.6239521629809097,1.89912219181717,1.1378916699622372,1.2885929736201165,1.7709684875843614,0.7966010258656088,1.513793542750278,3.1569843597893454,2.6792830997480994,2.176746553333378,0.6123843070770565,1.2024632072688937,0.7260648836792909,2030
2029-04-24,2030-02-23,0.15002971090595024,0.47469830992092915,5.3804341672995815,2.492232037705154,0.4959289416811561,1.1364843251268058,0.278717184837427,1.2091810703385575,2.4919849027613807,1.9065961894348264,1.1206243175458073,1.3186720068112465,2.0883195723989902,1.0144782727264263,1.2842184853281182,2.4467600943422196,3.054095573170317,1.7944377688243285,0.6246309478321744,1.971654619606368,0.645859318295457,2030
2029-04-27,2030-02-24,0.15734909235168892,0.49268032719106797,6.506115131767045,2.541522590495074,0.508610510456888,1.1435796810954617,0.37381900006918034,1.2166751868781494,2.578911885131875,1.9501476338880086,1.139070107191288,1.318182638044247,1.925113139791536,0.9564421643233393,1.3078706009325678,2.5855695174118125,3.011627242463971,1.2333392751985788,0.3510637654240734,1.9855578853397569,1.1519286305568117,2030
2029-04-30,2030-02-25,0.16991776684218712,0.525397763532319,4.9317979613529435,2.631204431089275,0.530323619759534,1.1564893478855478,0.23507268607771328,1.2295237354172794,2.7281741746658117,2.02951019471777,1.1756561073109475,1.2717327505441531,2.045299815005521,0.9728011096105681,1.4903016390681307,2.9649128092313135,2.8342414547687707,1.3288549262574914,0.993293705541853,1.940802988838763,1.1994463322774416,2030
2029-05-03,2030-02-26,0.15931884529123125,0.5195960200783285,4.39616740202556,2.6153012566774017,0.5120132122058045,1.1542000922356181,0.18985885149931583,1.2186886325232134,2.6022979862414317,2.0155974207569636,1.1471239272288765,1.2623764980072687,2.253360915771052,1.1258235993477252,1.5892186272018618,3.1814689842238986,2.975411321557317,1.3624803029220274,0.9236682439372961,1.5250239621477577,1.2044269237739575,2030
2029-05-06,2030-02-27,0.15264589006358104,0.5142091245963494,4.39347892101895,2.6007568963951293,0.5004858891079965,1.1521592455145073,0.19011247936752643,1.2118677113886804,2.523074548360075,2.0023511917620467,1.144790603980311,1.2784641193793922,2.1204069083383006,1.2590905914180919,1.5866643761072992,2.959910578341162,2.8807294790835756,1.6747392745341332,0.6879749744150327,1.5868499152890154,1.0030690777220606,2030
2029-05-09,2030-02-28,0.16153907142539803,0.5251556752949282,4.639029521607156,2.6307625571998052,0.5156868842166922,1.1564785582601687,0.2107510024143277,1.2208627633837534,2.6292372878030577,2.028408136110773,1.149305061843674,1.273212480797847,1.4790955941470854,1.294360922849143,1.5727399437677914,3.1197456941667814,1.730754981901782,1.3970759318603907,0.37098184295166975,1.4012495968944185,0.4950680771703306,2030
