name,mbase,bus_index,pg,qg,fuel,fuel_type,pmin,pmax,qmin,qmax,year_added,bus_name,area
gen_TOORAWF,23.330385680481157,1629,-8.515848799878692e-09,-0.1108248833417338,wind,Wind,0.0,0.0614192929167999,-0.0297269377717311,0.0297269377717311,2025,bus_2278,7
gen_2011_1,53.081727110997626,1990,-9.779911865983564e-09,-0.0267974905324575,naturalgas,Fossil,0.0,0.53,-0.0294444444444444,0.0294444444444444,2025,bus_2011,6
gen_1002_1,848.605419222452,130,7.59184936237757,2.227315438578727,blackcoal,Fossil,0.0,6.6,-1.8635294117647052,2.8729411764705883,2025,bus_1002,2
gen_2030_1,159.16666923398668,1433,1.1000000106520975,0.499999984643284,wind,Wind,0.0,0.4237931211259197,-0.192633236875418,0.192633236875418,2025,bus_2030,5
wtg_S4_1,101.46158447905296,2004,0.0,0.0,wind,wind,0.0,0.3925233200458534,-0.1962616600229267,0.1962616600229267,2025,connection S4,13
gen_2041_1,56.44414091014141,827,2.1000000122947,0.195112409310499,naturalgas,Fossil,0.0,0.5,-0.0952380952380952,0.2619047619047619,2025,bus_2041,6
gen_1084_1,52.3175148501992,446,0.6000000096707853,-0.0240724261217568,wind,Wind,0.0,0.201978656590297,-0.0673262188634323,0.0336631094317161,2025,bus_1084,2
gen_4059_1,134.14726414117618,1927,1.599999850282834,0.3596325620461786,wind,Wind,0.0,0.5315825458251833,0.0,0.2325673637985176,2025,bus_4059,14
gen_3295_1,392.3008464002056,1616,1.7931772339966294,-0.4091886388250841,blackcoal,Fossil,0.0,3.65,-0.8111111111111111,1.4378787878787878,2025,bus_3295,10
gen_4031_1,138.29316685939332,642,0.8819804222750354,1.5310325958484785,solar,Solar,0.0,0.0,-0.0,0.0,2025,bus_4031,13
gen_WHITSF1,63.88081793465077,88,0.0,-0.7957050950398918,solar,Solar,0.0,0.0,-0.0,0.0,2025,bus_3583,11
gen_BAPS_1,6.77692155480643,893,-9.621017705979892e-09,0.0999999925620224,hydrowater,Hydro,0.0,0.061,-0.0295239999999999,0.0295239999999999,2025,bus_2265,6
pv_Q8_1,1118.033988749895,2001,0.0,0.0,solar,solar,0.0,0.0,-0.0,0.0,2025,connection Q8,11
gen_3419_1,20.417134706402297,1216,0.8479755663852845,-0.5477465685138309,hydrowater,Hydro,0.0,0.1868,-0.0384588235294117,0.0824117647058823,2025,bus_3419,9
gen_BPLANDF1_1,1.2109581138916403,1458,-8.515848799878692e-09,-0.1108248833417338,wind,Wind,0.0,0.0020165692907842,-0.0009760195367395,0.0009760195367395,2025,bus_3149,9
gen_WILLHOV1,1.999747344041242,218,-9.621017705979892e-09,0.0999999925620224,hydrowater,Hydro,0.0,0.018,-0.008712,0.008712,2025,bus_2342,5
pv_N5_2,135.63988351513717,1393,0.0,0.0,solar,solar,0.0,0.0,-0.0,0.0,2025,bus_1206,4
gen_5012_1,37.868305058335,798,0.4000000086737971,0.0737740615671033,hydrowater,Hydro,0.0,0.06,-0.03,0.03,2025,bus_5012,15
gen_4079_1,93.21615282686824,1874,0.7141254040842899,0.0917873421821183,wind,Wind,0.0,0.4015344155473651,-0.0365031286861241,0.0365031286861241,2025,bus_4079,14
gen_GUNNING1_1,25.830069860532703,933,-8.515848799878692e-09,-0.1108248833417338,wind,Wind,0.0,0.0268343072327109,-0.012987804700632,0.012987804700632,2025,bus_1060,4
gen_3548_1,1.0877079349942498,1310,0.0,-1.099999978869885,solar,Solar,0.0,0.0,-0.0,0.0,2025,bus_3547,9
gen_CHILDSF1,71.52429667187506,1084,0.0,-0.7957050950398918,solar,Solar,0.0,0.0,-0.0,0.0,2025,bus_3582,11
gen_5229_1,65.7624427797273,559,0.7000000097767731,0.0953543943452272,hydrowater,Hydro,0.0,0.799,-0.2282857142857143,0.3424285714285714,2025,bus_5229,15
gen_3544_1,1.0614524376113004,139,0.0,-1.0999999410599066,solar,Solar,0.0,0.0,-0.0,0.0,2025,bus_3543,11
gen_CULLRGWF,33.32912240068736,1329,-8.515848799878692e-09,-0.1108248833417338,wind,Wind,0.0,0.0346249125583366,-0.0167584576782349,0.0167584576782349,2025,bus_1647,2
gen_3295_2,392.3008464002056,1616,1.7931772339966294,-0.4091886388250841,blackcoal,Fossil,0.0,3.65,-0.8111111111111111,1.4378787878787878,2025,bus_3295,10
gen_3273_1,1.05775765322614,572,0.0,-0.095655600780611,solar,Solar,0.0,0.0,-0.0,0.0,2025,bus_3273,9
gen_OAKEY2SF,44.79434050652381,722,0.0,-0.7957050950398918,solar,Solar,0.0,0.0,-0.0,0.0,2025,bus_3080,8
wtg_T1_1,187.82971010998236,2008,0.0,0.0,wind,wind,0.0,0.2461000616018391,-0.1230500308009195,0.1230500308009195,2025,connection T1,15
gen_2095_1,190.50777777777776,1889,2.268510848065453,-0.3595825302704559,wind,Wind,0.0,0.5143232090664601,-0.1607260028332688,0.214301337111025,2025,bus_2095,7
gen_BAPS_2,6.77692155480643,893,-9.621017705979892e-09,0.0999999925620224,hydrowater,Hydro,0.0,0.061,-0.0295239999999999,0.0295239999999999,2025,bus_2265,6
gen_1059_1,46.1062790306169,210,0.5000000096218645,0.0722863151984638,naturalgas,Fossil,0.0,1.81,-0.7240000000000001,0.7240000000000001,2025,bus_1059,4
gen_GRIFSF1,30.207294602489647,1077,0.0,-1.6999999719524246,solar,Solar,0.0,0.0,-0.0,0.0,2025,bus_1358,1
gen_4050_1,6.0,1141,1.7887951819074237e-07,0.0,solar,Solar,0.0,0.0,0.0,0.0,2025,bus_4050,12
gen_3562_1,1.0608646189095496,849,0.0,-0.163762210297494,solar,Solar,0.0,0.0,-0.0,0.0,2025,bus_3561,8
gen_1044_1,1667.0932787339766,555,8.400000075184948,-1.0807269730475024,blackcoal,Fossil,0.0,14.4,-8.4,8.4,2025,bus_1044,2
gen_1005_1,755.5949696494532,332,9.131629824889368,-0.467106369577295,blackcoal,Fossil,0.0,6.7875,-1.4017663043478263,3.319972826086957,2025,bus_1005,2
gen_5033_1,165.77906671814063,1123,-8.022317589679728e-09,-0.1512361851926635,hydrowater,Hydro,0.0,1.5,-0.5294117647058824,0.7058823529411765,2025,bus_5033,15
gen_SRSF1,94.72136586275349,1198,0.0,-0.7957050950398918,solar,Solar,0.0,0.0,-0.0,0.0,2025,starbus_xf_3483_3558_3484_3,8
gen_1173_1,2.73906388320029,936,0.0,-0.4212696568727615,solar,Solar,0.0,0.0,-0.0,0.0,2025,bus_1173,1
gen_2010_1,28.039152982927284,1210,1.0000000058916103,-0.0089157952470531,hydrowater,Hydro,0.0,0.279,-0.0279,0.0279,2025,bus_2010,6
gen_1043_1,17.553044971032865,1892,2.505896434078072,-0.376779756634652,hydrowater,Hydro,0.0,0.17,-0.0437142857142857,0.0437142857142857,2025,bus_1043,4
gen_4081_1,85.50290291124624,395,-9.68851251153455e-09,0.0377858736264067,wind,Wind,0.0,0.3587857784881932,-0.1345446669330724,0.0896964446220483,2025,bus_4081,14
gen_4007_1,106.84239568070764,1786,-9.790929601399425e-09,0.1999999927737818,wind,Wind,0.0,0.4567544087806294,-0.1054048635647606,0.0702699090431737,2025,bus_4007,12
gen_1005_2,755.5949696494532,332,9.131629824889368,-0.467106369577295,blackcoal,Fossil,0.0,6.7875,-1.4017663043478263,3.319972826086957,2025,bus_1005,2
gen_4058_1,223.0505949478153,922,-9.791274754254642e-09,0.0324317722609449,wind,Wind,0.0,0.8920984546496669,0.0,0.3673346577969216,2025,bus_4058,13
gen_BPLANDF1_2,1.2109581138916403,1458,-8.515848799878692e-09,-0.1108248833417338,wind,Wind,0.0,0.0020165692907842,-0.0009760195367395,0.0009760195367395,2025,bus_3149,9
gen_2041_2,56.44414091014141,827,2.1000000122947,0.195112409310499,naturalgas,Fossil,0.0,0.5,-0.0952380952380952,0.2619047619047619,2025,bus_2041,6
gen_5036_2,36.76534479,1244,-5.38380223377445e-09,-0.0999999698189565,naturalgas,Fossil,0.0,0.58,-0.145,0.29,2025,bus_5036,15
gen_2003_1,37.20679614011862,961,0.9000000095208436,0.1936732540096692,hydrowater,Hydro,0.0,0.34,-0.1133333333333333,0.1511111111111111,2025,bus_2003,6
gen_CHALLHWF,58.325964201202886,1883,-8.515848799878692e-09,-0.1108248833417338,wind,Wind,0.0,0.1535482322919999,-0.0743173444293279,0.0743173444293279,2025,bus_2164,6
gen_5031_1,125.01647891378158,1127,-8.022317589635213e-09,-0.1440557615389961,hydrowater,Hydro,0.0,1.156,-0.34,0.4759999999999999,2025,bus_5031,15
gen_1081_5,800.5623023850173,1272,3.5638637708802675e-08,0.1508669773825184,blackcoal,Fossil,0.0,7.2,-3.5,3.5,2025,bus_1081,2
gen_3443_1,450.46635990520974,1448,1.4879827640775537e-08,0.0064793015390744,blackcoal,Fossil,0.0,4.26,-0.7987499999999998,1.464375,2025,bus_3443,9
gen_2041_3,56.44414091014141,827,2.1000000122947,0.195112409310499,naturalgas,Fossil,0.0,0.5,-0.0952380952380952,0.2619047619047619,2025,bus_2041,6
gen_1074_1,126.35216756325902,1365,1.1000000106483183,-0.2300947269397747,wind,Wind,0.0,0.1406925613620412,-0.0383706985532839,0.0383706985532839,2025,bus_1074,4
pv_Q5_1,15.652475842498529,685,0.0,0.0,solar,solar,0.0,0.0,-0.0,0.0,2025,bus_3432,8
gen_GULLRSF1,11.109707466895788,968,0.0,-1.6999999719524246,solar,Solar,0.0,0.0,-0.0,0.0,2025,bus_1109,1
gen_3442_1,449.2433189116981,910,6.300000062641601,0.8923050228456323,blackcoal,Fossil,0.0,4.22,-0.8038095238095238,1.5406349206349206,2025,bus_3442,9
gen_4027_1,36.2619373,184,-9.791539588555685e-09,0.0450386661152838,wind,Wind,0.0,0.227079606638097,-0.0567699016595242,0.1703097049785727,2025,bus_4027,13
gen_2036_1,107.325694307219,1115,1.1000000107921688,0.1704799855745879,wind,Wind,0.0,0.4606446968759997,-0.1675071625003635,0.1675071625003635,2025,bus_2036,7
gen_INVICTA,27.774268667239465,1330,-8.515848799878692e-09,-0.1108248833417338,wind,Wind,0.0,0.0462515892381704,-0.0223857691912745,0.0223857691912745,2025,starbus_xf_3226_3227_3228_1,11
gen_1037_1,324.66050644395364,501,6.30000006264597,0.5116647828208223,hydrowater,Hydro,0.0,3.08,-0.4888888888888889,1.0266666666666668,2025,bus_1037,2
gen_4024_1,1.10546755904797,392,1.1999975384650994,-0.0999996417610297,solar,Solar,0.0,0.0,-0.0,0.0,2025,bus_4024,12
gen_MSTUART3,251.57377073412164,591,-8.515848799878692e-09,-0.1108248833417338,wind,Wind,0.0,0.4189376450015006,-0.2027658201807262,0.2027658201807262,2025,bus_3280,9
gen_1018_2,828.587737327442,94,7.756789578591114,0.4833359459442629,hydrowater,Hydro,0.0,15.0,-5.0602409638554215,7.771084337349396,2025,bus_1018,2
gen_WARWSF1,35.66216096873548,306,0.0,-0.7957050950398918,solar,Solar,0.0,0.0,-0.0,0.0,2025,bus_3593,11
gen_4050_2,6.0,1141,1.7887951819074237e-07,0.0,solar,Solar,0.0,0.0,0.0,0.0,2025,bus_4050,12
gen_1022_1,100.1029132,30,1.1000000106608774,-0.3000000010636493,hydrowater,Hydro,0.0,0.0576999999999999,-0.0157363636363636,0.0262272727272727,2025,bus_1022,4
gen_5231_1,44.7213595499958,494,0.4000000097691451,-0.0082089024802244,naturalgas,Fossil,0.0,0.4,-0.2,0.2,2025,bus_5231,15
gen_1040_3,341.42365312634496,46,2.590470181851592,-0.384282820039043,hydrowater,Hydro,0.0,0.6,-0.1542857142857143,0.1542857142857143,2025,bus_1040,4
gen_SKSF1,15.442493378985144,1022,0.0,-1.6999999719524246,solar,Solar,0.0,0.0,-0.0,0.0,2025,bus_1145,2
gen_SWAN_E,427.72373747548784,1124,-8.515848799878692e-09,-0.1108248833417338,wind,Wind,0.0,0.7122744742678254,-0.3447408455456274,0.3447408455456274,2025,starbus_xf_3362_3364_3363_1,11
gen_GRANWF1,123.98433533055696,1436,0.4000000097693037,-0.0089620315412714,wind,Wind,0.0,0.163480755206936,-0.079124685520157,0.079124685520157,2025,bus_5144,15
gen_MIDDLSF1,28.88523941392905,1208,0.0,-0.7957050950398918,solar,Solar,0.0,0.0,-0.0,0.0,2025,bus_3601,11
gen_4007_2,106.84239568070764,1786,-9.790929601399425e-09,0.1999999927737818,wind,Wind,0.0,0.4567544087806294,-0.1054048635647606,0.0702699090431737,2025,bus_4007,12
gen_1582_1,130.80465299406578,428,0.7000000096223669,0.0095195986875993,solar,Solar,0.0,0.0,-0.0,0.0,2025,bus_1582,1
wtg_T2_1,281.0178430722861,2009,0.0,0.0,wind,wind,0.0,0.3681979195453707,-0.1840989597726853,0.1840989597726853,2025,connection T2,15
gen_4065_1,50.534916421992605,1033,2.6999998617854417,0.6708307361328479,naturalgas,Fossil,0.0,0.4679999999999999,-0.0866666666666666,0.1906666666666666,2025,bus_4065,14
gen_1031_1,90.5889255829901,1916,1.000000009638057,-0.0033932666979379,naturalgas,Fossil,0.0,1.81,-0.543,0.543,2025,bus_1031,4
gen_5010_1,123.244468957768,1987,-5.742392172289627e-09,0.0385280543751981,hydrowater,Hydro,0.0,1.25,-0.7692307692307694,0.8653846153846154,2025,bus_5010,15
gen_3420_1,38.25480271542186,1839,0.8204994815211015,-0.5213921649146753,hydrowater,Hydro,0.0,0.35,-0.0617647058823529,0.1544117647058823,2025,bus_3420,9
gen_1085_1,77.87963626291821,1218,-7.999999925901295e-09,-0.1264141874128206,wind,Wind,0.0,0.0886628594243807,-0.0295542864747935,0.0147771432373967,2025,bus_1085,2
gen_HYMIVC06 Belgrave-Hallam Rd Micro Hydro,0.2777426866723947,1736,-9.621017705979892e-09,0.0999999925620224,hydrowater,Hydro,0.0,0.0025,-0.00121,0.00121,2025,bus_2238,6
gen_1039_2,338.426626157714,1386,2.19103942539227,-0.3794980413102803,hydrowater,Hydro,0.0,0.19,-0.0502941176470588,0.0502941176470588,2025,bus_1039,4
gen_5030_1,53.9771218854003,842,0.6000000097642098,-0.0201033534357244,hydrowater,Hydro,0.0,0.4,-0.1333333333333333,0.2666666666666667,2025,bus_5030,15
gen_4023_1,8.392030879192394,928,0.6290505606647061,-0.1999996383067443,solar,Solar,0.0,0.0,-0.0,0.0,2025,bus_4023,12
gen_4052_1,57.02245171859941,145,1.9999998317310084,0.899999792239791,naturalgas,Fossil,0.0,0.52,-0.208,0.234,2025,bus_4052,14
pv_Q2_1,94.4403310297036,1655,0.0,0.0,solar,solar,0.0,0.0,-0.0,0.0,2025,bus_3225,8
gen_4019_1,0.988983168276027,1184,0.999999002224776,0.074295845970026,solar,Solar,0.0,0.0,-0.0,0.0,2025,bus_4019,13
gen_1075_3,110.332978322869,1960,1.2000000116479703,-0.1863283402821672,wind,Wind,0.0,0.3116242130250298,-0.0779060532562574,0.0779060532562574,2025,bus_1075,4
gen_WOOLNTH1_1,51.10465434772061,1426,0.4000000097693037,-0.0089620315412714,wind,Wind,0.0,0.067384540676694,-0.0326141176875199,0.0326141176875199,2025,bus_5067,15
gen_BROOKLYN,3.144047213131508,29,-8.515848799878692e-09,-0.1108248833417338,wind,Wind,0.0,0.0082769809025973,-0.0040060587568571,0.0040060587568571,2025,bus_2224,7
gen_1011_1,1.08747929753736,581,0.0,-1.4999999907958297,solar,Solar,0.0,0.0,-0.0,0.0,2025,bus_1011,1
gen_3588_4,515.843401,1140,0.5914500836745517,-0.2144411228084013,blackcoal,Fossil,0.0,4.5,-0.7788461538461539,1.6442307692307692,2025,bus_3588,9
gen_3419_2,20.417134706402297,1216,0.8479755663852845,-0.5477465685138309,hydrowater,Hydro,0.0,0.1868,-0.0384588235294117,0.0824117647058823,2025,bus_3419,9
gen_3444_1,374.71153841885024,1580,6.477506029201183,1.2729506936195132,blackcoal,Fossil,0.0,3.5,-1.0808823529411766,1.3382352941176472,2025,bus_3444,9
gen_NYNGAN1,113.3523452847377,1544,0.0,-1.6999999719524246,solar,Solar,0.0,0.0,-0.0,0.0,2025,bus_1025,4
gen_HEPWIND1,4.554980061427272,69,-8.515848799878692e-09,-0.1108248833417338,wind,Wind,0.0,0.0119913857599466,-0.0058038307078141,0.0058038307078141,2025,bus_2277,7
gen_4050_3,6.0,1141,1.7887951819074237e-07,0.0,solar,Solar,0.0,0.0,0.0,0.0,2025,bus_4050,12
gen_2040_1,85.79509418341495,1454,2.100000012257214,0.1884007473516043,naturalgas,Fossil,0.0,0.7599999999999999,-0.1447619047619047,0.398095238095238,2025,bus_2040,6
gen_4059_2,134.14726414117618,1927,1.599999850282834,0.3596325620461786,wind,Wind,0.0,0.5315825458251833,0.0,0.2325673637985176,2025,bus_4059,14
wtg_Q1_1,371.6792192200151,965,0.0,0.0,wind,wind,0.0,0.6150351330534957,-0.3075175665267478,0.3075175665267478,2025,bus_3332,8
pv_N5_1,1118.033988749895,1393,0.0,0.0,solar,solar,0.0,0.0,-0.0,0.0,2025,bus_1206,4
gen_1041_4,336.309318444924,1009,2.3975511500195017,-0.3719311447062547,hydrowater,Hydro,0.0,0.2,-0.0529411764705882,0.0529411764705882,2025,bus_1041,4
gen_GB01,55.54853733447893,1391,-8.515848799878692e-09,-0.1108248833417338,wind,Wind,0.0,0.1635565452880628,-0.0791613679194224,0.0791613679194224,2025,bus_1195,2
gen_2322_3,47.1338866906008,1213,0.0905365865366731,0.0783935552361916,wind,Wind,0.0,0.1684643462860799,-0.0673857385144319,0.0673857385144319,2025,bus_2322,6
gen_4026_1,0.6130266438237391,750,3.353203238118548e-07,0.0,solar,Solar,0.0,0.0,0.0,0.0,2025,bus_4026,12
gen_2010_2,28.039152982927284,1210,1.0000000058916103,-0.0089157952470531,hydrowater,Hydro,0.0,0.279,-0.0279,0.0279,2025,bus_2010,6
gen_CESF1,2.2219414933791577,1332,0.0,-1.6999999719524246,solar,Solar,0.0,0.0,-0.0,0.0,2025,bus_1091,2
gen_4029_1,36.5241711,774,-9.791539588555685e-09,0.0483844407548777,wind,Wind,0.0,0.2452459751691448,-0.0613114937922862,0.1839344813768585,2025,bus_4029,13
gen_5032_2,175.344738017768,429,1.8000000177653093,0.1932468299647501,hydrowater,Hydro,0.0,4.32,-1.68,1.9200000000000004,2025,bus_5032,15
gen_2010_3,28.039152982927284,1210,1.0000000058916103,-0.0089157952470531,hydrowater,Hydro,0.0,0.279,-0.0279,0.0279,2025,bus_2010,6
gen_4058_2,223.0505949478153,922,-9.791274754254642e-09,0.0324317722609449,wind,Wind,0.0,0.8920984546496669,0.0,0.3673346577969216,2025,bus_4058,13
gen_5005_1,45.257282110175375,566,1.5000000147717103,0.2991822970927146,hydrowater,Hydro,0.0,0.3533999999999999,-0.25916,0.2827199999999999,2025,bus_5005,15
wtg_S8_1,150.12960400933588,2006,0.0,0.0,wind,wind,0.0,0.5808047538926413,-0.2904023769463206,0.2904023769463206,2025,connection S8,13
gen_4062_1,29.895506326053145,1013,2.699999861286651,0.6496274924838897,naturalgas,Fossil,0.0,0.27686,-0.0512703703703703,0.1127948148148148,2025,bus_4062,14
gen_2324_1,53.539829139953895,959,0.6000000097896367,0.1493837240092499,wind,Wind,0.0,0.2445072803735465,-0.0815024267911821,0.0815024267911821,2025,bus_2324,6
wtg_N2_1,494.70767934205344,2014,0.0,0.0,wind,wind,0.0,0.5106943769604266,-0.2553471884802133,0.2553471884802133,2025,connection N2,1
gen_2037_1,70.30135839182296,1913,1.1000000107921457,0.1712739319858489,wind,Wind,0.0,0.1871826069845332,-0.0680664025398302,0.0850830031747878,2025,bus_2037,7
gen_1069_1,210.894545504451,463,-8.515848799878692e-09,-0.1108248833417338,wind,Wind,0.0,0.4570488457700437,-0.1038747376750099,0.2077494753500198,2025,bus_1069,4
gen_1004_3,914.521020424575,292,8.463717536066333,-0.5388492326357163,blackcoal,Fossil,0.0,6.6,-1.865217391304348,2.7978260869565217,2025,bus_1004,2
gen_CODRNGTON,20.21966758975033,336,-8.515848799878692e-09,-0.1108248833417338,wind,Wind,0.0,0.0532300538612266,-0.0257633460688336,0.0257633460688336,2025,bus_2168,6
gen_2094_1,315.3866643053533,1994,2.254104899898349,-0.3747212976716439,naturalgas,Fossil,0.0,2.92,-0.893877551020408,1.1918367346938774,2025,bus_2094,7
gen_3444_2,374.71153841885024,1580,6.477506029201183,1.2729506936195132,blackcoal,Fossil,0.0,3.5,-1.0808823529411766,1.3382352941176472,2025,bus_3444,9
wtg_V4_2,1118.033988749895,811,0.0,0.0,wind,wind,0.0,2.9247282341333314,-1.4623641170666657,1.4623641170666657,2025,bus_2200,5
gen_BRAEMAR2,200.53021977746891,659,-8.515848799878692e-09,-0.1108248833417338,wind,Wind,0.0,0.3339364742995908,-0.1616252535610019,0.1616252535610019,2025,bus_3121,9
pv_N4_1,59.25580140374444,2015,0.0,0.0,solar,solar,0.0,0.0,-0.0,0.0,2025,connection N4,2
gen_1042_1,12.41329792593104,1032,2.3617687435479366,-0.366197313259297,hydrowater,Hydro,0.0,0.12,-0.0317647058823529,0.0317647058823529,2025,bus_1042,4
pv_V6_1,612.4031173377549,600,0.0,0.0,solar,solar,0.0,0.0,-0.0,0.0,2025,bus_2125,6
gen_WILGB01,5.925177315677753,749,-8.515848799878692e-09,-0.1108248833417338,wind,Wind,0.0,0.0061555400103709,-0.0029792813650195,0.0029792813650195,2025,bus_1113,4
gen_1060_2,46.5332684993628,933,0.5000000096215694,0.1885709147781797,wind,Wind,0.0,0.1679769924580105,-0.0671907969832042,0.0671907969832042,2025,bus_1060,4
gen_2064_1,165.85971314470686,569,-9.285668640309112e-09,1.3000000036773969,naturalgas,Fossil,0.0,1.56,-0.3033333333333333,0.5633333333333334,2025,bus_2064,5
gen_2064_2,165.85971314470686,569,-9.285668640309112e-09,1.3000000036773969,naturalgas,Fossil,0.0,1.56,-0.3033333333333333,0.5633333333333334,2025,bus_2064,5
pv_Q7_1,343.0463687681302,2000,0.0,0.0,solar,solar,0.0,0.0,-0.0,0.0,2025,connection Q7,11
gen_2016_2,71.0795632928889,1083,6.4411720060246e-10,-0.2999973256011513,wind,Wind,0.0,0.4053673332508797,-0.1520127499690798,0.2026836666254398,2025,bus_2016,6
gen_1070_1,101.96111663690871,1034,-8.51584879992637e-09,-0.113195994912241,wind,Wind,0.0,0.1062484677915092,-0.0252972542360736,0.0505945084721472,2025,bus_1070,4
gen_4083_4,50.33152763,152,-9.690878810778837e-09,0.0015256767998686,wind,Wind,0.0,0.5722406087280045,-0.0953734347880007,0.0953734347880007,2025,bus_4083,14
gen_KIATAWF1,34.49564168471142,846,-8.515848799878692e-09,-0.1108248833417338,wind,Wind,0.0,0.0908128116698399,-0.0439534008482025,0.0439534008482025,2025,bus_2028,5
gen_1019_1,405.4435805685442,1584,8.30000000824392,1.6756887209969675,naturalgas,Fossil,0.0,3.6,-1.1710843373493975,1.8650602409638557,2025,bus_1019,3
gen_2008_2,0.722928195972706,708,0.8000000097743581,0.0918415515561852,solar,Solar,0.0,0.0,-0.0,0.0,2025,bus_2008,6
gen_2082_1,2.8083047291124204,1293,2.9000000285227814,-1.4249061492534238,solar,Solar,0.0,0.0,-0.0,0.0,2025,bus_2082,5
gen_3275_1,1.09717493208591,425,0.0,-0.1989009900516641,solar,Solar,0.0,0.0,-0.0,0.0,2025,bus_3275,8
pv_Q4_1,693.6841883198723,1790,0.0,0.0,solar,solar,0.0,0.0,-0.0,0.0,2025,bus_3591,8
gen_5028_1,37.7499579498544,752,0.4000000082959243,-0.0979601612577484,hydrowater,Hydro,0.0,0.19,-0.0475,0.1425,2025,bus_5028,15
wtg_V4_1,1118.033988749895,811,0.0,0.0,wind,wind,0.0,2.9247282341333314,-1.4623641170666657,1.4623641170666657,2025,bus_2200,5
gen_NEVERSF1,116.25197893359751,1544,0.0,-1.6999999719524246,solar,Solar,0.0,0.0,-0.0,0.0,2025,bus_1025,4
gen_5023_1,8.049844718999243,1937,0.4000000097567493,0.0420910940833603,hydrowater,Hydro,0.0,0.072,-0.018,0.036,2025,bus_5023,15
gen_5033_2,165.77906671814063,1123,-8.022317589679728e-09,-0.1512361851926635,hydrowater,Hydro,0.0,1.5,-0.5294117647058824,0.7058823529411765,2025,bus_5033,15
wtg_Q2_1,48.29906831399546,1655,0.0,0.0,wind,wind,0.0,0.0799227462035586,-0.0399613731017793,0.0399613731017793,2025,bus_3225,8
gen_3285_1,1.07825675532222,361,0.0,-0.2629556962142755,solar,Solar,0.0,0.0,-0.0,0.0,2025,bus_3285,8
wtg_S3_1,1118.033988749895,1551,0.0,0.0,wind,wind,0.0,4.325325840725657,-2.1626629203628287,2.1626629203628287,2025,bus_4107,13
pv_N3_2,554.5336780800603,1815,0.0,0.0,solar,solar,0.0,0.0,-0.0,0.0,2025,bus_1132,2
gen_MOLNGSF1,40.08382454056,767,0.0,-1.6999999719524246,solar,Solar,0.0,0.0,-0.0,0.0,2025,bus_1142,1
gen_1020_1,195.34336408724224,113,8.200000010014195,1.6957859545700886,naturalgas,Fossil,0.0,1.73,-0.5907317073170733,0.9071951219512197,2025,bus_1020,3
gen_4082_1,113.00355731985675,1887,1.100000010350988,-0.0277434155306601,wind,Wind,0.0,0.4593496042850648,-0.1670362197400236,0.1670362197400236,2025,bus_4082,14
gen_4062_2,29.895506326053145,1013,2.699999861286651,0.6496274924838897,naturalgas,Fossil,0.0,0.27686,-0.0512703703703703,0.1127948148148148,2025,bus_4062,14
gen_1066_1,1.8038791959,243,0.0,-1.6999999719524246,solar,Solar,0.0,0.0,-0.0,0.0,2025,bus_1066,2
gen_VALDORA1,16.66456120034368,1663,0.0,-0.7957050950398918,solar,Solar,0.0,0.0,-0.0,0.0,2025,bus_3526,9
wtg_V3_2,1044.802762486777,811,0.0,0.0,wind,wind,0.0,2.733158534797599,-1.3665792673987995,1.3665792673987995,2025,bus_2200,5
gen_2094_2,315.3866643053533,1994,2.254104899898349,-0.3747212976716439,naturalgas,Fossil,0.0,2.92,-0.893877551020408,1.1918367346938774,2025,bus_2094,7
gen_2040_2,85.79509418341495,1454,2.100000012257214,0.1884007473516043,naturalgas,Fossil,0.0,0.7599999999999999,-0.1447619047619047,0.398095238095238,2025,bus_2040,6
gen_PTSTAN1_1,66.52492831177197,856,-8.515848799878692e-09,-0.1108248833417338,wind,Wind,0.0,0.2590005113426523,-0.1253562474898437,0.1253562474898437,2025,bus_4002,13
gen_4052_2,57.02245171859941,145,1.9999998317310084,0.899999792239791,naturalgas,Fossil,0.0,0.52,-0.208,0.234,2025,bus_4052,14
gen_4034_1,37.528516240641,1228,-9.73351211338938e-09,-0.0056733546401561,wind,Wind,0.0,0.3126345517676505,-0.0781586379419126,0.2344759138257378,2025,bus_4034,13
gen_2247_2,0.509823243989935,1155,0.6000000097277676,0.0219961353346259,solar,Solar,0.0,0.0,-0.0,0.0,2025,bus_2247,7
pv_N6_1,510.0694663474771,1393,0.0,0.0,solar,solar,0.0,0.0,-0.0,0.0,2025,bus_1206,4
gen_ROYALLA1,22.219414933791576,581,0.0,-1.6999999719524246,solar,Solar,0.0,0.0,-0.0,0.0,2025,bus_1011,1
gen_2093_1,238.55571283245345,329,4.200000041790948,0.0670489459883083,wind,Wind,0.0,0.6356896816888796,-0.1816256233396798,0.2875739036211597,2025,bus_2093,7
gen_1149_1,334.40312140429893,1709,9.000000089644043,-1.7532864814854516,solar,Solar,0.0,0.0,-0.0,0.0,2025,bus_1149,2
gen_MLWF1,21.663929560446785,1732,-8.515848799878692e-09,-0.1108248833417338,wind,Wind,0.0,0.0570322005655999,-0.0276035850737503,0.0276035850737503,2025,bus_2158,7
gen_4079_2,93.21615282686824,1874,0.7141254040842899,0.0917873421821183,wind,Wind,0.0,0.4015344155473651,-0.0365031286861241,0.0365031286861241,2025,bus_4079,14
gen_1181_1,190.34464426402968,348,1.0000000096577322,-0.1999999916628984,solar,Solar,0.0,0.0,-0.0,0.0,2025,bus_1181,4
gen_3444_3,374.71153841885024,1580,6.477506029201183,1.2729506936195132,blackcoal,Fossil,0.0,3.5,-1.0808823529411766,1.3382352941176472,2025,bus_3444,9
gen_3430_1,189.1358190067876,1177,1.50747882062366e-08,0.0107982531498226,naturalgas,Fossil,0.0,1.73,-0.4425581395348837,0.7644186046511627,2025,bus_3430,9
gen_4064_1,284.17896921371107,1882,2.7999998626976206,0.7515425422804861,naturalgas,Fossil,0.0,2.645,-0.4723214285714285,1.039107142857143,2025,bus_4064,14
gen_4062_3,29.895506326053145,1013,2.699999861286651,0.6496274924838897,naturalgas,Fossil,0.0,0.27686,-0.0512703703703703,0.1127948148148148,2025,bus_4062,14
gen_WHILL1,13.331648960274944,45,-8.821856916465006e-09,0.012738575734369,wind,Wind,0.0,0.0222007628343218,-0.0107451692118117,0.0107451692118117,2025,bus_3453,8
gen_2045_1,606.6216292806507,1827,-9.245202508435553e-09,-0.0465286312184052,browncoal,Fossil,0.0,5.525,-0.8103333333333333,2.5046666666666666,2025,bus_2045,6
gen_GUNNING1_2,25.830069860532703,933,-8.515848799878692e-09,-0.1108248833417338,wind,Wind,0.0,0.0268343072327109,-0.012987804700632,0.012987804700632,2025,bus_1060,4
gen_4072_1,73.11942286424312,312,-9.640031956110484e-09,0.3000000090172112,wind,Wind,0.0,0.282876309983458,-0.0942921033278193,0.141438154991729,2025,bus_4072,14
pv_S5_1,333.6660636025186,1778,0.0,0.0,solar,solar,0.0,0.0,-0.0,0.0,2025,bus_4109,13
wtg_N3_1,289.26893390926034,1815,0.0,0.0,wind,wind,0.0,0.2986167875406147,-0.1493083937703073,0.1493083937703073,2025,bus_1132,2
gen_2038_3,108.142809283454,289,1.1000000107920775,0.1699780902483673,wind,Wind,0.0,0.5978144510568529,-0.2173870731115829,0.2173870731115829,2025,bus_2038,7
gen_5006_1,54.2278526220613,1385,1.0000000097721875,0.2851154790478137,hydrowater,Hydro,0.0,0.465,-0.186,0.279,2025,bus_5006,15
gen_3590_1,1.06119855432771,340,0.0,-1.0999999561349971,solar,Solar,0.0,0.0,-0.0,0.0,2025,bus_3589,11
gen_4023_2,8.392030879192394,928,0.6290505606647061,-0.1999996383067443,solar,Solar,0.0,0.0,-0.0,0.0,2025,bus_4023,12
gen_CLERMSF1,102.76479406878605,88,0.0,-0.7957050950398918,solar,Solar,0.0,0.0,-0.0,0.0,2025,bus_3583,11
gen_5020_1,40.33056631,104,-8.381809951516742e-09,-0.0395469900552989,hydrowater,Hydro,0.0,0.28,-0.112,0.112,2025,bus_5020,15
gen_MANSLR1,55.54853733447893,1583,0.0,-1.6999999719524246,solar,Solar,0.0,0.0,-0.0,0.0,2025,bus_1299,1
gen_1025_1,0.500407203184462,1544,0.6000000096552431,-0.2000000067889095,solar,Solar,0.0,0.0,-0.0,0.0,2025,bus_1025,4
gen_5018_2,96.0025555250328,1942,1.0000000097873458,-0.0393746184490932,hydrowater,Hydro,0.0,0.9,-0.18,0.63,2025,bus_5018,15
gen_3594_1,1.0837470155907802,306,0.0,-0.599999932340424,solar,Solar,0.0,0.0,-0.0,0.0,2025,bus_3593,11
gen_4065_2,50.534916421992605,1033,2.6999998617854417,0.6708307361328479,naturalgas,Fossil,0.0,0.4679999999999999,-0.0866666666666666,0.1906666666666666,2025,bus_4065,14
gen_KEPSF1,16.66456120034368,523,0.0,-0.7957050950398918,solar,Solar,0.0,0.0,-0.0,0.0,2025,bus_3549,9
gen_GNNDHSF1,122.20678213585366,1022,0.0,-1.6999999719524246,solar,Solar,0.0,0.0,-0.0,0.0,2025,bus_1145,2
gen_DULAWF1,192.1868294698302,591,-8.821856916465006e-09,0.012738575734369,wind,Wind,0.0,0.3200424968924444,-0.1549005684959431,0.1549005684959431,2025,bus_3280,9
gen_BRAEMAR1,200.53021977746891,659,-8.515848799878692e-09,-0.1108248833417338,wind,Wind,0.0,0.3339364742995908,-0.1616252535610019,0.1616252535610019,2025,bus_3121,9
gen_DIAPURWF1,8.88776597351663,1433,-8.515848799878692e-09,-0.1108248833417338,wind,Wind,0.0,0.0233978258730666,-0.0113245477225642,0.0113245477225642,2025,bus_2030,5
pv_N2_1,598.1705446609687,2014,0.0,0.0,solar,solar,0.0,0.0,-0.0,0.0,2025,connection N2,1
gen_1034_1,643.693602205161,52,3.301136069590481,-0.3114366376033872,naturalgas,Fossil,0.0,1.81,-0.3063076923076923,0.5847692307692308,2025,bus_1034,2
gen_2044_1,634.3308220768834,1668,-9.245051459779091e-09,-0.0064487110032902,browncoal,Fossil,0.0,5.8,-1.657142857142857,2.5685714285714285,2025,bus_2044,6
gen_2056_3,46.581592120633,651,0.5000000097710116,0.1000000061694875,wind,Wind,0.0,0.1965417373337599,-0.0393083474667519,0.0393083474667519,2025,bus_2056,5
gen_4047_1,0.9103895200554982,656,0.3109665707914452,0.0203008059097691,solar,Solar,0.0,0.0,-0.0,0.0,2025,bus_4047,13
gen_LRSF1,16.66456120034368,1785,0.0,-0.7957050950398918,solar,Solar,0.0,0.0,-0.0,0.0,2025,bus_3648,11
gen_2010_4,28.039152982927284,1210,1.0000000058916103,-0.0089157952470531,hydrowater,Hydro,0.0,0.279,-0.0279,0.0279,2025,bus_2010,6
gen_CPSA_1,80.21208791098758,1172,-8.515848799878692e-09,-0.1108248833417338,wind,Wind,0.0,0.1335745897198363,-0.0646501014244008,0.0646501014244008,2025,bus_3628,8
wtg_Q4_1,335.4101966249685,1790,0.0,0.0,wind,wind,0.0,0.5550190708580458,-0.2775095354290229,0.2775095354290229,2025,bus_3591,8
gen_2011_2,53.081727110997626,1990,-9.779911865983564e-09,-0.0267974905324575,naturalgas,Fossil,0.0,0.53,-0.0294444444444444,0.0294444444444444,2025,bus_2011,6
gen_4084_1,0.7619784032539471,1597,0.5173540138828265,0.0,solar,Solar,0.0,0.0,0.0,0.0,2025,bus_4084,13
gen_4062_4,29.895506326053145,1013,2.699999861286651,0.6496274924838897,naturalgas,Fossil,0.0,0.27686,-0.0512703703703703,0.1127948148148148,2025,bus_4062,14
wtg_T3_1,160.99689437998487,2010,0.0,0.0,wind,wind,0.0,0.2109429099444335,-0.1054714549722167,0.1054714549722167,2025,connection T3,15
gen_5017_1,121.28379941278224,1472,2.000000019787434,-0.0642974324034991,naturalgas,Fossil,0.0,1.04,-0.208,0.624,2025,bus_5017,15
gen_4061_1,43.66062299143245,1402,-9.791274748520029e-09,0.0284330133615744,naturalgas,Fossil,0.0,0.4,0.0,0.175,2025,bus_4061,13
gen_2057_1,47.64830648733605,633,1.200000011772336,0.2000000064176187,naturalgas,Fossil,0.0,0.47,-0.0783333333333333,0.0783333333333333,2025,bus_2057,5
gen_2037_2,70.30135839182296,1913,1.1000000107921457,0.1712739319858489,wind,Wind,0.0,0.1871826069845332,-0.0680664025398302,0.0850830031747878,2025,bus_2037,7
gen_4053_12,194.91053826953305,76,1.999999834524425,0.8999997930007999,naturalgas,Fossil,0.0,1.284,-0.5136000000000001,0.5778,2025,bus_4053,14
gen_4022_1,16.55719254583941,464,1.1999977458316644,-0.0999996439130205,solar,Solar,0.0,0.0,-0.0,0.0,2025,bus_4022,12
gen_3656_1,377.4193527172111,1219,3.930555683056157,-0.8800174451277207,blackcoal,Fossil,0.0,3.5,-1.1666666666666663,1.412280701754386,2025,bus_3656,11
gen_2069_1,51.6119330540299,1588,0.0520410780076006,0.0006357160656,wind,Wind,0.0,0.2825287474172798,-0.0941762491390932,0.1412643737086399,2025,bus_2069,7
gen_5039_3,68.36997707287081,1256,0.7000000097749755,0.1327120670133436,hydrowater,Hydro,0.0,0.6,-0.3428571428571429,0.6,2025,bus_5039,15
gen_HUGSF1,23.297056558080463,995,0.0,-0.7957050950398918,solar,Solar,0.0,0.0,-0.0,0.0,2025,bus_3560,11
gen_4062_5,29.895506326053145,1013,2.699999861286651,0.6496274924838897,naturalgas,Fossil,0.0,0.27686,-0.0512703703703703,0.1127948148148148,2025,bus_4062,14
gen_5031_2,125.01647891378158,1127,-8.022317589635213e-09,-0.1440557615389961,hydrowater,Hydro,0.0,1.156,-0.34,0.4759999999999999,2025,bus_5031,15
gen_4007_3,106.84239568070764,1786,-9.790929601399425e-09,0.1999999927737818,wind,Wind,0.0,0.4567544087806294,-0.1054048635647606,0.0702699090431737,2025,bus_4007,12
gen_JNDABNE1,1.2220678213585368,1032,0.3000000096440283,-0.0164566441846808,hydrowater,Hydro,0.0,0.011,-0.005324,0.005324,2025,bus_1042,4
gen_2014_1,189.4753862,1347,1.9000000185122936,0.2937069184934971,wind,Wind,0.0,1.2283858583359992,-0.3232594364042103,0.5172150982467366,2025,bus_2014,6
gen_3430_2,189.1358190067876,1177,1.50747882062366e-08,0.0107982531498226,naturalgas,Fossil,0.0,1.73,-0.4425581395348837,0.7644186046511627,2025,bus_3430,9
gen_TATIARA1,0.5554853733447894,1808,-8.515848799878692e-09,-0.1108248833417338,wind,Wind,0.0,0.0021626629203628,-0.0010467288534556,0.0010467288534556,2025,bus_4131,13
gen_5023_2,8.049844718999243,1937,0.4000000097567493,0.0420910940833603,hydrowater,Hydro,0.0,0.072,-0.018,0.036,2025,bus_5023,15
gen_2011_3,53.081727110997626,1990,-9.779911865983564e-09,-0.0267974905324575,naturalgas,Fossil,0.0,0.53,-0.0294444444444444,0.0294444444444444,2025,bus_2011,6
gen_1071_1,209.43448703438,1397,-8.515848799926369e-09,-0.1105337116881827,hydrowater,Hydro,0.0,0.072,-0.0171428571428571,0.0342857142857142,2025,bus_1071,4
gen_ERGT01,46.10528598761751,1451,-8.515848799878692e-09,-0.1108248833417338,wind,Wind,0.0,0.1623908398985988,-0.0785971665109218,0.0785971665109218,2025,bus_1136,4
gen_KABANWF1,174.20021308092595,1477,-8.821856916465006e-09,0.012738575734369,wind,Wind,0.0,0.2900899677018052,-0.1404035443676737,0.1404035443676737,2025,starbus_xf_3628_3455_3453_1,8
gen_2090_1,1.97247388340067,652,1.3714205712199452,0.199999999231473,solar,Solar,0.0,0.0,-0.0,0.0,2025,bus_2090,6
gen_HAYMSF1,64.15856062132318,88,0.0,-0.7957050950398918,solar,Solar,0.0,0.0,-0.0,0.0,2025,bus_3583,11
gen_5006_2,54.2278526220613,1385,1.0000000097721875,0.2851154790478137,hydrowater,Hydro,0.0,0.465,-0.186,0.279,2025,bus_5006,15
gen_1003_2,911.269176985324,1845,5.794312176400978,1.5886136566205245,blackcoal,Fossil,0.0,7.3,-1.507608695652174,3.570652173913044,2025,bus_1003,2
gen_5035_3,33.7659113864647,1552,0.4000000097818709,-0.2999999737025118,hydrowater,Hydro,0.0,0.28,-0.21,0.28,2025,bus_5035,15
gen_4066_1,175.50502469390602,284,1.7999999690819168,-0.3999999682651847,naturalgas,Fossil,0.0,0.9,-0.2,0.35,2025,bus_4066,14
gen_2021_14,152.586644802825,1319,-9.47261519190635e-09,0.4999999856744627,naturalgas,Fossil,0.0,1.7,-0.53125,0.53125,2025,bus_2021,5
gen_2028_1,121.33333333333331,846,1.2000000116517344,0.4999999850187309,wind,Wind,0.0,0.3275695622229331,-0.1364873175928888,0.1364873175928888,2025,bus_2028,5
gen_5005_2,45.257282110175375,566,1.5000000147717103,0.2991822970927146,hydrowater,Hydro,0.0,0.3533999999999999,-0.25916,0.2827199999999999,2025,bus_5005,15
gen_3419_3,20.417134706402297,1216,0.8479755663852845,-0.5477465685138309,hydrowater,Hydro,0.0,0.1868,-0.0384588235294117,0.0824117647058823,2025,bus_3419,9
gen_3442_2,449.2433189116981,910,6.300000062641601,0.8923050228456323,blackcoal,Fossil,0.0,4.22,-0.8038095238095238,1.5406349206349206,2025,bus_3442,9
gen_4033_1,37.2833587994021,56,-9.791131303591114e-09,-0.0049204144703049,wind,Wind,0.0,0.1989649886733802,-0.049741247168345,0.1492237415050351,2025,bus_4033,13
gen_CRWASF1,40.00605658829173,1556,0.0,-1.6999999719524246,solar,Solar,0.0,0.0,-0.0,0.0,2025,bus_1335,1
gen_2076_1,0.7154404457942581,513,0.8000000093544476,-0.018440349669239,solar,Solar,0.0,0.0,-0.0,0.0,2025,bus_2076,6
gen_SEBSF1,99.98736720206207,269,0.0,-1.6999999719524246,solar,Solar,0.0,0.0,-0.0,0.0,2025,bus_1111,2
gen_1019_2,405.4435805685442,1584,8.30000000824392,1.6756887209969675,naturalgas,Fossil,0.0,3.6,-1.1710843373493975,1.8650602409638557,2025,bus_1019,3
gen_MARYRSF1,38.32849076079047,1012,0.0,-0.7957050950398918,solar,Solar,0.0,0.0,-0.0,0.0,2025,bus_3584,8
gen_3295_3,392.3008464002056,1616,1.7931772339966294,-0.4091886388250841,blackcoal,Fossil,0.0,3.65,-0.8111111111111111,1.4378787878787878,2025,bus_3295,10
gen_WOOLNTH1_2,51.10465434772061,1426,0.4000000097693037,-0.0089620315412714,wind,Wind,0.0,0.067384540676694,-0.0326141176875199,0.0326141176875199,2025,bus_5067,15
gen_HEZ1,23.10819153114324,627,-8.515848799878692e-09,-0.1108248833417338,wind,Wind,0.0,0.1306397950826041,-0.0632296608199804,0.0632296608199804,2025,bus_1536,4
gen_2085_2,1.7526201493293,509,0.0,-0.6999998912766418,solar,Solar,0.0,0.0,-0.0,0.0,2025,bus_2085,7
gen_YSWF1,31.88486042999091,541,-8.515848799878692e-09,-0.1108248833417338,wind,Wind,0.0,0.0839397003196266,-0.0406268149546992,0.0406268149546992,2025,starbus_xf_2191_2029_2030_4,4
gen_4062_6,29.895506326053145,1013,2.699999861286651,0.6496274924838897,naturalgas,Fossil,0.0,0.27686,-0.0512703703703703,0.1127948148148148,2025,bus_4062,14
gen_WOOLNTH1_3,51.10465434772061,1426,0.4000000097693037,-0.0089620315412714,wind,Wind,0.0,0.067384540676694,-0.0326141176875199,0.0326141176875199,2025,bus_5067,15
gen_4065_3,50.534916421992605,1033,2.6999998617854417,0.6708307361328479,naturalgas,Fossil,0.0,0.4679999999999999,-0.0866666666666666,0.1906666666666666,2025,bus_4065,14
gen_KEPWF1,47.993936256989805,605,-8.821856916465006e-09,0.012738575734369,wind,Wind,0.0,0.0799227462035586,-0.0386826091625223,0.0386826091625223,2025,bus_3279,9
gen_2030_2,159.16666923398668,1433,1.1000000106520975,0.499999984643284,wind,Wind,0.0,0.4237931211259197,-0.192633236875418,0.192633236875418,2025,bus_2030,5
gen_2015_1,70.2652235693065,1793,6.442013319797918e-10,-0.0171465064655496,hydrowater,Hydro,0.0,0.29,-0.1087499999999999,0.145,2025,bus_2015,6
gen_2246_1,0.6404374503154663,1082,0.7000000097221356,0.0531335728356303,solar,Solar,0.0,0.0,-0.0,0.0,2025,bus_2246,7
gen_1012_1,41.1012975615542,1376,-9.493516978234296e-09,-0.0209959835784098,naturalgas,Fossil,0.0,1.257,-0.2514,0.2514,2025,bus_1012,4
wtg_V3_1,1118.033988749895,811,0.0,0.0,wind,wind,0.0,2.9247282341333314,-1.4623641170666657,1.4623641170666657,2025,bus_2200,5
gen_2045_2,606.6216292806507,1827,-9.245202508435553e-09,-0.0465286312184052,browncoal,Fossil,0.0,5.525,-0.8103333333333333,2.5046666666666666,2025,bus_2045,6
gen_5236_2,31.920388778904503,807,0.400000009769383,-0.0143323322982825,hydrowater,Hydro,0.0,0.105,-0.02625,0.0525,2025,bus_5236,15
gen_3649_1,1.0724761458113798,1840,0.0,-0.8999976816537633,solar,Solar,0.0,0.0,-0.0,0.0,2025,bus_3158,9
gen_4062_7,29.895506326053145,1013,2.699999861286651,0.6496274924838897,naturalgas,Fossil,0.0,0.27686,-0.0512703703703703,0.1127948148148148,2025,bus_4062,14
gen_4072_2,73.11942286424312,312,-9.640031956110484e-09,0.3000000090172112,wind,Wind,0.0,0.282876309983458,-0.0942921033278193,0.141438154991729,2025,bus_4072,14
gen_1181_2,190.34464426402968,348,1.0000000096577322,-0.1999999916628984,solar,Solar,0.0,0.0,-0.0,0.0,2025,bus_1181,4
gen_1027_1,227.8175288389394,1893,1.1000000106462295,-0.032012852064965,solar,Solar,0.0,0.0,-0.0,0.0,2025,bus_1027,1
gen_FNWF1,13.331648960274944,1433,-8.515848799878692e-09,-0.1108248833417338,wind,Wind,0.0,0.0350967388095999,-0.0169868215838463,0.0169868215838463,2025,bus_2030,5
gen_WILGAPK,5.925177315677753,749,-8.515848799878692e-09,-0.1108248833417338,wind,Wind,0.0,0.0061555400103709,-0.0029792813650195,0.0029792813650195,2025,bus_1113,4
gen_CHPSTWF1,6.832470092140909,637,-8.515848799878692e-09,-0.1108248833417338,wind,Wind,0.0,0.0179870786399199,-0.0087057460617212,0.0087057460617212,2025,bus_2024,5
gen_WESTILL1_1,62.76984718796119,1059,-8.515848799878692e-09,-0.1108248833417338,wind,Wind,0.0,0.0652102519848673,-0.0315617619606757,0.0315617619606757,2025,bus_1191,2
gen_GLENMAG1,2.1108444187102,1053,-9.621017705979892e-09,0.0999999925620224,hydrowater,Hydro,0.0,0.019,-0.009196,0.009196,2025,bus_2291,6
gen_1070_2,101.96111663690871,1034,-8.51584879992637e-09,-0.113195994912241,wind,Wind,0.0,0.1062484677915092,-0.0252972542360736,0.0505945084721472,2025,bus_1070,4
gen_1043_2,17.553044971032865,1892,2.505896434078072,-0.376779756634652,hydrowater,Hydro,0.0,0.17,-0.0437142857142857,0.0437142857142857,2025,bus_1043,4
gen_5005_3,45.257282110175375,566,1.5000000147717103,0.2991822970927146,hydrowater,Hydro,0.0,0.3533999999999999,-0.25916,0.2827199999999999,2025,bus_5005,15
gen_2028_2,121.33333333333331,846,1.2000000116517344,0.4999999850187309,wind,Wind,0.0,0.3275695622229331,-0.1364873175928888,0.1364873175928888,2025,bus_2028,5
gen_5231_2,44.7213595499958,494,0.4000000097691451,-0.0082089024802244,naturalgas,Fossil,0.0,0.4,-0.2,0.2,2025,bus_5231,15
gen_2325_2,66.5378691187571,1921,0.7000000097891391,0.1694688474764123,wind,Wind,0.0,0.311776029758613,-0.089078865645318,0.089078865645318,2025,bus_2325,6
gen_4062_8,29.895506326053145,1013,2.699999861286651,0.6496274924838897,naturalgas,Fossil,0.0,0.27686,-0.0512703703703703,0.1127948148148148,2025,bus_4062,14
gen_2060_1,100.974593,1692,1.1000000105156875,0.1999996290331235,wind,Wind,0.0,0.4436812731180264,-0.0806693223850957,0.0806693223850957,2025,bus_2060,6
gen_1079_7,98.0252477621194,909,1.0000000096480142,-0.1407036214195163,hydrowater,Hydro,0.0,0.05,-0.02,0.02,2025,bus_1079,4
gen_3524_1,1.05003915666603,1164,0.0,0.1344716607075543,solar,Solar,0.0,0.0,-0.0,0.0,2025,bus_3329,8
pv_N3_1,1118.033988749895,1815,0.0,0.0,solar,solar,0.0,0.0,-0.0,0.0,2025,bus_1132,2
gen_1149_2,334.40312140429893,1709,9.000000089644043,-1.7532864814854516,solar,Solar,0.0,0.0,-0.0,0.0,2025,bus_1149,2
gen_4031_2,138.29316685939332,642,0.8819804222750354,1.5310325958484785,solar,Solar,0.0,0.0,-0.0,0.0,2025,bus_4031,13
gen_5037_1,57.69991334482227,1419,0.700000009772817,-0.1375189535089995,hydrowater,Hydro,0.0,0.408,-0.2914285714285714,0.408,2025,bus_5037,15
wtg_S5_1,465.6611563143312,1778,0.0,0.0,wind,wind,0.0,1.801498212662236,-0.900749106331118,0.900749106331118,2025,bus_4109,13
gen_3585_1,43.902592653775656,1064,4.200000041647239,0.3019279933766468,naturalgas,Fossil,0.0,0.4,-0.0857142857142857,0.1809523809523809,2025,bus_3585,9
gen_WESTILL1_2,62.76984718796119,1059,-8.515848799878692e-09,-0.1108248833417338,wind,Wind,0.0,0.0652102519848673,-0.0315617619606757,0.0315617619606757,2025,bus_1191,2
gen_WOODLWN1,53.659887065106645,1972,-8.515848799878692e-09,-0.1108248833417338,wind,Wind,0.0,0.0557461092189219,-0.0269811168619582,0.0269811168619582,2025,starbus_xf_1148_1073_1074_1,4
gen_4062_9,29.895506326053145,1013,2.699999861286651,0.6496274924838897,naturalgas,Fossil,0.0,0.27686,-0.0512703703703703,0.1127948148148148,2025,bus_4062,14
gen_1023_1,151.97,25,0.8000000096605855,0.0,solar,Solar,0.0,0.0,0.0,0.0,2025,bus_1023,4
gen_HILLSTN1,122.20678213585366,1332,0.0,-1.6999999719524246,solar,Solar,0.0,0.0,-0.0,0.0,2025,bus_1091,2
gen_WARWSF2,35.66216096873548,306,0.0,-0.7957050950398918,solar,Solar,0.0,0.0,-0.0,0.0,2025,bus_3593,11
gen_5021_4,40.0795192,62,-8.381809951503598e-09,-0.0384440619151095,hydrowater,Hydro,0.0,0.324,-0.1296,0.1296,2025,bus_5021,15
wtg_S1_1,362.8020293493409,177,0.0,0.0,wind,wind,0.0,1.403568235315476,-0.701784117657738,0.701784117657738,2025,bus_4101,14
gen_5040_4,66.6358637739904,1897,0.7000000097751266,0.1223630513387767,hydrowater,Hydro,0.0,0.799,-0.4565714285714286,0.799,2025,bus_5040,15
gen_TARALGA1_1,39.550558582149,41,-8.515848799878692e-09,-0.1108248833417338,wind,Wind,0.0,0.0410882295692261,-0.0198867031115054,0.0198867031115054,2025,bus_1260,2
gen_1014_1,28.477100057434303,1254,0.3000000096440283,-0.0164566441846808,hydrowater,Hydro,0.0,0.025,-0.0083333333333333,0.0083333333333333,2025,bus_1014,4
gen_4079_3,93.21615282686824,1874,0.7141254040842899,0.0917873421821183,wind,Wind,0.0,0.4015344155473651,-0.0365031286861241,0.0365031286861241,2025,bus_4079,14
gen_4030_1,37.0209491,441,-9.791539588555685e-09,0.0509929352425762,wind,Wind,0.0,0.1427357527439466,-0.0356839381859866,0.10705181455796,2025,bus_4030,13
gen_2061_1,152.46934422942883,486,1.1000000105153187,0.1999995452803374,hydrowater,Hydro,0.0,1.5001,-0.2727454545454545,0.2727454545454545,2025,bus_2061,6
gen_4052_3,57.02245171859941,145,1.9999998317310084,0.899999792239791,naturalgas,Fossil,0.0,0.52,-0.208,0.234,2025,bus_4052,14
gen_KSP1,55.54853733447893,1242,0.0,-0.7957050950398918,solar,Solar,0.0,0.0,-0.0,0.0,2025,bus_3161,8
gen_3426_4,411.61222137440905,628,4.199999126838954,0.64749760785896,naturalgas,Fossil,0.0,0.37,-0.088095238095238,0.1673809523809523,2025,bus_3426,9
gen_2058_5,73.23516054158162,1395,-6.698170243052383e-09,0.100000006328657,wind,Wind,0.0,0.383724344318293,-0.0479655430397866,0.0479655430397866,2025,bus_2058,5
gen_LONSDALE,22.397170253261905,1283,-8.515848799878692e-09,-0.1108248833417338,wind,Wind,0.0,0.0871985689490292,-0.0422041073713301,0.0422041073713301,2025,starbus_xf_4187_4230_4495_2,13
gen_JEMALNG1,61.10339106792683,1544,0.0,-1.6999999719524246,solar,Solar,0.0,0.0,-0.0,0.0,2025,bus_1025,4
gen_1005_3,755.5949696494532,332,9.131629824889368,-0.467106369577295,blackcoal,Fossil,0.0,6.7875,-1.4017663043478263,3.319972826086957,2025,bus_1005,2
gen_3109_1,1.0500765809556505,714,0.0,-0.2845722980519717,solar,Solar,0.0,0.0,-0.0,0.0,2025,bus_3108,8
gen_2071_1,0.8328711747474011,298,0.0,-0.0385705208718563,solar,Solar,0.0,0.0,-0.0,0.0,2025,bus_2068,7
gen_2033_2,0.8649797139,1944,0.900000009791793,0.1509077011014265,solar,Solar,0.0,0.0,-0.0,0.0,2025,bus_2033,7
gen_2041_4,56.44414091014141,827,2.1000000122947,0.195112409310499,naturalgas,Fossil,0.0,0.5,-0.0952380952380952,0.2619047619047619,2025,bus_2041,6
gen_1030_4,99.5320069049927,1635,1.0000000096606665,-0.3000000009982632,hydrowater,Hydro,0.0,0.05,-0.015,0.025,2025,bus_1030,4
gen_2039_1,0.8069375603401568,1079,0.0,0.0977524178501517,solar,Solar,0.0,0.0,-0.0,0.0,2025,bus_2039,6
gen_4003_1,36.2839481079485,1175,-9.791364103849414e-09,-0.067369610535639,wind,Wind,0.0,0.2681702021249907,-0.0670425505312476,0.0670425505312476,2025,bus_4003,12
gen_3656_2,377.4193527172111,1219,3.930555683056157,-0.8800174451277207,blackcoal,Fossil,0.0,3.5,-1.1666666666666663,1.412280701754386,2025,bus_3656,11
gen_4054_18,203.925937385531,475,-9.791259614386029e-09,0.8999997855423278,naturalgas,Fossil,0.0,2.1,-0.8,0.9,2025,bus_4054,14
gen_4020_2,1.33284632191574,762,1.3999990649650365,-0.099935480973625,solar,Solar,0.0,0.0,-0.0,0.0,2025,bus_4020,13
gen_OAKEY1SF,44.79434050652381,722,0.0,-0.7957050950398918,solar,Solar,0.0,0.0,-0.0,0.0,2025,bus_3080,8
gen_5233_3,34.046855572122205,1850,0.4000000097693037,-0.0089620315412714,wind,Wind,0.0,0.2109429099444335,-0.1054714549722167,0.0527357274861083,2025,bus_5233,15
gen_2041_5,56.44414091014141,827,2.1000000122947,0.195112409310499,naturalgas,Fossil,0.0,0.5,-0.0952380952380952,0.2619047619047619,2025,bus_2041,6
gen_BROKENH1,58.88144957454767,952,0.0,-1.6999999719524246,solar,Solar,0.0,0.0,-0.0,0.0,2025,bus_1104,1
pv_S2_1,61.70429583910669,2003,0.0,0.0,solar,solar,0.0,0.0,-0.0,0.0,2025,connection S2,13
gen_2095_2,190.50777777777776,1889,2.268510848065453,-0.3595825302704559,wind,Wind,0.0,0.5143232090664601,-0.1607260028332688,0.214301337111025,2025,bus_2095,7
wtg_Q8_2,881.4020950309795,2001,0.0,0.0,wind,wind,0.0,1.4584976150364677,-0.7292488075182338,0.7292488075182338,2025,connection Q8,11
gen_1080_8,96.5074638390634,1649,1.0000000096478567,-0.1245091745120508,wind,Wind,0.0,0.261764338941025,-0.10470573557641,0.10470573557641,2025,bus_1080,4
gen_3443_2,450.46635990520974,1448,1.4879827640775537e-08,0.0064793015390744,blackcoal,Fossil,0.0,4.26,-0.7987499999999998,1.464375,2025,bus_3443,9
gen_5041_5,67.2894188493956,862,0.7000000097749194,0.1320891858015257,wind,Wind,0.0,0.2461000616018391,-0.1406286066296224,0.2461000616018391,2025,bus_5041,15
gen_CBWF1,21.99722078445366,986,-8.515848799878692e-09,-0.1108248833417338,wind,Wind,0.0,0.0579096190358399,-0.0280282556133465,0.0280282556133465,2025,starbus_xf_2191_2023_2024_1,4
gen_1024_2,0.7164935316257183,1909,0.80000000965133,0.0,solar,Solar,0.0,0.0,0.0,0.0,2025,bus_1024,4
gen_3453_1,24.0841503046104,45,-8.821856916465006e-09,0.012738575734369,wind,Wind,0.0,0.3339734755709814,-0.1113244918569938,0.2226489837139876,2025,bus_3453,8
gen_MSTUART2,251.57377073412164,591,-8.515848799878692e-09,-0.1108248833417338,wind,Wind,0.0,0.4189376450015006,-0.2027658201807262,0.2027658201807262,2025,bus_3280,9
gen_4065_4,50.534916421992605,1033,2.6999998617854417,0.6708307361328479,naturalgas,Fossil,0.0,0.4679999999999999,-0.0866666666666666,0.1906666666666666,2025,bus_4065,14
pv_Q6_1,91.3657375606414,2013,0.0,0.0,solar,solar,0.0,0.0,-0.0,0.0,2025,connection Q6,9
gen_1074_2,126.35216756325902,1365,1.1000000106483183,-0.2300947269397747,wind,Wind,0.0,0.1406925613620412,-0.0383706985532839,0.0383706985532839,2025,bus_1074,4
gen_2055_2,69.6506796327507,589,0.7000000097734485,0.200000006066792,hydrowater,Hydro,0.0,0.29,-0.1242857142857142,0.0828571428571428,2025,bus_2055,5
gen_4061_2,43.66062299143245,1402,-9.791274748520029e-09,0.0284330133615744,naturalgas,Fossil,0.0,0.4,0.0,0.175,2025,bus_4061,13
pv_V2_1,697.7873730585844,654,0.0,0.0,solar,solar,0.0,0.0,-0.0,0.0,2025,bus_2106,5
wtg_V4_3,490.4479698449165,811,0.0,0.0,wind,wind,0.0,1.282990534467269,-0.6414952672336345,0.6414952672336345,2025,bus_2200,5
gen_4022_2,16.55719254583941,464,1.1999977458316644,-0.0999996439130205,solar,Solar,0.0,0.0,-0.0,0.0,2025,bus_4022,12
gen_Ballarat Base Hospital Plant,1.7775531947033258,1883,-8.515848799878692e-09,-0.1108248833417338,wind,Wind,0.0,0.1579353246431999,-0.0764406971273087,0.0764406971273087,2025,bus_2164,6
gen_3431_1,133.90290759401574,1417,4.200000041641623,0.503958674525737,naturalgas,Fossil,0.0,1.22,-0.3195238095238095,0.5519047619047618,2025,bus_3431,9
gen_1038_1,343.073364149896,822,2.506806180612253,-0.3858233050387833,hydrowater,Hydro,0.0,0.29,-0.0745714285714285,0.0745714285714285,2025,bus_1038,4
gen_2063_1,823.9825492765884,1348,-9.285659235802481e-09,1.300000003664417,hydrowater,Hydro,0.0,7.75,-1.5069444444444442,2.798611111111112,2025,bus_2063,5
gen_3655_1,579.8661901449091,60,4.2545602006470205,-0.959945771871904,blackcoal,Fossil,0.0,7.44,-2.30896551724138,2.9503448275862065,2025,bus_3655,11
gen_BRAEMAR7,200.53021977746891,659,-8.515848799878692e-09,-0.1108248833417338,wind,Wind,0.0,0.3339364742995908,-0.1616252535610019,0.1616252535610019,2025,bus_3121,9
gen_2091_1,100.8087346,1410,1.1000000105157015,0.199999564989507,wind,Wind,0.0,0.7019347761919995,-0.1276245047621817,0.1276245047621817,2025,bus_2091,6
gen_TARALGA1_2,39.550558582149,41,-8.515848799878692e-09,-0.1108248833417338,wind,Wind,0.0,0.0410882295692261,-0.0198867031115054,0.0198867031115054,2025,bus_1260,2
wtg_S3_2,661.2164812865755,1551,0.0,0.0,wind,wind,0.0,2.5580409554635617,-1.2790204777317808,1.2790204777317808,2025,bus_4107,13
gen_2010_5,28.039152982927284,1210,1.0000000058916103,-0.0089157952470531,hydrowater,Hydro,0.0,0.279,-0.0279,0.0279,2025,bus_2010,6
gen_4081_2,85.50290291124624,395,-9.68851251153455e-09,0.0377858736264067,wind,Wind,0.0,0.3587857784881932,-0.1345446669330724,0.0896964446220483,2025,bus_4081,14
gen_3420_2,38.25480271542186,1839,0.8204994815211015,-0.5213921649146753,hydrowater,Hydro,0.0,0.35,-0.0617647058823529,0.1544117647058823,2025,bus_3420,9
gen_2063_2,823.9825492765884,1348,-9.285659235802481e-09,1.300000003664417,hydrowater,Hydro,0.0,7.75,-1.5069444444444442,2.798611111111112,2025,bus_2063,5
pv_N1_1,185.59364213248253,2012,0.0,0.0,solar,solar,0.0,0.0,-0.0,0.0,2025,connection N1,2
gen_3444_4,374.71153841885024,1580,6.477506029201183,1.2729506936195132,blackcoal,Fossil,0.0,3.5,-1.0808823529411766,1.3382352941176472,2025,bus_3444,9
gen_1085_2,77.87963626291821,1218,-7.999999925901295e-09,-0.1264141874128206,wind,Wind,0.0,0.0886628594243807,-0.0295542864747935,0.0147771432373967,2025,bus_1085,2
gen_1072_1,210.867295503616,1753,-8.515848799878692e-09,-0.1132798437275354,hydrowater,Hydro,0.0,0.144,-0.0327272727272727,0.0654545454545454,2025,bus_1072,4
wtg_N8_1,126.5390868467131,719,0.0,0.0,wind,wind,0.0,0.1306282534450847,-0.0653141267225423,0.0653141267225423,2025,bus_1238,4
gen_2024_2,108.100446894949,637,1.1000000106522343,0.4999999849088298,wind,Wind,0.0,0.6387606463347196,-0.2903457483339635,0.2903457483339635,2025,bus_2024,5
gen_5231_3,44.7213595499958,494,0.4000000097691451,-0.0082089024802244,naturalgas,Fossil,0.0,0.4,-0.2,0.2,2025,bus_5231,15
gen_4062_10,29.895506326053145,1013,2.699999861286651,0.6496274924838897,naturalgas,Fossil,0.0,0.27686,-0.0512703703703703,0.1127948148148148,2025,bus_4062,14
gen_BAKING1,16.331269976336806,1547,0.0,-0.7957050950398918,solar,Solar,0.0,0.0,-0.0,0.0,2025,bus_3002,8
gen_1005_4,755.5949696494532,332,9.131629824889368,-0.467106369577295,blackcoal,Fossil,0.0,6.7875,-1.4017663043478263,3.319972826086957,2025,bus_1005,2
pv_Q3_1,488.7261975022415,849,0.0,0.0,solar,solar,0.0,0.0,-0.0,0.0,2025,bus_3561,8
gen_WRSF1,22.219414933791576,968,0.0,-1.6999999719524246,solar,Solar,0.0,0.0,-0.0,0.0,2025,bus_1109,1
gen_4082_2,113.00355731985675,1887,1.100000010350988,-0.0277434155306601,wind,Wind,0.0,0.4593496042850648,-0.1670362197400236,0.1670362197400236,2025,bus_4082,14
gen_2011_4,53.081727110997626,1990,-9.779911865983564e-09,-0.0267974905324575,naturalgas,Fossil,0.0,0.53,-0.0294444444444444,0.0294444444444444,2025,bus_2011,6
gen_MAROOWF1,7.665698152158093,1535,-8.515848799878692e-09,-0.1108248833417338,wind,Wind,0.0,0.0201806248155199,-0.0097674224107116,0.0097674224107116,2025,bus_2206,6
gen_CPSA_2,80.21208791098758,1172,-8.515848799878692e-09,-0.1108248833417338,wind,Wind,0.0,0.1335745897198363,-0.0646501014244008,0.0646501014244008,2025,bus_3628,8
gen_5004_1,147.69696593489502,1707,1.5000000147720554,0.3091927027553426,hydrowater,Hydro,0.0,1.44,-0.8640000000000001,1.056,2025,bus_5004,15
gen_KINGASF1,44.43882986758315,1878,0.0,-0.7957050950398918,solar,Solar,0.0,0.0,-0.0,0.0,2025,bus_3483,8
gen_BRAEMAR5,200.53021977746891,659,-8.515848799878692e-09,-0.1108248833417338,wind,Wind,0.0,0.3339364742995908,-0.1616252535610019,0.1616252535610019,2025,bus_3121,9
gen_MOREESF1,62.21436181461642,1336,0.0,-1.6999999719524246,solar,Solar,0.0,0.0,-0.0,0.0,2025,bus_1159,1
gen_2040_3,85.79509418341495,1454,2.100000012257214,0.1884007473516043,naturalgas,Fossil,0.0,0.7599999999999999,-0.1447619047619047,0.398095238095238,2025,bus_2040,6
gen_1058_1,546.171568101272,255,5.500000047170991,-0.9875262853009268,hydrowater,Hydro,0.0,0.8,-0.1890909090909091,0.4072727272727272,2025,bus_1058,3
gen_2003_2,37.20679614011862,961,0.9000000095208436,0.1936732540096692,hydrowater,Hydro,0.0,0.34,-0.1133333333333333,0.1511111111111111,2025,bus_2003,6
gen_5008_1,59.56099006,1021,0.6000000097782465,0.0596575177633207,hydrowater,Hydro,0.0,0.432,-0.144,0.144,2025,bus_5008,15
gen_1070_3,101.96111663690871,1034,-8.51584879992637e-09,-0.113195994912241,wind,Wind,0.0,0.1062484677915092,-0.0252972542360736,0.0505945084721472,2025,bus_1070,4
gen_WSTWYSF1,116.95189050401194,882,0.0,-1.6999999719524246,solar,Solar,0.0,0.0,-0.0,0.0,2025,bus_1124,2
gen_2041_6,56.44414091014141,827,2.1000000122947,0.195112409310499,naturalgas,Fossil,0.0,0.5,-0.0952380952380952,0.2619047619047619,2025,bus_2041,6
gen_1582_2,130.80465299406578,428,0.7000000096223669,0.0095195986875993,solar,Solar,0.0,0.0,-0.0,0.0,2025,bus_1582,1
gen_GOONSF1,77.49020958159811,1077,0.0,-1.6999999719524246,solar,Solar,0.0,0.0,-0.0,0.0,2025,bus_1358,1
gen_WYASF1,69.23569693369454,1125,0.0,-1.6999999719524246,solar,Solar,0.0,0.0,-0.0,0.0,2025,bus_1138,2
gen_TIMWEST,7.998989376164968,1433,-8.515848799878692e-09,-0.1108248833417338,wind,Wind,0.0,0.0210580432857599,-0.0101920929503078,0.0101920929503078,2025,bus_2030,5
gen_4050_4,6.0,1141,1.7887951819074237e-07,0.0,solar,Solar,0.0,0.0,0.0,0.0,2025,bus_4050,12
gen_1020_2,195.34336408724224,113,8.200000010014195,1.6957859545700886,naturalgas,Fossil,0.0,1.73,-0.5907317073170733,0.9071951219512197,2025,bus_1020,3
wtg_N4_1,221.38191011236668,2015,0.0,0.0,wind,wind,0.0,0.2285359645225413,-0.1142679822612706,0.1142679822612706,2025,connection N4,2
gen_2004_8,90.0339754913002,1167,1.0000000095202728,0.246990765913851,hydrowater,Hydro,0.0,1.85,-0.7400000000000001,0.7400000000000001,2025,bus_2004,6
gen_5016_6,72.60313276841859,1085,6.778542675952009e-09,-0.1219502949568618,hydrowater,Hydro,0.0,0.828,-0.3104999999999999,0.5175,2025,bus_5016,15
gen_5045_1,83.72531062298448,1880,0.9000000097459945,0.0311085548370984,hydrowater,Hydro,0.0,0.85,-0.1888888888888888,0.0944444444444444,2025,bus_5045,15
gen_4059_3,134.14726414117618,1927,1.599999850282834,0.3596325620461786,wind,Wind,0.0,0.5315825458251833,0.0,0.2325673637985176,2025,bus_4059,14
gen_PTSTAN1_2,66.52492831177197,856,-8.515848799878692e-09,-0.1108248833417338,wind,Wind,0.0,0.2590005113426523,-0.1253562474898437,0.1253562474898437,2025,bus_4002,13
gen_JUNEESF1,40.00605658829173,1093,0.0,-1.6999999719524246,solar,Solar,0.0,0.0,-0.0,0.0,2025,bus_1133,2
gen_2057_2,47.64830648733605,633,1.200000011772336,0.2000000064176187,naturalgas,Fossil,0.0,0.47,-0.0783333333333333,0.0783333333333333,2025,bus_2057,5
gen_2045_3,606.6216292806507,1827,-9.245202508435553e-09,-0.0465286312184052,browncoal,Fossil,0.0,5.525,-0.8103333333333333,2.5046666666666666,2025,bus_2045,6
gen_2045_4,606.6216292806507,1827,-9.245202508435553e-09,-0.0465286312184052,browncoal,Fossil,0.0,5.525,-0.8103333333333333,2.5046666666666666,2025,bus_2045,6
gen_BRAEMAR6,200.53021977746891,659,-8.515848799878692e-09,-0.1108248833417338,wind,Wind,0.0,0.3339364742995908,-0.1616252535610019,0.1616252535610019,2025,bus_3121,9
gen_2007_1,0.6813865119328261,571,0.7000000097756667,0.0829430497482147,solar,Solar,0.0,0.0,-0.0,0.0,2025,bus_2007,6
gen_2012_1,23.38719214,1268,-9.621017705979892e-09,0.0999999925620224,hydrowater,Hydro,0.0,0.135,0.0,0.045,2025,bus_2012,6
gen_EMERASF1,79.98989376164965,125,0.0,-0.7957050950398918,solar,Solar,0.0,0.0,-0.0,0.0,2025,bus_3567,11
gen_2095_3,190.50777777777776,1889,2.268510848065453,-0.3595825302704559,wind,Wind,0.0,0.5143232090664601,-0.1607260028332688,0.214301337111025,2025,bus_2095,7
gen_PARSF1,54.99305196113414,179,0.0,-1.6999999719524246,solar,Solar,0.0,0.0,-0.0,0.0,2025,bus_1565,4
gen_WONWP,13.331648960274944,69,-8.515848799878692e-09,-0.1108248833417338,wind,Wind,0.0,0.0350967388095999,-0.0169868215838463,0.0169868215838463,2025,bus_2277,7
gen_1027_2,227.8175288389394,1893,1.1000000106462295,-0.032012852064965,solar,Solar,0.0,0.0,-0.0,0.0,2025,bus_1027,1
gen_2044_2,634.3308220768834,1668,-9.245051459779091e-09,-0.0064487110032902,browncoal,Fossil,0.0,5.8,-1.657142857142857,2.5685714285714285,2025,bus_2044,6
gen_2092_1,476.643849198753,1907,3.111182606253472,0.4769761967336132,naturalgas,Fossil,0.0,5.0,-1.25,1.9791666666666663,2025,bus_2092,7
gen_5005_4,45.257282110175375,566,1.5000000147717103,0.2991822970927146,hydrowater,Hydro,0.0,0.3533999999999999,-0.25916,0.2827199999999999,2025,bus_5005,15
gen_2086_1,1.74613961108029,1948,0.0,-0.7000000029133298,solar,Solar,0.0,0.0,-0.0,0.0,2025,bus_2086,7
gen_1037_2,324.66050644395364,501,6.30000006264597,0.5116647828208223,hydrowater,Hydro,0.0,3.08,-0.4888888888888889,1.0266666666666668,2025,bus_1037,2
gen_2323_4,46.1283384356648,529,0.500000009789967,0.132871517845747,wind,Wind,0.0,0.2338320223189598,-0.0935328089275839,0.0935328089275839,2025,bus_2323,6
gen_RACOMIL1,7.776795226827052,186,-8.515848799878692e-09,-0.1108248833417338,wind,Wind,0.0,0.0129504449866877,-0.0062680153735568,0.0062680153735568,2025,bus_3640,9
pv_S1_1,251.44584406985132,177,0.0,0.0,solar,solar,0.0,0.0,-0.0,0.0,2025,bus_4101,14
gen_3431_2,133.90290759401574,1417,4.200000041641623,0.503958674525737,naturalgas,Fossil,0.0,1.22,-0.3195238095238095,0.5519047619047618,2025,bus_3431,9
gen_5037_2,57.69991334482227,1419,0.700000009772817,-0.1375189535089995,hydrowater,Hydro,0.0,0.408,-0.2914285714285714,0.408,2025,bus_5037,15
gen_TARALGA1_3,39.550558582149,41,-8.515848799878692e-09,-0.1108248833417338,wind,Wind,0.0,0.0410882295692261,-0.0198867031115054,0.0198867031115054,2025,bus_1260,2
gen_2059_6,113.018319971292,1415,1.2000000117648986,0.2000000065593669,wind,Wind,0.0,0.9125152090495996,-0.2281288022623998,0.1520858681749332,2025,bus_2059,5
gen_5017_2,121.28379941278224,1472,2.000000019787434,-0.0642974324034991,naturalgas,Fossil,0.0,1.04,-0.208,0.624,2025,bus_5017,15
gen_4065_5,50.534916421992605,1033,2.6999998617854417,0.6708307361328479,naturalgas,Fossil,0.0,0.4679999999999999,-0.0866666666666666,0.1906666666666666,2025,bus_4065,14
wtg_Q8_1,1118.033988749895,2001,0.0,0.0,wind,wind,0.0,1.850063569526819,-0.9250317847634096,0.9250317847634096,2025,connection Q8,11
gen_DDPS1_1,358.01032312071675,99,-8.515848799878692e-09,-0.1108248833417338,wind,Wind,0.0,0.5961829852800176,-0.2885525648755285,0.2885525648755285,2025,bus_3529,8
gen_WILGB01_2,5.925177315677753,749,-8.515848799878692e-09,-0.1108248833417338,wind,Wind,0.0,0.0061555400103709,-0.0029792813650195,0.0029792813650195,2025,bus_1113,4
gen_1017_1,853.1517461942509,899,8.202627384211086,0.620308869575966,blackcoal,Fossil,0.0,6.6,-2.148837209302325,3.376744186046511,2025,bus_1017,2
gen_YAMBUKWF,33.32912240068736,637,-8.515848799878692e-09,-0.1108248833417338,wind,Wind,0.0,0.0877418470239999,-0.0424670539596159,0.0424670539596159,2025,bus_2024,5
gen_CSPVPS1,47.216256734307095,995,0.0,-0.7957050950398918,solar,Solar,0.0,0.0,-0.0,0.0,2025,bus_3560,11
gen_1023_2,151.97,25,0.8000000096605855,0.0,solar,Solar,0.0,0.0,0.0,0.0,2025,bus_1023,4
gen_3272_1,1.0997547345701597,1574,0.0,-0.2349123429274543,solar,Solar,0.0,0.0,-0.0,0.0,2025,bus_3272,9
gen_Barcaldine Remote Community Solar Farm,22.219414933791576,744,0.0,-0.7957050950398918,solar,Solar,0.0,0.0,-0.0,0.0,2025,bus_3243,8
gen_3295_4,392.3008464002056,1616,1.7931772339966294,-0.4091886388250841,blackcoal,Fossil,0.0,3.65,-0.8111111111111111,1.4378787878787878,2025,bus_3295,10
gen_4067_2,88.5158615344204,1904,0.8999999551541579,-0.1999999655691542,hydrowater,Hydro,0.0,0.01,-0.0022222222222222,0.0044444444444444,2025,bus_4067,14
gen_3559_1,1.08463595104404,563,0.0,0.1950640364302244,solar,Solar,0.0,0.0,-0.0,0.0,2025,bus_3558,9
gen_BRAEMAR3,200.53021977746891,659,-8.515848799878692e-09,-0.1108248833417338,wind,Wind,0.0,0.3339364742995908,-0.1616252535610019,0.1616252535610019,2025,bus_3121,9
gen_2028_3,121.33333333333331,846,1.2000000116517344,0.4999999850187309,wind,Wind,0.0,0.3275695622229331,-0.1364873175928888,0.1364873175928888,2025,bus_2028,5
gen_2345_12,0.0789633095503086,1821,0.0,0.1000000051619661,solar,Solar,0.0,0.0,-0.0,0.0,2025,bus_2000,6
gen_1042_2,12.41329792593104,1032,2.3617687435479366,-0.366197313259297,hydrowater,Hydro,0.0,0.12,-0.0317647058823529,0.0317647058823529,2025,bus_1042,4
gen_1020_3,195.34336408724224,113,8.200000010014195,1.6957859545700886,naturalgas,Fossil,0.0,1.73,-0.5907317073170733,0.9071951219512197,2025,bus_1020,3
gen_BOMENSF1,134.42746034943903,25,0.0,-1.6999999719524246,solar,Solar,0.0,0.0,-0.0,0.0,2025,bus_1023,4
gen_4023_3,8.392030879192394,928,0.6290505606647061,-0.1999996383067443,solar,Solar,0.0,0.0,-0.0,0.0,2025,bus_4023,12
gen_5005_5,45.257282110175375,566,1.5000000147717103,0.2991822970927146,hydrowater,Hydro,0.0,0.3533999999999999,-0.25916,0.2827199999999999,2025,bus_5005,15
gen_TABMILL2,26.663297920549887,1540,-8.515848799878692e-09,-0.1108248833417338,wind,Wind,0.0,0.0444015256686436,-0.0214903384236235,0.0214903384236235,2025,bus_3237,9
gen_1020_4,195.34336408724224,113,8.200000010014195,1.6957859545700886,naturalgas,Fossil,0.0,1.73,-0.5907317073170733,0.9071951219512197,2025,bus_1020,3
gen_BERYLSF1,109.31952147425454,179,0.0,-1.6999999719524246,solar,Solar,0.0,0.0,-0.0,0.0,2025,bus_1565,4
gen_2093_2,238.55571283245345,329,4.200000041790948,0.0670489459883083,wind,Wind,0.0,0.6356896816888796,-0.1816256233396798,0.2875739036211597,2025,bus_2093,7
gen_1036_3,645.28666725168,1119,3.314137132649325,-0.2813202555495043,naturalgas,Fossil,0.0,1.81,-0.3341538461538461,0.6126153846153847,2025,bus_1036,2
gen_3419_4,20.417134706402297,1216,0.8479755663852845,-0.5477465685138309,hydrowater,Hydro,0.0,0.1868,-0.0384588235294117,0.0824117647058823,2025,bus_3419,9
gen_RUGBYR1,72.21309853482262,523,0.0,-0.7957050950398918,solar,Solar,0.0,0.0,-0.0,0.0,2025,bus_3549,9
pv_Q8_2,541.888713667299,2001,0.0,0.0,solar,solar,0.0,0.0,-0.0,0.0,2025,connection Q8,11
gen_1082_6,800.5623023850173,537,3.5367441221246475e-08,0.1473948457493155,blackcoal,Fossil,0.0,7.2,-3.5,3.5,2025,bus_1082,2
gen_2061_2,152.46934422942883,486,1.1000000105153187,0.1999995452803374,hydrowater,Hydro,0.0,1.5001,-0.2727454545454545,0.2727454545454545,2025,bus_2061,6
gen_3585_2,43.902592653775656,1064,4.200000041647239,0.3019279933766468,naturalgas,Fossil,0.0,0.4,-0.0857142857142857,0.1809523809523809,2025,bus_3585,9
gen_DDPS1_2,358.01032312071675,99,-8.515848799878692e-09,-0.1108248833417338,wind,Wind,0.0,0.5961829852800176,-0.2885525648755285,0.2885525648755285,2025,bus_3529,8
gen_4051_1,89.9570863413974,1524,6.791209800197036e-08,-0.1999997521334058,wind,Wind,0.0,0.869390493985857,-0.1931978875524126,0.0965989437762063,2025,bus_4051,12
gen_1078_6,96.48768505742773,442,1.000000009647888,-0.1425639573125995,wind,Wind,0.0,0.2296093368118497,-0.0688828010435549,0.0918437347247399,2025,bus_1078,4
gen_3419_5,20.417134706402297,1216,0.8479755663852845,-0.5477465685138309,hydrowater,Hydro,0.0,0.1868,-0.0384588235294117,0.0824117647058823,2025,bus_3419,9
gen_HAMISF1,63.88081793465077,12,0.0,-0.7957050950398918,solar,Solar,0.0,0.0,-0.0,0.0,2025,bus_3496,11
gen_2037_3,70.30135839182296,1913,1.1000000107921457,0.1712739319858489,wind,Wind,0.0,0.1871826069845332,-0.0680664025398302,0.0850830031747878,2025,bus_2037,7
gen_NASF1,10.220930869544125,1272,0.0,-1.6999999719524246,solar,Solar,0.0,0.0,-0.0,0.0,2025,bus_1081,2
"gen_[ANGAST1, ANGAST1]",51.32684849705854,1503,-8.515848799878692e-09,-0.1108248833417338,wind,Wind,0.0,0.3925233200458534,-0.189981286902193,0.189981286902193,2025,bus_4204,13
gen_3592_1,1.07012154776603,1790,0.0,-0.7957050950398918,solar,Solar,0.0,0.0,-0.0,0.0,2025,bus_3591,8
gen_4064_2,284.17896921371107,1882,2.7999998626976206,0.7515425422804861,naturalgas,Fossil,0.0,2.645,-0.4723214285714285,1.039107142857143,2025,bus_4064,14
wtg_N3_1,443.5576243567458,1815,0.0,0.0,wind,wind,0.0,1.0148231705231303,-0.5074115852615653,0.5074115852615653,2026,bus_1132,2
pv_N2_1,955.9414210609352,2014,0.0,0.0,solar,solar,0.0,0.0,-0.0,0.0,2026,connection N2,1
wtg_V4_4,316.6607666336322,811,0.0,0.0,wind,wind,0.0,0.8761852976077869,-0.4380926488038934,0.4380926488038934,2026,bus_2200,5
pv_Q7_1,410.128408093124,2000,0.0,0.0,solar,solar,0.0,0.0,-0.0,0.0,2026,connection Q7,11
wtg_Q4_1,490.8169210612038,1790,0.0,0.0,wind,wind,0.0,1.9141808802187577,-0.9570904401093788,0.9570904401093788,2026,bus_3591,8
pv_N6_1,912.4275382187892,1393,0.0,0.0,solar,solar,0.0,0.0,-0.0,0.0,2026,bus_1206,4
pv_V2_1,804.1124053886995,654,0.0,0.0,solar,solar,0.0,0.0,-0.0,0.0,2026,bus_2106,5
wtg_V4_3,1118.033988749895,811,0.0,0.0,wind,wind,0.0,3.0935469322027616,-1.5467734661013808,1.5467734661013808,2026,bus_2200,5
wtg_S3_2,817.9536661694228,1551,0.0,0.0,wind,wind,0.0,2.8225691170006666,-1.4112845585003333,1.4112845585003333,2026,bus_4107,13
pv_V5_1,86.0886171337419,1004,0.0,0.0,solar,solar,0.0,0.0,-0.0,0.0,2026,bus_2202,7
pv_Q8_2,541.262614633599,2001,0.0,0.0,solar,solar,0.0,0.0,-0.0,0.0,2026,connection Q8,11
wtg_N7_1,44.7437202297708,1393,0.0,0.0,wind,wind,0.0,0.1023699324082768,-0.0511849662041384,0.0511849662041384,2026,bus_1206,4
wtg_S3_2,898.0177082519795,1551,0.0,0.0,wind,wind,0.0,1.7964362169129864,-0.8982181084564932,0.8982181084564932,2027,bus_4107,13
pv_N3_2,554.5336800478003,1815,0.0,0.0,solar,solar,0.0,0.0,-0.0,0.0,2027,bus_1132,2
pv_N5_2,135.6398852369096,1393,0.0,0.0,solar,solar,0.0,0.0,-0.0,0.0,2027,bus_1206,4
pv_Q5_1,15.65248086247114,685,0.0,0.0,solar,solar,0.0,0.0,-0.0,0.0,2027,bus_3432,8
pv_S5_1,646.44725528034,1778,0.0,0.0,solar,solar,0.0,0.0,-0.0,0.0,2027,bus_4109,13
wtg_S1_1,362.8020625996717,177,0.0,0.0,wind,wind,0.0,0.7257660498626876,-0.3628830249313438,0.3628830249313438,2027,bus_4101,14
pv_V5_1,179.1984896398516,1004,0.0,0.0,solar,solar,0.0,0.0,-0.0,0.0,2027,bus_2202,7
pv_V6_1,612.4031196744459,600,0.0,0.0,solar,solar,0.0,0.0,-0.0,0.0,2027,bus_2125,6
wtg_T1_1,357.4158899313136,2008,0.0,0.0,wind,wind,0.0,0.1384104009364638,-0.0692052004682319,0.0692052004682319,2027,connection T1,15
wtg_Q8_4,210.58170729295037,2001,0.0,0.0,wind,wind,0.0,0.5477005005235285,-0.2738502502617642,0.2738502502617642,2027,connection Q8,11
pv_Q2_1,94.4403342496415,1655,0.0,0.0,solar,solar,0.0,0.0,-0.0,0.0,2027,bus_3225,8
wtg_Q1_1,1008.9585996498232,965,0.0,0.0,wind,wind,0.0,2.6241934170804693,-1.3120967085402346,1.3120967085402346,2027,bus_3332,8
wtg_N3_1,1118.033988749895,1815,0.0,0.0,wind,wind,0.0,3.588727144826493,-1.7943635724132465,1.7943635724132465,2027,bus_1132,2
wtg_N8_1,499.31091339109565,719,0.0,0.0,wind,wind,0.0,1.6027157015130622,-0.8013578507565311,0.8013578507565311,2027,bus_1238,4
pv_Q6_1,91.36574028864436,2013,0.0,0.0,solar,solar,0.0,0.0,-0.0,0.0,2027,connection Q6,9
wtg_V4_4,371.8313862956237,811,0.0,0.0,wind,wind,0.0,0.6100566847173241,-0.305028342358662,0.305028342358662,2027,bus_2200,5
pv_Q7_1,523.4970572356448,2000,0.0,0.0,solar,solar,0.0,0.0,-0.0,0.0,2027,connection Q7,11
pv_S7_1,4.941710230274535e-06,2005,0.0,0.0,solar,solar,0.0,0.0,-0.0,0.0,2027,connection S7,13
wtg_T3_1,833.0989929845167,2010,0.0,0.0,wind,wind,0.0,0.3226201433319342,-0.1613100716659671,0.1613100716659671,2027,connection T3,15
wtg_N2_1,874.2718826512885,2014,0.0,0.0,wind,wind,0.0,2.806286095771912,-1.403143047885956,1.403143047885956,2027,connection N2,1
pv_Q4_1,693.6841911149572,1790,0.0,0.0,solar,solar,0.0,0.0,-0.0,0.0,2027,bus_3591,8
wtg_V3_2,1044.8027757578404,811,0.0,0.0,wind,wind,0.0,1.7141880461256471,-0.8570940230628237,0.8570940230628237,2027,bus_2200,5
wtg_Q2_1,862.3896854786838,1655,0.0,0.0,wind,wind,0.0,2.242983345775237,-1.1214916728876183,1.1214916728876183,2027,bus_3225,8
pv_N1_1,204.15353852990944,2012,0.0,0.0,solar,solar,0.0,0.0,-0.0,0.0,2027,connection N1,2
wtg_N5_1,120.87662547371076,1393,0.0,0.0,wind,wind,0.0,0.3879964575116071,-0.1939982287558035,0.1939982287558035,2027,bus_1206,4
pv_V3_1,132.82243984240765,811,0.0,0.0,solar,solar,0.0,0.0,-0.0,0.0,2027,bus_2200,5
wtg_N3_2,65.61323011031475,1815,0.0,0.0,wind,wind,0.0,0.2106089638830361,-0.105304481941518,0.105304481941518,2027,bus_1132,2
wtg_Q5_1,4.293250516799596e-06,685,0.0,0.0,wind,wind,0.0,1.1166285463023952e-08,-5.583142731511976e-09,5.583142731511976e-09,2027,bus_3432,8
wtg_N4_1,307.1824197818085,2015,0.0,0.0,wind,wind,0.0,0.9860110688737468,-0.4930055344368734,0.4930055344368734,2027,connection N4,2
wtg_Q4_1,490.8169347347595,1790,0.0,0.0,wind,wind,0.0,1.276562358028955,-0.6382811790144773,0.6382811790144773,2027,bus_3591,8
wtg_T2_1,287.92981930937765,2009,0.0,0.0,wind,wind,0.0,0.1115017067087677,-0.0557508533543838,0.0557508533543838,2027,connection T2,15
wtg_S8_1,150.12968391522506,2006,0.0,0.0,wind,wind,0.0,0.3003263732337595,-0.1501631866168797,0.1501631866168797,2027,connection S8,13
wtg_N7_1,302.4058332770716,1393,0.0,0.0,wind,wind,0.0,0.9706789181326696,-0.4853394590663348,0.4853394590663348,2027,bus_1206,4
wtg_V6_1,8.217549817311726e-06,600,0.0,0.0,wind,wind,0.0,1.3482377719622991e-08,-6.741188859811495e-09,6.741188859811495e-09,2027,bus_2125,6
wtg_S4_1,101.46184216352668,2004,0.0,0.0,wind,wind,0.0,0.202968968453932,-0.101484484226966,0.101484484226966,2027,connection S4,13
pv_N4_1,230.02851714513605,2015,0.0,0.0,solar,solar,0.0,0.0,-0.0,0.0,2027,connection N4,2
wtg_Q8_2,1118.033988749895,2001,0.0,0.0,wind,wind,0.0,2.9078868393291537,-1.4539434196645769,1.4539434196645769,2027,connection Q8,11
pv_V1_1,2.44849443536227e-06,2011,0.0,0.0,solar,solar,0.0,0.0,-0.0,0.0,2027,connection V1,6
wtg_V5_1,559.0170366478126,1004,0.0,0.0,wind,wind,0.0,0.9171686217115912,-0.4585843108557956,0.4585843108557956,2027,bus_2202,7
wtg_Q7_1,5.64607164318697e-06,2000,0.0,0.0,wind,wind,0.0,1.4684828538612229e-08,-7.342414269306113e-09,7.342414269306113e-09,2027,connection Q7,11
pv_S2_1,61.70429924911035,2003,0.0,0.0,solar,solar,0.0,0.0,-0.0,0.0,2027,connection S2,13
wtg_Q8_3,1118.033988749895,2001,0.0,0.0,wind,wind,0.0,2.9078868393291537,-1.4539434196645769,1.4539434196645769,2027,connection Q8,11
wtg_Q6_1,194.89228171286263,2013,0.0,0.0,wind,wind,0.0,0.5068939824569502,-0.2534469912284751,0.2534469912284751,2027,connection Q6,9
pv_N2_2,134.90198271489177,2014,0.0,0.0,solar,solar,0.0,0.0,-0.0,0.0,2027,connection N2,1
pv_V2_1,971.8622266930632,654,0.0,0.0,solar,solar,0.0,0.0,-0.0,0.0,2027,bus_2106,5
pv_Q8_2,540.6365184285252,2001,0.0,0.0,solar,solar,0.0,0.0,-0.0,0.0,2027,connection Q8,11
pv_N6_1,1044.9054573745489,1393,0.0,0.0,solar,solar,0.0,0.0,-0.0,0.0,2027,bus_1206,4
pv_N2_1,1118.033988749895,2014,0.0,0.0,solar,solar,0.0,0.0,-0.0,0.0,2027,connection N2,1
wtg_S3_2,1118.033988749895,1551,0.0,0.0,wind,wind,0.0,3.824473628595872,-1.912236814297936,1.912236814297936,2028,bus_4107,13
wtg_N3_2,528.5282497634225,1815,0.0,0.0,wind,wind,0.0,2.49229832715221,-1.246149163576105,1.246149163576105,2028,bus_1132,2
pv_Q5_1,15.652524812387236,685,0.0,0.0,solar,solar,0.0,0.0,-0.0,0.0,2028,bus_3432,8
wtg_S4_1,125.66292314341166,2004,0.0,0.0,wind,wind,0.0,0.4298568205351377,-0.2149284102675688,0.2149284102675688,2028,connection S4,13
wtg_S1_1,381.9796083771251,177,0.0,0.0,wind,wind,0.0,1.306642690293463,-0.6533213451467315,0.6533213451467315,2028,bus_4101,14
wtg_Q8_4,230.7285972034136,2001,0.0,0.0,wind,wind,0.0,0.8240928827520351,-0.4120464413760175,0.4120464413760175,2028,connection Q8,11
pv_Q2_1,94.44034064479592,1655,0.0,0.0,solar,solar,0.0,0.0,-0.0,0.0,2028,bus_3225,8
wtg_Q1_1,1008.9586485190888,965,0.0,0.0,wind,wind,0.0,3.6036956463730094,-1.8018478231865047,1.8018478231865047,2028,bus_3332,8
wtg_V3_2,1118.033988749895,811,0.0,0.0,wind,wind,0.0,3.257480890747103,-1.6287404453735514,1.6287404453735514,2028,bus_2200,5
pv_Q4_1,693.6841960902084,1790,0.0,0.0,solar,solar,0.0,0.0,-0.0,0.0,2028,bus_3591,8
wtg_Q2_1,879.2118592021584,1655,0.0,0.0,wind,wind,0.0,3.1402792908280355,-1.5701396454140175,1.5701396454140175,2028,bus_3225,8
pv_N3_2,554.5336865994793,1815,0.0,0.0,solar,solar,0.0,0.0,-0.0,0.0,2028,bus_1132,2
wtg_S3_3,2.7527905622449143,1551,0.0,0.0,wind,wind,0.0,0.0094165070259848,-0.0047082535129924,0.0047082535129924,2028,bus_4107,13
wtg_Q5_1,6.428695435311895e-06,685,0.0,0.0,wind,wind,0.0,2.2961359007225173e-08,-1.1480679503612585e-08,1.1480679503612585e-08,2028,bus_3432,8
wtg_N2_1,1118.033988749895,2014,0.0,0.0,wind,wind,0.0,5.272138700453467,-2.6360693502267334,2.6360693502267334,2028,connection N2,1
wtg_Q4_1,867.8211987408966,1790,0.0,0.0,wind,wind,0.0,3.0995952909695568,-1.5497976454847784,1.5497976454847784,2028,bus_3591,8
wtg_N2_2,118.79946134152128,2014,0.0,0.0,wind,wind,0.0,0.560204111891065,-0.2801020559455325,0.2801020559455325,2028,connection N2,1
pv_V2_1,971.86222823595,654,0.0,0.0,solar,solar,0.0,0.0,-0.0,0.0,2028,bus_2106,5
pv_N2_2,134.9019857000425,2014,0.0,0.0,solar,solar,0.0,0.0,-0.0,0.0,2028,connection N2,1
wtg_V3_3,709.392572972504,811,0.0,0.0,wind,wind,0.0,2.066871645896614,-1.033435822948307,1.033435822948307,2028,bus_2200,5
wtg_V4_4,1102.1697598414048,811,0.0,0.0,wind,wind,0.0,3.2112591988881403,-1.60562959944407,1.60562959944407,2028,bus_2200,5
wtg_N5_1,671.9691294023468,1393,0.0,0.0,wind,wind,0.0,3.1687001363825664,-1.5843500681912832,1.5843500681912832,2028,bus_1206,4
wtg_N4_1,324.77235476848034,2015,0.0,0.0,wind,wind,0.0,1.531478396579712,-0.7657391982898559,0.7657391982898559,2028,connection N4,2
wtg_Q7_1,1.0386535755486524e-05,2000,0.0,0.0,wind,wind,0.0,3.7097569596021196e-08,-1.8548784798010598e-08,1.8548784798010598e-08,2028,connection Q7,11
wtg_N8_1,506.7775635077295,719,0.0,0.0,wind,wind,0.0,2.389732004550266,-1.194866002275133,1.194866002275133,2028,bus_1238,4
wtg_Q6_1,1006.2305949060584,2013,0.0,0.0,wind,wind,0.0,3.593951862578917,-1.7969759312894584,1.7969759312894584,2028,connection Q6,9
pv_Q8_2,540.032781449782,2001,0.0,0.0,solar,solar,0.0,0.0,-0.0,0.0,2028,connection Q8,11
pv_N5_2,880.9830504359904,1393,0.0,0.0,solar,solar,0.0,0.0,-0.0,0.0,2028,bus_1206,4
pv_Q6_1,91.3657428042208,2013,0.0,0.0,solar,solar,0.0,0.0,-0.0,0.0,2028,connection Q6,9
pv_V6_1,612.4031211278902,600,0.0,0.0,solar,solar,0.0,0.0,-0.0,0.0,2029,bus_2125,6
wtg_Q4_1,1117.1317551101754,1790,0.0,0.0,wind,wind,0.0,4.060580330107117,-2.0302901650535583,2.0302901650535583,2029,bus_3591,8
wtg_V4_4,1118.033988749895,811,0.0,0.0,wind,wind,0.0,2.4398521193506477,-1.2199260596753236,1.2199260596753236,2029,bus_2200,5
wtg_T3_1,880.5996844522073,2010,0.0,0.0,wind,wind,0.0,2.3290963266193616,-1.1645481633096808,1.1645481633096808,2029,connection T3,15
wtg_Q1_2,2.36378114537912,965,0.0,0.0,wind,wind,0.0,0.0085919348185191,-0.0042959674092595,0.0042959674092595,2029,bus_3332,8
wtg_Q1_1,1118.033988749895,965,0.0,0.0,wind,wind,0.0,4.063859793029773,-2.031929896514886,2.031929896514886,2029,bus_3332,8
wtg_V5_2,391.6754054495565,1004,0.0,0.0,wind,wind,0.0,0.8547415174310947,-0.4273707587155473,0.4273707587155473,2029,bus_2202,7
wtg_N2_2,1118.033988749895,2014,0.0,0.0,wind,wind,0.0,4.046016480880932,-2.023008240440466,2.023008240440466,2029,connection N2,1
wtg_V6_1,1.7184182407085886e-05,600,0.0,0.0,wind,wind,0.0,3.750052707441945e-08,-1.875026353720973e-08,1.875026353720973e-08,2029,bus_2125,6
wtg_V3_3,887.0447813678716,811,0.0,0.0,wind,wind,0.0,1.9357712838401728,-0.9678856419200864,0.9678856419200864,2029,bus_2200,5
wtg_Q5_1,8.139287438099235e-06,685,0.0,0.0,wind,wind,0.0,2.958489929325675e-08,-1.4792449646628372e-08,1.4792449646628372e-08,2029,bus_3432,8
wtg_T2_1,297.5576799073688,2009,0.0,0.0,wind,wind,0.0,0.7870097065282855,-0.3935048532641427,0.3935048532641427,2029,connection T2,15
pv_S2_1,61.70430087025965,2003,0.0,0.0,solar,solar,0.0,0.0,-0.0,0.0,2029,connection S2,13
pv_V2_1,971.8622308856906,654,0.0,0.0,solar,solar,0.0,0.0,-0.0,0.0,2029,bus_2106,5
wtg_V5_1,1118.033988749895,1004,0.0,0.0,wind,wind,0.0,2.4398521193506477,-1.2199260596753236,1.2199260596753236,2029,bus_2202,7
wtg_N3_5,149.68382740056117,1815,0.0,0.0,wind,wind,0.0,0.5416858867244023,-0.2708429433622011,0.2708429433622011,2029,bus_1132,2
wtg_N2_3,1066.681345894022,2014,0.0,0.0,wind,wind,0.0,3.860178088289691,-1.9300890441448453,1.9300890441448453,2029,connection N2,1
wtg_T1_1,458.8917840826672,2008,0.0,0.0,wind,wind,0.0,1.2137219527708707,-0.6068609763854353,0.6068609763854353,2029,connection T1,15
pv_S7_1,9.000173609436652e-06,2005,0.0,0.0,solar,solar,0.0,0.0,-0.0,0.0,2029,connection S7,13
wtg_N3_4,1118.033988749895,1815,0.0,0.0,wind,wind,0.0,4.046016480880932,-2.023008240440466,2.023008240440466,2029,bus_1132,2
wtg_S4_1,132.87042820907618,2004,0.0,0.0,wind,wind,0.0,0.446146824526232,-0.223073412263116,0.223073412263116,2029,connection S4,13
wtg_V4_5,113.69024782924892,811,0.0,0.0,wind,wind,0.0,0.2481028259488318,-0.1240514129744159,0.1240514129744159,2029,bus_2200,5
wtg_S3_3,166.81438785777482,1551,0.0,0.0,wind,wind,0.0,0.5601224473434013,-0.2800612236717006,0.2800612236717006,2029,bus_4107,13
wtg_N3_3,1118.033988749895,1815,0.0,0.0,wind,wind,0.0,4.046016480880932,-2.023008240440466,2.023008240440466,2029,bus_1132,2
wtg_N3_2,1118.033988749895,1815,0.0,0.0,wind,wind,0.0,4.046016480880932,-2.023008240440466,2.023008240440466,2029,bus_1132,2
wtg_Q2_1,958.629180169994,1655,0.0,0.0,wind,wind,0.0,3.4844509388072025,-1.7422254694036012,1.7422254694036012,2029,bus_3225,8
wtg_S1_1,381.9796118989322,177,0.0,0.0,wind,wind,0.0,1.2825953312524212,-0.6412976656262106,0.6412976656262106,2029,bus_4101,14
pv_Q8_2,539.4066824160822,2001,0.0,0.0,solar,solar,0.0,0.0,-0.0,0.0,2029,connection Q8,11
pv_V1_1,3.8907582808496346e-06,2011,0.0,0.0,solar,solar,0.0,0.0,-0.0,0.0,2029,connection V1,6
pv_S5_1,646.4472564542757,1778,0.0,0.0,solar,solar,0.0,0.0,-0.0,0.0,2029,bus_4109,13
wtg_N2_3,1118.033988749895,2014,0.0,0.0,wind,wind,0.0,4.92566043761413,-2.462830218807065,2.462830218807065,2030,connection N2,1
wtg_Q5_1,118.09132915773569,685,0.0,0.0,wind,wind,0.0,0.4302331816888826,-0.2151165908444413,0.2151165908444413,2030,bus_3432,8
wtg_T3_1,1118.033988749895,2010,0.0,0.0,wind,wind,0.0,3.6819105948276,-1.8409552974138,1.8409552974138,2030,connection T3,15
pv_Q4_1,938.265726282106,1790,0.0,0.0,solar,solar,0.0,0.0,-0.0,0.0,2030,bus_3591,8
pv_N2_2,134.9019958965127,2014,0.0,0.0,solar,solar,0.0,0.0,-0.0,0.0,2030,connection N2,1
wtg_N2_4,434.4919478080095,2014,0.0,0.0,wind,wind,0.0,1.9142171162191488,-0.9571085581095744,0.9571085581095744,2030,connection N2,1
wtg_Q8_5,1118.033988749895,2001,0.0,0.0,wind,wind,0.0,4.073248422614356,-2.036624211307178,2.036624211307178,2030,connection Q8,11
pv_V3_1,132.82244220145935,811,0.0,0.0,solar,solar,0.0,0.0,-0.0,0.0,2030,bus_2200,5
wtg_Q1_2,72.161476428109,965,0.0,0.0,wind,wind,0.0,0.2629004332533496,-0.1314502166266748,0.1314502166266748,2030,bus_3332,8
wtg_S3_3,1041.5605094345658,1551,0.0,0.0,wind,wind,0.0,5.154638986849919,-2.57731949342496,2.57731949342496,2030,bus_4107,13
wtg_S4_1,66.08776477816802,2004,0.0,0.0,wind,wind,0.0,0.3270655576834858,-0.1635327788417429,0.1635327788417429,2030,connection S4,13
pv_N3_2,1118.033988749895,1815,0.0,0.0,solar,solar,0.0,0.0,-0.0,0.0,2030,bus_1132,2
pv_V1_1,1.3695916362186212e-05,2011,0.0,0.0,solar,solar,0.0,0.0,-0.0,0.0,2030,connection V1,6
pv_V2_1,1118.033988749895,654,0.0,0.0,solar,solar,0.0,0.0,-0.0,0.0,2030,bus_2106,5
pv_N3_3,1061.2008448210172,1815,0.0,0.0,solar,solar,0.0,0.0,-0.0,0.0,2030,bus_1132,2
wtg_Q4_2,490.8169379546975,1790,0.0,0.0,wind,wind,0.0,1.7881561190744866,-0.8940780595372433,0.8940780595372433,2030,bus_3591,8
wtg_T3_2,497.7282972606339,2010,0.0,0.0,wind,wind,0.0,1.6391193018009236,-0.8195596509004618,0.8195596509004618,2030,connection T3,15
pv_Q2_1,94.4403488511654,1655,0.0,0.0,solar,solar,0.0,0.0,-0.0,0.0,2030,bus_3225,8
wtg_V5_2,1118.033986681532,1004,0.0,0.0,wind,wind,0.0,4.759362488357734,-2.379681244178867,2.379681244178867,2030,bus_2202,7
wtg_Q6_1,1029.4128114225527,2013,0.0,0.0,wind,wind,0.0,3.750381609627356,-1.8751908048136776,1.8751908048136776,2030,connection Q6,9
pv_S2_1,61.70430537593662,2003,0.0,0.0,solar,solar,0.0,0.0,-0.0,0.0,2030,connection S2,13
wtg_Q4_1,1118.033988749895,1790,0.0,0.0,wind,wind,0.0,4.073248422614356,-2.036624211307178,2.036624211307178,2030,bus_3591,8
wtg_N3_6,1118.033988749895,1815,0.0,0.0,wind,wind,0.0,4.92566043761413,-2.462830218807065,2.462830218807065,2030,bus_1132,2
pv_N5_3,288.0642898187831,1393,0.0,0.0,solar,solar,0.0,0.0,-0.0,0.0,2030,bus_1206,4
pv_S7_1,1.7161821727310884e-05,2005,0.0,0.0,solar,solar,0.0,0.0,-0.0,0.0,2030,connection S7,13
wtg_S8_1,422.7396569834778,2006,0.0,0.0,wind,wind,0.0,2.092120714482112,-1.046060357241056,1.046060357241056,2030,connection S8,13
pv_S5_1,646.4472596294921,1778,0.0,0.0,solar,solar,0.0,0.0,-0.0,0.0,2030,bus_4109,13
wtg_N3_7,132.67797871544275,1815,0.0,0.0,wind,wind,0.0,0.5845320243188604,-0.2922660121594302,0.2922660121594302,2030,bus_1132,2
wtg_Q8_4,1118.033988749895,2001,0.0,0.0,wind,wind,0.0,4.073248422614356,-2.036624211307178,2.036624211307178,2030,connection Q8,11
wtg_N3_5,1118.033988749895,1815,0.0,0.0,wind,wind,0.0,4.92566043761413,-2.462830218807065,2.462830218807065,2030,bus_1132,2
pv_V5_1,179.19849132808292,1004,0.0,0.0,solar,solar,0.0,0.0,-0.0,0.0,2030,bus_2202,7
pv_V2_2,252.6166845592033,654,0.0,0.0,solar,solar,0.0,0.0,-0.0,0.0,2030,bus_2106,5
wtg_V6_1,6.161485312000671e-05,600,0.0,0.0,wind,wind,0.0,2.622884672186284e-07,-1.311442336093142e-07,1.311442336093142e-07,2030,bus_2125,6
pv_N5_2,1118.033988749895,1393,0.0,0.0,solar,solar,0.0,0.0,-0.0,0.0,2030,bus_1206,4
wtg_Q2_1,1118.033988749895,1655,0.0,0.0,wind,wind,0.0,4.073248422614356,-2.036624211307178,2.036624211307178,2030,bus_3225,8
pv_Q5_1,71.67921308198024,685,0.0,0.0,solar,solar,0.0,0.0,-0.0,0.0,2030,bus_3432,8
wtg_Q8_6,86.80623194516392,2001,0.0,0.0,wind,wind,0.0,0.3162545601490043,-0.1581272800745021,0.1581272800745021,2030,connection Q8,11
pv_Q8_2,538.7917637222697,2001,0.0,0.0,solar,solar,0.0,0.0,-0.0,0.0,2030,connection Q8,11
wtg_Q7_1,1.8961856449198216e-05,2000,0.0,0.0,wind,wind,0.0,6.908229324753949e-08,-3.4541146623769745e-08,3.4541146623769745e-08,2030,connection Q7,11
wtg_Q2_2,1096.4338349929394,1655,0.0,0.0,wind,wind,0.0,3.994554220913814,-1.997277110456907,1.997277110456907,2030,bus_3225,8
pv_Q6_1,91.36579903015011,2013,0.0,0.0,solar,solar,0.0,0.0,-0.0,0.0,2030,connection Q6,9
pv_Q7_1,523.497058655548,2000,0.0,0.0,solar,solar,0.0,0.0,-0.0,0.0,2030,connection Q7,11
pv_V6_1,612.4031291106529,600,0.0,0.0,solar,solar,0.0,0.0,-0.0,0.0,2030,bus_2125,6
wtg_Q6_2,1118.033988749895,2013,0.0,0.0,wind,wind,0.0,4.748248230040312,-2.374124115020156,2.374124115020156,2031,connection Q6,9
wtg_Q4_2,490.8169494592673,1790,0.0,0.0,wind,wind,0.0,2.0844810935932028,-1.0422405467966014,1.0422405467966014,2031,bus_3591,8
pv_Q6_1,702.7788653845377,2013,0.0,0.0,solar,solar,0.0,0.0,-0.0,0.0,2031,connection Q6,9
pv_N2_2,1118.033988749895,2014,0.0,0.0,solar,solar,0.0,0.0,-0.0,0.0,2031,connection N2,1
pv_S5_1,646.4473831498873,1778,0.0,0.0,solar,solar,0.0,0.0,-0.0,0.0,2031,bus_4109,13
wtg_N2_4,1118.033988749895,2014,0.0,0.0,wind,wind,0.0,4.124102482748532,-2.0620512413742658,2.0620512413742658,2031,connection N2,1
wtg_Q6_3,667.7988158793087,2013,0.0,0.0,wind,wind,0.0,2.8361164127643272,-1.4180582063821636,1.4180582063821636,2031,connection Q6,9
pv_S2_1,61.70434201391042,2003,0.0,0.0,solar,solar,0.0,0.0,-0.0,0.0,2031,connection S2,13
pv_V3_1,132.82244499654433,811,0.0,0.0,solar,solar,0.0,0.0,-0.0,0.0,2031,bus_2200,5
pv_N2_4,277.15982363289226,2014,0.0,0.0,solar,solar,0.0,0.0,-0.0,0.0,2031,connection N2,1
wtg_Q1_2,78.6309269526744,965,0.0,0.0,wind,wind,0.0,0.3339425844709146,-0.1669712922354573,0.1669712922354573,2031,bus_3332,8
pv_V1_1,3.5441677443371665e-05,2011,0.0,0.0,solar,solar,0.0,0.0,-0.0,0.0,2031,connection V1,6
pv_Q4_2,310.3851084286032,1790,0.0,0.0,solar,solar,0.0,0.0,-0.0,0.0,2031,bus_3591,8
wtg_S8_1,395.06978470205433,2006,0.0,0.0,wind,wind,0.0,1.3711748359047002,-0.6855874179523501,0.6855874179523501,2031,connection S8,13
pv_N3_5,312.0906274080684,1815,0.0,0.0,solar,solar,0.0,0.0,-0.0,0.0,2031,bus_1132,2
wtg_Q2_3,180.0360706163002,1655,0.0,0.0,wind,wind,0.0,0.7646064093302731,-0.3823032046651365,0.3823032046651365,2031,bus_3225,8
pv_Q2_1,639.1869133929915,1655,0.0,0.0,solar,solar,0.0,0.0,-0.0,0.0,2031,bus_3225,8
pv_V5_1,179.19849614680945,1004,0.0,0.0,solar,solar,0.0,0.0,-0.0,0.0,2031,bus_2202,7
pv_Q4_1,1118.033988749895,1790,0.0,0.0,solar,solar,0.0,0.0,-0.0,0.0,2031,bus_3591,8
pv_N5_3,287.05806057054895,1393,0.0,0.0,solar,solar,0.0,0.0,-0.0,0.0,2031,bus_1206,4
pv_N2_3,1118.033988749895,2014,0.0,0.0,solar,solar,0.0,0.0,-0.0,0.0,2031,connection N2,1
wtg_Q6_1,1118.033988749895,2013,0.0,0.0,wind,wind,0.0,4.748248230040312,-2.374124115020156,2.374124115020156,2031,connection Q6,9
pv_Q7_1,523.4970985022794,2000,0.0,0.0,solar,solar,0.0,0.0,-0.0,0.0,2031,connection Q7,11
pv_V6_1,612.4031379207605,600,0.0,0.0,solar,solar,0.0,0.0,-0.0,0.0,2031,bus_2125,6
wtg_Q7_1,2.073953049131055e-05,2000,0.0,0.0,wind,wind,0.0,8.808000466724783e-08,-4.4040002333623914e-08,4.4040002333623914e-08,2031,connection Q7,11
pv_Q8_2,538.1545396354628,2001,0.0,0.0,solar,solar,0.0,0.0,-0.0,0.0,2031,connection Q8,11
wtg_Q5_1,123.54052063921476,685,0.0,0.0,wind,wind,0.0,0.5246719369590054,-0.2623359684795027,0.2623359684795027,2031,bus_3432,8
pv_S7_1,576.5570322873251,2005,0.0,0.0,solar,solar,0.0,0.0,-0.0,0.0,2031,connection S7,13
pv_N3_4,1118.033988749895,1815,0.0,0.0,solar,solar,0.0,0.0,-0.0,0.0,2031,bus_1132,2
owtg_V7_1,1118.033988749895,2018,0.0,0.0,offshore_wind,offshore_wind,0.0,10.0,-5.0,5.0,2031,connection V7,6
wtg_Q2_2,1118.033988749895,1655,0.0,0.0,wind,wind,0.0,4.748248230040312,-2.374124115020156,2.374124115020156,2031,bus_3225,8
pv_Q5_1,84.70678542911953,685,0.0,0.0,solar,solar,0.0,0.0,-0.0,0.0,2031,bus_3432,8
pv_N3_3,1118.033988749895,1815,0.0,0.0,solar,solar,0.0,0.0,-0.0,0.0,2031,bus_1132,2
wtg_N2_5,488.29768993465257,2014,0.0,0.0,wind,wind,0.0,1.8011882783917403,-0.9005941391958702,0.9005941391958702,2031,connection N2,1
wtg_Q4_2,490.8169636471186,1790,0.0,0.0,wind,wind,0.0,2.281414279118588,-1.1407071395592938,1.1407071395592938,2032,bus_3591,8
pv_S5_1,646.447386101497,1778,0.0,0.0,solar,solar,0.0,0.0,-0.0,0.0,2032,bus_4109,13
wtg_S1_1,381.9796547867161,177,0.0,0.0,wind,wind,0.0,1.3680135421558886,-0.6840067710779443,0.6840067710779443,2032,bus_4101,14
owtg_V7_2,1118.033988749895,2018,0.0,0.0,offshore_wind,offshore_wind,0.0,10.0,-5.0,5.0,2032,connection V7,6
wtg_Q7_1,0.0002235732567303,2000,0.0,0.0,wind,wind,0.0,1.0392126966098684e-06,-5.196063483049342e-07,5.196063483049342e-07,2032,connection Q7,11
wtg_T3_2,589.784331221265,2010,0.0,0.0,wind,wind,0.0,2.368500762250673,-1.1842503811253364,1.1842503811253364,2032,connection T3,15
wtg_Q2_3,241.60000614294825,1655,0.0,0.0,wind,wind,0.0,1.1230045916790032,-0.5615022958395016,0.5615022958395016,2032,bus_3225,8
wtg_T2_1,371.6018598321338,2009,0.0,0.0,wind,wind,0.0,1.492307003890175,-0.7461535019450874,0.7461535019450874,2032,connection T2,15
wtg_V4_5,113.69028652440484,811,0.0,0.0,wind,wind,0.0,0.5006803833912569,-0.2503401916956284,0.2503401916956284,2032,bus_2200,5
wtg_T1_1,635.0433013055094,2008,0.0,0.0,wind,wind,0.0,2.5502551756330063,-1.2751275878165031,1.2751275878165031,2032,connection T1,15
wtg_V6_1,7.613811463386784e-05,600,0.0,0.0,wind,wind,0.0,3.353044625970695e-07,-1.6765223129853477e-07,1.6765223129853477e-07,2032,bus_2125,6
wtg_S3_3,1041.5605232646458,1551,0.0,0.0,wind,wind,0.0,3.7302219711063023,-1.8651109855531511,1.8651109855531511,2032,bus_4107,13
pv_V6_1,612.4031477818205,600,0.0,0.0,solar,solar,0.0,0.0,-0.0,0.0,2032,bus_2125,6
pv_S2_1,54.86197876558586,2003,0.0,0.0,solar,solar,0.0,0.0,-0.0,0.0,2032,connection S2,13
pv_V3_1,132.8224614875457,811,0.0,0.0,solar,solar,0.0,0.0,-0.0,0.0,2032,bus_2200,5
pv_Q8_2,661.2988456765905,2001,0.0,0.0,solar,solar,0.0,0.0,-0.0,0.0,2032,connection Q8,11
wtg_Q8_6,140.9093199739403,2001,0.0,0.0,wind,wind,0.0,0.654974376314682,-0.327487188157341,0.327487188157341,2032,connection Q8,11
pv_Q7_1,1118.033988749895,2000,0.0,0.0,solar,solar,0.0,0.0,-0.0,0.0,2032,connection Q7,11
pv_V1_1,4.387165371854588e-05,2011,0.0,0.0,solar,solar,0.0,0.0,-0.0,0.0,2032,connection V1,6
pv_Q7_2,659.4371488981885,2000,0.0,0.0,solar,solar,0.0,0.0,-0.0,0.0,2032,connection Q7,11
wtg_Q6_3,667.7988171985891,2013,0.0,0.0,wind,wind,0.0,3.1040609228631517,-1.5520304614315756,1.5520304614315756,2032,connection Q6,9
wtg_N5_1,671.969134209893,1393,0.0,0.0,wind,wind,0.0,3.08916346385822,-1.54458173192911,1.54458173192911,2032,bus_1206,4
pv_V5_1,179.19851087131707,1004,0.0,0.0,solar,solar,0.0,0.0,-0.0,0.0,2032,bus_2202,7
wtg_Q8_6,792.7313545749154,2001,0.0,0.0,wind,wind,0.0,4.395336729533129,-2.1976683647665647,2.1976683647665647,2033,connection Q8,11
wtg_Q4_2,490.81703322237377,1790,0.0,0.0,wind,wind,0.0,2.7213584036417853,-1.3606792018208926,1.3606792018208926,2033,bus_3591,8
wtg_S3_4,113.0215580621917,1551,0.0,0.0,wind,wind,0.0,0.6172421370723462,-0.3086210685361731,0.3086210685361731,2033,bus_4107,13
pv_V1_1,7.153181460021826e-05,2011,0.0,0.0,solar,solar,0.0,0.0,-0.0,0.0,2033,connection V1,6
pv_S5_1,646.4473924407497,1778,0.0,0.0,solar,solar,0.0,0.0,-0.0,0.0,2033,bus_4109,13
wtg_Q1_2,108.53289633500108,965,0.0,0.0,wind,wind,0.0,0.6017658099062364,-0.3008829049531182,0.3008829049531182,2033,bus_3332,8
wtg_V3_3,1118.033988749895,811,0.0,0.0,wind,wind,0.0,4.847677449732846,-2.423838724866423,2.423838724866423,2033,bus_2200,5
pv_V6_1,612.4031642281005,600,0.0,0.0,solar,solar,0.0,0.0,-0.0,0.0,2033,bus_2125,6
wtg_T3_2,594.2456105519383,2010,0.0,0.0,wind,wind,0.0,2.3234282347982456,-1.1617141173991228,1.1617141173991228,2033,connection T3,15
wtg_Q2_3,435.4068796641007,1655,0.0,0.0,wind,wind,0.0,2.414134169709037,-1.2070670848545184,1.2070670848545184,2033,bus_3225,8
wtg_V3_4,291.2524588600351,811,0.0,0.0,wind,wind,0.0,1.2628399415421334,-0.6314199707710667,0.6314199707710667,2033,bus_2200,5
pv_V3_1,132.8224709125722,811,0.0,0.0,solar,solar,0.0,0.0,-0.0,0.0,2033,bus_2200,5
wtg_S4_1,128.88661238163414,2004,0.0,0.0,wind,wind,0.0,0.7038856075818662,-0.3519428037909331,0.3519428037909331,2033,connection S4,13
wtg_S3_3,1118.033988749895,1551,0.0,0.0,wind,wind,0.0,6.1058943122671225,-3.0529471561335613,3.0529471561335613,2033,bus_4107,13
pv_V5_1,179.19852569644777,1004,0.0,0.0,solar,solar,0.0,0.0,-0.0,0.0,2033,bus_2202,7
wtg_N3_7,132.6779809179698,1815,0.0,0.0,wind,wind,0.0,0.5908982185431484,-0.2954491092715742,0.2954491092715742,2033,bus_1132,2
wtg_S1_1,381.9797546830529,177,0.0,0.0,wind,wind,0.0,2.08609759183465,-1.043048795917325,1.043048795917325,2033,bus_4101,14
owtg_V7_3,745.3559745480309,2018,0.0,0.0,offshore_wind,offshore_wind,0.0,6.6666665061,-3.33333325305,3.33333325305,2033,connection V7,6
pv_Q8_2,1118.033988749895,2001,0.0,0.0,solar,solar,0.0,0.0,-0.0,0.0,2033,connection Q8,11
wtg_N2_5,488.2976931322305,2014,0.0,0.0,wind,wind,0.0,2.1746957181158395,-1.0873478590579198,1.0873478590579198,2033,connection N2,1
pv_Q8_3,341.84095325656136,2001,0.0,0.0,solar,solar,0.0,0.0,-0.0,0.0,2033,connection Q8,11
wtg_V4_5,179.881036197182,811,0.0,0.0,wind,wind,0.0,0.7799451998616522,-0.3899725999308261,0.3899725999308261,2033,bus_2200,5
wtg_T2_1,379.18022678945135,2009,0.0,0.0,wind,wind,0.0,1.4825486791253504,-0.7412743395626752,0.7412743395626752,2033,connection T2,15
pv_Q7_2,659.4371505640592,2000,0.0,0.0,solar,solar,0.0,0.0,-0.0,0.0,2033,connection Q7,11
wtg_V6_1,9.04042283303165e-05,600,0.0,0.0,wind,wind,0.0,3.9198319858539786e-07,-1.9599159929269893e-07,1.9599159929269893e-07,2033,bus_2125,6
pv_N5_3,287.0580625159283,1393,0.0,0.0,solar,solar,0.0,0.0,-0.0,0.0,2033,bus_1206,4
wtg_S8_1,395.0697864797284,2006,0.0,0.0,wind,wind,0.0,2.1575858931733998,-1.0787929465866997,1.0787929465866997,2033,connection S8,13
pv_S2_1,54.86198247745872,2003,0.0,0.0,solar,solar,0.0,0.0,-0.0,0.0,2033,connection S2,13
owtg_V7_4,372.6777047747774,2018,0.0,0.0,offshore_wind,offshore_wind,0.0,3.3333307263000007,-1.6666653631500004,1.6666653631500004,2034,connection V7,6
wtg_Q4_2,1109.460641397354,1790,0.0,0.0,wind,wind,0.0,3.782565546248793,-1.8912827731243969,1.8912827731243969,2034,bus_3591,8
wtg_S3_4,17.96381889065554,1551,0.0,0.0,wind,wind,0.0,0.0533387178216618,-0.0266693589108309,0.0266693589108309,2034,bus_4107,13
pv_N2_4,277.1598253882054,2014,0.0,0.0,solar,solar,0.0,0.0,-0.0,0.0,2034,connection N2,1
pv_Q6_1,1118.033988749895,2013,0.0,0.0,solar,solar,0.0,0.0,-0.0,0.0,2034,connection Q6,9
owtg_V8_1,0.0002552695203113,2019,0.0,0.0,offshore_wind,offshore_wind,0.0,2.2832e-06,-1.1416e-06,1.1416e-06,2034,connection V8,5
wtg_N2_5,1118.033988749895,2014,0.0,0.0,wind,wind,0.0,5.384168449227418,-2.692084224613709,2.692084224613709,2034,connection N2,1
pv_Q7_3,566.6530995255127,2000,0.0,0.0,solar,solar,0.0,0.0,-0.0,0.0,2034,connection Q7,11
wtg_Q6_4,108.81731184982392,2013,0.0,0.0,wind,wind,0.0,0.3709988432939251,-0.1854994216469625,0.1854994216469625,2034,connection Q6,9
pv_S2_1,54.86198835831749,2003,0.0,0.0,solar,solar,0.0,0.0,-0.0,0.0,2034,connection S2,13
wtg_Q2_3,497.8940504281264,1655,0.0,0.0,wind,wind,0.0,1.6975067078176584,-0.8487533539088292,0.8487533539088292,2034,bus_3225,8
pv_V5_1,179.1985316779296,1004,0.0,0.0,solar,solar,0.0,0.0,-0.0,0.0,2034,bus_2202,7
pv_Q6_2,142.40160583402036,2013,0.0,0.0,solar,solar,0.0,0.0,-0.0,0.0,2034,connection Q6,9
wtg_N2_6,192.41435805143723,2014,0.0,0.0,wind,wind,0.0,0.9266188024903133,-0.4633094012451565,0.4633094012451565,2034,connection N2,1
wtg_S8_1,402.7460039506266,2006,0.0,0.0,wind,wind,0.0,1.1958456934621475,-0.5979228467310738,0.5979228467310738,2034,connection S8,13
wtg_Q6_3,1118.033988749895,2013,0.0,0.0,wind,wind,0.0,3.81179528825289,-1.905897644126445,1.905897644126445,2034,connection Q6,9
wtg_V3_4,341.79145324085795,811,0.0,0.0,wind,wind,0.0,1.0792589822470298,-0.5396294911235149,0.5396294911235149,2034,bus_2200,5
owtg_V7_3,1118.033988749895,2018,0.0,0.0,offshore_wind,offshore_wind,0.0,10.0,-5.0,5.0,2034,connection V7,6
pv_Q7_2,1118.033988749895,2000,0.0,0.0,solar,solar,0.0,0.0,-0.0,0.0,2034,connection Q7,11
wtg_N8_1,506.77756503943607,719,0.0,0.0,wind,wind,0.0,2.440512367170988,-1.220256183585494,1.220256183585494,2034,bus_1238,4
wtg_N8_1,506.7775667947495,719,0.0,0.0,wind,wind,0.0,2.6661252193002025,-1.3330626096501013,1.3330626096501013,2035,bus_1238,4
wtg_Q4_2,1118.033988749895,1790,0.0,0.0,wind,wind,0.0,4.889432488209198,-2.444716244104599,2.444716244104599,2035,bus_3591,8
pv_V2_2,1118.033988749895,654,0.0,0.0,solar,solar,0.0,0.0,-0.0,0.0,2035,bus_2106,5
pv_Q6_3,11.941956581238433,2013,0.0,0.0,solar,solar,0.0,0.0,-0.0,0.0,2035,connection Q6,9
wtg_Q8_6,1118.033988749895,2001,0.0,0.0,wind,wind,0.0,4.889432488209198,-2.444716244104599,2.444716244104599,2035,connection Q8,11
wtg_T2_1,582.9137962332464,2009,0.0,0.0,wind,wind,0.0,1.9195269498575769,-0.9597634749287884,0.9597634749287884,2035,connection T2,15
wtg_N2_6,1118.033988749895,2014,0.0,0.0,wind,wind,0.0,5.8819071891715335,-2.9409535945857668,2.9409535945857668,2035,connection N2,1
pv_Q6_2,1118.033988749895,2013,0.0,0.0,solar,solar,0.0,0.0,-0.0,0.0,2035,connection Q6,9
wtg_Q1_2,134.59715082612183,965,0.0,0.0,wind,wind,0.0,0.588625827740244,-0.294312913870122,0.294312913870122,2035,bus_3332,8
wtg_N2_7,1118.033988749895,2014,0.0,0.0,wind,wind,0.0,5.8819071891715335,-2.9409535945857668,2.9409535945857668,2035,connection N2,1
wtg_S1_1,536.8506852337466,177,0.0,0.0,wind,wind,0.0,2.394136400317761,-1.1970682001588806,1.1970682001588806,2035,bus_4101,14
pv_V2_3,359.4805623815502,654,0.0,0.0,solar,solar,0.0,0.0,-0.0,0.0,2035,bus_2106,5
wtg_N3_7,132.6779824832171,1815,0.0,0.0,wind,wind,0.0,0.698010603313944,-0.349005301656972,0.349005301656972,2035,bus_1132,2
wtg_Q2_3,703.8314280519892,1655,0.0,0.0,wind,wind,0.0,3.078024715856737,-1.5390123579283688,1.5390123579283688,2035,bus_3225,8
pv_Q8_3,359.48480404597865,2001,0.0,0.0,solar,solar,0.0,0.0,-0.0,0.0,2035,connection Q8,11
pv_V1_1,0.0002903981482378,2011,0.0,0.0,solar,solar,0.0,0.0,-0.0,0.0,2035,connection V1,6
wtg_Q6_4,559.0169698900032,2013,0.0,0.0,wind,wind,0.0,2.444716137026028,-1.222358068513014,1.222358068513014,2035,connection Q6,9
wtg_V6_1,0.0001959466368683,600,0.0,0.0,wind,wind,0.0,1.0074205119536008e-06,-5.037102559768004e-07,5.037102559768004e-07,2035,bus_2125,6
pv_S2_1,54.861998521246456,2003,0.0,0.0,solar,solar,0.0,0.0,-0.0,0.0,2035,connection S2,13
pv_N5_3,287.0580640476345,1393,0.0,0.0,solar,solar,0.0,0.0,-0.0,0.0,2035,bus_1206,4
wtg_Q8_7,1030.6241484110774,2001,0.0,0.0,wind,wind,0.0,4.507168158642916,-2.253584079321458,2.253584079321458,2035,connection Q8,11
wtg_Q7_1,1118.033988749895,2000,0.0,0.0,wind,wind,0.0,4.889432488209198,-2.444716244104599,2.444716244104599,2035,connection Q7,11
wtg_Q7_2,111.80337015269627,2000,0.0,0.0,wind,wind,0.0,0.4889431232113989,-0.2444715616056994,0.2444715616056994,2035,connection Q7,11
pv_V6_1,612.4032084239839,600,0.0,0.0,solar,solar,0.0,0.0,-0.0,0.0,2035,bus_2125,6
wtg_Q5_1,126.37808628518164,685,0.0,0.0,wind,wind,0.0,0.5526818746998763,-0.2763409373499381,0.2763409373499381,2035,bus_3432,8
pv_V3_1,132.82248465320993,811,0.0,0.0,solar,solar,0.0,0.0,-0.0,0.0,2035,bus_2200,5
wtg_N2_8,650.406557821266,2014,0.0,0.0,wind,wind,0.0,3.4217483965856537,-1.7108741982928268,1.7108741982928268,2035,connection N2,1
wtg_V3_4,396.9671147106634,811,0.0,0.0,wind,wind,0.0,2.040927164263284,-1.0204635821316417,1.0204635821316417,2035,bus_2200,5
pv_Q7_3,566.653112360543,2000,0.0,0.0,solar,solar,0.0,0.0,-0.0,0.0,2035,connection Q7,11
owtg_V7_4,525.1441215521411,2018,0.0,0.0,offshore_wind,offshore_wind,0.0,4.697031815099999,-2.3485159075499995,2.3485159075499995,2035,connection V7,6
wtg_S3_4,166.820479611307,1551,0.0,0.0,wind,wind,0.0,0.743951704899102,-0.371975852449551,0.371975852449551,2035,bus_4107,13
wtg_Q4_3,24.300343883443336,1790,0.0,0.0,wind,wind,0.0,0.1062712690794076,-0.0531356345397038,0.0531356345397038,2035,bus_3591,8
owtg_V8_1,592.8898144377298,2019,0.0,0.0,offshore_wind,offshore_wind,0.0,5.302967713,-2.6514838565,2.6514838565,2035,connection V8,5
pv_V5_1,179.1985433949258,1004,0.0,0.0,solar,solar,0.0,0.0,-0.0,0.0,2035,bus_2202,7
wtg_S3_4,154.0204641207219,1551,0.0,0.0,wind,wind,0.0,0.6244866555072056,-0.3122433277536028,0.3122433277536028,2036,bus_4107,13
wtg_N2_8,941.921182503584,2014,0.0,0.0,wind,wind,0.0,4.15301181501571,-2.076505907507855,2.076505907507855,2036,connection N2,1
pv_S2_1,54.86201176994921,2003,0.0,0.0,solar,solar,0.0,0.0,-0.0,0.0,2036,connection S2,13
pv_N5_3,287.0580658029481,1393,0.0,0.0,solar,solar,0.0,0.0,-0.0,0.0,2036,bus_1206,4
pv_S5_1,646.4473953588184,1778,0.0,0.0,solar,solar,0.0,0.0,-0.0,0.0,2036,bus_4109,13
wtg_Q1_2,137.15921244841903,965,0.0,0.0,wind,wind,0.0,0.211256061431546,-0.105628030715773,0.105628030715773,2036,bus_3332,8
wtg_Q8_8,316.8041209516703,2001,0.0,0.0,wind,wind,0.0,0.4879496582316838,-0.2439748291158419,0.2439748291158419,2036,connection Q8,11
pv_Q4_2,310.3851099603098,1790,0.0,0.0,solar,solar,0.0,0.0,-0.0,0.0,2036,bus_3591,8
wtg_Q2_3,793.2044652923197,1655,0.0,0.0,wind,wind,0.0,1.2217134252691049,-0.6108567126345524,0.6108567126345524,2036,bus_3225,8
pv_Q2_1,639.1869158414861,1655,0.0,0.0,solar,solar,0.0,0.0,-0.0,0.0,2036,bus_3225,8
pv_Q8_3,1118.033988749895,2001,0.0,0.0,solar,solar,0.0,0.0,-0.0,0.0,2036,connection Q8,11
pv_V3_1,132.82248847688615,811,0.0,0.0,solar,solar,0.0,0.0,-0.0,0.0,2036,bus_2200,5
owtg_V7_4,1118.033988749895,2018,0.0,0.0,offshore_wind,offshore_wind,0.0,10.0,-5.0,5.0,2036,connection V7,6
pv_N4_1,230.02851867684257,2015,0.0,0.0,solar,solar,0.0,0.0,-0.0,0.0,2036,connection N4,2
wtg_S1_1,519.8003984206287,177,0.0,0.0,wind,wind,0.0,2.1075667716893896,-1.0537833858446948,1.0537833858446948,2036,bus_4101,14
pv_N2_4,480.1486259042411,2014,0.0,0.0,solar,solar,0.0,0.0,-0.0,0.0,2036,connection N2,1
wtg_Q5_1,127.12695759269543,685,0.0,0.0,wind,wind,0.0,0.1958041307134784,-0.0979020653567392,0.0979020653567392,2036,bus_3432,8
owtg_V7_5,525.1440948646703,2018,0.0,0.0,offshore_wind,offshore_wind,0.0,4.697031576400004,-2.348515788200002,2.348515788200002,2036,connection V7,6
wtg_S4_1,129.27962129676675,2004,0.0,0.0,wind,wind,0.0,0.5241731921128143,-0.2620865960564071,0.2620865960564071,2036,connection S4,13
wtg_S8_1,373.3019711383432,2006,0.0,0.0,wind,wind,0.0,1.5135787363146058,-0.7567893681573029,0.7567893681573029,2036,connection S8,13
pv_Q8_4,479.2450486895362,2001,0.0,0.0,solar,solar,0.0,0.0,-0.0,0.0,2036,connection Q8,11
wtg_N5_1,671.969145066003,1393,0.0,0.0,wind,wind,0.0,2.962769975474564,-1.4813849877372818,1.4813849877372818,2036,bus_1206,4
pv_Q7_3,566.6531140040529,2000,0.0,0.0,solar,solar,0.0,0.0,-0.0,0.0,2036,connection Q7,11
wtg_Q4_3,411.7223762823135,1790,0.0,0.0,wind,wind,0.0,0.6341451373479439,-0.3170725686739719,0.3170725686739719,2036,bus_3591,8
wtg_Q8_7,1118.033988749895,2001,0.0,0.0,wind,wind,0.0,1.722024009861735,-0.8610120049308675,0.8610120049308675,2036,connection Q8,11
owtg_V7_5,1118.033988749895,2018,0.0,0.0,offshore_wind,offshore_wind,0.0,10.0,-5.0,5.0,2037,connection V7,6
pv_S7_1,660.0951659351505,2005,0.0,0.0,solar,solar,0.0,0.0,-0.0,0.0,2037,connection S7,13
wtg_S3_3,1065.799542626036,1551,0.0,0.0,wind,wind,0.0,3.992209405535808,-1.996104702767904,1.996104702767904,2037,bus_4107,13
pv_S2_1,185.42376870787197,2003,0.0,0.0,solar,solar,0.0,0.0,-0.0,0.0,2037,connection S2,13
pv_S5_1,646.448015331026,1778,0.0,0.0,solar,solar,0.0,0.0,-0.0,0.0,2037,bus_4109,13
pv_N2_4,581.4000299662725,2014,0.0,0.0,solar,solar,0.0,0.0,-0.0,0.0,2037,connection N2,1
pv_N4_1,230.02852152782927,2015,0.0,0.0,solar,solar,0.0,0.0,-0.0,0.0,2037,connection N4,2
pv_V1_1,0.0002915832642659,2011,0.0,0.0,solar,solar,0.0,0.0,-0.0,0.0,2037,connection V1,6
pv_V5_1,179.19858560070884,1004,0.0,0.0,solar,solar,0.0,0.0,-0.0,0.0,2037,bus_2202,7
pv_V3_1,132.82250921641665,811,0.0,0.0,solar,solar,0.0,0.0,-0.0,0.0,2037,bus_2200,5
pv_V6_1,612.4032311088936,600,0.0,0.0,solar,solar,0.0,0.0,-0.0,0.0,2037,bus_2125,6
pv_N3_5,1118.033988749895,1815,0.0,0.0,solar,solar,0.0,0.0,-0.0,0.0,2037,bus_1132,2
owtg_V7_6,454.8583677282666,2018,0.0,0.0,offshore_wind,offshore_wind,0.0,4.068376921500003,-2.0341884607500016,2.0341884607500016,2037,connection V7,6
owtg_V8_1,663.1755145400715,2019,0.0,0.0,offshore_wind,offshore_wind,0.0,5.9316221261,-2.96581106305,2.96581106305,2037,connection V8,5
pv_Q8_5,1105.597114757319,2001,0.0,0.0,solar,solar,0.0,0.0,-0.0,0.0,2037,connection Q8,11
pv_Q8_4,1118.033988749895,2001,0.0,0.0,solar,solar,0.0,0.0,-0.0,0.0,2037,connection Q8,11
pv_N1_1,225.39624482415687,2012,0.0,0.0,solar,solar,0.0,0.0,-0.0,0.0,2037,connection N1,2
pv_N5_3,287.05806923531225,1393,0.0,0.0,solar,solar,0.0,0.0,-0.0,0.0,2037,bus_1206,4
pv_N3_6,924.456963864908,1815,0.0,0.0,solar,solar,0.0,0.0,-0.0,0.0,2037,bus_1132,2
wtg_V4_5,179.8810375500031,811,0.0,0.0,wind,wind,0.0,0.9305190629471564,-0.4652595314735781,0.4652595314735781,2037,bus_2200,5
pv_Q2_1,584.9622673871162,1655,0.0,0.0,solar,solar,0.0,0.0,-0.0,0.0,2038,bus_3225,8
wtg_N4_1,324.77235630018686,2015,0.0,0.0,wind,wind,0.0,0.7595548762250172,-0.3797774381125086,0.3797774381125086,2038,connection N4,2
pv_N6_1,1044.905458895075,1393,0.0,0.0,solar,solar,0.0,0.0,-0.0,0.0,2038,bus_1206,4
owtg_V7_6,1118.033988749895,2018,0.0,0.0,offshore_wind,offshore_wind,0.0,10.0,-5.0,5.0,2038,connection V7,6
owtg_V7_7,454.8583405041392,2018,0.0,0.0,offshore_wind,offshore_wind,0.0,4.068376678000004,-2.034188339000002,2.034188339000002,2038,connection V7,6
wtg_V4_5,109.44489625875973,811,0.0,0.0,wind,wind,0.0,0.562972568426966,-0.281486284213483,0.281486284213483,2038,bus_2200,5
wtg_N2_8,749.0826801240028,2014,0.0,0.0,wind,wind,0.0,3.355402223800048,-1.6777011119000238,1.6777011119000238,2039,connection N2,1
wtg_S1_1,342.03299420939544,177,0.0,0.0,wind,wind,0.0,0.8363832751766769,-0.4181916375883384,0.4181916375883384,2039,bus_4101,14
pv_N5_3,119.31942990316576,1393,0.0,0.0,solar,solar,0.0,0.0,-0.0,0.0,2039,bus_1206,4
owtg_V8_1,872.0665085751774,2019,0.0,0.0,offshore_wind,offshore_wind,0.0,7.7999999763,-3.89999998815,3.89999998815,2039,connection V8,5
owtg_V7_7,1118.033988749895,2018,0.0,0.0,offshore_wind,offshore_wind,0.0,10.0,-5.0,5.0,2039,connection V7,6
owtg_V7_8,245.96746577443983,2018,0.0,0.0,offshore_wind,offshore_wind,0.0,2.1999998949000017,-1.0999999474500008,1.0999999474500008,2039,connection V7,6
wtg_V4_4,757.9046097336986,811,0.0,0.0,wind,wind,0.0,4.01525438424864,-2.00762719212432,2.00762719212432,2039,bus_2200,5
wtg_S3_3,700.5378385014452,1551,0.0,0.0,wind,wind,0.0,2.774879021052162,-1.387439510526081,1.387439510526081,2040,bus_4107,13
pv_N5_3,119.31943161375752,1393,0.0,0.0,solar,solar,0.0,0.0,-0.0,0.0,2040,bus_1206,4
pv_S5_1,646.4480187633901,1778,0.0,0.0,solar,solar,0.0,0.0,-0.0,0.0,2040,bus_4109,13
owtg_V7_9,245.9674516201297,2018,0.0,0.0,offshore_wind,offshore_wind,0.0,2.199999768300004,-1.0999998841500018,1.0999998841500018,2040,connection V7,6
pv_V1_1,0.0002931596921901,2011,0.0,0.0,solar,solar,0.0,0.0,-0.0,0.0,2040,connection V1,6
pv_N4_1,230.0285232496016,2015,0.0,0.0,solar,solar,0.0,0.0,-0.0,0.0,2040,connection N4,2
wtg_V6_1,0.0001972770973149,600,0.0,0.0,wind,wind,0.0,1.0879386216610715e-06,-5.439693108305358e-07,5.439693108305358e-07,2040,bus_2125,6
owtg_V7_8,1118.033988749895,2018,0.0,0.0,offshore_wind,offshore_wind,0.0,10.0,-5.0,5.0,2040,connection V7,6
pv_Q8_5,1105.5971163002062,2001,0.0,0.0,solar,solar,0.0,0.0,-0.0,0.0,2040,connection Q8,11
pv_Q7_3,566.6531152003492,2000,0.0,0.0,solar,solar,0.0,0.0,-0.0,0.0,2040,connection Q7,11
pv_Q6_3,326.63893154163634,2013,0.0,0.0,solar,solar,0.0,0.0,-0.0,0.0,2040,connection Q6,9
wtg_V4_4,757.9046131548827,811,0.0,0.0,wind,wind,0.0,4.179672711171498,-2.089836355585749,2.089836355585749,2040,bus_2200,5
pv_Q8_6,850.9466397137647,2001,0.0,0.0,solar,solar,0.0,0.0,-0.0,0.0,2041,connection Q8,11
wtg_N3_7,132.67798248321608,1815,0.0,0.0,wind,wind,0.0,0.5130379700140156,-0.2565189850070078,0.2565189850070078,2041,bus_1132,2
pv_V1_1,0.000300024420881,2011,0.0,0.0,solar,solar,0.0,0.0,-0.0,0.0,2041,connection V1,6
wtg_S1_1,559.3643077092532,177,0.0,0.0,wind,wind,0.0,1.6313010751345591,-0.8156505375672796,0.8156505375672796,2041,bus_4101,14
pv_N5_3,119.31943524736816,1393,0.0,0.0,solar,solar,0.0,0.0,-0.0,0.0,2041,bus_1206,4
pv_V2_3,733.938439982044,654,0.0,0.0,solar,solar,0.0,0.0,-0.0,0.0,2041,bus_2106,5
pv_N3_7,816.997367469422,1815,0.0,0.0,solar,solar,0.0,0.0,-0.0,0.0,2041,bus_1132,2
pv_N6_1,1044.9054604938638,1393,0.0,0.0,solar,solar,0.0,0.0,-0.0,0.0,2041,bus_1206,4
wtg_S8_1,379.8064624469047,2006,0.0,0.0,wind,wind,0.0,1.1076478816999065,-0.5538239408499532,0.5538239408499532,2041,connection S8,13
wtg_S3_3,1037.7291403812962,1551,0.0,0.0,wind,wind,0.0,3.026379479475799,-1.5131897397378995,1.5131897397378995,2041,bus_4107,13
pv_V5_1,179.1985876019897,1004,0.0,0.0,solar,solar,0.0,0.0,-0.0,0.0,2041,bus_2202,7
pv_S7_1,702.3967738700592,2005,0.0,0.0,solar,solar,0.0,0.0,-0.0,0.0,2041,connection S7,13
pv_N4_1,230.02852688321207,2015,0.0,0.0,solar,solar,0.0,0.0,-0.0,0.0,2041,connection N4,2
pv_S2_1,1087.3781207755026,2003,0.0,0.0,solar,solar,0.0,0.0,-0.0,0.0,2041,connection S2,13
pv_V6_1,612.4032339934213,600,0.0,0.0,solar,solar,0.0,0.0,-0.0,0.0,2041,bus_2125,6
pv_N2_4,581.4000368757222,2014,0.0,0.0,solar,solar,0.0,0.0,-0.0,0.0,2041,connection N2,1
pv_Q8_5,1118.033988749895,2001,0.0,0.0,solar,solar,0.0,0.0,-0.0,0.0,2041,connection Q8,11
pv_N1_1,229.248777746538,2012,0.0,0.0,solar,solar,0.0,0.0,-0.0,0.0,2041,connection N1,2
pv_Q7_3,566.6531674237167,2000,0.0,0.0,solar,solar,0.0,0.0,-0.0,0.0,2041,connection Q7,11
pv_N3_6,1118.033988749895,1815,0.0,0.0,solar,solar,0.0,0.0,-0.0,0.0,2041,bus_1132,2
wtg_V4_4,554.7578568863593,811,0.0,0.0,wind,wind,0.0,2.2460679371511483,-1.123033968575574,1.123033968575574,2041,bus_2200,5
pv_S5_1,646.4480463341083,1778,0.0,0.0,solar,solar,0.0,0.0,-0.0,0.0,2041,bus_4109,13
wtg_N8_1,442.9823550053917,719,0.0,0.0,wind,wind,0.0,1.712919988007382,-0.856459994003691,0.856459994003691,2041,bus_1238,4
pv_S1_1,203.48218595248088,177,0.0,0.0,solar,solar,0.0,0.0,-0.0,0.0,2042,bus_4101,14
pv_N6_1,1044.9054625510464,1393,0.0,0.0,solar,solar,0.0,0.0,-0.0,0.0,2042,bus_1206,4
pv_Q4_2,644.9085989941179,1790,0.0,0.0,solar,solar,0.0,0.0,-0.0,0.0,2042,bus_3591,8
pv_V5_1,179.19858893245012,1004,0.0,0.0,solar,solar,0.0,0.0,-0.0,0.0,2042,bus_2202,7
pv_Q2_1,1078.486711737379,1655,0.0,0.0,solar,solar,0.0,0.0,-0.0,0.0,2042,bus_3225,8
pv_Q6_3,1118.033988749895,2013,0.0,0.0,solar,solar,0.0,0.0,-0.0,0.0,2042,connection Q6,9
pv_S2_1,1074.2747624273538,2003,0.0,0.0,solar,solar,0.0,0.0,-0.0,0.0,2042,connection S2,13
pv_Q6_4,854.7617502720486,2013,0.0,0.0,solar,solar,0.0,0.0,-0.0,0.0,2042,connection Q6,9
pv_Q5_1,89.39155841250306,685,0.0,0.0,solar,solar,0.0,0.0,-0.0,0.0,2042,bus_3432,8
pv_Q8_6,1118.033988749895,2001,0.0,0.0,solar,solar,0.0,0.0,-0.0,0.0,2043,connection Q8,11
pv_N4_1,230.0285304497405,2015,0.0,0.0,solar,solar,0.0,0.0,-0.0,0.0,2043,connection N4,2
pv_S5_1,744.3639402729906,1778,0.0,0.0,solar,solar,0.0,0.0,-0.0,0.0,2043,bus_4109,13
wtg_N5_1,671.9691465977095,1393,0.0,0.0,wind,wind,0.0,2.956695234423801,-1.4783476172119006,1.4783476172119006,2043,bus_1206,4
pv_N3_7,1054.7785849235088,1815,0.0,0.0,solar,solar,0.0,0.0,-0.0,0.0,2043,bus_1132,2
pv_Q6_5,106.16987774470388,2013,0.0,0.0,solar,solar,0.0,0.0,-0.0,0.0,2043,connection Q6,9
pv_N5_4,159.08504880193584,1393,0.0,0.0,solar,solar,0.0,0.0,-0.0,0.0,2043,bus_1206,4
wtg_T2_1,888.2857493093306,2009,0.0,0.0,wind,wind,0.0,3.103932245077847,-1.5519661225389234,1.5519661225389234,2043,connection T2,15
pv_Q8_7,1118.033988749895,2001,0.0,0.0,solar,solar,0.0,0.0,-0.0,0.0,2043,connection Q8,11
pv_V3_1,132.82251279412546,811,0.0,0.0,solar,solar,0.0,0.0,-0.0,0.0,2043,bus_2200,5
pv_Q3_1,353.2651994253042,849,0.0,0.0,solar,solar,0.0,0.0,-0.0,0.0,2043,bus_3561,8
wtg_V4_4,938.3199389005142,811,0.0,0.0,wind,wind,0.0,3.966081203497644,-1.9830406017488216,1.9830406017488216,2043,bus_2200,5
pv_Q6_4,1118.033988749895,2013,0.0,0.0,solar,solar,0.0,0.0,-0.0,0.0,2043,connection Q6,9
pv_Q8_8,384.1559035184048,2001,0.0,0.0,solar,solar,0.0,0.0,-0.0,0.0,2043,connection Q8,11
pv_N5_3,1118.033988749895,1393,0.0,0.0,solar,solar,0.0,0.0,-0.0,0.0,2043,bus_1206,4
pv_V5_1,179.19859359465187,1004,0.0,0.0,solar,solar,0.0,0.0,-0.0,0.0,2043,bus_2202,7
pv_V1_1,418.3221963117121,2011,0.0,0.0,solar,solar,0.0,0.0,-0.0,0.0,2043,connection V1,6
wtg_N2_8,749.0827731108895,2014,0.0,0.0,wind,wind,0.0,3.295998747353026,-1.647999373676513,1.647999373676513,2043,connection N2,1
pv_V2_4,432.4771941666481,654,0.0,0.0,solar,solar,0.0,0.0,-0.0,0.0,2043,bus_2106,5
pv_V2_3,1118.033988749895,654,0.0,0.0,solar,solar,0.0,0.0,-0.0,0.0,2043,bus_2106,5
wtg_V6_1,0.0002023753323036,600,0.0,0.0,wind,wind,0.0,8.553980025634631e-07,-4.2769900128173166e-07,4.2769900128173166e-07,2043,bus_2125,6
pv_S2_1,1096.3026507320174,2003,0.0,0.0,solar,solar,0.0,0.0,-0.0,0.0,2043,connection S2,13
wtg_N8_1,449.9521953039975,719,0.0,0.0,wind,wind,0.0,1.9798104099120424,-0.9899052049560212,0.9899052049560212,2043,bus_1238,4
pv_V6_1,612.4032413389046,600,0.0,0.0,solar,solar,0.0,0.0,-0.0,0.0,2043,bus_2125,6
wtg_S3_4,190.50929523900837,1551,0.0,0.0,wind,wind,0.0,0.7536322803413381,-0.376816140170669,0.376816140170669,2043,bus_4107,13
wtg_V3_4,386.8601831784344,811,0.0,0.0,wind,wind,0.0,1.6351766996270989,-0.8175883498135494,0.8175883498135494,2043,bus_2200,5
pv_N6_1,1044.9054643846218,1393,0.0,0.0,solar,solar,0.0,0.0,-0.0,0.0,2043,bus_1206,4
pv_S5_1,985.9765602878266,1778,0.0,0.0,solar,solar,0.0,0.0,-0.0,0.0,2044,bus_4109,13
pv_N3_7,1118.033988749895,1815,0.0,0.0,solar,solar,0.0,0.0,-0.0,0.0,2044,bus_1132,2
pv_N6_1,1118.033988749895,1393,0.0,0.0,solar,solar,0.0,0.0,-0.0,0.0,2044,bus_1206,4
wtg_N4_1,103.3904461878202,2015,0.0,0.0,wind,wind,0.0,0.6087192508780158,-0.3043596254390079,0.3043596254390079,2044,connection N4,2
pv_S2_1,1118.033988749895,2003,0.0,0.0,solar,solar,0.0,0.0,-0.0,0.0,2044,connection S2,13
wtg_N2_8,447.21359614841793,2014,0.0,0.0,wind,wind,0.0,2.633004646632407,-1.3165023233162034,1.3165023233162034,2044,connection N2,1
pv_Q7_3,566.6531686200132,2000,0.0,0.0,solar,solar,0.0,0.0,-0.0,0.0,2044,connection Q7,11
pv_Q6_5,409.312572732412,2013,0.0,0.0,solar,solar,0.0,0.0,-0.0,0.0,2044,connection Q6,9
wtg_Q1_1,1101.8497254966533,965,0.0,0.0,wind,wind,0.0,4.676108413146696,-2.338054206573348,2.338054206573348,2044,bus_3332,8
wtg_T2_1,904.5250546839382,2009,0.0,0.0,wind,wind,0.0,3.560133123382481,-1.7800665616912406,1.7800665616912406,2044,connection T2,15
pv_N2_4,1118.033988749895,2014,0.0,0.0,solar,solar,0.0,0.0,-0.0,0.0,2044,connection N2,1
pv_N2_5,353.7877736769631,2014,0.0,0.0,solar,solar,0.0,0.0,-0.0,0.0,2044,connection N2,1
pv_Q3_1,223.61797808986643,849,0.0,0.0,solar,solar,0.0,0.0,-0.0,0.0,2044,bus_3561,8
wtg_T1_1,635.0433056546617,2008,0.0,0.0,wind,wind,0.0,2.4994760460598355,-1.2497380230299178,1.2497380230299178,2044,connection T1,15
wtg_T3_2,645.0620381352587,2010,0.0,0.0,wind,wind,0.0,2.5389089187854497,-1.2694544593927248,1.2694544593927248,2044,connection T3,15
pv_N6_2,328.9703232535421,1393,0.0,0.0,solar,solar,0.0,0.0,-0.0,0.0,2044,bus_1206,4
pv_Q8_8,956.8552729297354,2001,0.0,0.0,solar,solar,0.0,0.0,-0.0,0.0,2044,connection Q8,11
pv_V3_1,132.82251959177208,811,0.0,0.0,solar,solar,0.0,0.0,-0.0,0.0,2044,bus_2200,5
pv_N1_1,246.1350224425598,2012,0.0,0.0,solar,solar,0.0,0.0,-0.0,0.0,2044,connection N1,2
pv_N3_8,574.647072407763,1815,0.0,0.0,solar,solar,0.0,0.0,-0.0,0.0,2044,bus_1132,2
wtg_V4_4,791.5563691534353,811,0.0,0.0,wind,wind,0.0,4.2608506768939005,-2.1304253384469503,2.1304253384469503,2044,bus_2200,5
pv_V5_1,559.0169903053036,1004,0.0,0.0,solar,solar,0.0,0.0,-0.0,0.0,2044,bus_2202,7
wtg_Q7_2,111.8033768049986,2000,0.0,0.0,wind,wind,0.0,0.4744791406654046,-0.2372395703327023,0.2372395703327023,2044,connection Q7,11
pv_N4_1,342.6837662631266,2015,0.0,0.0,solar,solar,0.0,0.0,-0.0,0.0,2044,connection N4,2
pv_V1_1,543.7772434291364,2011,0.0,0.0,solar,solar,0.0,0.0,-0.0,0.0,2044,connection V1,6
pv_V2_4,960.106100777163,654,0.0,0.0,solar,solar,0.0,0.0,-0.0,0.0,2044,bus_2106,5
pv_V6_2,286.95441028919254,600,0.0,0.0,solar,solar,0.0,0.0,-0.0,0.0,2044,bus_2125,6
pv_S2_2,218.2750247247551,2003,0.0,0.0,solar,solar,0.0,0.0,-0.0,0.0,2044,connection S2,13
pv_V6_1,1118.033988749895,600,0.0,0.0,solar,solar,0.0,0.0,-0.0,0.0,2044,bus_2125,6
wtg_S3_4,139.53218217849513,1551,0.0,0.0,wind,wind,0.0,0.8779727382607995,-0.4389863691303997,0.4389863691303997,2044,bus_4107,13
pv_Q5_1,75.94836072018116,685,0.0,0.0,solar,solar,0.0,0.0,-0.0,0.0,2044,bus_3432,8
wtg_V3_4,240.17412385444788,811,0.0,0.0,wind,wind,0.0,1.2928277985964365,-0.6464138992982181,0.6464138992982181,2044,bus_2200,5
pv_N5_4,159.08505069141313,1393,0.0,0.0,solar,solar,0.0,0.0,-0.0,0.0,2044,bus_1206,4
