number,name,base_voltage,angle,magnitude,area,x,y,cluster,area_code,sub_region
1,bus_1000,0.55,-0.1566830930440036,1.056829623424886,1,-238,-725,2,2,CNSW
519,bus_1530,132.0,-0.3346462201549418,1.0465550815576476,1,952,-714,3,3,SNW
599,bus_1611,11.0,0.0237894364278417,1.030132168364289,1,2223,2165,0,1,NNSW
491,bus_1501,66.0,-0.1753860068041609,1.0267196963505532,1,73,-156,2,2,CNSW
227,bus_1234,132.0,-0.274736557705208,1.032454552918072,1,33,394,2,2,CNSW
605,bus_1617,66.0,0.1868094080148313,1.0244897674761004,1,2829,2850,0,1,NNSW
24,bus_1023,0.6899999999999998,0.1923056576166481,1.07713,1,1660,-1072,1,4,SNSW
204,bus_1211,220.0,0.3684251928165029,1.049850634187275,1,698,-2614,1,5,WNV
23,bus_1022,16.0,0.0897818160465449,1.02669,1,1461,-880,1,4,SNSW
160,bus_1167,220.0,0.3648242415841301,1.0263186936575068,1,844,-2351,1,5,WNV
561,bus_1573,11.0,0.0959954361360568,1.0471041781489974,1,2193,2397,0,1,NNSW
253,bus_1260,132.0,-0.3130974742641607,1.031292661911853,1,359,712,2,2,CNSW
39,bus_1040,15.4,0.5143280886297603,0.98407,1,1374,-1592,1,4,SNSW
10025,starbus_xf_1430_1502_1542_1,132.0,0.0,1.0,1,243,911,2,2,CNSW
112,bus_1117,330.0,-0.2053418060666929,1.032314710127017,1,764,27,2,2,CNSW
372,bus_1380,132.0,-0.1684260066329629,1.0480028044543583,1,808,1383,0,1,NNSW
34,bus_1034,22.0,0.2291583769654221,0.97349,1,1244,1161,2,2,CNSW
590,bus_1602,33.0,0.0933003669730849,1.1010644458909908,1,1770,1218,2,2,CNSW
55,bus_1057,0.55,0.2630645796743199,1.0686762971587205,1,651,-2373,1,5,WNV
17,bus_1016,0.6899999999999998,0.1803287242331685,1.0015320800829317,1,2806,2270,0,1,NNSW
172,bus_1179,132.0,-0.0704477602496279,1.0781271737794142,1,398,-61,2,2,CNSW
363,bus_1371,132.0,-0.2741352027491615,1.0308384915831603,1,683,-534,2,2,CNSW
550,bus_1561,22.0,0.3562218472640846,0.9996661302223264,1,686,-2685,1,5,WNV
14,bus_1013,0.6899999999999998,0.1632469722545367,1.01729,1,352,-1214,1,4,SNSW
613,bus_1625,66.0,-0.1763765010174837,1.0213552826944767,1,329,-115,2,2,CNSW
643,bus_1658,66.0,0.1445693112814023,1.0443717620104016,1,2806,2717,0,1,NNSW
510,bus_1521,11.0,-0.1566830930440029,1.0568296234248873,1,-163,-667,2,2,CNSW
257,bus_1264,132.0,-0.2885932329520835,1.0348753672946296,1,470,465,2,2,CNSW
19,bus_1018,23.0,0.2278444984306963,1.01837,1,1011,651,2,2,CNSW
197,bus_1204,132.0,0.1602823555526054,1.0286022926971743,1,2049,-1463,1,4,SNSW
401,bus_1409,132.0,-0.2312708027301944,1.018939231028172,1,-38,-133,2,2,CNSW
276,bus_1283,132.0,-0.1665582181496679,1.0513606919645264,1,872,1361,0,1,NNSW
21,bus_1020,23.0,0.2498018475900582,1.01577,1,911,407,3,3,SNW
83,bus_1088,11.5,0.0933003669730841,1.081583649477113,1,1869,1222,2,2,CNSW
582,bus_1594,66.0,0.1454838937283268,1.0449298087153656,1,2721,2689,0,1,NNSW
558,bus_1570,33.0,-0.1478277366142027,1.0400141769924005,1,691,-287,2,2,CNSW
545,bus_1556,11.0,-0.4549169277165531,1.017497121319449,1,507,-416,2,2,CNSW
3,bus_1002,23.0,-2.5116047868858574e-12,1.01556,1,752,809,2,2,CNSW
81,bus_1086,11.0,-0.3396180600083274,1.0528241558378864,1,-670,558,2,2,CNSW
303,bus_1310,132.0,-0.0885938660438682,1.0022554055171835,1,431,-841,1,4,SNSW
117,bus_1123,330.0,-0.0178246945467818,1.0381355586787646,1,554,-7,2,2,CNSW
499,bus_1509,66.0,-0.2758784093138529,1.0176131943167883,1,93,860,2,2,CNSW
176,bus_1183,132.0,-0.1596304173682301,1.0544186483825415,1,820,1294,0,1,NNSW
182,bus_1189,132.0,-0.264051977964336,1.0352964786379244,1,732,-450,2,2,CNSW
554,bus_1565,33.0,0.1632832172645837,1.077231076045599,1,1522,-1083,1,4,SNSW
623,bus_1635,33.0,-0.0110760899360571,1.0401749473564643,1,628,70,2,2,CNSW
249,bus_1256,132.0,0.0745935785942511,1.0214479622648651,1,1914,1815,0,1,NNSW
636,bus_1651,66.0,0.1967710426593403,1.0192112275241856,1,-1124,2030,0,1,NNSW
346,bus_1354,132.0,-0.2762053921778569,1.0272669468470386,1,-379,380,2,2,CNSW
638,bus_1653,11.0,-0.2898744187831922,1.0312055230014918,1,3,451,2,2,CNSW
389,bus_1397,132.0,-0.1950357222944075,1.0519327339422009,1,927,1615,0,1,NNSW
219,bus_1226,132.0,0.075886396955861,1.0199411472877478,1,1876,1777,0,1,NNSW
559,bus_1571,33.0,-0.1478143946691966,1.0399947577198565,1,592,-338,2,2,CNSW
157,bus_1164,132.0,0.1304289967950027,1.0540592497775525,1,1958,2291,0,1,NNSW
10002,starbus_xf_1092_1093_1525_1,500.0,0.0,1.0,1,703,257,2,2,CNSW
57,bus_1059,11.5,0.463481677858236,1.01502,1,2213,-1829,1,4,SNSW
165,bus_1172,132.0,0.3649062611027728,1.046582155804884,1,1175,-2112,1,4,SNSW
10024,starbus_xf_1428_1501_1540_2,132.0,0.0,1.0,1,156,-160,2,2,CNSW
200,bus_1207,132.0,-0.154343064938677,1.046546565943881,1,1327,1555,0,1,NNSW
641,bus_1656,33.0,-0.3396092501633703,1.0073643683704692,1,-607,496,2,2,CNSW
428,bus_1436,33.0,-0.1268373779349466,0.9948490208470722,1,-674,-304,2,2,CNSW
583,bus_1595,66.0,0.1297812326426924,1.0282594504516045,1,2865,2748,0,1,NNSW
61,bus_1066,330.0,-0.1983734959094895,1.027,1,679,322,2,2,CNSW
247,bus_1254,132.0,-0.2782683572132307,1.030112326633225,1,673,-588,2,2,CNSW
385,bus_1393,132.0,-0.3332450874482583,1.0460787631281212,1,580,-475,2,2,CNSW
611,bus_1623,66.0,0.0389125672212666,1.065935879196778,1,1924,1854,0,1,NNSW
56,bus_1058,21.0,0.0663180515531411,0.98801,1,1202,-890,3,3,SNW
528,bus_1539,11.0,-0.1731501211182989,1.027205639581501,1,71,-177,2,2,CNSW
438,bus_1446,132.0,-0.3070299516916742,1.0343276375847523,1,870,910,2,2,CNSW
106,bus_1111,330.0,-0.2051721617431903,1.036875728215395,1,228,214,2,2,CNSW
489,bus_1498,66.0,0.187964579639932,1.0126033666070855,1,-1114,1955,0,1,NNSW
576,bus_1588,66.0,0.3962696408101037,1.0414879338390448,1,1210,-2379,1,4,SNSW
584,bus_1596,66.0,0.1261568854061972,1.0216717216856033,1,2982,2814,0,1,NNSW
287,bus_1294,132.0,0.1328623877678832,1.014283279184269,1,2122,-1315,1,4,SNSW
474,bus_1483,132.0,-0.2120549725617758,1.01963583316007,1,927,178,3,3,SNW
356,bus_1364,132.0,-0.1954859260751942,1.052186434150731,1,985,1738,0,1,NNSW
215,bus_1222,220.0,0.3805980379464196,1.0293992094601976,1,559,-2881,1,5,WNV
424,bus_1432,132.0,-0.1477642839732575,1.0349781850908546,1,403,-107,2,2,CNSW
154,bus_1161,33.0,0.0088787627672556,0.9662250489235306,1,821,-196,2,2,CNSW
49,bus_1051,15.0,-0.1127531529042897,1.0244362425658606,1,776,532,2,2,CNSW
5,bus_1004,23.0,0.0856152104582468,0.999,1,687,561,2,2,CNSW
196,bus_1203,132.0,-0.1718736968812261,1.044977491001384,1,786,1440,0,1,NNSW
201,bus_1208,132.0,0.2011079989177402,1.043067098655384,1,2398,-1573,1,4,SNSW
311,bus_1318,33.0,0.2630645796743199,1.0152424823007884,1,671,-2297,1,5,WNV
315,bus_1322,132.0,0.091603156417244,1.0097033577870758,1,1778,1737,0,1,NNSW
366,bus_1374,132.0,-0.3288106786732566,1.0438895100287842,1,467,-265,2,2,CNSW
71,bus_1076,12.5,0.3534264235935854,0.9718826269399232,1,1462,-1510,1,4,SNSW
614,bus_1626,66.0,-0.1477474648548031,1.0006856153596175,1,355,-490,2,2,CNSW
266,bus_1273,132.0,0.1134961706540473,1.0509188939258918,1,2120,2328,0,1,NNSW
6,bus_1005,23.0,0.0808251677075214,1.00251,1,662,546,2,2,CNSW
441,bus_1450,132.0,0.1426049791231678,1.0233490678136017,1,2287,-1477,1,4,SNSW
10013,starbus_xf_1121_1123_1634_6,500.0,0.0,1.0,1,715,112,2,2,CNSW
98,bus_1103,330.0,0.2042102737783053,1.0124518368931967,1,1446,-1310,1,4,SNSW
473,bus_1482,66.0,0.3873192713762857,1.029174137805738,1,860,-1643,1,4,SNSW
174,bus_1181,33.0,0.1079764680896596,0.99781,1,1020,-850,1,4,SNSW
607,bus_1619,11.0,0.186809408014831,1.0617439408388654,1,2832,2870,0,1,NNSW
337,bus_1344,132.0,-0.3229570114810518,1.0512621448945136,1,1490,-430,3,3,SNW
10009,starbus_xf_1106_1167_1537_4,330.0,0.0,1.0,1,963,-2129,1,4,SNSW
97,bus_1102,330.0,0.1476631898969099,1.0217327030733752,1,1404,-1052,1,4,SNSW
148,bus_1155,330.0,-0.0351680537766052,1.0284116779724406,1,368,-101,2,2,CNSW
193,bus_1200,132.0,-0.0764748584987512,1.076083939105193,1,528,-55,2,2,CNSW
508,bus_1519,11.0,-0.1566589357482812,1.0566940544985464,1,-62,-589,2,2,CNSW
629,bus_1642,33.0,0.3762124916267663,1.0590800372762623,1,1409,2464,0,1,NNSW
116,bus_1121,500.0,0.0212669416988026,1.0552983174432635,1,715,112,2,2,CNSW
455,bus_1464,132.0,-0.1630097220348778,1.0473961636197098,1,1318,1531,0,1,NNSW
29,bus_1029,16.0,-6.887524376702763e-05,1.0226182481800343,1,1319,-847,1,4,SNSW
367,bus_1375,132.0,-0.1358144487545169,1.0232274149931138,1,112,-493,2,2,CNSW
515,bus_1526,33.0,-0.1395353500383727,1.0440921782497927,1,695,159,2,2,CNSW
497,bus_1507,66.0,0.2617136451172601,1.0245259455094715,1,814,-2288,1,4,SNSW
504,bus_1515,11.0,-0.0776637752995306,1.0710368295255164,1,582,-50,2,2,CNSW
10023,starbus_xf_1428_1501_1539_1,132.0,0.0,1.0,1,156,-160,2,2,CNSW
10007,starbus_xf_1099_1100_1533_9,500.0,0.0,1.0,1,825,368,2,2,CNSW
10029,starbus_xf_1616_1027_1618_1,66.0,0.0,1.0,1,2815,2889,0,1,NNSW
615,bus_1627,132.0,-0.2759198081545948,1.0274557959597728,1,-334,403,2,2,CNSW
570,bus_1582,22.0,0.2250056210145077,1.02379,1,2380,1969,0,1,NNSW
44,bus_1045,23.0,-0.0178246945467818,1.0269357353109256,1,505,30,2,2,CNSW
189,bus_1196,132.0,-0.1514671641372512,1.054876457159596,1,582,839,2,2,CNSW
429,bus_1437,132.0,-0.1749105274471666,0.9927371227350636,1,-579,-293,2,2,CNSW
94,bus_1099,500.0,0.12139945467513,1.0555223434888397,1,825,368,2,2,CNSW
73,bus_1078,12.5,0.4073132843577202,1.00307,1,1459,-1470,1,4,SNSW
82,bus_1087,11.0,-0.3396092501633703,1.053153657841849,1,-707,529,2,2,CNSW
79,bus_1084,11.0,-0.2397370849112549,1.04459,1,-696,490,2,2,CNSW
507,bus_1518,11.0,-0.4855291454429517,0.9839575640532764,1,400,-304,2,2,CNSW
427,bus_1435,132.0,-0.1813676763894436,0.9955049805691816,1,-444,-283,2,2,CNSW
572,bus_1584,66.0,0.1853560945991928,1.007188782357549,1,2131,2306,0,1,NNSW
8,bus_1007,22.0,0.3659719605012904,1.029636867007994,1,260,-3033,1,5,WNV
64,bus_1069,15.75,0.62525403250199,1.06298,1,794,-2014,1,4,SNSW
91,bus_1096,330.0,-0.0752034227451595,1.0258919100438,1,832,-468,2,2,CNSW
498,bus_1508,66.0,-0.1137620405987355,1.002395327713245,1,373,-902,1,4,SNSW
22,bus_1021,33.0,0.3042773557004815,0.9985824609075477,1,2749,-1684,1,4,SNSW
324,bus_1331,132.0,0.1734910027952905,1.0360408992512666,1,2000,2110,0,1,NNSW
490,bus_1499,11.0,-0.4452166576441907,1.037815755554562,1,664,-701,1,4,SNSW
506,bus_1517,66.0,0.192991733836867,1.0424746515345518,1,894,-1382,1,4,SNSW
72,bus_1077,12.5,0.3563801775992223,1.017138359155176,1,1438,-1461,1,4,SNSW
472,bus_1481,132.0,0.4040228896529547,1.0493989935322592,1,894,-1579,1,4,SNSW
524,bus_1535,66.0,0.1083336056681213,1.0360717978119516,1,2018,2379,0,1,NNSW
145,bus_1152,330.0,-0.0299396140916402,1.0367940432829892,1,679,-116,2,2,CNSW
36,bus_1037,22.0,0.2477677268760929,0.97558,1,1227,1192,2,2,CNSW
353,bus_1361,132.0,0.1427075242586195,1.0230605090969984,1,2186,-1475,1,4,SNSW
232,bus_1239,132.0,-0.165895749499701,1.0485742073906448,1,380,1278,0,1,NNSW
54,bus_1056,11.0,0.2821984596023293,1.0153875285431972,1,989,-1806,1,4,SNSW
101,bus_1106,330.0,0.3635508257116381,1.0688982286764923,1,963,-2129,1,4,SNSW
630,bus_1645,66.0,0.371659383667832,1.0457862225542558,1,861,-1721,1,4,SNSW
88,bus_1093,330.0,-0.1553258095899062,1.0448957447412697,1,703,45,2,2,CNSW
77,bus_1082,23.0,0.0217243699653392,1.00955,1,809,725,2,2,CNSW
449,bus_1458,132.0,-0.2520242353179689,1.0241566966026543,1,82,758,2,2,CNSW
387,bus_1395,132.0,0.3197328245405221,1.028111922079996,1,951,-2174,1,4,SNSW
620,bus_1632,11.0,0.1010296029077069,1.0357889011266816,1,2114,2269,0,1,NNSW
450,bus_1459,132.0,-0.0984320451226941,1.014754016544965,1,1135,-792,3,3,SNW
10022,starbus_xf_1296_1504_1506_1,132.0,0.0,1.0,1,629,-1107,1,4,SNSW
586,bus_1598,66.0,0.1331029079806806,1.0318384685139366,1,2909,2742,0,1,NNSW
635,bus_1650,33.0,0.3125149771876122,1.0586265859116335,1,911,-2041,1,4,SNSW
43,bus_1044,23.0,0.1008976173713793,0.99894,1,551,47,2,2,CNSW
602,bus_1614,33.0,0.1802423377412904,1.0063033731049589,1,2581,-1815,1,4,SNSW
522,bus_1533,33.0,0.1169623140828719,1.0391055552600832,1,885,495,2,2,CNSW
12,bus_1011,330.0,0.2605495314966033,1.0605,1,1491,2184,0,1,NNSW
192,bus_1199,132.0,0.4192284899462899,1.053493328624043,1,944,-1807,1,4,SNSW
552,bus_1563,33.0,-0.1703782397141242,1.0442253229940843,1,1432,1715,0,1,NNSW
357,bus_1365,132.0,0.1933144749971538,1.0402902648569627,1,816,-1464,1,4,SNSW
426,bus_1434,66.0,-0.1477898662991416,1.0007516510241468,1,468,-410,2,2,CNSW
539,bus_1550,66.0,-0.0858631611684194,1.0499850616010789,1,322,-48,2,2,CNSW
610,bus_1622,66.0,0.0712872536258445,1.0144000389983332,1,2287,2279,0,1,NNSW
179,bus_1186,132.0,-0.2864998508707287,1.0343018150577576,1,567,-53,2,2,CNSW
239,bus_1246,132.0,-0.3377076187247083,1.045877786552941,1,459,-475,2,2,CNSW
488,bus_1497,132.0,0.3532068774163817,1.0650080243646038,1,889,-1977,1,4,SNSW
525,bus_1536,33.0,0.3635508136917209,1.0688984331974718,1,902,-2246,1,4,SNSW
458,bus_1467,132.0,-0.249979714726686,1.035931190742759,1,430,146,2,2,CNSW
45,bus_1047,17.5,-0.1121689435160219,0.989968319942511,1,792,555,2,2,CNSW
436,bus_1444,132.0,-0.048987282417937,1.004954455463716,1,1814,1949,0,1,NNSW
527,bus_1538,66.0,-0.2281662928567571,0.9671337198179258,1,880,-123,3,3,SNW
440,bus_1449,132.0,0.1282310992452963,1.014217690469269,1,1861,-1281,1,4,SNSW
547,bus_1558,11.0,-0.3974112124164248,0.98746343512484,1,76,981,2,2,CNSW
392,bus_1400,132.0,-0.1346871592413491,1.030713336022082,1,194,-324,2,2,CNSW
624,bus_1636,11.0,-0.2971580266385947,0.99900427885172,1,1,805,2,2,CNSW
10001,starbus_xf_1090_1091_1523_9,500.0,0.0,1.0,1,714,507,2,2,CNSW
50,bus_1052,15.0,-0.1127270748608696,1.0244466402973187,1,771,602,2,2,CNSW
526,bus_1537,33.0,0.3635493945090307,1.0689221962244269,1,915,-2259,1,4,SNSW
63,bus_1068,11.0,0.3972742429143595,1.04149,1,1188,-2387,1,4,SNSW
92,bus_1097,500.0,0.0135151027137101,1.0476213533300094,1,789,-107,2,2,CNSW
10010,starbus_xf_1118_1038_1039_1,330.0,0.0,1.0,1,1300,-1557,1,4,SNSW
573,bus_1585,33.0,-0.2903265089470618,1.0053046156105172,1,107,881,2,2,CNSW
516,bus_1527,66.0,0.2032826817404322,1.044202846042891,1,1873,2274,0,1,NNSW
286,bus_1293,132.0,0.1935311456954474,1.0411074268670295,1,2279,-1561,1,4,SNSW
459,bus_1468,132.0,-0.2809718962581682,1.0229229621777356,1,118,641,2,2,CNSW
465,bus_1474,132.0,0.1757002914012146,1.0257339491348954,1,2182,2350,0,1,NNSW
308,bus_1315,132.0,0.2142380608105049,1.0483732074499053,1,695,-1458,1,4,SNSW
110,bus_1115,330.0,0.115550290257941,1.0321576277803532,1,1161,1128,2,2,CNSW
606,bus_1618,11.0,0.1753401803371669,1.0520874491568473,1,2796,2885,0,1,NNSW
231,bus_1238,132.0,0.4502341889425274,1.012614550917709,1,1931,-1833,1,4,SNSW
384,bus_1392,132.0,0.0630225423826181,1.0396008764685962,1,2133,2144,0,1,NNSW
233,bus_1240,132.0,-0.2656109997321349,1.0262378425565954,1,374,-435,2,2,CNSW
130,bus_1137,132.0,0.1844091353205345,1.0431480182213402,1,2600,-1798,1,4,SNSW
579,bus_1591,66.0,0.1062735934970648,1.039361395814962,1,2140,2475,0,1,NNSW
108,bus_1113,330.0,0.3848836680891906,1.041741295716282,1,1263,-2064,1,4,SNSW
46,bus_1048,22.0,0.2359281217562449,1.0024784261968391,1,733,-1490,1,4,SNSW
532,bus_1543,11.0,-0.2406067599587351,1.0295308009336817,1,198,980,2,2,CNSW
444,bus_1453,132.0,-0.1728102788953001,1.0488745443039174,1,952,1463,0,1,NNSW
151,bus_1158,330.0,0.1686425666016456,1.0153189531149125,1,1136,-1159,1,4,SNSW
147,bus_1154,330.0,0.1867269798644572,1.0067568315654,1,1751,-1387,1,4,SNSW
454,bus_1463,132.0,-0.1461158136167563,1.0415666191329191,1,703,849,2,2,CNSW
342,bus_1349,132.0,-0.3229175297870224,1.0511007983904266,1,1492,-482,3,3,SNW
180,bus_1187,132.0,-0.2809844159412846,1.0230002811853522,1,37,680,2,2,CNSW
135,bus_1142,330.0,0.3762124916267669,1.0590800372762637,1,1349,2391,0,1,NNSW
48,bus_1050,15.0,-0.1128347377205962,1.02435291825526,1,788,582,2,2,CNSW
592,bus_1604,132.0,-0.3231389371409313,1.0511528260054763,1,1498,-532,3,3,SNW
408,bus_1416,132.0,0.059676832263641,1.044407400960956,1,1700,1483,2,2,CNSW
334,bus_1341,132.0,-0.3088015094429503,1.029040492748484,1,294,913,2,2,CNSW
2,bus_1001,0.55,-0.1566882575852743,1.0568506101320916,1,-268,-685,2,2,CNSW
183,bus_1190,132.0,-0.2781504861352073,1.0442400764898745,1,529,439,2,2,CNSW
51,bus_1053,0.55,0.1216725263221229,1.041285937737206,1,1057,-928,1,4,SNSW
141,bus_1148,330.0,0.3510234318076331,1.0189536952058418,1,1369,-1490,1,4,SNSW
340,bus_1347,132.0,0.171813713860002,1.007602287681378,1,2504,2612,0,1,NNSW
278,bus_1285,132.0,0.1672962713123678,1.007184707162075,1,2296,2442,0,1,NNSW
10020,starbus_xf_1273_1572_1573_2,132.0,0.0,1.0,1,2120,2328,0,1,NNSW
218,bus_1225,132.0,0.2795362027356757,1.051543035503309,1,2666,-1661,1,4,SNSW
612,bus_1624,11.0,-0.3927067538546345,0.9974164126990372,1,-566,379,2,2,CNSW
237,bus_1244,132.0,-0.3387754179691349,1.0459112514508628,1,482,-493,2,2,CNSW
37,bus_1038,15.4,0.5136960201068004,0.97897,1,1364,-1619,1,4,SNSW
10021,starbus_xf_1296_1504_1505_2,132.0,0.0,1.0,1,629,-1107,1,4,SNSW
600,bus_1612,11.0,0.0630225423826182,1.0267662977467609,1,2233,2144,0,1,NNSW
7,bus_1006,11.0,0.0138524572809799,1.0207790301336637,1,762,864,2,2,CNSW
10012,starbus_xf_1118_1042_1043_3,330.0,0.0,1.0,1,1300,-1557,1,4,SNSW
194,bus_1201,132.0,-0.1192264197746995,1.049605311312625,1,1053,1146,2,2,CNSW
140,bus_1147,330.0,-0.1667603615386582,1.0222163923105,1,519,545,2,2,CNSW
369,bus_1377,132.0,-0.156939401216403,1.0256498429380363,1,-466,-304,2,2,CNSW
211,bus_1218,110.0,0.2302141998181641,1.03756,1,-52,1424,0,1,NNSW
118,bus_1124,330.0,-0.1121689435160206,1.0248202446432104,1,697,535,2,2,CNSW
513,bus_1524,33.0,-0.2196445469610361,1.0760827356218572,1,-46,1448,0,1,NNSW
425,bus_1433,132.0,-0.1225943560222782,1.0080060671291804,1,263,-555,2,2,CNSW
546,bus_1557,11.0,-0.2698933468973508,1.0220030298603473,1,844,1491,0,1,NNSW
301,bus_1308,132.0,0.3267103972246135,1.0319818262741114,1,863,-2112,1,4,SNSW
18,bus_1017,23.0,0.2166032395233266,1.01122,1,1001,674,2,2,CNSW
78,bus_1083,66.0,0.3107008231603632,1.02542788041576,1,989,-1679,1,4,SNSW
10011,starbus_xf_1118_1040_1041_2,330.0,0.0,1.0,1,1300,-1557,1,4,SNSW
74,bus_1079,12.5,0.4096673413812565,1.01275,1,1451,-1534,1,4,SNSW
33,bus_1033,11.0,0.2596191395054379,0.9282436337437064,1,960,-1530,1,4,SNSW
52,bus_1054,22.0,0.404314331621929,1.0265702099148346,1,320,-3090,1,5,WNV
121,bus_1127,132.0,-0.3397091280616912,1.0457788243688528,1,433,-576,2,2,CNSW
395,bus_1403,132.0,-0.251940780752661,1.0368139052806613,1,287,140,2,2,CNSW
58,bus_1060,11.5,0.5623708378307022,0.94492,1,2211,-1861,1,4,SNSW
166,bus_1173,132.0,0.1721506864091991,1.00407,1,2300,2524,0,1,NNSW
640,bus_1655,33.0,-0.3344254170011229,1.009531106902081,1,-601,473,2,2,CNSW
10003,starbus_xf_1092_1093_1526_2,500.0,0.0,1.0,1,703,257,2,2,CNSW
280,bus_1287,132.0,-0.1613848370365026,1.0375793290551727,1,641,962,2,2,CNSW
99,bus_1104,330.0,0.1938096456025198,1.0696118248711035,1,1748,2235,0,1,NNSW
437,bus_1445,132.0,-0.3112818693053847,1.0345247327674325,1,808,963,2,2,CNSW
285,bus_1292,132.0,0.3436581575493755,1.0794993607379386,1,863,-2165,1,4,SNSW
406,bus_1414,132.0,0.2457837580204045,1.025021337171352,1,867,-1501,1,4,SNSW
84,bus_1089,11.5,0.093300366973084,1.0815836494771112,1,1860,1245,2,2,CNSW
325,bus_1332,132.0,-0.0913266286864432,1.0590709299302552,1,639,19,2,2,CNSW
104,bus_1109,330.0,0.4465474655678393,1.0531521422773409,1,1063,2437,0,1,NNSW
267,bus_1274,132.0,0.2483929092255325,1.0321918594066757,1,925,-1481,1,4,SNSW
185,bus_1192,132.0,0.1419287900667086,1.0283391919849387,1,1626,1705,0,1,NNSW
410,bus_1418,132.0,-0.1702676930565237,1.0118513004612697,1,-396,-263,2,2,CNSW
626,bus_1638,66.0,-0.1940691858145315,1.0585930824822607,1,1531,1700,0,1,NNSW
349,bus_1357,66.0,0.1888590694391916,1.0141415357989323,1,-1074,1989,0,1,NNSW
191,bus_1198,132.0,-0.2704892109423151,1.0375730896435036,1,528,664,2,2,CNSW
304,bus_1311,132.0,0.3296754339831916,1.0130734023743,1,968,-1737,1,4,SNSW
580,bus_1592,33.0,-0.2585621409787991,1.0331225812225149,1,926,1474,0,1,NNSW
420,bus_1428,132.0,-0.1531112640943739,1.0300343287076326,1,156,-160,2,2,CNSW
16,bus_1015,0.6899999999999998,0.1794467523817547,1.0018381174899345,1,2802,2320,0,1,NNSW
40,bus_1041,15.4,0.5180541957909968,0.98186,1,1354,-1585,1,4,SNSW
128,bus_1134,330.0,-0.2364907832145593,1.0414933852248218,1,406,416,2,2,CNSW
571,bus_1583,66.0,0.3133366807083179,1.0311466422483186,1,822,-2180,1,4,SNSW
138,bus_1145,330.0,0.1807537388238854,1.0544860414788229,1,1363,1597,2,2,CNSW
41,bus_1042,15.4,0.515085954020619,0.98377,1,1307,-1628,1,4,SNSW
65,bus_1070,15.75,0.6285221178024156,1.0576,1,848,-2033,1,4,SNSW
447,bus_1456,132.0,0.0136278282666712,1.0129434485409985,1,1663,1434,2,2,CNSW
619,bus_1631,11.0,0.0588335123789447,1.01854219856075,1,2122,2243,0,1,NNSW
505,bus_1516,11.0,-0.076474858498753,1.070996996847602,1,467,-53,2,2,CNSW
326,bus_1333,132.0,-0.1443579820975615,1.0528726801796289,1,735,61,2,2,CNSW
543,bus_1554,66.0,0.1652095620857265,1.0130665024515986,1,2279,1953,0,1,NNSW
289,bus_1296,132.0,0.0729790510757059,1.027526367358434,1,629,-1107,1,4,SNSW
250,bus_1257,132.0,-0.1632643366064907,1.051896071700933,1,731,1347,0,1,NNSW
59,bus_1061,132.0,0.3260776256451154,1.0134422166415875,1,970,-1623,1,4,SNSW
184,bus_1191,132.0,-0.2745930892566719,1.0436910880563068,1,313,384,2,2,CNSW
415,bus_1423,132.0,0.0716256477981216,1.0299626682241394,1,1832,1817,0,1,NNSW
293,bus_1300,132.0,-0.0867182964893992,1.02434792616704,1,1103,-805,3,3,SNW
514,bus_1525,33.0,-0.1504876468520044,0.981342633961552,1,713,160,2,2,CNSW
350,bus_1358,132.0,0.1704872026761071,1.0228208966768613,1,2877,2867,0,1,NNSW
252,bus_1259,132.0,-0.2635185693582972,1.022223159274409,1,-164,-511,2,2,CNSW
127,bus_1133,330.0,-0.1769336414928621,1.0298510962601373,1,824,420,2,2,CNSW
633,bus_1648,66.0,0.0937907360966197,1.029459614170877,1,2236,2578,0,1,NNSW
177,bus_1184,132.0,-0.2176554064521761,1.019095661508403,1,966,371,3,3,SNW
254,bus_1261,132.0,-0.308551774405081,1.0303493024148735,1,323,829,2,2,CNSW
242,bus_1249,132.0,0.3531202499116384,1.0411175489529532,1,1098,-2068,1,4,SNSW
396,bus_1404,132.0,-0.222700499241416,1.0158392063249742,1,1160,345,3,3,SNW
260,bus_1267,132.0,0.3435045060557412,1.0159627572267975,1,1034,-1680,1,4,SNSW
495,bus_1505,11.0,0.0615753125671267,1.0316426307550872,1,574,-1161,1,4,SNSW
35,bus_1036,22.0,0.2466197004057428,0.93205,1,1257,1143,2,2,CNSW
131,bus_1138,330.0,-0.2178932285910546,1.0399968300576956,1,597,315,2,2,CNSW
494,bus_1504,66.0,0.0603310669916109,1.031849232253672,1,593,-1175,1,4,SNSW
556,bus_1568,66.0,-0.1793514035526865,1.061479973635079,1,3,-187,2,2,CNSW
10019,starbus_xf_1273_1572_1573_1,132.0,0.0,1.0,1,2120,2328,0,1,NNSW
139,bus_1146,330.0,-0.1067654331706194,1.0047895627659134,1,1058,1182,2,2,CNSW
549,bus_1560,66.0,-0.1021238618243235,1.0379081420829392,1,473,-20,2,2,CNSW
27,bus_1026,132.0,0.1550252020553975,1.0485275537482068,1,1948,2390,0,1,NNSW
503,bus_1513,66.0,-0.1310765565971445,1.0571853819271804,1,710,62,2,2,CNSW
10005,starbus_xf_1097_1098_1162_1,500.0,0.0,1.0,1,789,-107,2,2,CNSW
422,bus_1430,132.0,-0.2229369007798718,1.0343219627633682,1,243,911,2,2,CNSW
120,bus_1126,330.0,0.1149135719274145,1.0307221646647158,1,1335,1359,2,2,CNSW
87,bus_1092,500.0,-0.1062833260423493,1.047427455654175,1,703,257,2,2,CNSW
10026,starbus_xf_1430_1502_1543_2,132.0,0.0,1.0,1,243,911,2,2,CNSW
255,bus_1262,132.0,-0.1570161608171888,1.0544496735296842,1,991,1375,0,1,NNSW
178,bus_1185,132.0,-0.2899217003443156,1.0228567733458054,1,238,527,2,2,CNSW
496,bus_1506,11.0,0.0625096268452944,1.0312614872042782,1,615,-1182,1,4,SNSW
195,bus_1202,132.0,-0.1955280439731781,1.052650637731582,1,1080,1914,0,1,NNSW
442,bus_1451,132.0,-0.2813739178726219,1.0436523615605755,1,545,492,2,2,CNSW
562,bus_1574,33.0,-0.2967736953163967,1.0749817574599954,1,-422,428,2,2,CNSW
202,bus_1209,66.0,0.1702171208258784,1.0458618820133856,1,2478,-1579,1,4,SNSW
146,bus_1153,330.0,-0.1030823268744825,1.0062080935474935,1,997,1100,2,2,CNSW
256,bus_1263,132.0,-0.1436046114171071,1.045947803572013,1,89,-202,2,2,CNSW
80,bus_1085,11.0,-0.2328811607493434,1.04206,1,-711,452,2,2,CNSW
520,bus_1531,33.0,0.0926982236081093,1.1002243906109237,1,1701,1233,2,2,CNSW
327,bus_1334,132.0,0.0164150023331154,1.021462269930672,1,1976,2090,0,1,NNSW
575,bus_1587,66.0,0.3436195621720357,1.0297917236103422,1,1681,-2347,1,4,SNSW
15,bus_1014,0.6899999999999998,0.1461528531881444,1.0126,1,346,-1233,1,4,SNSW
500,bus_1510,66.0,0.0688817721707757,1.003201335710484,1,1869,1745,0,1,NNSW
251,bus_1258,132.0,-0.264370777243588,1.023523274585203,1,135,-454,2,2,CNSW
170,bus_1177,132.0,-0.010243989015746,1.0281270696248392,1,723,-891,1,4,SNSW
248,bus_1255,132.0,0.1433664047498309,1.0182241194349204,1,1977,-1315,1,4,SNSW
68,bus_1073,12.5,0.3547006063242059,0.9711622200555295,1,1426,-1494,1,4,SNSW
529,bus_1540,11.0,-0.1708574968840562,1.0277058832719672,1,76,-134,2,2,CNSW
76,bus_1081,23.0,0.019445049088033,1.01885,1,787,739,2,2,CNSW
186,bus_1193,132.0,-0.1440168106473148,1.0624417900467933,1,1179,1409,0,1,NNSW
393,bus_1401,132.0,-0.2565264964937181,1.0378809310984043,1,311,234,2,2,CNSW
103,bus_1108,132.0,0.2379440645470677,1.0489657900475855,1,2426,-1595,1,4,SNSW
155,bus_1162,33.0,0.0087222313774301,1.0327391500435603,1,839,-193,2,2,CNSW
53,bus_1055,22.0,0.4027060279164897,1.0272722590769332,1,261,-3078,1,5,WNV
566,bus_1578,66.0,0.1479905531088698,1.038945468012293,1,2502,2560,0,1,NNSW
111,bus_1116,330.0,0.1799789553813472,1.047584860016429,1,1984,2351,0,1,NNSW
93,bus_1098,330.0,0.0069576191795268,1.0288334040629687,1,818,-295,2,2,CNSW
10,bus_1009,11.0,0.3659714659200462,1.029636322187869,1,276,-3103,1,5,WNV
305,bus_1312,132.0,0.1868720661951861,1.033280419109938,1,2044,2249,0,1,NNSW
321,bus_1328,132.0,0.38361748212537,0.915518043429878,1,1753,-2399,1,4,SNSW
62,bus_1067,11.0,0.3846932038853946,0.91609,1,1761,-2378,1,4,SNSW
10014,starbus_xf_1121_1123_1635_7,500.0,0.0,1.0,1,715,112,2,2,CNSW
446,bus_1455,132.0,-0.2966907436587591,1.0320255058131067,1,438,792,2,2,CNSW
632,bus_1647,11.0,-0.3653473491051606,1.0041449392673192,1,-170,484,2,2,CNSW
86,bus_1091,330.0,-0.0746611523962938,1.019293048648907,1,759,719,2,2,CNSW
523,bus_1534,11.0,-0.4511451433206742,1.0083281576238008,1,504,-544,2,2,CNSW
152,bus_1159,132.0,0.2246290055132944,1.0258323578063713,1,1823,2202,0,1,NNSW
10018,starbus_xf_1148_1079_1080_4,330.0,0.0,1.0,1,1369,-1490,1,4,SNSW
469,bus_1478,132.0,-0.3331715378876511,1.0461152400004554,1,597,-481,2,2,CNSW
245,bus_1252,132.0,-0.2569476867826208,1.0354027519034812,1,875,144,3,3,SNW
521,bus_1532,33.0,0.116157994800253,1.0369462108878549,1,899,491,2,2,CNSW
10017,starbus_xf_1148_1077_1078_3,330.0,0.0,1.0,1,1369,-1490,1,4,SNSW
487,bus_1496,132.0,-0.1729620967338143,1.0360002483400574,1,531,970,2,2,CNSW
577,bus_1589,33.0,-0.0038269824886013,1.0457949631597403,1,2052,2095,0,1,NNSW
107,bus_1112,330.0,-0.1767888659650969,1.031637882918312,1,795,-151,3,3,SNW
102,bus_1107,330.0,-0.2072737916778566,1.0362767131245694,1,48,0,2,2,CNSW
69,bus_1074,12.5,0.3945496639481823,0.96354,1,1419,-1517,1,4,SNSW
634,bus_1649,11.0,-0.2724411828745607,1.0131780720073271,1,537,1061,2,2,CNSW
13,bus_1012,0.6899999999999998,0.1643476390522071,1.01546,1,327,-1203,1,4,SNSW
38,bus_1039,15.4,0.5072002108631838,0.97805,1,1345,-1629,1,4,SNSW
188,bus_1195,132.0,-0.2048402919385926,1.0435518438562257,1,349,757,2,2,CNSW
199,bus_1206,132.0,0.1934263190518363,1.0399560701958817,1,867,-1329,1,4,SNSW
66,bus_1071,15.75,0.6283782845396302,1.06354,1,795,-1987,1,4,SNSW
468,bus_1477,132.0,-0.1491587864049698,1.0593802208492682,1,1237,1469,0,1,NNSW
477,bus_1486,132.0,-0.3230297156777396,1.0511296108968446,1,1527,-552,3,3,SNW
548,bus_1559,66.0,-0.103068455312656,0.9877625010040229,1,1771,1914,0,1,NNSW
388,bus_1396,132.0,0.0546655048141433,1.0410862332897213,1,1641,1447,2,2,CNSW
236,bus_1243,132.0,-0.3346905212498557,1.046635023993176,1,658,-372,2,2,CNSW
564,bus_1576,33.0,-0.3508225846987397,1.0393146009526613,1,861,-757,1,4,SNSW
578,bus_1590,66.0,-0.2440215449982174,1.0089011988128895,1,1022,203,3,3,SNW
115,bus_1120,330.0,-0.1439284242334962,1.0357975972550688,1,692,-193,2,2,CNSW
339,bus_1346,132.0,-0.2228307103168239,1.0162100807365908,1,1167,325,3,3,SNW
609,bus_1621,132.0,-0.1733767824611282,1.0520311634265047,1,875,1476,0,1,NNSW
370,bus_1378,132.0,-0.1582522118455127,1.0251315983253455,1,-457,-330,2,2,CNSW
595,bus_1607,33.0,0.179730615131871,0.953763957511228,1,2576,2235,0,1,NNSW
581,bus_1593,132.0,0.1611636595455889,1.0224735878110327,1,2977,2908,0,1,NNSW
129,bus_1136,132.0,0.4640594905758883,1.0147465714050727,1,2127,-1817,1,4,SNSW
430,bus_1438,132.0,-0.3035860442408314,1.0309812157510092,1,360,873,2,2,CNSW
47,bus_1049,15.0,-0.1127546754416168,1.024368058951333,1,727,601,2,2,CNSW
216,bus_1223,132.0,-0.1495615891991313,1.0285329399192638,1,-253,-282,2,2,CNSW
511,bus_1522,33.0,-0.219625579885577,1.0760494684867072,1,-24,1461,0,1,NNSW
222,bus_1229,132.0,0.37643101803813,1.043676916824275,1,1022,-1940,1,4,SNSW
343,bus_1350,132.0,-0.3230039810081332,1.0504062330208537,1,1684,-523,3,3,SNW
608,bus_1620,66.0,0.2176399291816498,1.0455851845856805,1,836,-1563,1,4,SNSW
60,bus_1062,12.0,0.2463127290766591,1.0441291959448833,1,707,-1482,1,4,SNSW
229,bus_1236,132.0,-0.2546288581784802,1.036486404535581,1,645,137,2,2,CNSW
587,bus_1599,66.0,0.1896374946039596,1.0138023160347798,1,-1094,1961,0,1,NNSW
11,bus_1010,11.0,0.3659714198679339,1.0296362949894846,1,293,-3086,1,5,WNV
540,bus_1551,33.0,-0.1121689435160226,1.0558754035717912,1,753,586,2,2,CNSW
277,bus_1284,132.0,-0.3234266680460919,1.028641930554959,1,295,758,2,2,CNSW
398,bus_1406,132.0,-0.2898475152040647,1.0395868881997736,1,485,488,2,2,CNSW
331,bus_1338,132.0,-0.2809675817252655,1.0307667540472405,1,787,-513,2,2,CNSW
627,bus_1639,33.0,-0.1945044307954224,1.0666765556926188,1,1516,1724,0,1,NNSW
95,bus_1100,330.0,0.1153689819851254,1.034813928084693,1,910,619,2,2,CNSW
294,bus_1301,132.0,-0.0727949038920109,1.0182793447947824,1,681,-960,1,4,SNSW
464,bus_1473,132.0,-0.1574822682845511,1.0089585120727014,1,1459,1657,0,1,NNSW
299,bus_1306,132.0,0.1429050290477068,1.0194770127116235,1,2113,-1416,1,4,SNSW
159,bus_1166,132.0,-0.0863137059460415,1.0232384724272956,1,1073,-728,3,3,SNW
536,bus_1547,11.0,-0.2694768479699533,1.0011916569608263,1,668,1050,2,2,CNSW
223,bus_1230,132.0,-0.255078479022247,1.0368372545868585,1,247,195,2,2,CNSW
531,bus_1542,11.0,-0.2410023542971141,1.029453834974849,1,199,1000,2,2,CNSW
26,bus_1025,0.6899999999999998,0.1734377481182616,1.08759,1,1612,-1106,1,4,SNSW
230,bus_1237,132.0,0.1345952067676698,1.0158374083044128,1,2110,-1334,1,4,SNSW
394,bus_1402,132.0,0.1246898533705062,1.0385623702505455,1,1986,1943,0,1,NNSW
258,bus_1265,132.0,-0.3074791574612807,1.034586090570881,1,785,983,2,2,CNSW
328,bus_1335,132.0,0.1306856842894772,1.026440560604787,1,2031,2351,0,1,NNSW
149,bus_1156,500.0,0.0585942185590219,1.0597865293552975,1,682,204,2,2,CNSW
122,bus_1128,132.0,-0.3386351579428173,1.045682106346644,1,396,-547,2,2,CNSW
302,bus_1309,132.0,-0.3338108394386574,1.0465001204496274,1,816,-697,3,3,SNW
175,bus_1182,132.0,0.074286503740636,1.053454900653084,1,1536,1414,2,2,CNSW
143,bus_1150,330.0,-0.2021152746539492,1.0280674964539105,1,644,526,2,2,CNSW
10016,starbus_xf_1148_1075_1076_2,330.0,0.0,1.0,1,1369,-1490,1,4,SNSW
292,bus_1299,132.0,0.1778554169728183,1.014696050495394,1,2630,2721,0,1,NNSW
20,bus_1019,23.0,0.2381056460734176,1.02332,1,915,383,3,3,SNW
533,bus_1544,33.0,0.0969247683864498,1.1057845099743844,1,1393,1164,2,2,CNSW
622,bus_1634,33.0,-0.0170002047893348,1.0383817510089612,1,639,56,2,2,CNSW
123,bus_1129,132.0,-0.3347373112635718,1.0467036818024364,1,764,-346,2,2,CNSW
300,bus_1307,132.0,0.1462495095577816,1.0196711630929016,1,1900,-1313,1,4,SNSW
601,bus_1613,66.0,0.1316986351626273,1.0069522126167116,1,2144,1943,0,1,NNSW
317,bus_1324,132.0,0.2145650890104994,1.0476037399691698,1,758,-1418,1,4,SNSW
463,bus_1472,132.0,-0.0772723235811994,1.020832159543594,1,1145,-823,3,3,SNW
617,bus_1629,33.0,-0.0810693262308472,1.0379786067167078,1,1875,1982,0,1,NNSW
295,bus_1302,132.0,-0.1639101241766683,1.0513160273004831,1,565,1391,0,1,NNSW
181,bus_1188,132.0,-0.2899738388344223,1.0231899205453,1,166,565,2,2,CNSW
85,bus_1090,500.0,-0.0462616998846921,1.0412966199698233,1,714,507,2,2,CNSW
568,bus_1580,66.0,0.1453940871342137,1.0450795543580365,1,2801,2749,0,1,NNSW
30,bus_1030,16.0,0.0821417183775247,1.01913,1,1305,-872,1,4,SNSW
569,bus_1581,33.0,-0.2194402904239056,1.076867372968794,1,27,1398,0,1,NNSW
589,bus_1601,66.0,0.1426307710749146,1.0424389191789956,1,2833,2717,0,1,NNSW
75,bus_1080,12.5,0.4117359976869514,1.02419,1,1435,-1548,1,4,SNSW
537,bus_1548,66.0,-0.257225648395975,1.0028156799442678,1,686,-221,2,2,CNSW
10028,starbus_xf_1588_1327_1068_2,66.0,0.0,1.0,1,1210,-2379,1,4,SNSW
161,bus_1168,132.0,0.3494775551076236,1.0824015001190457,1,887,-2086,1,4,SNSW
142,bus_1149,330.0,-0.0957989423291309,1.025077786,1,721,682,2,2,CNSW
637,bus_1652,33.0,-0.2796545216476611,1.031911206741782,1,16,475,2,2,CNSW
10004,starbus_xf_1097_1098_1161_2,500.0,0.0,1.0,1,789,-107,2,2,CNSW
113,bus_1118,330.0,0.389103365988397,1.025964178568837,1,1300,-1557,1,4,SNSW
492,bus_1502,66.0,-0.2421797754714454,1.0289679231930744,1,178,981,2,2,CNSW
445,bus_1454,132.0,0.0134062539756152,1.013904443571623,1,1758,1455,2,2,CNSW
588,bus_1600,66.0,0.1865229408780251,1.011370490214601,1,-1106,2014,0,1,NNSW
555,bus_1567,33.0,-0.222792427615582,1.0309852351271538,1,1050,1444,0,1,NNSW
10008,starbus_xf_1106_1167_1536_3,330.0,0.0,1.0,1,963,-2129,1,4,SNSW
628,bus_1640,11.0,-0.4702521144879659,0.9725150409612244,1,553,-564,2,2,CNSW
171,bus_1178,132.0,-0.2343726242354191,1.0365646198609182,1,524,-60,2,2,CNSW
319,bus_1326,132.0,-0.3302287391329887,1.0453241536544269,1,579,-361,2,2,CNSW
502,bus_1512,66.0,0.1690148181989131,1.0358432940454203,1,2085,2129,0,1,NNSW
312,bus_1319,33.0,0.2630516870168579,1.015261549583419,1,624,-2357,1,5,WNV
567,bus_1579,66.0,0.0934533755313286,1.0299692314781874,1,2310,2653,0,1,NNSW
621,bus_1633,66.0,0.1007199954435831,0.9991419711921518,1,1955,-1261,1,4,SNSW
67,bus_1072,15.75,0.6308223753375204,1.06263,1,818,-2027,1,4,SNSW
344,bus_1351,132.0,-0.0861380147391373,1.0036059444412158,1,1714,1868,0,1,NNSW
535,bus_1546,33.0,0.1105369388380766,1.058691260790381,1,1251,1182,2,2,CNSW
639,bus_1654,33.0,-0.3342234931673301,1.009428203871377,1,-611,449,2,2,CNSW
109,bus_1114,330.0,-6.887524376633373e-05,1.0226182481800357,1,1232,-816,1,4,SNSW
217,bus_1224,132.0,-0.2531026365005307,1.0361221281021893,1,515,156,2,2,CNSW
541,bus_1552,33.0,-0.1121689435160217,1.055875403571792,1,765,561,2,2,CNSW
234,bus_1241,132.0,-0.1641087137554769,1.0496382631430727,1,450,985,2,2,CNSW
205,bus_1212,132.0,-0.3331133675448592,1.0463731553350188,1,710,-618,2,2,CNSW
298,bus_1305,132.0,-0.2850781406177493,1.0325355755159726,1,853,-451,2,2,CNSW
126,bus_1132,330.0,-0.0918220315583839,1.010927308377204,1,897,993,2,2,CNSW
553,bus_1564,33.0,0.1694860556786891,1.022209967588398,1,1563,-1055,1,4,SNSW
10027,starbus_xf_1587_1328_1067_1,66.0,0.0,1.0,1,1681,-2347,1,4,SNSW
512,bus_1523,33.0,-0.0683581877182145,1.0232744868170418,1,736,625,2,2,CNSW
471,bus_1480,132.0,0.5062269580517954,1.072160829147553,1,858,-1966,1,4,SNSW
493,bus_1503,66.0,0.1935311456954474,1.0411074268670266,1,2342,-1574,1,4,SNSW
361,bus_1369,33.0,-0.3393241249946007,1.006628642900223,1,-473,449,2,2,CNSW
397,bus_1405,132.0,-0.2227010482892099,1.0158356298417712,1,1172,304,3,3,SNW
4,bus_1003,23.0,0.0277298505538339,1.02626,1,769,804,2,2,CNSW
221,bus_1228,132.0,-0.1476105655654093,1.0294452597776704,1,-219,-287,2,2,CNSW
210,bus_1217,220.0,0.3610745402532158,1.039497299733625,1,433,-2941,1,5,WNV
133,bus_1140,330.0,-0.195312525089254,1.034771480601476,1,828,-241,2,2,CNSW
240,bus_1247,132.0,0.3478863464033206,1.040072011189474,1,1128,-2184,1,4,SNSW
329,bus_1336,132.0,-0.1697612048434905,1.049858643253906,1,901,1394,0,1,NNSW
246,bus_1253,132.0,-0.2746075203510306,1.043758759400106,1,244,419,2,2,CNSW
466,bus_1475,132.0,0.1479374603006712,1.0222325336821152,1,2136,-1462,1,4,SNSW
560,bus_1572,66.0,0.109566652910412,1.050829557087914,1,2213,2386,0,1,NNSW
375,bus_1383,33.0,0.1296461084395109,1.01096105847678,1,407,-1151,1,4,SNSW
307,bus_1314,132.0,-0.0372894331902995,1.013449198464946,1,711,-970,1,4,SNSW
565,bus_1577,33.0,-0.4119483382198841,1.0324422381518732,1,1032,-710,3,3,SNW
538,bus_1549,66.0,-0.0859291679641406,1.0499405313663484,1,332,-22,2,2,CNSW
411,bus_1419,132.0,0.0762209842830725,1.0453251972450015,1,2191,2245,0,1,NNSW
132,bus_1139,132.0,0.3240000833374543,1.0285958942025917,1,1042,-2200,1,4,SNSW
470,bus_1479,132.0,0.396987218202065,1.04656815697692,1,893,-1656,1,4,SNSW
618,bus_1630,132.0,-0.1869838283983803,1.0518629825662682,1,907,1571,0,1,NNSW
119,bus_1125,330.0,0.0868905302359786,1.0224948226475856,1,978,-738,1,4,SNSW
42,bus_1043,15.4,0.5128262872972581,0.98556,1,1324,-1614,1,4,SNSW
28,bus_1027,132.0,0.186809624980916,1.02449,1,2751,2808,0,1,NNSW
439,bus_1447,132.0,0.1010296029077039,1.0487362623907688,1,2034,2210,0,1,NNSW
290,bus_1297,132.0,0.2984994084086807,1.0292814706209357,1,837,-2208,1,4,SNSW
314,bus_1321,132.0,-0.2757574572421168,1.0274795427367598,1,-293,402,2,2,CNSW
281,bus_1288,132.0,0.1339382221042622,1.0152391779693697,1,2161,-1359,1,4,SNSW
25,bus_1024,0.6899999999999998,0.1922114778182673,1.07705,1,1660,-1046,1,4,SNSW
114,bus_1119,330.0,0.0082501507409181,1.0263938121238003,1,912,-715,2,2,CNSW
31,bus_1031,11.0,0.4340348471151027,0.95282,1,1078,-1731,1,4,SNSW
274,bus_1281,132.0,-0.3049483694896031,1.0409000730421858,1,882,-668,3,3,SNW
479,bus_1488,132.0,-0.3081644259807004,1.0285529976080636,1,318,946,2,2,CNSW
352,bus_1360,132.0,0.1468832075799417,1.0238671911797608,1,3055,2923,0,1,NNSW
150,bus_1157,330.0,0.0361189852798846,1.0521324527610978,1,518,61,2,2,CNSW
10006,starbus_xf_1099_1100_1532_10,500.0,0.0,1.0,1,825,368,2,2,CNSW
310,bus_1317,132.0,0.3129924681353617,1.060901708393962,1,816,-2090,1,4,SNSW
377,bus_1385,132.0,0.180011397438526,1.0361546150932957,1,2167,2176,0,1,NNSW
585,bus_1597,66.0,0.1909204114972344,1.0149999411157071,1,-1096,1993,0,1,NNSW
124,bus_1130,132.0,-0.3380407308391245,1.0469133881908312,1,734,-379,2,2,CNSW
10030,starbus_xf_1617_1027_1619_2,66.0,0.0,1.0,1,2829,2850,0,1,NNSW
70,bus_1075,12.5,0.4012738718469082,0.97025,1,1455,-1491,1,4,SNSW
338,bus_1345,132.0,-0.0967055030526576,1.0566278278135244,1,708,82,2,2,CNSW
198,bus_1205,132.0,-0.086648354732841,1.050322532483244,1,141,-289,2,2,CNSW
10015,starbus_xf_1148_1073_1074_1,330.0,0.0,1.0,1,1369,-1490,1,4,SNSW
348,bus_1356,132.0,-0.1482525928785295,1.0601256324270432,1,1264,1484,0,1,NNSW
144,bus_1151,330.0,0.3944003535864445,1.052733411552958,1,1130,-1867,1,4,SNSW
604,bus_1616,66.0,0.1794970548680187,1.0085473387607082,1,2815,2889,0,1,NNSW
336,bus_1343,132.0,-0.3234035436490153,1.0510810721138986,1,1480,-358,3,3,SNW
603,bus_1615,33.0,0.1796326882679768,1.0057496165660929,1,2611,-1775,1,4,SNSW
306,bus_1313,132.0,-0.2439549114985935,1.025774620014638,1,173,819,2,2,CNSW
980,bus_2349,33.0,0.5412048885667405,1.0171196839677776,2,-382,-3237,1,5,WNV
928,bus_2293,66.0,0.3329295560333701,1.013106228624794,2,779,-2299,1,4,SNSW
859,bus_2224,66.0,0.2860195370878816,1.0089384409055828,2,1013,-4025,0,7,SEV
891,bus_2256,66.0,0.374580939186286,0.9909058445427912,2,907,-2953,2,6,MEL
815,bus_2179,220.0,0.3574852066494032,1.042083523181313,2,280,-3311,1,5,WNV
981,bus_2350,11.0,0.347611885774984,1.032601100746665,2,216,-3308,1,5,WNV
916,bus_2281,66.0,0.5927952236957148,0.999581958136914,2,170,-3726,2,6,MEL
843,bus_2207,500.0,0.4908295574247858,1.0422310028446866,2,729,-3348,2,6,MEL
664,bus_2020,17.0,0.4154086337129833,0.9697765878035888,2,762,-1940,1,5,WNV
912,bus_2277,66.0,0.2607256256159917,1.0468356772716632,2,1059,-3919,0,7,SEV
673,bus_2029,15.0,0.4045224151609851,0.971638418463642,2,780,-1912,1,5,WNV
925,bus_2290,66.0,0.2857319608958882,1.016996213047065,2,810,-3479,2,6,MEL
964,bus_2333,11.0,0.3088874282104344,1.0052258933470457,2,800,-2378,1,5,WNV
751,bus_2113,220.0,0.3863506563456628,1.0293753296471235,2,805,-3646,2,6,MEL
704,bus_2065,11.0,0.5167524158671104,0.9956018013365407,2,1372,-4478,0,7,SEV
852,bus_2216,66.0,0.4549670542025615,0.98226463871167,2,91,-3833,2,6,MEL
966,bus_2335,22.0,0.4663295079790673,0.9734332564936632,2,950,-4005,0,7,SEV
876,bus_2241,66.0,0.2516696816046186,1.0465266443236003,2,1104,-4052,0,7,SEV
973,bus_2342,33.0,0.7690286040681953,1.0593435272358536,2,-281,-3625,1,5,WNV
772,bus_2136,220.0,0.487346131921534,1.0052295701868754,2,900,-4034,0,7,SEV
734,bus_2096,66.0,0.6211618733422984,1.1191266001439897,2,144,-4164,2,6,MEL
717,bus_2078,22.0,0.6382217482880271,0.981516098615954,2,-482,-3533,1,5,WNV
822,bus_2186,220.0,0.5144939234753148,1.0024287945958177,2,933,-3922,0,7,SEV
835,bus_2199,500.0,0.5929720259060416,1.0365619856178674,2,1007,-3430,2,6,MEL
682,bus_2038,10.5,0.7526134005522165,0.94763,2,1263,-4302,0,7,SEV
707,bus_2068,66.0,0.7317727572008558,0.9999037036198694,2,1328,-4651,0,7,SEV
757,bus_2121,220.0,0.3858750664752111,1.0123657147415706,2,924,-3962,0,7,SEV
841,bus_2205,500.0,0.5738716634696984,1.026360517721799,2,-357,-3142,1,5,WNV
657,bus_2013,11.0,0.4311935195920111,0.9546273724859836,2,1038,-2962,2,6,MEL
934,bus_2299,22.0,0.2631732761456724,1.0025409596344017,2,401,-3462,2,6,MEL
731,bus_2093,20.0,0.6168554919731216,0.97286,2,966,-3987,0,7,SEV
804,bus_2168,220.0,0.342729950281458,1.021430476017141,2,854,-3647,2,6,MEL
811,bus_2175,132.0,0.6492711380410302,1.0124597568092255,2,-166,-3350,1,5,WNV
920,bus_2285,66.0,0.2534647777129236,1.0181708498123825,2,927,-3645,2,6,MEL
824,bus_2188,220.0,0.3814592119734777,1.037120673608846,2,1076,-4331,0,7,SEV
786,bus_2150,220.0,0.6051547077404468,0.9869244155817228,2,592,-4392,2,6,MEL
947,bus_2313,22.0,0.8453191905459466,1.05844663542012,2,52,-4501,2,6,MEL
948,bus_2314,22.0,0.4908183532378002,1.02338565120246,2,-424,-3362,1,5,WNV
706,bus_2067,11.0,0.6190632715289911,1.0328773553760164,2,1245,-3952,0,7,SEV
914,bus_2279,66.0,0.3293898690313449,1.029642074635952,2,1031,-4245,0,7,SEV
886,bus_2251,66.0,0.4239268177667838,1.0234818229410212,2,923,-2947,2,6,MEL
803,bus_2167,220.0,0.3501499799544196,0.9990847049426628,2,877,-4079,0,7,SEV
10045,starbus_xf_2195_2293_2332_1,330.0,0.0,1.0,2,713,-2244,1,5,WNV
902,bus_2267,33.0,0.7309272488706362,1.0264971197130366,2,-2,-3673,1,5,WNV
974,bus_2343,33.0,0.7375182335383128,1.0666246310560952,2,-249,-3683,1,5,WNV
922,bus_2287,66.0,0.3417527611112635,1.0201940927978503,2,927,-3297,2,6,MEL
726,bus_2088,11.0,0.4639642800336,1.0150109127884628,2,1180,-1793,1,4,SNSW
878,bus_2243,66.0,0.2352244412533612,0.9929464572834752,2,333,-3526,2,6,MEL
700,bus_2061,11.5,0.585761762974452,0.97542,2,1082,-3101,2,6,MEL
875,bus_2240,66.0,0.4442318256699379,0.9823000859441028,2,94,-3685,1,5,WNV
667,bus_2023,15.0,0.4028225404797157,0.9721070914034906,2,784,-1957,1,5,WNV
724,bus_2085,10.5,0.3631929003853204,0.95863,2,1029,-3844,0,7,SEV
715,bus_2076,0.6899999999999998,1.001495901981974,1.06914,2,79,-4685,2,6,MEL
945,bus_2311,22.0,0.4960868843823645,0.9955203572134046,2,1421,-4724,0,7,SEV
954,bus_2323,10.5,0.4659089625985819,1.02602,2,954,-3371,2,6,MEL
743,bus_2105,220.0,0.4530568033193581,1.0270836908151617,2,264,-3628,2,6,MEL
972,bus_2341,11.0,0.2208962435080335,0.9774371490262654,2,343,-3661,2,6,MEL
10043,starbus_xf_2191_2029_2030_4,330.0,0.0,1.0,2,740,-1889,1,4,SNSW
906,bus_2271,66.0,0.3490036975219897,1.0451146862222669,2,238,-3228,1,5,WNV
971,bus_2340,11.0,0.2208962435080336,0.9774371490262654,2,356,-3649,2,6,MEL
10035,starbus_xf_2145_2243_2306_2,220.0,0.0,1.0,2,326,-3443,2,6,MEL
703,bus_2064,20.0,0.6924827281410306,0.989,2,-91,-3176,1,5,WNV
651,bus_2007,33.0,0.6099520569843556,1.02916,2,169,-4378,2,6,MEL
932,bus_2297,22.0,0.522522941484664,1.015037704632389,2,59,-4071,2,6,MEL
694,bus_2055,0.6899999999999998,0.8170248420673751,1.07291,2,-314,-3692,1,5,WNV
10039,starbus_xf_2191_2020_2021_7,330.0,0.0,1.0,2,740,-1889,1,4,SNSW
761,bus_2125,220.0,0.3117889159965794,1.037898864250145,2,504,-3172,2,6,MEL
739,bus_2101,132.0,0.6476304459413892,0.98771679023741,2,40,-3765,2,6,MEL
905,bus_2270,66.0,0.6325505077992929,0.9523186751263246,2,-457,-3444,1,5,WNV
911,bus_2276,66.0,0.311743971124361,1.02500122221543,2,853,-3239,2,6,MEL
889,bus_2254,66.0,0.7237958999828247,1.0248053419219398,2,1442,-4399,0,7,SEV
696,bus_2057,0.6899999999999998,0.7662710800739978,1.07461,2,-256,-3780,1,5,WNV
745,bus_2107,220.0,0.483313514163968,1.066206279180686,2,955,-3011,2,6,MEL
668,bus_2024,15.0,0.4701857472178704,0.96635,2,779,-1936,1,5,WNV
695,bus_2056,0.6899999999999998,0.8235269648992892,1.07773,2,-297,-3716,1,5,WNV
728,bus_2090,12.0,0.6926884396961385,1.0,2,154,-3805,2,6,MEL
744,bus_2106,220.0,0.5289645068522275,1.0364941520231346,2,146,-3531,1,5,WNV
775,bus_2139,132.0,0.4639642800336002,1.0150109127884652,2,1136,-1803,1,4,SNSW
949,bus_2315,22.0,0.3476118857749843,1.0326011007466669,2,227,-3247,1,5,WNV
671,bus_2027,15.0,0.4051631784339732,0.9720841313379412,2,743,-1962,1,5,WNV
812,bus_2176,220.0,0.4345052951287573,1.0134841085503254,2,204,-3789,2,6,MEL
719,bus_2080,22.0,0.7052861825422606,0.976495606618002,2,-476,-3517,1,5,WNV
826,bus_2190,330.0,0.4056135781598983,1.034459476428513,2,736,-2406,1,5,WNV
940,bus_2306,22.0,0.220896243508034,0.9774371490262692,2,339,-3574,2,6,MEL
899,bus_2264,66.0,0.2938765128605847,0.9873657562884448,2,1031,-3962,0,7,SEV
652,bus_2008,33.0,0.6178173676510869,1.03021,2,148,-4380,2,6,MEL
779,bus_2143,220.0,0.6542413291985599,1.0262361061788796,2,1253,-4202,0,7,SEV
943,bus_2309,22.0,0.4960760096499938,0.9955470278351464,2,1443,-4803,0,7,SEV
10047,starbus_xf_2200_2196_2304_3,500.0,0.0,1.0,2,-277,-2958,1,5,WNV
798,bus_2162,220.0,0.383929840646856,1.0277318422118549,2,237,-3162,1,5,WNV
901,bus_2266,66.0,0.6631482993816702,1.0043201676527165,2,42,-3609,1,5,WNV
720,bus_2081,22.0,0.7202016513027077,0.9760565815877844,2,-490,-3510,1,5,WNV
752,bus_2114,220.0,0.3438955156169988,1.0389037801581105,2,860,-3472,2,6,MEL
849,bus_2213,66.0,0.4837643601344538,1.009067985406847,2,97,-3966,2,6,MEL
10044,starbus_xf_2191_2031_2022_5,330.0,0.0,1.0,2,740,-1889,1,4,SNSW
747,bus_2109,220.0,0.4621195205461586,1.03180031538688,2,224,-3741,2,6,MEL
877,bus_2242,66.0,0.6659018508911634,1.0207784393983206,2,1398,-4306,0,7,SEV
832,bus_2196,275.0,0.6093801549430847,1.0620907885731898,2,-491,-2732,1,5,WNV
836,bus_2200,500.0,0.5790419756237616,1.0312955996739888,2,-277,-2958,1,5,WNV
713,bus_2074,0.65,0.8044903256326936,0.979023669211708,2,-14,-3759,1,5,WNV
718,bus_2079,22.0,0.7234651587509932,0.9759932953439804,2,-465,-3534,1,5,WNV
10041,starbus_xf_2191_2025_2026_2,330.0,0.0,1.0,2,740,-1889,1,4,SNSW
919,bus_2284,66.0,0.254693932645193,1.0280937093990463,2,935,-3619,2,6,MEL
787,bus_2151,132.0,0.6751150144228957,1.0177457459013304,2,-210,-3519,1,5,WNV
672,bus_2028,15.0,0.4700884140606547,0.97242,2,749,-1979,1,5,WNV
908,bus_2273,66.0,0.2677747323183337,1.0212060874260451,2,849,-3735,2,6,MEL
678,bus_2034,10.5,0.6272805010927648,0.9238829380717868,2,1337,-4187,0,7,SEV
813,bus_2177,220.0,0.5074465895401283,1.032437238217559,2,193,-3623,2,6,MEL
900,bus_2265,66.0,0.7990812549061239,1.0599256241955863,2,77,-4396,2,6,MEL
686,bus_2042,21.0,0.6051560489027665,1.0233000804235477,2,690,-4332,0,7,SEV
806,bus_2170,220.0,0.355296138276214,1.0396984866971068,2,805,-3201,2,6,MEL
10036,starbus_xf_2145_2243_2306_3,220.0,0.0,1.0,2,326,-3443,2,6,MEL
918,bus_2283,66.0,0.409320393685381,1.020153577473763,2,132,-4155,2,6,MEL
645,bus_2001,0.6899999999999998,0.5472755884543532,1.0440081900042002,2,32,-4157,2,6,MEL
937,bus_2303,22.0,0.604278756570368,1.0622110551393678,2,-404,-2893,1,5,WNV
909,bus_2274,66.0,0.2390266196247665,1.032251576882189,2,860,-3741,2,6,MEL
955,bus_2324,10.5,0.4787896042479261,1.02719,2,970,-3337,2,6,MEL
647,bus_2003,13.8,0.6288951793492924,0.97085,2,992,-3064,2,6,MEL
921,bus_2286,66.0,0.3374842025524646,1.020285855125506,2,275,-3385,1,5,WNV
807,bus_2171,220.0,0.3721795058873242,1.03060497409165,2,782,-3231,2,6,MEL
10040,starbus_xf_2191_2023_2024_1,330.0,0.0,1.0,2,740,-1889,1,4,SNSW
10031,starbus_xf_2077_2205_2346_2,220.0,0.0,1.0,2,-409,-3284,1,5,WNV
727,bus_2089,11.0,0.4639642800335998,1.0150109127884628,2,1182,-1830,1,4,SNSW
856,bus_2220,66.0,0.2446634784588839,1.0168899464275707,2,393,-3482,2,6,MEL
838,bus_2202,500.0,0.6051560489027665,1.0360913314288451,2,721,-4255,0,7,SEV
977,bus_2346,33.0,0.5420227809325427,1.0173106910649374,2,-392,-3198,1,5,WNV
670,bus_2026,15.0,0.4004008406287234,0.972319886374464,2,792,-1904,1,5,WNV
10046,starbus_xf_2195_2293_2332_2,330.0,0.0,1.0,2,713,-2244,1,5,WNV
915,bus_2280,66.0,0.4095457055119901,1.0198456073735385,2,149,-4060,2,6,MEL
705,bus_2066,11.0,0.5202818252767967,0.9958640840472536,2,1381,-4708,0,7,SEV
714,bus_2075,0.65,0.7997763139244868,1.017614294475345,2,-33,-3732,1,5,WNV
676,bus_2032,10.5,0.6272805010927648,0.9238829380717868,2,1337,-4214,0,7,SEV
683,bus_2039,220.0,0.3007664997891294,1.08734,2,305,-3604,2,6,MEL
881,bus_2246,33.0,0.8803962868759243,0.9829,2,1510,-4562,0,7,SEV
660,bus_2016,11.0,0.515215313933133,1.0122,2,845,-3349,2,6,MEL
944,bus_2310,22.0,0.5230940197113637,0.982494449820574,2,1429,-4466,0,7,SEV
823,bus_2187,220.0,0.6550307360324653,1.0237023120942723,2,1189,-3799,0,7,SEV
693,bus_2054,0.6899999999999998,0.8226530670992158,1.06524,2,-309,-3712,1,5,WNV
746,bus_2108,220.0,0.3114873613008221,1.0391178703768236,2,380,-3402,2,6,MEL
834,bus_2198,500.0,0.4922708032058367,1.0418947584691465,2,960,-3638,2,6,MEL
680,bus_2036,10.5,0.7506916797090556,0.95738,2,1284,-4291,0,7,SEV
740,bus_2102,132.0,0.435867243458773,1.0114836927303446,2,855,-1853,1,4,SNSW
691,bus_2047,20.0,0.7407049628649973,0.99686,2,691,-4306,0,7,SEV
827,bus_2191,330.0,0.4004008431889338,1.0194626718985782,2,740,-1889,1,5,WNV
882,bus_2247,33.0,0.8222433688622962,0.98135,2,1534,-4493,0,7,SEV
975,bus_2344,11.0,0.5230944071926937,0.9824948747098252,2,1404,-4399,0,7,SEV
869,bus_2234,66.0,0.2705640484037278,1.0200330277634329,2,766,-2913,2,6,MEL
709,bus_2070,11.0,0.7317727572008552,0.9999037036198672,2,1345,-4754,0,7,SEV
648,bus_2004,13.8,0.6230689718681612,0.9712,2,997,-3037,2,6,MEL
805,bus_2169,220.0,0.321189820395186,1.0302542807874675,2,629,-2952,2,6,MEL
924,bus_2289,66.0,0.2562115631667876,1.0275325541063658,2,809,-3443,2,6,MEL
654,bus_2010,0.6899999999999998,0.7370796050496302,1.06431,2,-25,-3913,2,6,MEL
953,bus_2322,10.5,0.4731890485798555,1.02644,2,961,-3351,2,6,MEL
969,bus_2338,33.0,0.3775153938224645,1.048177281807741,2,1031,-4353,0,7,SEV
10034,starbus_xf_2145_2243_2306_1,220.0,0.0,1.0,2,326,-3443,2,6,MEL
675,bus_2031,15.0,0.4004008423686289,0.972319888442432,2,758,-1965,1,5,WNV
904,bus_2269,66.0,0.867431901481228,1.050742958373633,2,94,-4418,2,6,MEL
656,bus_2012,11.0,0.5120479953133955,0.97713,2,1039,-2934,2,6,MEL
850,bus_2214,66.0,0.3926721731927015,1.0017018149568493,2,241,-3841,2,6,MEL
890,bus_2255,66.0,0.5445019706635151,1.0027719353896971,2,1320,-4352,0,7,SEV
982,bus_2351,66.0,0.7785236723917687,1.0617154866256109,2,110,-4266,2,6,MEL
716,bus_2077,220.0,0.5386622050215542,1.0313920301998214,2,-409,-3284,1,5,WNV
870,bus_2235,66.0,0.2422084077069633,0.9838416523871392,2,821,-2923,2,6,MEL
650,bus_2006,33.0,0.5984954838092396,1.0193619055493546,2,159,-4273,2,6,MEL
963,bus_2332,22.0,0.3099813106563595,1.0271109281661308,2,765,-2329,1,5,WNV
721,bus_2082,165.0,0.433133931758041,0.99727,2,220,-3218,1,5,WNV
10042,starbus_xf_2191_2027_2028_3,330.0,0.0,1.0,2,740,-1889,1,4,SNSW
701,bus_2062,11.5,0.585674637301951,0.97015,2,1088,-3080,2,6,MEL
665,bus_2021,17.0,0.4891807005057079,0.95996,2,771,-1954,1,5,WNV
833,bus_2197,66.0,0.2816224007482066,1.010734627959485,2,888,-4181,0,7,SEV
910,bus_2275,66.0,0.2422402246919965,1.0241546034001432,2,637,-3026,2,6,MEL
658,bus_2014,15.5,0.6010147468950348,0.97456,2,922,-3110,2,6,MEL
702,bus_2063,20.0,0.7013935473349806,0.99413,2,-101,-3147,1,5,WNV
970,bus_2339,11.0,0.2208962435080336,0.9774371490262664,2,334,-3643,2,6,MEL
776,bus_2140,220.0,0.3775180998546691,1.008872442469117,2,1017,-4276,0,7,SEV
938,bus_2304,22.0,0.6051872259573757,1.0628296706267668,2,-388,-2854,1,5,WNV
874,bus_2239,66.0,0.4669620319856019,0.989985424984928,2,105,-3527,1,5,WNV
741,bus_2103,22.0,0.3176054603444036,1.0148599516209122,2,871,-4184,0,7,SEV
895,bus_2260,66.0,0.5525367488702261,1.004046668779776,2,1368,-4310,0,7,SEV
10033,starbus_xf_2077_2205_2349_3,220.0,0.0,1.0,2,-409,-3284,1,5,WNV
845,bus_2209,500.0,0.5738984445401859,1.03914954898574,2,-82,-3150,1,5,WNV
697,bus_2058,0.6899999999999998,0.7712549206243365,1.07694,2,-267,-3784,1,5,WNV
763,bus_2127,220.0,0.2705639446847837,1.0079366816836282,2,786,-2975,2,6,MEL
729,bus_2091,11.5,0.5251372401507991,0.97029,2,928,-3032,2,6,MEL
762,bus_2126,220.0,0.3560544024800774,1.04073141734993,2,703,-2878,2,6,MEL
764,bus_2128,220.0,0.4422557311266524,1.026578232833924,2,340,-3787,2,6,MEL
698,bus_2059,0.6899999999999998,0.7955827110239739,1.08353,2,-275,-3768,1,5,WNV
814,bus_2178,220.0,0.3398865764868741,1.0281879523224695,2,900,-3575,2,6,MEL
866,bus_2231,66.0,0.2925411870792485,1.0054889043166146,2,941,-4072,0,7,SEV
674,bus_2030,15.0,0.4694171236274341,0.96361,2,769,-1904,1,5,WNV
754,bus_2118,220.0,0.3895499308045977,1.0104222156038478,2,984,-3929,0,7,SEV
917,bus_2282,66.0,0.3946124926461233,1.006706870991193,2,101,-4289,2,6,MEL
941,bus_2307,22.0,0.4984968381136005,0.996246889946414,2,1400,-4609,0,7,SEV
979,bus_2348,33.0,0.4613631341416361,1.024317297553892,2,-437,-3349,1,5,WNV
661,bus_2017,220.0,0.4793946626895886,1.06049,2,108,-3479,1,5,WNV
978,bus_2347,33.0,0.5422413844097336,1.0173512496597543,2,-389,-3223,1,5,WNV
851,bus_2215,66.0,0.3787637798678898,0.9900208978318992,2,167,-3906,2,6,MEL
965,bus_2334,11.0,0.3089998820208471,1.005173338136485,2,791,-2400,1,5,WNV
967,bus_2336,22.0,0.4654841954627231,0.9742936359062858,2,936,-4019,0,7,SEV
844,bus_2208,500.0,0.486877698113916,1.042455349871639,2,453,-3333,2,6,MEL
842,bus_2206,500.0,0.4862664071543031,1.0426310460289758,2,880,-3494,2,6,MEL
931,bus_2296,22.0,0.5393957083835521,0.9902773824518328,2,71,-4088,2,6,MEL
817,bus_2181,220.0,0.3863565658054715,1.029314972054619,2,803,-3560,2,6,MEL
952,bus_2321,22.0,0.3427299502814576,1.0612264685892367,2,880,-3719,2,6,MEL
666,bus_2022,15.0,0.4004008423686289,0.9723198884424312,2,769,-1980,1,5,WNV
708,bus_2069,11.0,0.8177645894668563,0.99081,2,1355,-4754,0,7,SEV
837,bus_2201,500.0,0.4805320614570693,1.04037655437862,2,574,-3521,2,6,MEL
863,bus_2228,33.0,0.7494269733715803,1.003121284355642,2,16,-3858,2,6,MEL
10048,starbus_xf_2200_2196_2305_2,500.0,0.0,1.0,2,-277,-2958,1,5,WNV
913,bus_2278,66.0,0.2733837143591551,1.021743985416701,2,1051,-3940,0,7,SEV
828,bus_2192,330.0,0.4353361967263942,1.0322008155706763,2,747,-2705,1,5,WNV
669,bus_2025,15.0,0.4004008406287235,0.9723198863744626,2,792,-1927,1,5,WNV
840,bus_2204,500.0,0.575871618796439,1.0447962211422892,2,-68,-3103,1,5,WNV
855,bus_2219,66.0,0.3946873627105295,1.0064267947848775,2,120,-4188,2,6,MEL
711,bus_2072,0.6899999999999998,0.8768350233607201,1.0552499312936745,2,35,-4579,2,6,MEL
867,bus_2232,66.0,0.280015651054064,1.0197371656717902,2,929,-4072,0,7,SEV
879,bus_2244,66.0,0.766832271270544,1.0334726412811348,2,1502,-4440,0,7,SEV
699,bus_2060,11.5,0.5989826035072262,0.97517,2,1089,-3056,2,6,MEL
692,bus_2048,11.5,0.6051547077404468,0.9440146583825147,2,549,-4447,2,6,MEL
968,bus_2337,11.0,0.2928224286305891,1.03196577838679,2,513,-3245,2,6,MEL
892,bus_2257,66.0,0.302199480677553,0.956721029311477,2,869,-2937,2,6,MEL
794,bus_2158,220.0,0.3550088966103444,1.0096840375413825,2,988,-3853,0,7,SEV
663,bus_2019,17.0,0.4004008346781968,0.9723198803408142,2,776,-1869,1,5,WNV
646,bus_2002,0.6899999999999998,0.5781642016182026,1.0204432641742165,2,51,-4179,2,6,MEL
758,bus_2122,220.0,0.4409500505199401,1.0493858638064606,2,829,-3277,2,6,MEL
831,bus_2195,330.0,0.392160767842402,1.038048778886522,2,713,-2244,1,5,WNV
933,bus_2298,22.0,0.2555158595607442,1.004845833725415,2,380,-3478,2,6,MEL
765,bus_2129,220.0,0.4796461263622193,1.0445815582714937,2,165,-3371,1,5,WNV
662,bus_2018,17.0,0.4004008346781966,0.9723198803408136,2,786,-1878,1,5,WNV
659,bus_2015,11.0,0.5154549497789812,1.00988,2,857,-3331,2,6,MEL
783,bus_2147,220.0,0.3833190030754869,1.0306345320551191,2,693,-3618,2,6,MEL
862,bus_2227,33.0,0.6954830206987517,1.0086895549935988,2,2,-3847,2,6,MEL
951,bus_2320,22.0,0.0754069485261888,1.0123753361747323,2,869,-3729,2,6,MEL
644,bus_2000,33.0,0.9583882778213504,1.012566767030593,2,66,-4685,2,6,MEL
10038,starbus_xf_2191_2018_2019_6,330.0,0.0,1.0,2,740,-1889,1,4,SNSW
10037,starbus_xf_2162_2271_2315_5,220.0,0.0,1.0,2,237,-3162,1,5,WNV
690,bus_2046,20.0,0.7360499000236659,0.99891,2,679,-4315,2,6,MEL
753,bus_2117,220.0,0.3501073431579864,0.9994914159174167,2,889,-4202,0,7,SEV
679,bus_2035,10.5,0.627206538458856,0.9238397316871066,2,1317,-4224,0,7,SEV
880,bus_2245,66.0,0.8061853903190848,1.0352174218420755,2,1479,-4485,0,7,SEV
800,bus_2164,220.0,0.3631905309730495,1.014455037066262,2,937,-3740,2,6,MEL
733,bus_2095,20.0,0.6258719328543225,0.98956,2,959,-4023,0,7,SEV
839,bus_2203,500.0,0.4981406318629334,1.0442912206410735,2,149,-3261,1,5,WNV
781,bus_2145,220.0,0.3012728167623767,1.0561441579753097,2,326,-3443,2,6,MEL
897,bus_2262,66.0,0.545677994580411,1.0042217700329454,2,1307,-4462,0,7,SEV
730,bus_2092,20.0,0.7615205068067993,0.99185,2,1230,-3851,0,7,SEV
681,bus_2037,10.5,0.7555515408117242,0.93803,2,1274,-4304,0,7,SEV
956,bus_2325,10.5,0.4617851463330062,1.02592,2,967,-3314,2,6,MEL
983,bus_2352,11.0,0.5138913706674705,0.9587081510669316,2,947,-4029,0,7,SEV
756,bus_2120,220.0,0.4116052215729059,1.0635490338094429,2,735,-2765,2,6,MEL
10032,starbus_xf_2077_2205_2347_1,220.0,0.0,1.0,2,-409,-3284,1,5,WNV
864,bus_2229,66.0,0.4311935195920095,1.030997562284866,2,994,-2933,2,6,MEL
677,bus_2033,10.5,0.7066251636718216,0.93066,2,1313,-4240,0,7,SEV
946,bus_2312,22.0,0.2591327194889175,0.984515358635046,2,1064,-4051,0,7,SEV
725,bus_2086,10.5,0.3877840505133069,0.96458,2,861,-4054,0,7,SEV
907,bus_2272,66.0,0.2635153356880893,1.0808866504511971,2,900,-4187,0,7,SEV
903,bus_2268,33.0,0.7221371191638841,1.0045153899908688,2,10,-3687,1,5,WNV
649,bus_2005,33.0,0.5953272232846688,1.020646662420381,2,172,-4271,2,6,MEL
655,bus_2011,0.6899999999999998,0.7906785450872529,1.05968,2,-3,-3934,2,6,MEL
732,bus_2094,20.0,0.6102244697229524,0.99223,2,965,-4006,0,7,SEV
1195,bus_3213,110.0,0.5812235568847455,1.0430845012079455,3,-1492,2904,0,11,SQ
1470,bus_3496,110.0,0.3736003258791375,1.047799949096757,3,-944,3422,0,11,SQ
1377,bus_3400,11.0,0.2154315246290505,1.06063937447748,3,-1828,2098,0,11,SQ
1305,bus_3327,11.0,0.1841992680316123,1.0075902780154382,3,-1344,2103,0,11,SQ
297,bus_1304,132.0,-0.2194405407473846,1.0230237477105282,3,-1185,2158,0,11,SQ
1106,bus_3124,11.0,0.2107554140440887,1.0441488815471944,3,-1374,2374,0,11,SQ
1282,bus_3304,11.0,0.2381697553126559,1.0086513957216607,3,138,3156,0,11,SQ
1429,bus_3453,11.0,0.5825325046068596,0.94245,3,-1945,6842,1,8,NQ
1588,bus_3615,275.0,0.6823103132341176,1.048452835790591,3,621,3932,3,10,GG
10078,starbus_xf_3486_3561_3489_3,132.0,0.0,1.0,3,-1211,6608,1,8,NQ
1628,bus_3655,19.0,0.7015523368256344,1.00366,3,411,2945,0,11,SQ
1598,bus_3625,110.0,0.5765972064369765,1.0385644359497237,3,-1315,2864,0,11,SQ
10057,starbus_xf_3266_3154_3155_1,132.0,0.0,1.0,3,544,4081,3,10,GG
1318,bus_3340,110.0,0.2854509891734922,1.032112585509383,3,-843,2502,0,11,SQ
10066,starbus_xf_3359_3360_3361_3,110.0,0.0,1.0,3,-1519,3506,0,11,SQ
1052,bus_3066,66.0,0.6986196029673354,1.0499607605595769,3,-890,5735,1,8,NQ
1121,bus_3139,10.5,0.5756214342053295,0.9885045574555876,3,552,4200,2,9,CQ
10077,starbus_xf_3486_3561_3488_2,132.0,0.0,1.0,3,-1211,6608,1,8,NQ
1556,bus_3583,275.0,0.3864618188437316,1.0612735152405322,3,-943,2658,0,11,SQ
10063,starbus_xf_3333_3336_3335_3,110.0,0.0,1.0,3,-26,3018,0,11,SQ
1078,bus_3094,132.0,0.4926270718015675,1.0102681581421296,3,-1895,6824,1,8,NQ
1502,bus_3529,132.0,0.6496873239188302,1.0254758714941408,3,-1282,6854,1,8,NQ
1545,bus_3572,275.0,0.3986246004639395,1.0598842077039574,3,-602,2881,0,11,SQ
1043,bus_3057,33.0,0.4676104205592171,1.0142974767316926,3,-1079,2961,0,11,SQ
1540,bus_3567,275.0,0.437877207772862,1.0600727481481458,3,-813,3546,0,11,SQ
1615,bus_3642,66.0,0.6150365888887641,1.0374447783493908,3,-990,6975,1,8,NQ
987,bus_3000,132.0,0.7986241309221273,1.0283495431315726,3,-172,5490,2,9,CQ
1516,bus_3543,275.0,0.4642259655830034,1.063932517287146,3,-685,3675,0,11,SQ
1169,bus_3187,132.0,0.6176846769308337,1.0248033998463584,3,-1347,4373,2,9,CQ
1493,bus_3519,110.0,0.3798769975713956,1.0561730206506257,3,-885,3246,0,11,SQ
1019,bus_3032,66.0,0.8649080115882046,1.0714553370537367,3,-1667,5002,2,9,CQ
1334,bus_3356,33.0,0.2692202620585841,1.025027148359828,3,-226,3209,0,11,SQ
1434,bus_3459,13.8,0.6263821848418306,1.0273200096005517,3,-912,6796,1,8,NQ
1210,bus_3228,11.0,0.2763483549931516,1.0028711575743727,3,-1112,3466,0,11,SQ
1468,bus_3494,19.0,0.8247129979959196,1.0686272418450484,3,-496,5364,2,9,CQ
1166,bus_3184,132.0,0.9469196787362394,1.033509676515754,3,-1482,4608,2,9,CQ
1050,bus_3064,66.0,0.6851704811564552,1.0416891859997697,3,-1253,5859,1,8,NQ
1423,bus_3446,11.0,0.375559208608687,1.0046025253698427,3,-503,2553,0,11,SQ
1542,bus_3569,275.0,0.894901298610727,1.0523621819234965,3,-704,5136,2,9,CQ
1432,bus_3456,11.0,0.5790734206943123,0.93537,3,-1938,6945,1,8,NQ
1145,bus_3163,110.0,0.3036149961823474,1.0371078426096565,3,-544,2719,0,11,SQ
1199,bus_3217,132.0,0.9715327035439574,1.0293831318153166,3,116,5044,2,9,CQ
1083,bus_3099,110.0,0.4991436743472701,1.0313869276633365,3,-923,2943,0,11,SQ
1239,bus_3257,33.0,0.5564162384872726,1.0091696553557727,3,-1591,2968,0,11,SQ
1290,bus_3312,110.0,0.3956428460006785,1.0375448374861882,3,-877,4131,2,9,CQ
1613,bus_3640,275.0,1.028321275108663,1.037183002392764,3,-570,4803,2,9,CQ
1149,bus_3167,132.0,0.7669699039520739,1.030533354711355,3,-673,5521,2,9,CQ
1220,bus_3238,110.0,0.3497818667561436,1.04220729765362,3,-487,4295,2,9,CQ
1223,bus_3241,132.0,0.7511165204091017,1.0431882012334863,3,-826,5825,1,8,NQ
1288,bus_3310,66.0,0.631901913906284,1.0398279138845583,3,-1011,7028,1,8,NQ
1132,bus_3150,132.0,0.8298771920383383,1.0412072312580054,3,10,5394,2,9,CQ
1212,bus_3230,33.0,0.3052915488984504,1.0180872999920778,3,-639,3166,0,11,SQ
1313,bus_3335,11.0,0.1070823570793187,1.0064314224784454,3,52,3029,0,11,SQ
1110,bus_3128,132.0,0.7596948331941359,1.0699679469431158,3,-1275,6726,1,8,NQ
1460,bus_3486,132.0,0.6443713651230891,1.0263641792535871,3,-1211,6608,1,8,NQ
1075,bus_3091,22.0,0.4687581685003073,1.0936450954111403,3,-1678,7426,1,8,NQ
1162,bus_3180,132.0,0.4835427111111159,1.0191050474895318,3,-1556,7407,1,8,NQ
1271,bus_3292,22.0,0.7941027928438171,1.0967309833931174,3,-1362,6928,1,8,NQ
1158,bus_3176,66.0,0.9280887858735972,1.018701829807075,3,-1094,5419,1,8,NQ
1085,bus_3101,132.0,0.5762667470681112,1.0136379584724031,3,-1438,4311,2,9,CQ
1425,bus_3448,11.0,0.5079668420365223,1.01974,3,-1867,7466,1,8,NQ
1074,bus_3090,22.0,0.4606435171313643,1.0901210780310295,3,-1797,7360,1,8,NQ
1135,bus_3153,132.0,0.9734787221198036,1.0205736616202894,3,-1020,5304,1,8,NQ
1011,bus_3024,132.0,0.6572224774479205,1.029287745236288,3,120,3768,2,9,CQ
1179,bus_3197,22.0,0.7115541247827305,1.0524714559464388,3,-1105,5940,1,8,NQ
992,bus_3005,66.0,0.5345057034495838,1.0537960653691605,3,-1475,6850,1,8,NQ
1285,bus_3307,110.0,0.2734428985970082,1.0451510693659691,3,-1599,2101,0,11,SQ
1178,bus_3196,132.0,0.7115541247827303,1.0261596695477804,3,-1067,5850,1,8,NQ
10079,starbus_xf_3492_3565_3494_2,132.0,0.0,1.0,3,-453,5410,2,9,CQ
1246,bus_3264,15.0,1.052067031637084,1.05379,3,-1446,4647,2,9,CQ
1607,bus_3634,132.0,0.6063001293877016,1.03017765229874,3,-1330,4261,2,9,CQ
1151,bus_3169,132.0,0.680070979337537,1.0378525164901766,3,-1204,5918,1,8,NQ
1345,bus_3367,11.0,0.0603360858405542,0.9885604306035384,3,-1314,2549,0,11,SQ
990,bus_3003,33.0,0.6783502089634043,1.0323362813760746,3,-1473,6366,1,8,NQ
1546,bus_3573,275.0,1.0614791608842504,1.0302235388848124,3,-314,4388,2,9,CQ
994,bus_3007,33.0,0.546770661386244,1.0215070340372057,3,-1409,2892,0,11,SQ
1089,bus_3107,66.0,0.935617358004988,1.0252066812969278,3,-1049,5444,1,8,NQ
1402,bus_3425,20.0,0.7984751811327976,1.01182,3,-271,3717,2,9,CQ
1566,bus_3593,275.0,0.4616340038512078,1.0610454520109465,3,-613,3347,0,11,SQ
1350,bus_3372,11.0,0.2376535233337162,1.0031043788709273,3,-1609,3477,0,11,SQ
1227,bus_3245,132.0,0.6599625267732147,1.0310066092958416,3,-1281,6365,1,8,NQ
1306,bus_3328,11.0,0.1644795239357727,1.0021679713726617,3,-1388,2149,0,11,SQ
1446,bus_3472,33.0,0.292947096098712,1.013621720520845,3,-489,2977,0,11,SQ
988,bus_3001,132.0,0.7145795928870059,1.0234824138305103,3,-918,5722,1,8,NQ
1339,bus_3361,11.0,0.185025995641558,0.9989796118776082,3,-1600,3528,0,11,SQ
997,bus_3010,132.0,0.5231044889299541,1.0290967552575576,3,-1345,4055,2,9,CQ
1562,bus_3589,275.0,0.4252809029125626,1.0648617155123072,3,-744,2835,0,11,SQ
1205,bus_3223,132.0,0.6020205673758798,1.027738328718888,3,-1320,7005,1,8,NQ
1176,bus_3194,132.0,0.6711403625719804,1.014317652655015,3,-1502,6107,1,8,NQ
1113,bus_3131,110.0,0.3839283729716873,1.0532851732957471,3,-1005,3251,0,11,SQ
1188,bus_3206,33.0,0.3165913290092971,1.0184615036829838,3,-1033,3534,0,11,SQ
1265,bus_3285,132.0,0.6876536076050171,1.03123,3,-1065,5797,1,8,NQ
1067,bus_3082,22.0,0.5704681171165972,0.997850105726095,3,-1973,6964,1,8,NQ
1028,bus_3041,11.8,0.9728943970563622,1.0074816344705388,3,102,5025,2,9,CQ
1490,bus_3516,132.0,0.5674571712167419,1.0142144909771509,3,-1736,6747,1,8,NQ
1424,bus_3447,11.0,0.8189358244109997,1.1012263010515757,3,-653,5533,2,9,CQ
1118,bus_3136,11.0,0.112065143525564,1.0037296582453854,3,-1068,2461,0,11,SQ
1229,bus_3247,132.0,0.675211578652383,1.0290503937424909,3,-1408,6145,1,8,NQ
1585,bus_3612,275.0,0.7308039745516335,1.054828266288986,3,421,3575,2,9,CQ
1602,bus_3629,132.0,0.5700061432050194,1.0152639613016816,3,-1873,6871,1,8,NQ
10076,starbus_xf_3486_3561_3487_1,132.0,0.0,1.0,3,-1211,6608,1,8,NQ
1186,bus_3204,110.0,0.3695045397578465,1.0455776822444391,3,-989,3482,0,11,SQ
10070,starbus_xf_3371_3372_3373_2,110.0,0.0,1.0,3,-1496,3449,0,11,SQ
1367,bus_3390,110.0,0.3880969856026018,1.0472670667608863,3,-1030,3163,0,11,SQ
1577,bus_3604,275.0,0.9369974767314116,1.0335553205756436,3,-1080,4673,2,9,CQ
1126,bus_3144,132.0,0.5128784410935725,1.0217126032794823,3,-1603,7237,1,8,NQ
1255,bus_3275,132.0,0.9679811194910188,1.03024,3,-1166,5437,1,8,NQ
1360,bus_3383,33.0,0.3063181680366504,1.0350109637673206,3,-545,4293,2,9,CQ
1444,bus_3470,110.0,0.4000881686176855,1.0557505026495,3,-891,3562,0,11,SQ
1501,bus_3527,15.75,0.8199463856686473,0.99662,3,390,3598,2,9,CQ
1354,bus_3376,66.0,0.6125369782230351,1.0381470649105926,3,-964,7085,1,8,NQ
1321,bus_3343,33.0,0.4363979854736056,0.9934474114597048,3,-1230,3017,0,11,SQ
10061,starbus_xf_3333_3335_3336_2,110.0,0.0,1.0,3,-26,3018,0,11,SQ
1092,bus_3110,33.0,0.6831974601280179,1.0460629147986389,3,-686,6022,1,8,NQ
1068,bus_3083,132.0,0.517435669054761,1.0180851316148378,3,-1467,7293,1,8,NQ
1389,bus_3412,110.0,0.3243567479549384,1.0478903356401428,3,-328,2956,0,11,SQ
1183,bus_3201,132.0,0.713453704159496,1.0281710210677515,3,-759,5917,1,8,NQ
1120,bus_3138,10.5,0.5756214342053289,0.9885045574555876,3,528,4209,2,9,CQ
1417,bus_3440,15.75,0.7351725261456938,0.9715759171825454,3,338,3632,2,9,CQ
1088,bus_3106,132.0,0.9624598818152484,1.016679520434572,3,-1021,5352,1,8,NQ
1037,bus_3051,132.0,0.9658870077198556,1.0222648268900538,3,159,5054,2,9,CQ
1543,bus_3570,275.0,0.3936538342727435,1.0594247540177588,3,-465,3045,0,11,SQ
1325,bus_3347,33.0,0.1959121114257252,1.014210976705052,3,-249,3097,0,11,SQ
10083,starbus_xf_3629_3454_3456_2,132.0,0.0,1.0,3,-1873,6871,1,8,NQ
1054,bus_3068,132.0,0.62869765148945,1.0266838376064782,3,-1018,6497,1,8,NQ
1115,bus_3133,11.0,0.3481905018211554,1.0130808754495464,3,-1085,3311,0,11,SQ
1405,bus_3428,13.8,0.4911454471063893,1.020969549337439,3,-612,3661,0,11,SQ
1522,bus_3549,275.0,0.7399694700878712,1.0576701309892378,3,-915,4345,2,9,CQ
1013,bus_3026,33.0,0.6327854505441723,0.9989475650532188,3,180,3842,2,9,CQ
1027,bus_3040,11.8,0.9728943970563624,1.0074816344705388,3,62,5064,2,9,CQ
1433,bus_3457,6.6,0.5685953277345636,1.01518,3,-2042,7026,1,8,NQ
1435,bus_3460,13.8,0.6263821718403305,1.027319967845163,3,-1010,6813,1,8,NQ
1273,bus_3294,33.0,0.6323538826527806,0.9401318211991349,3,-1125,6585,1,8,NQ
1084,bus_3100,33.0,0.4732367398400626,1.0455294172575964,3,-1000,2976,0,11,SQ
1322,bus_3344,110.0,0.3256330216258966,1.0470805309525526,3,-283,3067,0,11,SQ
10075,starbus_xf_3483_3558_3485_2,132.0,0.0,1.0,3,-822,5732,1,8,NQ
1093,bus_3111,132.0,0.7257520432925322,1.025551213895476,3,-938,5832,1,8,NQ
1208,bus_3226,110.0,0.369988345542088,1.0479708469732791,3,-1030,3422,0,11,SQ
1445,bus_3471,110.0,0.3350650475290864,1.0535089489250082,3,-478,2930,0,11,SQ
1004,bus_3017,110.0,0.3744615409353733,1.0337479247836965,3,-742,4092,2,9,CQ
1277,bus_3299,110.0,0.3023674958945582,1.0497464753396863,3,-1209,2547,0,11,SQ
1531,bus_3558,275.0,0.7973355734843408,1.0556265742422064,3,-869,5466,2,9,CQ
10081,starbus_xf_3516_3584_3517_1,132.0,0.0,1.0,3,-1736,6747,1,8,NQ
1344,bus_3366,11.0,0.3023700294710068,1.0891521454634427,3,-1382,2533,0,11,SQ
1253,bus_3273,132.0,0.8499147948091602,1.03192,3,-22,5394,2,9,CQ
1046,bus_3060,132.0,0.881320971444952,1.0303570833809834,3,11,5168,2,9,CQ
1117,bus_3135,11.0,0.1212613850294772,1.019262856524462,3,-1059,2437,0,11,SQ
1382,bus_3405,110.0,0.286857726150712,1.0512913618528192,3,-1302,2259,0,11,SQ
1342,bus_3364,11.0,0.1981677863129734,1.0120861617613557,3,54,3191,0,11,SQ
1608,bus_3635,110.0,0.2904332646079657,1.0303045144144385,3,-687,2591,0,11,SQ
1260,bus_3280,132.0,0.6303945849966675,1.0248922984275333,3,631,4333,2,9,CQ
991,bus_3004,66.0,0.5371450382677468,1.0586627881895136,3,-1417,6783,1,8,NQ
1301,bus_3323,33.0,0.2683489738217025,1.0399011615353024,3,-357,2729,0,11,SQ
10050,starbus_xf_3134_3135_3136_2,110.0,0.0,1.0,3,-1006,2471,0,11,SQ
1259,bus_3279,132.0,0.6375049336222494,1.0288908584322645,3,569,4242,2,9,CQ
1317,bus_3339,33.0,0.2390775652408427,1.0040749388446246,3,-390,2893,0,11,SQ
1398,bus_3421,15.75,0.98766042376136,1.01396,3,-1050,4874,2,9,CQ
993,bus_3006,66.0,0.475213277909019,1.0446542061095188,3,-1458,6865,1,8,NQ
1406,bus_3429,13.8,0.4911454526914424,1.034058877755876,3,-559,3661,0,11,SQ
1320,bus_3342,110.0,0.4553571416332182,1.0247578348022273,3,-1138,3004,0,11,SQ
1200,bus_3218,132.0,0.9715747651036654,1.0294163002118872,3,125,5009,2,9,CQ
1403,bus_3426,20.0,0.8064218642131674,1.01054,3,-344,3718,2,9,CQ
1450,bus_3476,132.0,0.7105331431237084,1.0330303792594355,3,-1090,4415,2,9,CQ
1541,bus_3568,275.0,0.6771734771214044,1.0508630566964587,3,-335,3514,0,11,SQ
1214,bus_3232,132.0,0.7746344540595137,1.0294897149655908,3,-117,5514,2,9,CQ
1039,bus_3053,66.0,0.9550579194949108,1.0303159512429807,3,233,5132,2,9,CQ
1103,bus_3121,66.0,0.8283395533950407,1.0169509322959618,3,-514,5595,2,9,CQ
1387,bus_3410,11.0,0.2432533181125844,1.0076096171469764,3,-1267,3530,0,11,SQ
1071,bus_3087,22.0,0.4664332654831503,1.0115117476719029,3,-1726,7292,1,8,NQ
999,bus_3012,11.0,0.4905082268451935,1.01323122252231,3,-1453,4074,2,9,CQ
1409,bus_3432,132.0,0.9685507179781834,1.0286920201106269,3,-1221,5429,1,8,NQ
1569,bus_3596,275.0,0.5443407577629963,1.0501800287903813,3,-1553,6892,1,8,NQ
1536,bus_3563,330.0,0.5660181696596209,1.0602516925140375,3,-92,2939,0,11,SQ
1451,bus_3477,132.0,0.8216532560854009,1.0074265592053897,3,-1022,4658,2,9,CQ
1012,bus_3025,110.0,0.648112071500293,0.9778845414990056,3,162,3854,2,9,CQ
1146,bus_3164,132.0,0.6859812795126713,1.026257734190062,3,-1247,5882,1,8,NQ
1090,bus_3108,132.0,0.7017401322904181,1.0344986467366872,3,-693,5928,1,8,NQ
1034,bus_3048,110.0,0.3327614735440886,1.0468016831212672,3,-553,3019,0,11,SQ
1065,bus_3080,132.0,0.5534004915774918,1.026433122219527,3,-1426,7042,1,8,NQ
1021,bus_3034,132.0,0.6434601199625364,1.021292936190456,3,-1239,4414,2,9,CQ
1582,bus_3609,275.0,0.7410511034853281,1.059126456398943,3,516,3511,3,10,GG
1141,bus_3159,132.0,0.6960484226622319,1.0438531915860263,3,-655,6010,1,8,NQ
1374,bus_3397,110.0,0.2729875250671798,1.04478752402215,3,-1728,2079,0,11,SQ
1418,bus_3441,110.0,0.2755050907062738,1.0471303962595129,3,-1443,2173,0,11,SQ
1206,bus_3224,66.0,0.6018386025344599,1.0253462665385389,3,-1321,7107,1,8,NQ
10073,starbus_xf_3413_3415_3414_2,110.0,0.0,1.0,3,-187,2958,0,11,SQ
1570,bus_3597,275.0,0.542348405281042,1.050440750273408,3,-1564,6890,1,8,NQ
1225,bus_3243,132.0,0.6992954746722787,1.0331436936848408,3,-629,6039,1,8,NQ
1616,bus_3643,132.0,0.6400016243155037,1.0222185219794355,3,-1160,6857,1,8,NQ
1073,bus_3089,132.0,0.5159476103335172,1.023034492430331,3,-1650,7315,1,8,NQ
1233,bus_3251,33.0,0.8581336796019096,0.9989959688440604,3,-1899,5093,2,9,CQ
10059,starbus_xf_3302_3304_3303_2,110.0,0.0,1.0,3,66,3102,0,11,SQ
1331,bus_3353,33.0,0.280544976262162,1.0312336797608994,3,-386,2501,0,11,SQ
1035,bus_3049,33.0,0.2956953461138594,1.0134216642931415,3,-551,3089,0,11,SQ
1181,bus_3199,132.0,0.6230760975513439,1.025680809310325,3,-961,6663,1,8,NQ
1122,bus_3140,132.0,0.639646502683717,1.022691266488145,3,-1156,6759,1,8,NQ
1399,bus_3422,15.75,1.038456442474452,1.01738,3,-963,4900,2,9,CQ
1515,bus_3542,132.0,0.4767957021062578,1.0317034245921772,3,-1363,4082,2,9,CQ
1297,bus_3319,110.0,0.3873913630607277,1.0513699560314136,3,-611,4070,2,9,CQ
1381,bus_3404,110.0,0.2868556093245456,1.051310129278051,3,-1277,2249,0,11,SQ
1064,bus_3078,132.0,0.6379015559864762,1.0212842280787977,3,-1084,6940,1,8,NQ
1372,bus_3395,110.0,0.3864329493783635,1.0477034673644974,3,-969,3656,0,11,SQ
1348,bus_3370,33.0,0.3205529041986692,1.0271254331740118,3,-508,4387,2,9,CQ
1530,bus_3557,275.0,1.0041481153514276,1.0385447236287,3,-833,5026,2,9,CQ
1559,bus_3586,20.0,1.157445530495821,1.00423,3,-576,4901,2,9,CQ
1235,bus_3253,110.0,0.5665360980365493,1.0440477133117936,3,-1400,2824,0,11,SQ
1249,bus_3267,66.0,0.6560854052924235,1.0417517919463866,3,-972,7187,1,8,NQ
1202,bus_3220,132.0,0.8711172861533362,1.021101225570297,3,-1791,4951,2,9,CQ
1174,bus_3192,110.0,0.3966833582979088,1.0442693846390336,3,-976,3255,0,11,SQ
10072,starbus_xf_3413_3415_3414_1,110.0,0.0,1.0,3,-187,2958,0,11,SQ
1384,bus_3407,33.0,0.6656231614349595,1.0250698538813603,3,-1530,6296,1,8,NQ
1080,bus_3096,132.0,0.6263828003570657,1.027317057971494,3,-1013,6597,1,8,NQ
1467,bus_3493,66.0,0.788156344089509,1.0287838894328356,3,-398,5494,2,9,CQ
1534,bus_3561,275.0,0.6760509953894587,1.0395799062155262,3,-1250,6362,1,8,NQ
1142,bus_3160,132.0,0.7531819730059637,1.0397368055003409,3,-782,5815,1,8,NQ
1584,bus_3611,275.0,0.9610950890789584,1.0370597321930697,3,-954,4846,2,9,CQ
1127,bus_3145,22.0,0.4565763051973221,0.8998054977563738,3,-1616,7306,1,8,NQ
1168,bus_3186,66.0,0.9294749028512034,1.036757457812439,3,-1553,4615,2,9,CQ
1256,bus_3276,66.0,0.6096178539385056,1.034834466598855,3,-942,6940,1,8,NQ
1312,bus_3334,110.0,0.3611437156315811,1.041196059758098,3,-1391,3478,0,11,SQ
1428,bus_3452,11.0,0.6277549256274104,1.0343955523560409,3,-879,6634,1,8,NQ
1508,bus_3535,132.0,0.694158103121522,1.0358619472165576,3,484,3585,2,9,CQ
1124,bus_3142,66.0,0.6159189323228942,1.0378711659414113,3,-1072,6873,1,8,NQ
1022,bus_3035,66.0,0.5986238619188097,1.0215092870672045,3,-1309,4480,2,9,CQ
1153,bus_3171,110.0,0.5172427887574164,1.0445828389285827,3,-866,2904,0,11,SQ
1177,bus_3195,132.0,0.6714218790470046,1.0155621430116106,3,-1417,6057,1,8,NQ
1419,bus_3442,19.5,1.170796542626332,0.98831,3,-175,4565,2,9,CQ
1056,bus_3070,33.0,0.6669881173114975,1.0366247011697007,3,-696,6159,1,8,NQ
1513,bus_3540,132.0,0.5921244130503217,1.0360699531968802,3,1432,4487,3,9,CQ
1363,bus_3386,110.0,0.2988511599895577,1.048351904945252,3,-1347,2481,0,11,SQ
1031,bus_3044,132.0,0.9606202662077148,1.007439738157707,3,-973,5330,1,8,NQ
1069,bus_3085,22.0,0.4874542386218982,1.008849898415756,3,-1460,7399,1,8,NQ
1625,bus_3652,330.0,0.6316113862469128,1.0597339806218262,3,228,2866,0,11,SQ
1155,bus_3173,132.0,0.5731168571871528,1.040143631965375,3,-1258,4095,2,9,CQ
10052,starbus_xf_3177_3179_3178_2,110.0,0.0,1.0,3,-1249,2385,0,11,SQ
1105,bus_3123,110.0,0.2959363773124913,1.04772728170845,3,-1272,2398,0,11,SQ
1404,bus_3427,6.6,0.6547489995082877,1.002510079355983,3,-55,3789,2,9,CQ
1453,bus_3479,132.0,0.4478186088130687,1.0472669530587848,3,-1013,3992,2,9,CQ
1057,bus_3071,66.0,0.6512251795825909,1.0159928878285334,3,-1507,6335,1,8,NQ
1204,bus_3222,110.0,0.3701732768705548,1.0499312414050943,3,-945,3336,0,11,SQ
1632,bus_3659,33.0,0.6801604962139438,0.979196900196547,3,-586,6101,1,8,NQ
1100,bus_3118,66.0,0.7859021723669002,1.0404445611433248,3,-434,5577,2,9,CQ
1310,bus_3332,132.0,0.4766830012717172,1.0085726181355212,3,-2094,6974,1,8,NQ
1411,bus_3434,15.0,0.8233601129704428,1.01934,3,619,3536,3,10,GG
1136,bus_3154,11.0,0.7949124002519645,0.99783,3,631,4150,3,10,GG
1245,bus_3263,132.0,0.9527571940241566,1.036470356172734,3,-1368,4590,2,9,CQ
1104,bus_3122,66.0,0.866223680362626,1.0480804123600096,3,-1335,5018,2,9,CQ
1175,bus_3193,33.0,0.3527972047467423,0.9967310027679218,3,-1046,3295,0,11,SQ
1276,bus_3298,132.0,0.7628773895207822,1.032242711245117,3,-66,5611,2,9,CQ
1222,bus_3240,132.0,0.5389591760881578,1.0237657358023062,3,-1445,7178,1,8,NQ
1533,bus_3560,275.0,0.491145820159919,1.063197518908151,3,-587,3475,0,11,SQ
1333,bus_3355,33.0,0.2507636408304007,1.0295155944026646,3,-253,3222,0,11,SQ
1094,bus_3112,66.0,0.6847162624048572,1.0126201381793694,3,-955,5932,1,8,NQ
1095,bus_3113,66.0,0.6953599134646916,1.0531889083605417,3,-929,5934,1,8,NQ
1171,bus_3189,132.0,0.5749765364865311,1.0276365114212522,3,-1369,7106,1,8,NQ
1280,bus_3302,110.0,0.3131749136290376,1.0429622252629551,3,66,3102,0,11,SQ
1557,bus_3584,275.0,0.5774884893545522,1.053299234493907,3,-1503,6658,1,8,NQ
1066,bus_3081,22.0,0.5229691327953725,1.057562746140592,3,-1452,7139,1,8,NQ
1125,bus_3143,132.0,0.5130396390168946,1.021431058605197,3,-1621,7237,1,8,NQ
1538,bus_3565,275.0,0.8522626829363346,1.0588278986088455,3,-560,5289,2,9,CQ
1020,bus_3033,6.6,0.8856705629952103,1.03316103799518,3,-1500,5135,2,9,CQ
1298,bus_3320,33.0,0.3292014868928637,1.0302797090629745,3,-614,4125,2,9,CQ
1114,bus_3132,11.0,0.3377093445907703,1.0241429947101035,3,-1095,3285,0,11,SQ
1284,bus_3306,110.0,0.2734344070024586,1.0452266848180751,3,-1608,2122,0,11,SQ
1062,bus_3076,66.0,0.6106917960998862,1.0384628061631809,3,-947,6840,1,8,NQ
1527,bus_3554,275.0,0.8861047194317525,1.0272074711095325,3,-869,4570,2,9,CQ
1244,bus_3262,132.0,0.6757911181009495,1.0180065325638106,3,-1234,5910,1,8,NQ
1464,bus_3490,275.0,0.5522442048161178,1.060882608976029,3,-422,3036,0,11,SQ
1159,bus_3177,110.0,0.287849422427772,1.0493864438536065,3,-1249,2385,0,11,SQ
1048,bus_3062,66.0,0.7755874672017372,1.0535151153106497,3,-151,5482,2,9,CQ
1134,bus_3152,132.0,0.9626077760885474,1.0379228081903622,3,-1185,5417,1,8,NQ
1558,bus_3585,20.0,1.1476804520249382,1.0065,3,-522,4877,2,9,CQ
1394,bus_3417,15.75,1.0314732710160155,1.00238,3,-1011,4895,2,9,CQ
1243,bus_3261,132.0,0.6584115086324404,1.0365651457876486,3,405,3966,2,9,CQ
10058,starbus_xf_3302_3304_3303_1,110.0,0.0,1.0,3,66,3102,0,11,SQ
1309,bus_3331,22.0,0.4413561902659828,1.0206866397967511,3,-1691,7364,1,8,NQ
1316,bus_3338,110.0,0.3143258425716763,1.046278241714451,3,-434,2896,0,11,SQ
1555,bus_3582,275.0,0.3874528547285429,1.0611959350441298,3,-935,2649,0,11,SQ
1431,bus_3455,11.0,0.6407789550024464,0.94267,3,-1933,6862,1,8,NQ
1514,bus_3541,22.0,0.7149918102965711,1.01336248949766,3,741,3944,3,10,GG
1303,bus_3325,110.0,0.2819138304567966,1.0484301645581464,3,-1305,2188,0,11,SQ
10064,starbus_xf_3358_3360_3361_1,110.0,0.0,1.0,3,-1532,3501,0,11,SQ
1007,bus_3020,33.0,0.3231357585404257,1.0581579622983175,3,-776,4267,2,9,CQ
1251,bus_3271,33.0,0.2502062492249887,1.0349811421624555,3,-580,2683,0,11,SQ
996,bus_3009,132.0,0.5170186715405785,1.0289021717767772,3,-1313,4068,2,9,CQ
1355,bus_3378,110.0,0.3229377121084044,1.0369333370546192,3,-422,2700,0,11,SQ
1459,bus_3485,19.1,0.7641547994738594,1.069328822227333,3,-837,5608,1,8,NQ
1364,bus_3387,11.0,0.2083661518394402,1.0164258861873443,3,-1456,2485,0,11,SQ
1005,bus_3018,110.0,0.375216633337065,1.0337348764814718,3,-758,4083,2,9,CQ
10067,starbus_xf_3362_3364_3363_1,110.0,0.0,1.0,3,-17,3141,0,11,SQ
1211,bus_3229,110.0,0.3379949455346209,1.0438479914377945,3,-635,3096,0,11,SQ
1449,bus_3475,132.0,0.5741015533011607,1.038187852179305,3,-1177,4045,2,9,CQ
1561,bus_3588,20.0,1.1599162025342926,1.00248,3,-536,4897,2,9,CQ
1362,bus_3385,110.0,0.305421944297882,1.0354401604178536,3,-496,2609,0,11,SQ
1589,bus_3616,275.0,0.7189978750084522,1.0543145967770915,3,568,3851,3,10,GG
1568,bus_3595,275.0,0.435787337941857,1.0585753021155468,3,-702,3207,0,11,SQ
1264,bus_3284,132.0,0.8825449254946109,1.0250638811143742,3,-1358,5009,2,9,CQ
1412,bus_3435,15.0,0.8327521247357735,1.01637,3,599,3571,3,10,GG
1033,bus_3046,66.0,0.9274266299051196,1.064421591900786,3,-988,5391,1,8,NQ
1242,bus_3260,66.0,0.6135364415128098,0.9925142706191996,3,-1100,6461,1,8,NQ
1307,bus_3329,132.0,0.5129915367537321,1.0215757674662669,3,-1687,7268,1,8,NQ
1293,bus_3315,110.0,0.405196554851799,1.0395509659643336,3,-890,4237,2,9,CQ
1601,bus_3628,132.0,0.5700860710525237,1.0155212294358598,3,-1863,6796,1,8,NQ
1463,bus_3489,19.1,0.6714134092733278,0.9924961577326328,3,-1252,6502,1,8,NQ
1407,bus_3430,20.0,1.166748799494889,1.01726,3,-147,4530,2,9,CQ
1439,bus_3464,10.5,0.6672139084351322,1.00491,3,-1601,2924,0,11,SQ
1375,bus_3398,11.0,0.1934219520494256,1.0061761213303282,3,-1821,2053,0,11,SQ
1112,bus_3130,33.0,0.3832168105976918,1.0542428532878692,3,-1306,3114,0,11,SQ
1102,bus_3120,132.0,0.8189358246329717,1.0599303152185673,3,-535,5511,2,9,CQ
10074,starbus_xf_3483_3558_3484_3,132.0,0.0,1.0,3,-822,5732,1,8,NQ
1329,bus_3351,33.0,0.3059654374838147,0.9435560488939913,3,-533,4111,2,9,CQ
1079,bus_3095,66.0,0.4652401370980611,1.081486589213846,3,-1976,6884,1,8,NQ
10060,starbus_xf_3302_3304_3303_3,110.0,0.0,1.0,3,66,3102,0,11,SQ
1221,bus_3239,33.0,0.3300384339517908,1.003129192107567,3,-446,4346,2,9,CQ
1574,bus_3601,275.0,0.4337561310072888,1.0638629713407313,3,-747,2974,0,11,SQ
1196,bus_3214,110.0,0.5665437390550744,1.0439937622318372,3,-1137,2866,0,11,SQ
1044,bus_3058,110.0,0.3634047620024547,1.042331573253571,3,-1308,3419,0,11,SQ
1396,bus_3419,15.75,0.9632501780802296,1.0801,3,-1444,4973,2,9,CQ
1629,bus_3656,19.0,0.703678263390914,1.0051,3,422,2892,0,11,SQ
1379,bus_3402,110.0,0.3125251422135796,1.0426827070742364,3,-65,3166,0,11,SQ
1180,bus_3198,132.0,0.6230905863008971,1.0256015392868196,3,-944,6649,1,8,NQ
1343,bus_3365,33.0,0.250429957056973,1.0075034421260247,3,-1266,2451,0,11,SQ
1160,bus_3178,11.0,0.1623315374427177,1.0165859720335708,3,-1332,2344,0,11,SQ
1147,bus_3165,132.0,0.6929309796087558,1.0333453208008818,3,-1049,5738,1,8,NQ
1263,bus_3283,66.0,0.6121584033235875,1.037946953243329,3,-997,6898,1,8,NQ
1314,bus_3336,11.0,0.1007653137054863,1.0037608586078228,3,44,3051,0,11,SQ
10049,starbus_xf_3134_3135_3136_1,110.0,0.0,1.0,3,-1006,2471,0,11,SQ
1143,bus_3161,132.0,0.6946146658970475,1.032789804352927,3,-946,5782,1,8,NQ
1388,bus_3411,110.0,0.3245121178047662,1.0479226025787682,3,-327,2944,0,11,SQ
1386,bus_3409,11.0,0.2306498309290782,1.0151996378476156,3,-1280,3508,0,11,SQ
1369,bus_3392,33.0,0.3351117434308007,1.0506835294658925,3,-1090,3172,0,11,SQ
1184,bus_3202,66.0,0.7057607431315144,1.0021652453554195,3,-751,6043,1,8,NQ
1001,bus_3014,110.0,0.5154763756737538,1.0364131468162,3,-891,2956,0,11,SQ
1578,bus_3605,275.0,0.4485916292685336,1.0624804034763125,3,-757,3287,0,11,SQ
1373,bus_3396,33.0,0.3105459899674081,0.9964747835014494,3,-1030,3726,0,11,SQ
1172,bus_3190,132.0,0.6251566069051634,1.0260256752433603,3,-791,6837,1,8,NQ
1560,bus_3587,20.0,1.0782490655946977,0.99478,3,-557,4889,2,9,CQ
1492,bus_3518,132.0,0.6867459578816086,1.037014828936919,3,-1155,6151,1,8,NQ
1469,bus_3495,19.0,0.8213890340696146,1.0691732151806248,3,-511,5376,2,9,CQ
1254,bus_3274,132.0,0.8499670007687979,1.0320365934262394,3,-68,5301,2,9,CQ
1529,bus_3556,275.0,0.4862158644804521,1.0600477040099223,3,-853,3865,2,9,CQ
1358,bus_3381,11.0,0.2680051703903471,1.0967643017001083,3,-410,2650,0,11,SQ
1499,bus_3525,15.75,0.8339676784828057,0.98699,3,348,3653,2,9,CQ
1351,bus_3373,11.0,0.2005952789616582,1.019089487168667,3,-1606,3457,0,11,SQ
1580,bus_3607,275.0,0.7381055716111065,1.056148563895677,3,380,3765,3,10,GG
1130,bus_3148,132.0,0.5939801813731235,0.9912296672925696,3,-1323,6690,1,8,NQ
1520,bus_3547,275.0,0.5988628058257364,1.0621993293262253,3,-906,4002,2,9,CQ
1353,bus_3375,66.0,0.610681500945482,1.03729688061347,3,-857,7043,1,8,NQ
1440,bus_3465,10.5,0.5665367168920982,0.98632121972982,3,-1552,2808,0,11,SQ
1395,bus_3418,15.75,1.028843791932874,1.01725,3,-911,4889,2,9,CQ
1185,bus_3203,110.0,0.3690683319268455,1.045692882580452,3,-995,3510,0,11,SQ
1241,bus_3259,132.0,0.6323538895649216,1.0223933312724258,3,-1099,6377,1,8,NQ
1347,bus_3369,110.0,0.3495731789443259,1.041980510275131,3,-512,4317,2,9,CQ
1518,bus_3545,275.0,0.3999957199152404,1.0601934803605564,3,-600,3049,0,11,SQ
1144,bus_3162,132.0,0.6865561541680372,1.03525990207259,3,-960,5877,1,8,NQ
10053,starbus_xf_3226_3227_3228_1,110.0,0.0,1.0,3,-1030,3422,0,11,SQ
1618,bus_3645,11.0,0.291745099629543,1.002265944978008,3,-1163,3254,0,11,SQ
1426,bus_3449,11.0,0.6016240483958751,1.02374,3,-1719,7565,1,8,NQ
1437,bus_3462,11.0,0.7771487739694507,1.00347,3,-1234,7046,1,8,NQ
1010,bus_3023,132.0,0.6719909349686293,1.0161907348636712,3,-1314,5960,1,8,NQ
10055,starbus_xf_3231_3644_3645_1,110.0,0.0,1.0,3,-1064,3231,0,11,SQ
1218,bus_3236,11.0,0.4920267487573905,1.0369037601897055,3,-917,2805,0,11,SQ
10080,starbus_xf_3492_3565_3495_1,132.0,0.0,1.0,3,-453,5410,2,9,CQ
1041,bus_3055,66.0,0.8579885384878255,1.0431672150883524,3,181,5298,2,9,CQ
1156,bus_3174,132.0,0.5022159782710578,1.0305140831513082,3,-1425,4091,2,9,CQ
1332,bus_3354,110.0,0.3799332363492486,1.0483204427834454,3,-564,4081,2,9,CQ
1415,bus_3438,15.75,0.836311105115094,0.96738,3,371,3639,2,9,CQ
1053,bus_3067,132.0,0.6283354926936002,1.0273243291009568,3,-937,6566,1,8,NQ
1045,bus_3059,33.0,0.3255712576125207,0.991223694991717,3,-1401,3455,0,11,SQ
1319,bus_3341,33.0,0.2338022675324299,1.034919248904768,3,-884,2464,0,11,SQ
1165,bus_3183,22.0,0.4492542787435837,1.01673444594802,3,-1551,7483,1,8,NQ
1606,bus_3633,110.0,0.3023700294710084,1.0497379833164973,3,-1147,2506,0,11,SQ
1250,bus_3270,66.0,0.6124880145176673,1.0350468100250785,3,-1045,6993,1,8,NQ
1376,bus_3399,11.0,0.1827633249288796,1.00164245091789,3,-1830,2075,0,11,SQ
1408,bus_3431,20.0,1.182823216879331,1.01886,3,-250,4608,2,9,CQ
10068,starbus_xf_3362_3364_3363_2,110.0,0.0,1.0,3,-17,3141,0,11,SQ
1519,bus_3546,275.0,0.3703027119359224,1.0537634095323822,3,-981,2560,0,11,SQ
10065,starbus_xf_3359_3360_3361_2,110.0,0.0,1.0,3,-1519,3506,0,11,SQ
1097,bus_3115,66.0,0.6359430843071987,0.9998645367487932,3,-1450,6140,1,8,NQ
1479,bus_3505,33.0,0.2844231081091565,0.9920343784965888,3,-444,2787,0,11,SQ
1072,bus_3088,132.0,0.5079838588714297,1.0196292363902562,3,-1732,7269,1,8,NQ
1015,bus_3028,132.0,0.4497076825084893,1.0411693327675773,3,-1233,4114,2,9,CQ
1224,bus_3242,132.0,0.7273539638734663,1.0411988496748878,3,-803,5828,1,8,NQ
1597,bus_3624,275.0,0.6950133055135684,1.052099348636059,3,-25,3843,2,9,CQ
1133,bus_3151,132.0,0.8312952161664053,1.03816112705531,3,-54,5307,2,9,CQ
1420,bus_3443,19.5,1.1655453253387698,0.98849,3,-209,4591,2,9,CQ
1131,bus_3149,132.0,0.8182644006492752,1.0244626095491665,3,-419,5506,2,9,CQ
10051,starbus_xf_3177_3179_3178_1,110.0,0.0,1.0,3,-1249,2385,0,11,SQ
1058,bus_3072,132.0,0.4505587600273942,1.0413748054288363,3,-1150,4053,2,9,CQ
1283,bus_3305,66.0,0.6114206137304445,1.0338959970782755,3,-1008,7062,1,8,NQ
10082,starbus_xf_3628_3455_3453_1,132.0,0.0,1.0,3,-1863,6796,1,8,NQ
1410,bus_3433,6.6,0.9657141325119988,1.0253764146936677,3,-1287,5502,1,8,NQ
1441,bus_3466,33.0,0.6929118187427509,0.99805,3,-1562,2879,0,11,SQ
1129,bus_3147,66.0,0.6118216477262776,1.0406817513844733,3,-828,6943,1,8,NQ
1240,bus_3258,132.0,0.7004092068240421,1.036419001025182,3,-631,5997,1,8,NQ
1571,bus_3598,275.0,0.8918996894990426,1.031209393800398,3,-714,4483,2,9,CQ
1302,bus_3324,110.0,0.2824672522631188,1.0482300312947954,3,-1281,2170,0,11,SQ
1472,bus_3498,132.0,0.6733283700929401,1.0084549554835758,3,-96,3624,2,9,CQ
1289,bus_3311,110.0,0.3844351106511993,1.049486009129081,3,-668,4073,2,9,CQ
1623,bus_3650,330.0,0.6271887418988846,1.0546694817107265,3,647,2809,0,11,SQ
1003,bus_3016,33.0,0.4801442599491884,1.098498381805655,3,-931,2995,0,11,SQ
1366,bus_3389,11.0,0.2056995824232708,1.0083072566693327,3,-1451,2464,0,11,SQ
1152,bus_3170,110.0,0.5230219946211498,1.0496325421037545,3,-845,2971,0,11,SQ
1213,bus_3231,110.0,0.3919715774052256,1.0442771788481782,3,-1064,3231,0,11,SQ
1471,bus_3497,132.0,0.6735318562048239,1.0082411253773038,3,-101,3634,2,9,CQ
1150,bus_3168,132.0,0.7635729353110637,1.0358121268195035,3,-650,5604,2,9,CQ
1219,bus_3237,110.0,0.3497309640895273,1.0421800287062937,3,-472,4285,2,9,CQ
1087,bus_3103,66.0,0.547250088715019,1.0225923496178846,3,-1510,4330,2,9,CQ
989,bus_3002,132.0,0.6860056128822888,1.0262077023790948,3,-1218,5893,1,8,NQ
1139,bus_3157,132.0,0.8822389811176274,1.0250303845508897,3,-1392,4828,2,9,CQ
1191,bus_3209,132.0,0.6251612577356254,1.0260032432359902,3,-881,6734,1,8,NQ
10084,starbus_xf_3633_3514_3513_4,110.0,0.0,1.0,3,-1147,2506,0,11,SQ
1029,bus_3042,11.8,0.9728943970563624,1.0074816344705388,3,76,5045,2,9,CQ
10054,starbus_xf_3226_3227_3228_2,110.0,0.0,1.0,3,-1030,3422,0,11,SQ
1620,bus_3647,33.0,0.2983951552953413,1.0233697290315265,3,-837,3342,0,11,SQ
1579,bus_3606,275.0,0.6354209507923525,1.0570367995882426,3,-992,4175,2,9,CQ
1413,bus_3436,15.0,0.8414882753966798,1.009,3,608,3514,3,10,GG
1086,bus_3102,132.0,0.5938627755525097,1.0243597437509022,3,-1446,4295,2,9,CQ
1252,bus_3272,132.0,0.7967338331225359,1.0337,3,-134,5468,2,9,CQ
1421,bus_3444,20.5,0.81920193961518,0.97748,3,-307,3700,2,9,CQ
1193,bus_3211,132.0,0.6718098994936895,1.0247363026510183,3,-1228,6939,1,8,NQ
1098,bus_3116,132.0,0.4639070089378814,1.0319209151355748,3,-1254,4050,2,9,CQ
1480,bus_3506,110.0,0.3762604546801137,1.0466991902690372,3,-1055,3399,0,11,SQ
1000,bus_3013,11.0,0.4731196836278954,1.0101745327894491,3,-1406,4123,2,9,CQ
1494,bus_3520,33.0,0.3220923942460786,1.0344406876825278,3,-936,3314,0,11,SQ
1170,bus_3188,66.0,0.5939974866027733,0.9849387996774256,3,-1432,4432,2,9,CQ
1274,bus_3295,21.0,0.8967943154390458,1.07483,3,562,3886,3,10,GG
1462,bus_3488,19.1,0.6733995388594832,0.9925539671352446,3,-1229,6494,1,8,NQ
1294,bus_3316,33.0,0.3790987324983296,1.0429859442227658,3,-928,4294,2,9,CQ
1458,bus_3484,19.1,0.7630543371939088,1.06982534500168,3,-852,5607,1,8,NQ
10071,starbus_xf_3379_3380_3381_3,110.0,0.0,1.0,3,-438,2691,0,11,SQ
1016,bus_3029,33.0,0.4232529668244825,1.0211827130168332,3,-1272,4174,2,9,CQ
1422,bus_3445,21.0,0.4337561310072891,1.0193808958839734,3,-777,2968,0,11,SQ
1438,bus_3463,10.5,0.8223583269796756,0.92011,3,-928,7430,1,8,NQ
1060,bus_3074,110.0,0.519243301801018,1.047329904668432,3,-951,2806,0,11,SQ
1391,bus_3414,11.0,0.1611265865055637,1.0079256763359792,3,-125,2966,0,11,SQ
1137,bus_3155,11.0,0.8399802685477136,1.0006,3,618,4166,3,10,GG
1286,bus_3308,11.0,0.1431688902767638,0.9637916277304373,3,-1705,2130,0,11,SQ
1617,bus_3644,11.0,0.2922488261605751,1.00848467674769,3,-1158,3275,0,11,SQ
1207,bus_3225,132.0,0.4808337375274592,1.0111342091242483,3,-2013,6902,1,8,NQ
1500,bus_3526,15.75,0.8371305281560271,0.98381,3,389,3622,2,9,CQ
1268,bus_3289,132.0,0.5891490118731474,1.0348222161511544,3,1503,4551,3,10,GG
1596,bus_3623,110.0,0.348056729471032,1.0417897728865064,3,-816,3268,0,11,SQ
1442,bus_3467,110.0,0.4005693826291623,1.0408467884179144,3,-1130,3182,0,11,SQ
1257,bus_3277,132.0,0.6963270902808949,1.025893687193441,3,-1035,5731,1,8,NQ
1258,bus_3278,132.0,0.6509826181950917,1.0341371793262375,3,485,4116,2,9,CQ
1337,bus_3359,110.0,0.3610199048122249,1.0411083938234091,3,-1519,3506,0,11,SQ
1099,bus_3117,132.0,0.7967543885250883,1.0408894579565915,3,-470,5484,2,9,CQ
1586,bus_3613,275.0,0.7307717493012568,1.0547772558188189,3,419,3556,2,9,CQ
1036,bus_3050,132.0,0.9530212160425314,1.023206773303602,3,123,5110,2,9,CQ
1401,bus_3424,20.0,0.7971548584189599,1.01123,3,-211,3633,2,9,CQ
1430,bus_3454,11.0,0.6399041993842071,0.9398,3,-1918,6944,1,8,NQ
995,bus_3008,6.6,0.8824371301291409,1.02753720033805,3,-1477,4995,2,9,CQ
1359,bus_3382,110.0,0.3506203391967573,1.0423502883623337,3,-541,4204,2,9,CQ
1599,bus_3626,132.0,0.666231188500209,0.9685350983831894,3,-1435,6262,1,8,NQ
10069,starbus_xf_3371_3372_3373_1,110.0,0.0,1.0,3,-1496,3449,0,11,SQ
1380,bus_3403,33.0,0.2848598463434905,1.0097214445611988,3,-17,3237,0,11,SQ
1281,bus_3303,11.0,0.2065284747171105,0.9978932441865108,3,147,3136,0,11,SQ
1111,bus_3129,110.0,0.4231679608252987,1.020704761077681,3,-1207,3092,0,11,SQ
1154,bus_3172,132.0,0.6783502089634039,1.032336281375973,3,-1334,6180,1,8,NQ
1505,bus_3532,132.0,0.6209271220650996,1.038753641400372,3,-1165,4217,2,9,CQ
1055,bus_3069,132.0,0.6996908955539121,1.024493312990593,3,-725,6053,1,8,NQ
1414,bus_3437,15.0,0.8467717202706512,1.06955,3,600,3549,3,10,GG
1456,bus_3482,132.0,0.973516346915538,1.02049328440315,3,-982,5236,1,8,NQ
1523,bus_3550,275.0,0.9232659497132047,1.0333039205606782,3,-918,4796,2,9,CQ
1119,bus_3137,132.0,0.5756214342053286,1.0132171713919789,3,493,4108,2,9,CQ
1187,bus_3205,110.0,0.3697393063045959,1.0460479933504254,3,-1012,3485,0,11,SQ
1063,bus_3077,132.0,0.6379158927598109,1.0212063782331802,3,-1074,6928,1,8,NQ
1341,bus_3363,11.0,0.1658696752632088,1.0020635122644654,3,40,3209,0,11,SQ
1478,bus_3504,110.0,0.3257274835387498,1.0433466205221438,3,-479,2780,0,11,SQ
1300,bus_3322,110.0,0.3177164561273373,1.0352876483080564,3,-411,2737,0,11,SQ
1621,bus_3648,330.0,0.7182385815417125,1.0580095268548524,3,503,3236,0,11,SQ
1564,bus_3591,275.0,0.7315439814691136,1.0536492981037135,3,-1070,5934,1,8,NQ
1209,bus_3227,11.0,0.2779576568735576,1.0030293460008035,3,-1101,3486,0,11,SQ
1061,bus_3075,33.0,0.4771545933684323,1.0249873341804951,3,-1029,2801,0,11,SQ
1365,bus_3388,11.0,0.2147912409866961,1.0243753141854863,3,-1451,2507,0,11,SQ
1304,bus_3326,33.0,0.2366496183846268,1.023356249397257,3,-1331,2135,0,11,SQ
1378,bus_3401,66.0,0.6108049680662061,1.0377671163881246,3,-896,6940,1,8,NQ
1203,bus_3221,11.0,0.8125958480776659,1.0203253915524473,3,-1863,4969,2,9,CQ
1230,bus_3248,132.0,0.6810310480811218,1.0385916052356507,3,-1173,6240,1,8,NQ
1030,bus_3043,11.8,0.9728943970563624,1.0074816344705388,3,94,5061,2,9,CQ
1161,bus_3179,11.0,0.1654987923285561,1.0170855839339736,3,-1336,2364,0,11,SQ
1096,bus_3114,132.0,0.6545556853488385,1.0141913476922,3,-1373,6081,1,8,NQ
1173,bus_3191,22.0,0.5684489647469737,1.039026865397719,3,-1368,7212,1,8,NQ
1182,bus_3200,33.0,0.5837505480438155,0.9689230902119994,3,-909,6699,1,8,NQ
1371,bus_3394,33.0,0.345977618933855,1.0254579463844986,3,-661,4211,2,9,CQ
1390,bus_3413,110.0,0.3157062501446671,1.0440330782904843,3,-187,2958,0,11,SQ
1397,bus_3420,15.75,0.9674123787307364,1.07699,3,-1407,5020,2,9,CQ
1140,bus_3158,275.0,0.7351725261456934,1.0554790935884322,3,307,3563,2,9,CQ
1503,bus_3530,132.0,0.9491392731932032,1.038462198390625,3,-1231,4614,2,9,CQ
1026,bus_3039,132.0,0.9728943970563636,1.0248520074786522,3,43,4965,2,9,CQ
1452,bus_3478,132.0,0.4258484957419508,1.0363987764622986,3,-1071,4053,2,9,CQ
1357,bus_3380,11.0,0.2690464139899305,1.088135030485199,3,-389,2652,0,11,SQ
1491,bus_3517,19.1,0.5695169283850086,1.002966322558427,3,-1629,6712,1,8,NQ
1400,bus_3423,20.0,0.7962814883133653,1.01525,3,-243,3682,2,9,CQ
1392,bus_3415,11.0,0.1659513251965518,1.02167317150474,3,-127,2990,0,11,SQ
1457,bus_3483,132.0,0.7595507984473387,1.0309429234681395,3,-822,5732,1,8,NQ
1040,bus_3054,132.0,0.8857402705386791,1.019410744240545,3,120,5207,2,9,CQ
10056,starbus_xf_3231_3644_3645_2,110.0,0.0,1.0,3,-1064,3231,0,11,SQ
1507,bus_3534,110.0,0.3916600698385663,1.0502354939871437,3,-938,3182,0,11,SQ
1338,bus_3360,11.0,0.2387660131100052,1.001028591535081,3,-1593,3546,0,11,SQ
1461,bus_3487,19.1,0.6455054540136858,0.994436562273276,3,-1243,6489,1,8,NQ
1009,bus_3022,66.0,0.5533091102600126,1.0703509781409957,3,-1385,4213,2,9,CQ
1287,bus_3309,11.0,0.1314181920787458,0.96665847919797,3,-1686,2079,0,11,SQ
1436,bus_3461,15.0,0.625156606905161,1.009371052870988,3,-738,6931,1,8,NQ
1292,bus_3314,110.0,0.4077619139789676,1.0409391994852273,3,-852,4136,2,9,CQ
1624,bus_3651,132.0,0.6122776007400844,1.047312115801878,3,721,2854,0,11,SQ
1025,bus_3038,11.0,0.8188353464574448,0.9975638041247428,3,-1716,4891,2,9,CQ
10062,starbus_xf_3333_3336_3335_1,110.0,0.0,1.0,3,-26,3018,0,11,SQ
1448,bus_3474,33.0,0.2713714787717179,1.0342244483505283,3,-1309,2283,0,11,SQ
1197,bus_3215,11.0,0.5836966280835296,0.9831928999241608,3,-1170,6962,1,8,NQ
1042,bus_3056,110.0,0.4971104666480893,1.0392825932556982,3,-996,2948,0,11,SQ
1116,bus_3134,110.0,0.2912193943925737,1.0394759467047827,3,-1006,2471,0,11,SQ
1215,bus_3233,132.0,0.7091659645689595,1.0334069699704416,3,-1195,4623,2,9,CQ
1123,bus_3141,132.0,0.6397782189236072,1.0226651991514544,3,-1145,6756,1,8,NQ
1006,bus_3019,110.0,0.3683611106002971,1.0310037495537765,3,-763,4172,2,9,CQ
1335,bus_3357,110.0,0.318991027481233,1.04400021643653,3,-274,3142,0,11,SQ
1008,bus_3021,132.0,0.5768000901626477,1.036592902205884,3,-1296,4156,2,9,CQ
1416,bus_3439,15.75,0.8673606791301236,0.96634,3,377,3571,2,9,CQ
1107,bus_3125,11.0,0.2095999529759574,1.0217436437971528,3,-1373,2400,0,11,SQ
998,bus_3011,33.0,0.4879006571087264,0.9854764171626508,3,-1396,4072,2,9,CQ
1138,bus_3156,11.0,0.7209229710695484,0.97188,3,571,4159,3,10,GG
1474,bus_3500,66.0,0.6604478008366637,1.0249158890345662,3,-139,3745,2,9,CQ
1766,bus_4150,275.0,0.8546338266691447,1.0434651639778585,4,-2282,-1835,2,13,CSA
1886,bus_4271,66.0,0.8142529437021649,1.0130723789650553,4,-2313,-3113,1,14,SESA
1881,bus_4266,66.0,0.8161716774400424,1.015371675829677,4,-2234,-3018,1,14,SESA
1907,bus_4295,66.0,0.787472213801988,1.0142211606167597,4,-1997,-2284,2,13,CSA
2057,bus_4446,11.0,0.7701558750320688,1.0118463532149826,4,-2382,-3109,1,14,SESA
10095,starbus_xf_4160_4097_4401_1,132.0,0.0,1.0,4,-3689,-1737,0,12,NSA
1935,bus_4323,66.0,0.798625334756971,1.0118480240942755,4,-1926,-2226,2,13,CSA
1894,bus_4279,66.0,0.7924140772331598,1.0147371065457174,4,-2083,-2441,2,13,CSA
1880,bus_4265,66.0,0.805730106108134,1.013864589769762,4,-2167,-3907,1,14,SESA
2078,bus_4467,11.0,0.7588754758887694,0.9944889903428884,4,-1686,-3006,1,14,SESA
1783,bus_4168,132.0,0.8841916437012604,1.0421126300352257,4,-3294,-1435,0,12,NSA
1825,bus_4210,132.0,0.7816991193442504,1.0161697322806114,4,-1444,-1776,2,13,CSA
1863,bus_4248,66.0,0.8088163010232368,1.0172843226158692,4,-2385,-2413,2,13,CSA
1941,bus_4329,66.0,0.8090232660406212,1.007789064052989,4,-1670,-2053,2,13,CSA
10088,starbus_xf_4038_4035_4036_2,66.0,0.0,1.0,4,-2644,-2675,2,13,CSA
1918,bus_4306,66.0,0.7958286891082296,1.016797285950203,4,-1608,-3338,1,14,SESA
2075,bus_4464,11.0,0.746837540215035,1.0072094364127526,4,-1626,-3336,1,14,SESA
1665,bus_4033,11.5,0.8091664559764246,0.97606,4,-2699,-2747,2,13,CSA
2062,bus_4451,11.0,0.732947960612703,0.9854358689187436,4,-2149,-2453,2,13,CSA
1748,bus_4132,66.0,0.8114371510942457,1.0118198239026803,4,-2547,-2226,2,13,CSA
1990,bus_4379,33.0,0.8096013357851564,1.0001923850414542,4,-2084,-4020,1,14,SESA
2049,bus_4438,11.0,0.7428936596452387,1.0080576459827535,4,-2191,-3149,1,14,SESA
1685,bus_4053,15.75,0.9322815892520716,0.99759,4,-1976,-2688,1,14,SESA
1754,bus_4138,275.0,0.7890621181957468,1.0623972172262666,4,-955,-2336,1,14,SESA
2013,bus_4402,11.0,0.6356764875269529,1.004087905593103,4,-3245,-1797,0,12,NSA
1824,bus_4209,132.0,0.7878954065660009,1.015700233495428,4,-1518,-1647,2,13,CSA
1785,bus_4170,132.0,0.8866412820649406,1.0394429915916916,4,-3108,-1515,0,12,NSA
1804,bus_4189,132.0,0.8394792790479975,1.0049030252240545,4,-2270,-1492,2,13,CSA
2096,bus_4485,11.0,0.749279212866205,1.01446636512431,4,-2511,-2370,2,13,CSA
2011,bus_4400,11.0,1.067375292648962,0.9816919912337284,4,-3762,-1734,0,12,NSA
2084,bus_4473,11.0,0.7063837257947675,1.003977502047599,4,-1505,-3127,1,14,SESA
2097,bus_4486,11.0,0.7524199630952008,0.9885900180955318,4,-1784,-2804,1,14,SESA
2025,bus_4414,11.0,0.7973273435779661,0.9902868146930291,4,-2087,-2646,2,13,CSA
10085,starbus_xf_4031_4028_4027_2,66.0,0.0,1.0,4,-2169,-2688,2,13,CSA
1974,bus_4363,33.0,1.0190736363398674,1.022908616305847,4,-2757,-1977,2,13,CSA
1938,bus_4326,66.0,0.8316737809291146,1.023676099374492,4,-2067,-3191,1,14,SESA
1968,bus_4357,33.0,1.0191410370973224,1.0161113451428676,4,-2980,-1919,0,12,NSA
1684,bus_4052,15.75,0.933826412361732,0.99553,4,-1991,-2671,1,14,SESA
2001,bus_4390,33.0,0.7443782250990633,1.070423013040781,4,-1258,-2001,1,14,SESA
10104,starbus_xf_4254_4377_4432_1,66.0,0.0,1.0,4,-2249,-3731,1,14,SESA
1710,bus_4083,1.0,1.2829990492954508,0.98213,4,-908,-3252,1,14,SESA
1882,bus_4267,66.0,0.8094765536715418,1.013276623566706,4,-2182,-3328,1,14,SESA
1864,bus_4249,66.0,0.8250234332553332,1.0176224845909143,4,-2040,-3485,1,14,SESA
2083,bus_4472,11.0,0.756622259918852,0.9960378312755728,4,-1519,-3336,1,14,SESA
1675,bus_4043,9.5,0.9578291278991072,0.991404630950832,4,-2428,-1596,2,13,CSA
1758,bus_4142,275.0,0.8253025665216815,1.0485248834422327,4,-1751,-2289,2,13,CSA
1780,bus_4165,132.0,0.8991645912389261,1.0063544174367105,4,-3288,-1647,0,12,NSA
1720,bus_4101,275.0,0.6990577408600129,1.05174,4,-707,-2550,1,14,SESA
1659,bus_4027,11.5,0.7979788424161514,0.98064,4,-2243,-2743,2,13,CSA
1923,bus_4311,66.0,0.7977585313977541,1.0149403132238908,4,-1657,-2805,1,14,SESA
1985,bus_4374,33.0,1.097623601575928,1.005761994770748,4,-2669,-784,0,12,NSA
1997,bus_4386,33.0,0.7501100389163782,1.0011941263297812,4,-1471,-1726,2,13,CSA
1876,bus_4261,66.0,0.7983170952040046,1.019371448674372,4,-1550,-3288,1,14,SESA
1969,bus_4358,33.0,1.0309452701785289,1.013156526222936,4,-2996,-1862,0,12,NSA
2012,bus_4401,11.0,1.0672132131531202,0.9833989508611244,4,-3745,-1757,0,12,NSA
1830,bus_4215,132.0,0.7673415404700917,1.0438487351258332,4,-1229,-2017,1,14,SESA
2005,bus_4394,33.0,0.9468987648613556,1.015303206530919,4,-882,-2787,1,14,SESA
2101,bus_4490,11.0,0.7659962083268308,0.9874496203287908,4,-2624,-2161,2,13,CSA
1810,bus_4195,132.0,1.0128511730464895,1.006160606793215,4,-2613,-1157,0,12,NSA
1681,bus_4049,0.6899999999999998,1.0285553532542693,1.0678,4,-2992,-1827,0,12,NSA
1949,bus_4338,66.0,0.8026935064452144,1.0118759096107686,4,-1897,-2008,2,13,CSA
1836,bus_4221,132.0,1.0186419303198408,1.017403885050437,4,-921,-2976,1,14,SESA
1914,bus_4302,66.0,0.7952756629131276,1.0149966254700715,4,-1637,-3056,1,14,SESA
1786,bus_4171,132.0,0.9209837496522612,1.0002844266855877,4,-2650,-1357,0,12,NSA
2015,bus_4404,11.0,0.6647317219283203,0.99926335803193,4,-3241,-1776,0,12,NSA
1704,bus_4077,11.5,0.9620733475135844,0.9070031709680416,4,-926,-2803,1,14,SESA
1731,bus_4114,275.0,0.9509042120906168,1.0456053455762444,4,-2627,-1902,2,13,CSA
1797,bus_4182,132.0,0.8824369193009854,1.047830382464256,4,-3298,-1459,0,12,NSA
1842,bus_4227,33.0,0.890133634943968,1.0218370370296206,4,-2622,-1418,0,12,NSA
1807,bus_4192,132.0,0.8382006868086461,1.0137523398236978,4,-2129,-1569,2,13,CSA
1841,bus_4226,66.0,0.8316796955240364,1.0236313626706184,4,-2009,-3012,1,14,SESA
1734,bus_4117,275.0,0.8918446426750021,1.0525380716279742,4,-2144,-1797,2,13,CSA
1959,bus_4348,33.0,1.2093277453357,0.9902487153976424,4,-4001,-1850,0,12,NSA
1696,bus_4066,15.75,0.9258467125259164,1.01738,4,-2002,-3402,1,14,SESA
10101,starbus_xf_4220_4074_4498_3,132.0,0.0,1.0,4,-898,-2745,1,14,SESA
1699,bus_4072,11.0,0.8860019606085484,1.0036,4,-993,-2257,1,14,SESA
1800,bus_4185,132.0,0.4445983174749791,1.0115021193844085,4,-2132,-986,2,13,CSA
1986,bus_4375,33.0,1.222992677655115,1.019210127992095,4,-2759,-629,0,12,NSA
10094,starbus_xf_4160_4097_4400_2,132.0,0.0,1.0,4,-3689,-1737,0,12,NSA
2104,bus_4493,11.0,0.6464491224154135,1.0880006061480592,4,-3398,-1834,0,12,NSA
1847,bus_4232,66.0,0.8049726141185106,1.0097195360942486,4,-2474,-3181,1,14,SESA
2047,bus_4436,11.0,0.77444847398318,0.9956220266247237,4,-2029,-4085,1,14,SESA
1945,bus_4334,66.0,0.7928948343799006,1.0180711441037225,4,-1759,-2530,2,13,CSA
10098,starbus_xf_4186_4230_4494_1,132.0,0.0,1.0,4,-2151,-876,2,13,CSA
1765,bus_4149,275.0,0.7836039282210141,1.062471148027493,4,-1481,-2118,1,14,SESA
1784,bus_4169,132.0,0.6902090548964975,0.9993210326214044,4,-3172,-1760,0,12,NSA
2010,bus_4399,33.0,0.8159777375864223,1.0126776164448257,4,-2620,-2183,2,13,CSA
1755,bus_4139,275.0,0.78453610356816,1.0636350732821178,4,-952,-2323,1,14,SESA
2051,bus_4440,11.0,0.7357890679729604,1.0019697428053718,4,-2215,-3825,1,14,SESA
1799,bus_4184,132.0,0.84190241513229,1.0241487717932831,4,-2137,-1434,2,13,CSA
1713,bus_4089,132.0,0.9039215339500551,1.0127009651993502,4,-3041,-1585,0,12,NSA
2095,bus_4484,11.0,0.7998389100448774,1.0032997946940874,4,-1910,-3215,1,14,SESA
1656,bus_4024,0.6899999999999998,1.1076928739159944,1.01544,4,-3059,-1328,0,12,NSA
1759,bus_4143,275.0,0.854485088714558,1.0402915457108286,4,-2306,-1996,2,13,CSA
1811,bus_4196,132.0,1.0170110134028398,1.0051099104030174,4,-2527,-1019,0,12,NSA
1708,bus_4081,1.0,1.2741973879000998,1.01253,4,-993,-3168,1,14,SESA
1729,bus_4112,275.0,0.8513125622145675,1.0406718804876574,4,-2004,-2596,2,13,CSA
1753,bus_4137,275.0,0.826236446419679,1.048193041801558,4,-1782,-2384,2,13,CSA
1808,bus_4193,132.0,0.8436883601200103,1.0113088183501295,4,-2249,-1373,2,13,CSA
1958,bus_4347,33.0,1.181280981980833,1.0068771028978034,4,-3833,-1851,0,12,NSA
2099,bus_4488,11.0,0.7655241010360622,1.002488798346629,4,-1636,-3032,1,14,SESA
10089,starbus_xf_4104_4039_4040_1,275.0,0.0,1.0,4,-2402,-1656,2,13,CSA
1793,bus_4178,132.0,0.7563422637331267,1.0096925776512176,4,-2148,-1243,2,13,CSA
2070,bus_4459,11.0,0.6863404698077824,0.9926298575409908,4,-1894,-2326,2,13,CSA
1662,bus_4030,11.5,0.7979788507935387,0.98277,4,-2224,-2738,2,13,CSA
1761,bus_4145,275.0,0.8289470874271551,1.0534779727970651,4,-1727,-2102,2,13,CSA
2017,bus_4406,11.0,0.6372179525672285,1.00581517117673,4,-3384,-1875,0,12,NSA
1947,bus_4336,33.0,0.7822492000184788,1.0145347542783552,4,-1859,-1516,2,13,CSA
1654,bus_4022,0.6899999999999998,1.1195668102203864,1.01263,4,-3032,-1224,0,12,NSA
1702,bus_4075,11.5,0.962073347513588,0.9954912852088296,4,-932,-2764,1,14,SESA
1915,bus_4303,66.0,0.7958603057985288,1.0167297927547956,4,-1601,-3239,1,14,SESA
1686,bus_4054,15.75,0.9473759319573736,0.99607,4,-1964,-2673,1,14,SESA
1745,bus_4128,275.0,0.856688022424591,1.0407798896005185,4,-1960,-2598,2,13,CSA
2058,bus_4447,11.0,0.7578420098071468,0.998934053579429,4,-2408,-3221,1,14,SESA
1967,bus_4356,33.0,1.110319688925498,0.9858139864750984,4,-3940,-1763,0,12,NSA
1648,bus_4015,0.48,1.0191410370800973,1.0170456246516886,4,-3061,-1963,0,12,NSA
1931,bus_4319,66.0,0.806309710128416,1.0168463925479674,4,-1827,-2251,2,13,CSA
10097,starbus_xf_4166_4356_4492_4,132.0,0.0,1.0,4,-3848,-1764,0,12,NSA
1672,bus_4040,13.2,0.9578291284752498,0.991404635626332,4,-2466,-1680,2,13,CSA
1815,bus_4200,132.0,0.8946545647115988,1.019258511405663,4,-2525,-1301,0,12,NSA
1791,bus_4176,132.0,0.8565021154531214,1.024190934412006,4,-2223,-1226,2,13,CSA
2003,bus_4392,33.0,0.7942242284904156,1.0102522541856167,4,-926,-2601,1,14,SESA
1717,bus_4096,33.0,1.2004512399700988,0.9846347505404892,4,-929,-3281,1,14,SESA
1976,bus_4365,33.0,0.8671868107455808,1.010321089140466,4,-2798,-1260,0,12,NSA
1838,bus_4223,132.0,0.899156328511328,1.0063985851630832,4,-3363,-1658,0,12,NSA
1885,bus_4270,66.0,0.8148730741371254,1.0139896418954444,4,-2297,-3132,1,14,SESA
1700,bus_4073,11.0,0.8103758981456839,1.0056628108986574,4,-1003,-2330,1,14,SESA
2056,bus_4445,11.0,0.7893805430665214,0.9899775437934027,4,-2376,-3188,1,14,SESA
2034,bus_4423,1.0,1.2959135766876873,1.079505122177093,4,-2868,-465,0,12,NSA
2038,bus_4427,7.6,0.8256668532193994,1.0021200067732672,4,-1900,-3493,1,14,SESA
1660,bus_4028,11.5,0.7979788424161535,0.98165,4,-2241,-2722,2,13,CSA
2059,bus_4448,11.0,0.7809006644774938,0.979851136244788,4,-2503,-3300,1,14,SESA
1803,bus_4188,132.0,0.913505458590559,1.0152900072439068,4,-2750,-1191,0,12,NSA
1822,bus_4207,132.0,0.7967558085914863,1.0172327333403517,4,-1727,-1560,2,13,CSA
1817,bus_4202,132.0,0.8031825890633604,1.02185456724895,4,-1611,-2026,2,13,CSA
2074,bus_4463,11.0,0.7245211266690275,0.986702771770832,4,-1720,-2989,1,14,SESA
2090,bus_4479,11.0,0.7882750443234373,0.9893603571060908,4,-1940,-1963,2,13,CSA
2039,bus_4428,7.6,0.8079364501234647,0.9822045441481309,4,-2072,-3582,1,14,SESA
2107,bus_4496,11.0,0.7960146594416664,1.0109129095842655,4,-929,-2573,1,14,SESA
2109,bus_4498,11.0,1.0009142785140706,1.014283369980379,4,-914,-2821,1,14,SESA
1877,bus_4262,66.0,0.8316736747272485,1.023676870114796,4,-2125,-3304,1,14,SESA
1910,bus_4298,66.0,0.7989615378264,1.0200382515808772,4,-1489,-3282,1,14,SESA
2091,bus_4480,11.0,0.7868237231089324,0.9914230510430972,4,-1918,-1872,2,13,CSA
1663,bus_4031,66.0,0.7979788797348379,1.01428437,4,-2169,-2688,2,13,CSA
1872,bus_4257,66.0,0.8108985050173964,1.0133323221374182,4,-2063,-3911,1,14,SESA
1679,bus_4047,0.6899999999999998,1.0897389117349887,1.06733,4,-2544,-1578,2,13,CSA
1674,bus_4042,10.5,0.957829158082395,0.9914046653959449,4,-2470,-1647,2,13,CSA
1639,bus_4006,11.0,1.110319688925499,0.97364344343219,4,-4015,-1769,0,12,NSA
1775,bus_4160,132.0,1.0675628260371026,1.0188641075154787,4,-3689,-1737,0,12,NSA
1917,bus_4305,66.0,0.7940089414722846,1.0148118280813296,4,-1601,-3380,1,14,SESA
2029,bus_4418,11.0,0.7989307518006196,1.0076750628989937,4,-2466,-2423,2,13,CSA
1892,bus_4277,66.0,0.8160249474007801,1.016638771161683,4,-1862,-2484,1,14,SESA
1707,bus_4080,0.6899999999999998,1.26553704446264,0.9814035742623648,4,-969,-3162,1,14,SESA
1934,bus_4322,66.0,0.8056358334301286,1.0169462639455746,4,-1850,-2218,2,13,CSA
1664,bus_4032,33.0,0.8102502236279259,0.9870118041005608,4,-2369,-1377,2,13,CSA
2037,bus_4426,7.6,0.7956562959333335,0.9986720191214256,4,-2020,-3653,1,14,SESA
1870,bus_4255,66.0,0.8102228735052428,1.0128435006969732,4,-2167,-3336,1,14,SESA
2080,bus_4469,11.0,0.7727905303341133,0.9962103538920044,4,-1639,-2861,1,14,SESA
1812,bus_4197,132.0,1.1015481300314265,1.0054383499249433,4,-2609,-831,0,12,NSA
1703,bus_4076,11.5,0.9620733475135878,0.9186016769906532,4,-943,-2787,1,14,SESA
1744,bus_4127,33.0,1.0062122406668237,0.9993675762719262,4,-2654,-894,0,12,NSA
1641,bus_4008,1.0,1.0226967584905304,0.9941,4,-2595,-596,0,12,NSA
1839,bus_4224,132.0,0.8103758981456861,1.0437560991902743,4,-973,-2291,1,14,SESA
1993,bus_4382,66.0,0.8216879350564416,1.0178960401353152,4,-2428,-2099,2,13,CSA
1671,bus_4039,13.2,0.9578291284752464,0.9914046356263304,4,-2452,-1688,2,13,CSA
1943,bus_4332,66.0,0.8142516576866973,1.0145022614042054,4,-2030,-3754,1,14,SESA
1658,bus_4026,0.6899999999999998,0.9304113128825348,0.99318,4,-2919,-1065,0,12,NSA
1953,bus_4342,66.0,0.7957188377582693,1.014782842832906,4,-1640,-2952,1,14,SESA
1900,bus_4285,66.0,0.812558434802918,1.0157180982873784,4,-1784,-2602,1,14,SESA
1653,bus_4020,0.6899999999999998,1.0583632987547236,1.02561,4,-2827,-1995,2,13,CSA
1661,bus_4029,11.5,0.7979788507935229,0.97347,4,-2227,-2760,2,13,CSA
2063,bus_4452,11.0,0.7275777214371074,0.9889321003885154,4,-2117,-2487,2,13,CSA
1957,bus_4346,33.0,0.9223536496280494,1.00259921711196,4,-3660,-1696,0,12,NSA
10092,starbus_xf_4104_4045_4046_4,275.0,0.0,1.0,4,-2402,-1656,2,13,CSA
2035,bus_4424,11.0,0.763335183505741,0.9916961146821528,4,-1938,-3768,1,14,SESA
1781,bus_4166,132.0,1.129165294240265,1.002785550198709,4,-3848,-1764,0,12,NSA
1749,bus_4133,275.0,0.8481600839479384,1.0387360565117372,4,-2072,-2841,2,13,CSA
1742,bus_4125,275.0,0.8509543050823042,1.040031698496496,4,-2074,-2389,2,13,CSA
1650,bus_4017,0.48,1.0309452701672397,1.0137875449325429,4,-3070,-1848,0,12,NSA
1932,bus_4320,66.0,0.7997764921424011,1.014260677706131,4,-1945,-2363,2,13,CSA
1937,bus_4325,66.0,0.8083087748461812,1.0124286013130115,4,-1886,-1930,2,13,CSA
2031,bus_4420,11.0,0.7664182832418037,0.9951913992615308,4,-2382,-2515,2,13,CSA
1752,bus_4136,275.0,0.8331785448635991,1.0446225641827658,4,-2015,-2389,2,13,CSA
1712,bus_4085,33.0,1.0313726816255762,1.00997,4,-2465,-1810,2,13,CSA
1982,bus_4371,33.0,0.8189945593512353,0.995026343506634,4,-2321,-1420,2,13,CSA
1649,bus_4016,0.48,1.0309452701674666,1.0137635157707443,4,-3064,-1874,0,12,NSA
2067,bus_4456,11.0,0.749768060001906,0.9920889404088218,4,-2245,-2834,2,13,CSA
2098,bus_4487,11.0,0.774760806618118,0.99591405201102,4,-2070,-4112,1,14,SESA
1635,bus_4002,275.0,0.934580588158561,1.0512629330519043,4,-2616,-1803,2,13,CSA
1821,bus_4206,132.0,0.8069656567833875,1.0197211652870053,4,-1840,-1583,2,13,CSA
1844,bus_4229,66.0,0.419103271683612,0.9875839377386504,4,-2143,-896,2,13,CSA
2111,bus_4500,33.0,0.8890799064643558,1.0370145513826667,4,-2424,-1109,0,12,NSA
1727,bus_4110,275.0,0.9285295256352528,1.045087042934149,4,-2493,-1830,2,13,CSA
2069,bus_4458,11.0,0.7326430340741841,1.002272046533859,4,-2045,-2244,2,13,CSA
1950,bus_4339,66.0,0.7977919291009136,1.0148922709240782,4,-1757,-2733,1,14,SESA
1763,bus_4147,275.0,0.8448337032796788,1.033861945066547,4,-1685,-2651,2,13,CSA
2089,bus_4478,11.0,0.7604763072174864,1.0007311423184946,4,-1922,-2096,2,13,CSA
2055,bus_4444,11.0,0.7882079060459322,0.9921862704248082,4,-2351,-3218,1,14,SESA
1851,bus_4236,66.0,0.8110477083231303,1.0183687797308527,4,-2396,-2385,2,13,CSA
2076,bus_4465,11.0,0.7542854251615241,0.9984864157545544,4,-1608,-3485,1,14,SESA
1912,bus_4300,66.0,0.8036893189955587,1.017589124516057,4,-1720,-2576,1,14,SESA
1977,bus_4366,33.0,0.8652501585920608,1.0123486124975205,4,-2772,-1272,0,12,NSA
2079,bus_4468,11.0,0.753583297938011,0.9962824266799472,4,-1452,-3242,1,14,SESA
1861,bus_4246,66.0,0.8199939270109796,1.0170879792837024,4,-1996,-3550,1,14,SESA
10105,starbus_xf_4257_4379_4434_1,66.0,0.0,1.0,4,-2063,-3911,1,14,SESA
1946,bus_4335,66.0,0.8336070949994404,1.024359092176964,4,-1901,-3129,1,14,SESA
2022,bus_4411,11.0,0.79587693412684,0.9909460630906084,4,-2096,-2617,2,13,CSA
1690,bus_4058,13.8,0.8972189405623618,1.00101,4,-2044,-2666,2,13,CSA
2106,bus_4495,11.0,0.4180808440292956,0.9871898603216346,4,-2187,-796,2,13,CSA
1669,bus_4037,11.5,0.8091664889201806,0.97427,4,-2715,-2741,2,13,CSA
1655,bus_4023,0.6899999999999998,1.095661523856485,1.01358,4,-3049,-1272,0,12,NSA
1924,bus_4312,66.0,0.7962389916650209,1.0147517711716023,4,-1586,-2960,1,14,SESA
1835,bus_4220,132.0,0.9620733475135834,1.0203785673390493,4,-898,-2745,1,14,SESA
1667,bus_4035,11.5,0.8091664652883165,0.9779,4,-2721,-2716,2,13,CSA
2072,bus_4461,11.0,0.6545967157377534,0.9722464149782972,4,-2012,-2461,2,13,CSA
1676,bus_4044,9.5,0.957829127899108,0.9914046309508338,4,-2437,-1620,2,13,CSA
1902,bus_4287,66.0,0.8010793859476004,1.0087303359984023,4,-1760,-2851,1,14,SESA
10096,starbus_xf_4166_4356_4491_3,132.0,0.0,1.0,4,-3848,-1764,0,12,NSA
1901,bus_4286,66.0,0.8036513102861498,1.0133301852488363,4,-1730,-2741,1,14,SESA
1983,bus_4372,33.0,0.9972663455956844,1.01394,4,-2924,-1824,0,12,NSA
1979,bus_4368,33.0,1.0481906874053193,1.0139811151267066,4,-2979,-1308,0,12,NSA
1760,bus_4144,275.0,0.9345636538039416,1.0513971297174207,4,-2706,-1816,2,13,CSA
1723,bus_4104,275.0,0.9578291616759464,1.053367465490343,4,-2402,-1656,2,13,CSA
1843,bus_4228,66.0,0.6595852081017479,1.0123162544198343,4,-2150,-1130,2,13,CSA
1998,bus_4387,33.0,0.751733068426249,1.0234627246208237,4,-1394,-1914,1,14,SESA
1905,bus_4292,66.0,0.8130009203197169,1.0148973122901432,4,-2134,-3081,1,14,SESA
2014,bus_4403,11.0,0.6273012233695474,1.002436287212111,4,-3248,-1756,0,12,NSA
1798,bus_4183,132.0,0.908622005680734,1.013819110475272,4,-2652,-1307,0,12,NSA
1951,bus_4340,33.0,0.8016967258756234,1.0056026261992783,4,-1008,-2283,1,14,SESA
1693,bus_4062,16.0,0.8972033438137044,1.00541,4,-1815,-2614,1,14,SESA
1954,bus_4343,66.0,0.8120689623358324,1.0096144000161302,4,-2613,-2221,2,13,CSA
1828,bus_4213,132.0,0.7761008838650562,1.031338964368126,4,-1378,-1956,1,14,SESA
1813,bus_4198,132.0,1.228291955718095,1.0236512990929916,4,-2700,-678,0,12,NSA
2030,bus_4419,11.0,0.7692669608033904,0.9796083962396008,4,-2569,-2611,2,13,CSA
1695,bus_4065,16.0,0.8992025441184092,1.00877,4,-1769,-2584,1,14,SESA
2042,bus_4431,11.0,0.8283818528514821,1.02379443374948,4,-1978,-3523,1,14,SESA
2092,bus_4481,11.0,0.8084533724835534,1.008043405963309,4,-1853,-2061,2,13,CSA
1792,bus_4177,132.0,0.8215022768939029,1.0198042537637826,4,-2135,-1327,2,13,CSA
10087,starbus_xf_4038_4034_4033_3,66.0,0.0,1.0,4,-2644,-2675,2,13,CSA
1991,bus_4380,33.0,0.7807024755135458,1.014488941222785,4,-2074,-2338,2,13,CSA
1855,bus_4240,66.0,0.8085434429017465,1.018297082509497,4,-2397,-2645,2,13,CSA
1634,bus_4001,11.0,0.748572007566802,0.9863055770445682,4,-2078,-2282,2,13,CSA
2100,bus_4489,11.0,0.7962646549711277,0.9981392393085408,4,-2685,-2259,2,13,CSA
1718,bus_4097,66.0,1.065326423631225,1.0108116520669153,4,-3742,-1731,0,12,NSA
1827,bus_4212,132.0,0.792271013341884,1.0181696426463736,4,-1560,-1923,2,13,CSA
1888,bus_4273,66.0,0.8132270503756429,1.01367922130643,4,-2347,-3142,1,14,SESA
2033,bus_4422,11.0,0.7337817923633063,0.9852744849062272,4,-2467,-2697,2,13,CSA
1657,bus_4025,33.0,0.967117015797934,1.0937370890369211,4,-2959,-1413,0,12,NSA
1832,bus_4217,132.0,0.7845080184162407,1.056347701514769,4,-1094,-2136,1,14,SESA
1682,bus_4050,0.6899999999999998,1.1546631578403894,1.00795,4,-2747,-1032,0,12,NSA
1724,bus_4106,275.0,0.977590214269247,1.05154419017767,4,-2633,-1576,2,13,CSA
1768,bus_4152,33.0,1.2004583602596122,0.98449,4,-912,-3273,1,14,SESA
1722,bus_4103,33.0,1.1917589604535104,1.0018388432699483,4,-967,-3102,1,14,SESA
1677,bus_4045,10.5,0.9578291420020292,0.9914046491591256,4,-2451,-1601,2,13,CSA
1715,bus_4094,275.0,0.8485293233899122,1.031,4,-2143,-2100,2,13,CSA
1636,bus_4003,0.6899999999999998,1.2728157733028602,0.99352,4,-4058,-1874,0,12,NSA
1688,bus_4056,11.0,0.8316736695134624,0.98667651257299,4,-2145,-3409,1,14,SESA
1887,bus_4272,66.0,0.8124807691251075,1.0134299381865317,4,-2315,-3045,1,14,SESA
2093,bus_4482,11.0,0.8315893514919473,1.0041344540710244,4,-2016,-3389,1,14,SESA
1652,bus_4019,0.6899999999999998,1.13504617092798,1.01703,4,-2914,-2084,2,13,CSA
2110,bus_4499,11.0,1.003427544860768,1.0147274410972027,4,-898,-2826,1,14,SESA
1933,bus_4321,66.0,0.800346950422089,1.0116671609554977,4,-1880,-2134,2,13,CSA
1984,bus_4373,33.0,1.1250547297567717,0.95662,4,-2685,-1080,0,12,NSA
1846,bus_4231,66.0,0.8062240718165505,1.0105915029713868,4,-2402,-3075,1,14,SESA
1666,bus_4034,11.5,0.8091664559764086,0.96603,4,-2703,-2725,2,13,CSA
1989,bus_4378,11.0,0.7859759990131493,0.9730958707571,4,-2292,-3831,1,14,SESA
10100,starbus_xf_4218_4392_4496_1,132.0,0.0,1.0,4,-897,-2567,1,14,SESA
1930,bus_4318,66.0,0.7966679184903824,1.0143294645966323,4,-1715,-2814,1,14,SESA
1678,bus_4046,10.5,0.9578291420020284,0.9914046491591249,4,-2458,-1623,2,13,CSA
2060,bus_4449,11.0,0.7947437070142414,1.0038779729947171,4,-2474,-3131,1,14,SESA
1743,bus_4126,132.0,1.012743049984793,1.0024232896306886,4,-2594,-940,0,12,NSA
1868,bus_4253,66.0,0.8276421110816077,1.0176006133764464,4,-1941,-3307,1,14,SESA
2043,bus_4432,7.6,0.8103777471482935,0.9851556449294736,4,-2306,-3822,1,14,SESA
1770,bus_4154,275.0,0.9283623641598088,1.052370252284896,4,-2383,-1796,2,13,CSA
2094,bus_4483,7.6,0.7713610551313242,0.9706152564485564,4,-2056,-3852,1,14,SESA
2066,bus_4455,11.0,0.7440641525411217,0.979477806591342,4,-1789,-2936,1,14,SESA
1795,bus_4180,132.0,0.6705758223658533,0.9995730188613576,4,-2124,-1196,2,13,CSA
10099,starbus_xf_4187_4230_4495_2,132.0,0.0,1.0,4,-2161,-871,2,13,CSA
1908,bus_4296,66.0,0.7876959010729501,1.015338466247688,4,-1884,-2362,2,13,CSA
1771,bus_4156,132.0,0.8963497778188397,1.0043943705638387,4,-3361,-1633,0,12,NSA
2086,bus_4475,11.0,0.7699270561167533,0.99398876525846,4,-1738,-2895,1,14,SESA
1919,bus_4307,66.0,0.7976875344294313,1.0142649095340062,4,-1893,-2668,1,14,SESA
1994,bus_4383,33.0,0.8887811989489504,1.0164538322853864,4,-2578,-1258,0,12,NSA
1633,bus_4000,33.0,0.9138372102998322,0.94445728953853,4,-2910,-1044,0,12,NSA
1890,bus_4275,66.0,0.8093810003027506,1.0124294572288566,4,-2291,-2954,1,14,SESA
1921,bus_4309,66.0,0.7967063768550732,1.0138395594483125,4,-1668,-2916,1,14,SESA
2009,bus_4398,33.0,0.8419229911532402,0.9352615421386036,4,-3482,-1608,0,12,NSA
2073,bus_4462,66.0,0.6545959551149338,0.9843986688498726,4,-2055,-2496,2,13,CSA
2036,bus_4425,11.0,0.7671696222699693,1.0042213925269117,4,-1919,-3912,1,14,SESA
2020,bus_4409,11.0,0.7687910813151079,0.9935468830988564,4,-2543,-3249,1,14,SESA
1769,bus_4153,33.0,1.1917494109670883,1.00208,4,-1009,-3162,1,14,SESA
2085,bus_4474,11.0,0.781009670411822,0.9967325803842636,4,-1654,-2994,1,14,SESA
1980,bus_4369,33.0,1.0527554614785344,1.0145246331800029,4,-2988,-1353,0,12,NSA
1999,bus_4388,33.0,0.7508070274544048,1.0239988111783431,4,-1410,-1956,1,14,SESA
2032,bus_4421,11.0,0.7935056351588833,1.0928911430713608,4,-2336,-2734,2,13,CSA
1692,bus_4061,13.8,0.8940839894678404,1.00174,4,-2035,-2683,2,13,CSA
10102,starbus_xf_4220_4074_4499_5,132.0,0.0,1.0,4,-898,-2745,1,14,SESA
2018,bus_4407,11.0,0.6523696006615247,1.0180599433595054,4,-3407,-1849,0,12,NSA
1680,bus_4048,33.0,1.0427730912265056,1.01158,4,-2481,-1600,2,13,CSA
1866,bus_4251,66.0,0.8174217295785268,1.013389180990531,4,-2185,-3693,1,14,SESA
1831,bus_4216,132.0,0.7981411924825598,1.0325991827352643,4,-864,-2495,1,14,SESA
1647,bus_4014,0.48,1.0191410370800749,1.0170651391973642,4,-3051,-1943,0,12,NSA
1850,bus_4235,66.0,0.8143706191715305,1.0161825070249155,4,-2456,-2217,2,13,CSA
2108,bus_4497,11.0,0.94967104111819,1.0163742753962737,4,-867,-2792,1,14,SESA
1668,bus_4036,11.5,0.8091664652883165,0.97693,4,-2719,-2698,2,13,CSA
1809,bus_4194,132.0,0.8307319905706823,1.025132081419084,4,-2042,-1799,2,13,CSA
1728,bus_4111,275.0,0.9067435892290024,1.0240839875867278,4,-3039,-1644,0,12,NSA
1857,bus_4242,33.0,0.98940485064196,1.0029068037867832,4,-2580,-975,0,12,NSA
1883,bus_4268,66.0,0.8078282654833292,1.0125503598255503,4,-2189,-3543,1,14,SESA
10086,starbus_xf_4031_4030_4029_1,66.0,0.0,1.0,4,-2169,-2688,2,13,CSA
1787,bus_4172,132.0,0.9190769421395084,1.0010206983293426,4,-2715,-1346,0,12,NSA
2103,bus_4492,11.0,1.111133896874971,0.9869808796315364,4,-3918,-1747,0,12,NSA
2082,bus_4471,11.0,0.7265745988629446,0.9853554282554836,4,-1565,-3205,1,14,SESA
1701,bus_4074,33.0,1.013708953035952,1.003388142084436,4,-921,-2853,1,14,SESA
1895,bus_4280,66.0,0.7912881359299496,1.015011979916346,4,-2056,-2473,2,13,CSA
1819,bus_4204,132.0,0.8175327763104363,1.023050206940531,4,-1944,-1667,2,13,CSA
2024,bus_4413,11.0,0.7955672967591699,0.9909447976851864,4,-2093,-2592,2,13,CSA
2050,bus_4439,11.0,0.7915456820159736,1.0034059643221,4,-2177,-3163,1,14,SESA
1683,bus_4051,0.6899999999999998,1.3798911246246433,1.09411,4,-3008,-349,0,12,NSA
2052,bus_4441,11.0,0.7686664786192461,1.002599251837088,4,-2214,-4008,1,14,SESA
2045,bus_4434,7.6,0.809746557341513,1.0003106051580206,4,-2098,-4013,1,14,SESA
1948,bus_4337,66.0,0.809521001664495,1.0156737457570573,4,-2440,-2336,2,13,CSA
1834,bus_4219,132.0,0.8540411934982789,1.0101086539589106,4,-907,-2658,1,14,SESA
2064,bus_4453,11.0,0.7814378441952419,1.0209448766855829,4,-2227,-2610,2,13,CSA
1996,bus_4385,33.0,0.7487328620697331,0.9996011638098952,4,-1450,-1717,2,13,CSA
1725,bus_4107,275.0,0.909686082022919,1.0307728244421488,4,-2794,-1647,2,13,CSA
1645,bus_4012,0.6899999999999998,1.0484856970275929,1.034276813976932,4,-3043,-1993,0,12,NSA
1926,bus_4314,66.0,0.7961374148208051,1.016845711316536,4,-1522,-3231,1,14,SESA
1772,bus_4157,132.0,0.8905931939247135,0.9969416014732227,4,-3501,-1584,0,12,NSA
1740,bus_4123,66.0,0.8098365129113763,1.0144731168291932,4,-2190,-2878,2,13,CSA
1995,bus_4384,33.0,0.9345636538039408,1.0513971297174185,4,-2774,-1830,2,13,CSA
2046,bus_4435,11.0,0.740866130219393,1.0099294690495828,4,-2180,-3969,1,14,SESA
2048,bus_4437,11.0,0.7366525684095023,1.0013939620482846,4,-2164,-4133,1,14,SESA
1848,bus_4233,66.0,0.822206470116574,1.0214517544261588,4,-2260,-2230,2,13,CSA
2071,bus_4460,11.0,0.7000495301518391,0.9770744032275964,4,-1886,-2512,1,14,SESA
1705,bus_4078,0.6899999999999998,1.0888797851073329,1.0024,4,-932,-2934,1,14,SESA
1733,bus_4116,275.0,0.8834758669422655,1.0439415808359032,4,-2530,-1665,2,13,CSA
1711,bus_4084,0.6899999999999998,1.0632044002370342,1.06436,4,-2532,-1823,2,13,CSA
1867,bus_4252,66.0,0.8288253076739127,1.0203628583552165,4,-1965,-3341,1,14,SESA
1849,bus_4234,66.0,0.8185162117590551,1.0190465030629594,4,-2370,-2224,2,13,CSA
1875,bus_4260,66.0,0.8045686710735559,1.0159345385074052,4,-2127,-4027,1,14,SESA
1794,bus_4179,132.0,0.6847481751363859,1.000866625253067,4,-2161,-1186,2,13,CSA
1992,bus_4381,33.0,0.778470374527362,0.9999741089872188,4,-1913,-2399,2,13,CSA
1687,bus_4055,11.0,0.8316736747272512,0.9866765013154608,4,-2174,-3392,1,14,SESA
1751,bus_4135,275.0,0.8339265921975603,1.0447721912234569,4,-1965,-2388,2,13,CSA
10093,starbus_xf_4109_4357_4358_1,275.0,0.0,1.0,4,-2836,-1815,2,13,CSA
1913,bus_4301,66.0,0.7947746238800361,1.013913547043891,4,-1695,-2902,1,14,SESA
2021,bus_4410,11.0,0.7955441243707293,0.9913698284058672,4,-2080,-2629,2,13,CSA
1987,bus_4376,22.0,1.3342925619802652,1.07258,4,-2945,-395,0,12,NSA
1782,bus_4167,132.0,0.8841518440584049,1.0427803442764758,4,-3222,-1469,0,12,NSA
1644,bus_4011,0.6899999999999998,1.061561957406257,1.0311857454804043,4,-3080,-1869,0,12,NSA
2002,bus_4391,33.0,0.7636365109145703,1.046445704710626,4,-1119,-2113,1,14,SESA
1845,bus_4230,66.0,0.4141015365795493,0.9856989629502306,4,-2163,-830,2,13,CSA
1936,bus_4324,66.0,0.8131065789519866,1.014619163325037,4,-1830,-2105,2,13,CSA
2065,bus_4454,11.0,0.7715580183936895,0.9985266441247364,4,-2158,-2672,2,13,CSA
2077,bus_4466,11.0,0.7855583776019897,0.9959887173864382,4,-1915,-2749,1,14,SESA
1642,bus_4009,0.48,1.0127061534875157,0.99493,4,-2568,-542,0,12,NSA
2000,bus_4389,33.0,0.7387788891209636,0.9943534704494282,4,-1243,-1976,1,14,SESA
1651,bus_4018,0.6899999999999998,1.0448795324540128,1.02185,4,-2820,-2020,2,13,CSA
1873,bus_4258,66.0,0.8085613528462661,1.0124620566971403,4,-2137,-3869,1,14,SESA
1961,bus_4350,33.0,1.0127061976109246,0.9929955298437444,4,-2540,-632,0,12,NSA
2016,bus_4405,11.0,0.6568123902618468,1.0176680951782928,4,-3395,-1862,0,12,NSA
10091,starbus_xf_4104_4043_4044_3,275.0,0.0,1.0,4,-2402,-1656,2,13,CSA
1858,bus_4243,66.0,0.8328515970181122,1.02290769319254,4,-1970,-3309,1,14,SESA
1903,bus_4288,66.0,0.7923577154949846,1.01503050518731,4,-2148,-2427,2,13,CSA
2102,bus_4491,11.0,1.111658653565628,0.9873593117884656,4,-3913,-1767,0,12,NSA
1860,bus_4245,66.0,0.8108924520183819,1.01176789061303,4,-1913,-3805,1,14,SESA
1732,bus_4115,275.0,0.9196386112620376,1.0398434958082252,4,-2628,-1613,2,13,CSA
1840,bus_4225,66.0,0.8103258002666306,1.0129659712989705,4,-1983,-3864,1,14,SESA
1925,bus_4313,66.0,0.7947426176325592,1.014924306880902,4,-1550,-3113,1,14,SESA
1833,bus_4218,132.0,0.8192882955198847,1.0176441982504325,4,-897,-2567,1,14,SESA
10106,starbus_xf_4257_4379_4434_2,66.0,0.0,1.0,4,-2063,-3911,1,14,SESA
1972,bus_4361,33.0,0.8864401165534024,1.0395919826579585,4,-3182,-1502,0,12,NSA
1988,bus_4377,33.0,0.8099641584082367,0.9843006602083773,4,-2307,-3803,1,14,SESA
1764,bus_4148,275.0,0.8552042852965446,1.0406274480653928,4,-1876,-2795,2,13,CSA
1904,bus_4289,66.0,0.8043247273654489,1.0126051665769529,4,-2187,-2766,2,13,CSA
2105,bus_4494,11.0,0.4160916884889019,0.9866444734912516,4,-2185,-816,2,13,CSA
10103,starbus_xf_4220_4394_4497_1,132.0,0.0,1.0,4,-898,-2745,1,14,SESA
1638,bus_4005,11.0,1.1291652942402677,0.990961576838698,4,-3913,-1793,0,12,NSA
2081,bus_4470,11.0,0.7777104489133518,0.9817333628321584,4,-1578,-3039,1,14,SESA
1789,bus_4174,132.0,0.897114508596082,1.0176134654812703,4,-2561,-1437,0,12,NSA
2023,bus_4412,11.0,0.7953620510384688,0.99141074926467,4,-2075,-2656,2,13,CSA
1698,bus_4071,66.0,0.817549966887759,1.014811006728427,4,-1851,-1994,2,13,CSA
1726,bus_4109,275.0,0.9409002010730602,1.0497557112770244,4,-2836,-1815,2,13,CSA
1960,bus_4349,33.0,0.8855915061114675,1.0111134129858428,4,-3038,-1544,0,12,NSA
1891,bus_4276,66.0,0.8035218740113409,1.0156076445958928,4,-2075,-2558,2,13,CSA
2040,bus_4429,11.0,0.7712941654044171,0.9994681455271492,4,-1987,-3446,1,14,SESA
1640,bus_4007,1.0,1.058723681716357,0.99873,4,-2601,-564,0,12,NSA
1853,bus_4238,66.0,0.8166781094798877,1.0234463867094654,4,-2202,-2504,2,13,CSA
1689,bus_4057,15.0,0.8316759857842136,1.0110221539263593,4,-2100,-3196,1,14,SESA
2061,bus_4450,11.0,0.7402310270254919,1.002569958166828,4,-2358,-3007,1,14,SESA
1956,bus_4345,33.0,0.8900129099998664,1.022334892640949,4,-3575,-1572,0,12,NSA
1643,bus_4010,0.6899999999999998,1.071163191324506,1.03603,4,-3048,-1968,0,12,NSA
1673,bus_4041,10.5,0.957829158082395,0.9914046653959466,4,-2457,-1657,2,13,CSA
2054,bus_4443,11.0,0.7387128057858845,1.0102548704810208,4,-2318,-3521,1,14,SESA
1747,bus_4131,275.0,0.8335910322421374,1.0571477181747104,4,-1843,-2005,2,13,CSA
10090,starbus_xf_4104_4041_4042_2,275.0,0.0,1.0,4,-2402,-1656,2,13,CSA
1955,bus_4344,66.0,0.8159780925449678,1.0126780501745705,4,-2551,-2153,2,13,CSA
1646,bus_4013,0.6899999999999998,1.0755704938638826,1.03282,4,-3078,-1895,0,12,NSA
2026,bus_4415,11.0,0.7980848486948452,0.9910499605931936,4,-2064,-2666,2,13,CSA
1637,bus_4004,0.4,1.207652948888987,1.0092104161837474,4,-3878,-1892,0,12,NSA
1773,bus_4158,132.0,0.9509563963481986,1.0081364614109256,4,-3496,-1689,0,12,NSA
1706,bus_4079,0.6899999999999998,1.0920670142662114,1.00267,4,-952,-2920,1,14,SESA
1826,bus_4211,132.0,0.7834933161246294,1.0162335579623598,4,-1506,-1837,2,13,CSA
2088,bus_4477,11.0,0.7452151623058493,0.9918671043298354,4,-1971,-2187,2,13,CSA
1694,bus_4064,16.0,0.9045539977610908,1.01184,4,-1778,-2620,1,14,SESA
1893,bus_4278,66.0,0.7876005504516064,1.01477708712728,4,-1936,-2305,2,13,CSA
1709,bus_4082,1.0,1.289207119842684,0.96231,4,-947,-3276,1,14,SESA
1670,bus_4038,66.0,0.8091664127675512,1.0192644126273442,4,-2644,-2675,2,13,CSA
1730,bus_4113,275.0,0.7428186867330111,1.016067558714497,4,-2983,-1700,2,13,CSA
1697,bus_4067,11.5,0.9307418576828096,1.01721,4,-1983,-3394,1,14,SESA
2027,bus_4416,11.0,0.7895315807139713,0.9811669875468682,4,-2434,-2245,2,13,CSA
1816,bus_4201,132.0,0.8126014390893114,1.023609329340016,4,-1634,-2146,2,13,CSA
986,bus_2355,165.0,0.3970971152351919,1.01103,4,-1806,-942,2,13,CSA
1691,bus_4059,13.8,0.8987989582334788,0.99526,4,-2022,-2689,1,14,SESA
1975,bus_4364,33.0,0.8865396061507849,1.0172562450164322,4,-2734,-1292,0,12,NSA
10107,starbus_xf_4257_4379_4434_3,66.0,0.0,1.0,4,-2063,-3911,1,14,SESA
2019,bus_4408,11.0,0.6356356919713786,1.0042741653304346,4,-3396,-1813,0,12,NSA
2044,bus_4433,11.0,0.7772165746833591,1.0099860594272718,4,-2221,-3419,1,14,SESA
1818,bus_4203,132.0,0.903906477237882,1.0128230236856377,4,-3043,-1564,0,12,NSA
1978,bus_4367,33.0,1.0607861619754864,1.0113316787946525,4,-2963,-1268,0,12,NSA
2041,bus_4430,11.0,0.7849098268799001,1.0029399974874091,4,-1942,-3404,1,14,SESA
1889,bus_4274,66.0,0.8061632203764356,1.0103988397303865,4,-2439,-3222,1,14,SESA
1869,bus_4254,66.0,0.8148899779386967,1.0127063925646622,4,-2249,-3731,1,14,SESA
2068,bus_4457,11.0,0.7238926978946739,1.0878849371629626,4,-2087,-2335,2,13,CSA
1856,bus_4241,66.0,0.8111293516616952,1.019467545408807,4,-2313,-2476,2,13,CSA
1929,bus_4317,66.0,0.7966578422308958,1.0136718309544634,4,-1644,-2907,1,14,SESA
2004,bus_4393,33.0,0.8197702034673832,1.0140553446518,4,-942,-2695,1,14,SESA
2028,bus_4417,11.0,0.7502643630081249,0.9797649510027046,4,-2522,-2247,2,13,CSA
1777,bus_4162,132.0,1.1522684625476352,1.011205567754147,4,-3933,-1814,0,12,NSA
1805,bus_4190,132.0,0.8954903502569701,1.0220867303838597,4,-2378,-1162,0,12,NSA
2053,bus_4442,11.0,0.7484821856127009,1.0049108535936082,4,-2244,-3630,1,14,SESA
2243,bus_5143,220.0,-0.3011652427148668,1.0586963749674714,5,1008,-5612,0,15,TAS
2208,bus_5105,110.0,-0.3498540904640497,0.9660015711330784,5,621,-6579,0,15,TAS
2270,bus_5170,220.0,-0.3594764878081706,1.0384657423396055,5,1031,-5503,0,15,TAS
2128,bus_5021,11.0,-0.1067748314152847,1.05035,5,1400,-6283,0,15,TAS
2165,bus_5062,110.0,-0.4226360368784978,1.0369786690845,5,1689,-5561,0,15,TAS
2275,bus_5175,6.6,-0.2571792790872348,1.000314040353644,5,1142,-6389,0,15,TAS
2321,bus_5221,22.0,-0.3500154959128325,1.019865223461809,5,1131,-5961,0,15,TAS
2239,bus_5139,220.0,-0.277072229658088,1.0637339871937446,5,1012,-5664,0,15,TAS
2334,bus_5235,11.0,-0.1572882415332739,0.99813,5,437,-6122,0,15,TAS
2166,bus_5063,110.0,-0.405814338576142,1.0302264649004873,5,1434,-5510,0,15,TAS
2287,bus_5187,22.0,-0.4726498642988612,1.0130604950687556,5,1632,-5585,0,15,TAS
2190,bus_5087,110.0,-0.2327514946223365,1.0213898975106936,5,1139,-6349,0,15,TAS
2127,bus_5020,11.0,-0.1042642492837355,1.04821,5,1454,-6257,0,15,TAS
2288,bus_5188,11.0,-0.4365351213783663,1.016874463217968,5,1749,-5589,0,15,TAS
2204,bus_5101,110.0,-0.2517841016012251,1.0217819050202008,5,715,-6409,0,15,TAS
10110,starbus_xf_5090_5200_5201_5,110.0,0.0,1.0,5,898,-6262,0,15,TAS
2202,bus_5099,110.0,-0.2696512259557876,1.0172684773958582,5,1379,-6154,0,15,TAS
2276,bus_5176,6.6,-0.2410702876432354,1.006913043171447,5,1127,-6405,0,15,TAS
2163,bus_5060,110.0,-0.43383337945555,1.025492267571251,5,1696,-5591,0,15,TAS
2259,bus_5159,220.0,-0.2271433437564841,1.0494538948179386,5,614,-6127,0,15,TAS
2203,bus_5100,110.0,-0.264354203677126,1.0215047718264618,5,1251,-6125,0,15,TAS
2186,bus_5083,110.0,-0.2019616096455565,1.02615968379474,5,1281,-6304,0,15,TAS
2289,bus_5189,22.0,-0.4450419423946453,1.0384908056954192,5,1759,-5548,0,15,TAS
2309,bus_5209,11.0,-0.2737924134794331,1.031752446014549,5,677,-6458,0,15,TAS
2301,bus_5201,11.0,-0.266561360398149,1.039975394529005,5,850,-6309,0,15,TAS
2226,bus_5125,110.0,-0.4233049041832669,1.0375979610570718,5,1608,-5594,0,15,TAS
2325,bus_5225,1.0,-0.2726813072273474,1.0422805039944618,5,944,-6257,0,15,TAS
2126,bus_5019,11.0,-0.1039704636542293,1.05495,5,1528,-6369,0,15,TAS
2220,bus_5119,110.0,-0.3442542705462035,1.01631743605445,5,1073,-5646,0,15,TAS
2312,bus_5212,11.0,-0.2754250962478276,1.0072495865048146,5,593,-6670,0,15,TAS
2273,bus_5173,22.0,-0.404570893933049,1.0320083393996549,5,301,-5861,0,15,TAS
2212,bus_5111,110.0,-0.264922523790003,1.020436692358242,5,1123,-6149,0,15,TAS
2113,bus_5001,500.0,0.6063855786378153,1.0366,5,937,-4778,0,7,SEV
2121,bus_5014,11.5,-0.4533328867167991,0.9873162444127156,5,558,-5358,0,15,TAS
2131,bus_5026,11.0,-0.0895721544079342,1.00365,5,1317,-6224,0,15,TAS
2137,bus_5034,6.6,-0.299773586462163,0.998928455839922,5,929,-5929,0,15,TAS
2141,bus_5038,16.0,-0.2995082462189253,0.9851027127018712,5,1082,-5891,0,15,TAS
10111,starbus_xf_5090_5200_5201_6,110.0,0.0,1.0,5,898,-6262,0,15,TAS
2274,bus_5174,6.6,-0.2766726952981442,0.9893770164696384,5,1161,-6383,0,15,TAS
2174,bus_5071,110.0,-0.4579483670085644,1.0294664820108792,5,889,-5317,0,15,TAS
2326,bus_5226,1.0,-0.2732504489470119,1.042130127935355,5,954,-6264,0,15,TAS
10112,starbus_xf_5093_5202_5203_1,110.0,0.0,1.0,5,958,-6360,0,15,TAS
2310,bus_5210,11.0,-0.2644423322272254,1.0150932963810873,5,712,-6485,0,15,TAS
2299,bus_5199,11.0,-0.2853115331723578,1.012203943225241,5,1131,-6078,0,15,TAS
2199,bus_5096,33.0,-0.2582905030464563,1.0943243991903566,5,656,-6456,0,15,TAS
2175,bus_5072,110.0,-0.4605537038497965,1.0286410735762936,5,819,-5329,0,15,TAS
2135,bus_5032,18.0,0.0259104957385927,0.9564,5,600,-6227,0,15,TAS
2336,bus_5237,33.0,-0.2810547008531519,1.0000838389073212,5,963,-6343,0,15,TAS
2162,bus_5059,110.0,-0.4308094228434227,1.0273426353222792,5,1761,-5608,0,15,TAS
2278,bus_5178,33.0,-0.2894718389543529,1.0205120788874265,5,1068,-6138,0,15,TAS
2237,bus_5136,110.0,-0.2585054616112162,1.0145790484582364,5,651,-6556,0,15,TAS
2296,bus_5196,22.0,-0.2196410981626122,1.0580704245854142,5,1288,-6358,0,15,TAS
2129,bus_5022,11.0,-0.0865052912901776,1.00571,5,1299,-6237,0,15,TAS
2337,bus_5238,11.0,-0.3180407792331005,1.0705438206043782,5,915,-6284,0,15,TAS
2156,bus_5053,110.0,-0.325013511155903,1.0321434824700746,5,811,-5700,0,15,TAS
2317,bus_5217,22.0,-0.3702495261756684,1.0440482200674108,5,413,-5730,0,15,TAS
2122,bus_5015,11.5,-0.4533328867167995,0.9873162444127166,5,565,-5371,0,15,TAS
2169,bus_5066,110.0,-0.4138023667419418,1.025611277320098,5,1486,-5546,0,15,TAS
2331,bus_5231,11.0,-0.1355805183790775,0.98153,5,748,-6038,0,15,TAS
2319,bus_5219,22.0,-0.4018345335665823,1.030197587981174,5,1965,-5720,0,15,TAS
2315,bus_5215,22.0,-0.391394520565218,0.998542019939164,5,711,-5677,0,15,TAS
2198,bus_5095,110.0,-0.2604903195341839,1.022426842916642,5,1111,-6098,0,15,TAS
2229,bus_5128,110.0,-0.4181738085120532,1.0300101706900573,5,1903,-5666,0,15,TAS
2311,bus_5211,11.0,-0.3498533750574552,1.0036387772072972,5,662,-6530,0,15,TAS
2305,bus_5205,11.0,-0.2831040415908618,1.0212443829924935,5,1049,-6287,0,15,TAS
2329,bus_5229,11.0,-0.275839344160135,0.98622,5,1118,-5569,0,15,TAS
2115,bus_5005,13.8,-0.1653707856909163,0.98282,5,957,-5707,0,15,TAS
2330,bus_5230,11.0,-0.3696729425775038,0.98727,5,1015,-5530,0,15,TAS
2219,bus_5118,110.0,-0.2995019586212757,1.0298569916179592,5,1112,-5788,0,15,TAS
2210,bus_5109,110.0,-0.2589533840626761,1.0142969916955673,5,621,-6620,0,15,TAS
2263,bus_5163,220.0,-0.2670622758385225,1.057482072980616,5,1046,-5970,0,15,TAS
2153,bus_5050,110.0,-0.3266284401168442,1.0296384456928327,5,765,-5745,0,15,TAS
2242,bus_5142,220.0,-0.3013522403169518,1.060235533640715,5,1013,-5622,0,15,TAS
2224,bus_5123,110.0,-0.3441023542131204,1.0162348517264008,5,1287,-5684,0,15,TAS
2322,bus_5222,11.0,-0.2597998076671671,1.064091140262729,5,546,-6661,0,15,TAS
2215,bus_5114,110.0,-0.290155926218159,1.03181041277053,5,1075,-5837,0,15,TAS
2269,bus_5169,220.0,-0.3151650914127313,1.0482670120936812,5,1051,-5654,0,15,TAS
2221,bus_5120,22.0,-0.3965667487063293,1.0993393044559845,5,1056,-5668,0,15,TAS
2178,bus_5075,110.0,-0.3218681151488031,1.0208968671416527,5,1603,-5786,0,15,TAS
2132,bus_5028,11.0,-0.1484090706405065,1.03199,5,435,-6210,0,15,TAS
2195,bus_5092,110.0,-0.2579271430049582,1.0229353069516054,5,997,-6215,0,15,TAS
2225,bus_5124,110.0,-0.3490895068175038,1.0147477475748472,5,423,-5742,0,15,TAS
2119,bus_5012,11.0,-0.4035252990203098,0.94727,5,1636,-5524,0,15,TAS
2241,bus_5141,220.0,-0.292350644797015,1.0601433689426427,5,1060,-5659,0,15,TAS
2335,bus_5236,11.0,-0.1548577315728607,1.00408,5,423,-6111,0,15,TAS
2308,bus_5208,11.0,-0.2696445310998276,1.0245676077218244,5,643,-6447,0,15,TAS
2171,bus_5068,110.0,-0.3680763253146256,1.0054221923977726,5,383,-5832,0,15,TAS
2168,bus_5065,110.0,-0.4167487089822251,1.02316426008949,5,1501,-5533,0,15,TAS
2133,bus_5030,11.0,-0.1279463213200252,0.96138,5,1311,-6355,0,15,TAS
2149,bus_5046,13.8,-0.281880773623883,0.9917766232329166,5,1861,-5958,0,15,TAS
2144,bus_5041,16.0,-0.206117854726186,0.98994,5,949,-5712,0,15,TAS
2222,bus_5121,110.0,-0.3162300683743138,1.01893794075006,5,1133,-5863,0,15,TAS
10108,starbus_xf_5087_5175_5176_3,110.0,0.0,1.0,5,1139,-6349,0,15,TAS
2280,bus_5180,22.0,-0.3290323050302807,1.0179220678337146,5,466,-5914,0,15,TAS
2281,bus_5181,11.0,-0.2971977845113387,0.97826138118871,5,443,-5908,0,15,TAS
2304,bus_5204,11.0,-0.2820284373487248,1.0225808913461591,5,1418,-6149,0,15,TAS
2147,bus_5044,22.0,-0.4062635708336944,1.0291574124903669,5,1992,-5708,0,15,TAS
2112,bus_5000,33.0,-0.2829703584461697,0.989271049647558,5,1877,-5949,0,15,TAS
2223,bus_5122,110.0,-0.3490714729311432,1.0145842993272518,5,507,-5712,0,15,TAS
2180,bus_5077,110.0,-0.1647886750073536,1.05210497594718,5,1415,-6262,0,15,TAS
2173,bus_5070,110.0,-0.4533326016831472,1.0321907632602818,5,778,-5332,0,15,TAS
2117,bus_5008,11.0,-0.2653920728124052,1.05511,5,1267,-5579,0,15,TAS
2284,bus_5184,11.0,-0.3293621707851982,1.0288519284694282,5,565,-5918,0,15,TAS
2283,bus_5183,22.0,-0.3621544422286151,1.0379494520603652,5,535,-5915,0,15,TAS
2338,bus_5240,22.0,-0.3232942199489541,1.0182916508617224,5,1125,-5907,0,15,TAS
2214,bus_5113,110.0,-0.3452928934817178,1.0147684000122736,5,830,-5662,0,15,TAS
2228,bus_5127,110.0,-0.4535857569670684,1.032214299252591,5,708,-5350,0,15,TAS
2318,bus_5218,22.0,-0.3695401253155601,1.0153113249765695,5,1292,-5726,0,15,TAS
2328,bus_5228,22.0,-0.2669620640075181,1.0665132681809018,5,1311,-5662,0,15,TAS
2123,bus_5016,11.5,-0.3404631446597184,0.99307,5,581,-5395,0,15,TAS
2333,bus_5234,11.0,-0.2120710304066925,1.00599,5,577,-6079,0,15,TAS
2136,bus_5033,18.0,-4.4786276340380416e-14,0.9492,5,609,-6237,0,15,TAS
2164,bus_5061,110.0,-0.4227361476661576,1.0381236669216882,5,1590,-5552,0,15,TAS
2134,bus_5031,18.0,0.024148887611244,0.95645,5,630,-6240,0,15,TAS
2313,bus_5213,22.0,-0.3027893259870438,1.0413966986936072,5,1161,-6181,0,15,TAS
2249,bus_5149,220.0,-0.3693056430998128,1.0483912402037672,5,1155,-5495,0,15,TAS
2207,bus_5104,110.0,-0.2543876630891957,1.0185261848798728,5,745,-6429,0,15,TAS
2205,bus_5102,110.0,-0.2510023952299451,1.0218661369411564,5,790,-6368,0,15,TAS
2192,bus_5089,110.0,-0.2543901097569971,1.02363142854976,5,1146,-6037,0,15,TAS
2232,bus_5131,110.0,-0.2622698632605896,1.0220519473997536,5,1251,-6104,0,15,TAS
2306,bus_5206,22.0,-0.2761148216710078,1.0162222870716586,5,1446,-6186,0,15,TAS
2235,bus_5134,33.0,-0.2856047520953331,1.0200819582369638,5,1276,-6144,0,15,TAS
2286,bus_5186,22.0,-0.4566635904742404,1.0349952719353563,5,1731,-5633,0,15,TAS
2324,bus_5224,1.0,-0.2731248404674767,1.042291805924153,5,929,-6253,0,15,TAS
2209,bus_5106,110.0,-0.2569009084660504,1.0161858248134827,5,715,-6468,0,15,TAS
2158,bus_5055,110.0,-0.3281959759538471,1.0280800159212082,5,584,-5883,0,15,TAS
2238,bus_5137,110.0,-0.2980537779048309,1.0259983244759343,5,1725,-5846,0,15,TAS
2200,bus_5097,110.0,-0.2626989373103671,1.0219940718710745,5,1355,-6119,0,15,TAS
2139,bus_5036,11.0,-0.3185521866526224,1.01721,5,759,-5693,0,15,TAS
2157,bus_5054,110.0,-0.338468890290404,1.0246072245334257,5,642,-5751,0,15,TAS
2161,bus_5058,110.0,-0.4089634879183689,1.0298979163191582,5,1584,-5507,0,15,TAS
2142,bus_5039,16.0,-0.2139946943331823,0.98837,5,910,-5711,0,15,TAS
2155,bus_5052,110.0,-0.3234934645873709,1.029358766737101,5,522,-5879,0,15,TAS
2189,bus_5086,110.0,-0.1649936958914011,1.052307147666922,5,1461,-6328,0,15,TAS
2298,bus_5198,11.0,-0.2973534602029231,1.0044474991618326,5,1106,-6069,0,15,TAS
2146,bus_5043,0.6899999999999998,-0.3949479432392613,1.0458064099536146,5,2004,-5764,0,15,TAS
2217,bus_5116,110.0,-0.2157573249542545,1.0390372764710192,5,1193,-5956,0,15,TAS
2234,bus_5133,33.0,-0.2856785297601063,1.0199072659910848,5,1050,-6217,0,15,TAS
2116,bus_5006,13.8,-0.1468862477853726,0.9882,5,1074,-5702,0,15,TAS
2177,bus_5074,110.0,-0.3367378667985343,1.017275017169279,5,1372,-5727,0,15,TAS
2140,bus_5037,16.0,-0.2011814026416027,0.98842,5,1044,-5875,0,15,TAS
2170,bus_5067,110.0,-0.4111650688941091,1.0262321341501854,5,1450,-5558,0,15,TAS
2244,bus_5144,220.0,-0.3528571362935855,1.051989765801392,5,1222,-5533,0,15,TAS
2152,bus_5049,110.0,-0.3250297364385223,1.0322179518767036,5,742,-5731,0,15,TAS
2323,bus_5223,110.0,-0.1692046902877389,1.0491067870017945,5,1291,-6185,0,15,TAS
2193,bus_5090,110.0,-0.2446150586177782,1.0258335709655355,5,898,-6262,0,15,TAS
2233,bus_5132,110.0,-0.2621934753327131,1.0220251670322251,5,1077,-6174,0,15,TAS
2167,bus_5064,110.0,-0.4183377542469757,1.0307168732910854,5,1692,-5528,0,15,TAS
2124,bus_5017,14.5,-0.3377381821967161,1.05574,5,853,-5363,0,15,TAS
10109,starbus_xf_5088_5175_5241_4,110.0,0.0,1.0,5,1157,-6348,0,15,TAS
2231,bus_5130,110.0,-0.3259009007769847,1.0145211168227537,5,1138,-5920,0,15,TAS
2293,bus_5193,22.0,-0.3451617784817536,1.0147294794956867,5,1390,-5771,0,15,TAS
2250,bus_5150,220.0,-0.4327153804046292,1.0296740373743591,5,904,-5344,0,15,TAS
2150,bus_5047,13.8,-0.2818710324440855,0.9915434003621788,5,1837,-5960,0,15,TAS
2268,bus_5168,220.0,-0.2724285141720156,1.0507835169384796,5,971,-5848,0,15,TAS
2138,bus_5035,11.0,-0.2979158821337651,1.02356,5,750,-5680,0,15,TAS
2297,bus_5197,22.0,-0.1665183048829486,1.0545103994331686,5,1485,-6382,0,15,TAS
2279,bus_5179,44.0,-0.3988965096564899,0.9898081629000568,5,762,-5772,0,15,TAS
10113,starbus_xf_5094_5202_5203_2,110.0,0.0,1.0,5,973,-6363,0,15,TAS
2285,bus_5185,22.0,-0.4648289855309483,1.0126491102834432,5,1808,-5646,0,15,TAS
2172,bus_5069,110.0,-0.3539951964887321,1.0155911786184335,5,495,-5796,0,15,TAS
2262,bus_5162,220.0,-0.2052580262040913,1.0385769617593068,5,805,-6131,0,15,TAS
2176,bus_5073,110.0,-0.3346960694125601,1.0180320222085428,5,1449,-5728,0,15,TAS
2291,bus_5191,22.0,-0.4971572931815459,1.0260119302617132,5,1454,-5600,0,15,TAS
2294,bus_5194,22.0,-0.3218681151488033,0.9727459429648896,5,1629,-5829,0,15,TAS
2303,bus_5203,11.0,-0.3122729995334992,1.0172671035658574,5,960,-6395,0,15,TAS
2201,bus_5098,110.0,-0.2626942453662575,1.0219387283862174,5,1062,-6237,0,15,TAS
2255,bus_5155,220.0,-0.2418124640450308,1.0492486487961408,5,814,-6003,0,15,TAS
2114,bus_5004,13.8,-0.1656153076872916,0.98803,5,1010,-5711,0,15,TAS
2261,bus_5161,220.0,-0.0800334946135274,1.0442256085593429,5,678,-6194,0,15,TAS
2145,bus_5042,16.0,-0.3151705306216146,0.9814537163638124,5,888,-5675,0,15,TAS
2277,bus_5177,33.0,-0.305040674689583,1.0291138385409988,5,981,-6261,0,15,TAS
2292,bus_5192,22.0,-0.4787480978761459,1.0017941132817687,5,722,-5364,0,15,TAS
2240,bus_5140,220.0,-0.2765959967317741,1.062747550173364,5,976,-5663,0,15,TAS
2120,bus_5013,11.5,-0.4498154068027227,0.9867540138761888,5,600,-5403,0,15,TAS
2272,bus_5172,11.0,-0.4140807547522042,1.03948985613994,5,1502,-5586,0,15,TAS
2316,bus_5216,22.0,-0.3148854017729043,1.0042987916872037,5,1116,-5827,0,15,TAS
2194,bus_5091,110.0,-0.2489431219816607,1.024653767082861,5,995,-6295,0,15,TAS
2320,bus_5220,22.0,-0.3916539957416659,1.0001537058556875,5,627,-5695,0,15,TAS
2206,bus_5103,110.0,-0.251087558087075,1.0224164644898102,5,796,-6353,0,15,TAS
2300,bus_5200,11.0,-0.2679562267570256,1.038812822175421,5,834,-6302,0,15,TAS
2302,bus_5202,11.0,-0.3161092782106245,1.0138327049493927,5,941,-6397,0,15,TAS
2247,bus_5147,220.0,-0.3694252385902656,1.0490206172661318,5,1079,-5510,0,15,TAS
2332,bus_5233,11.0,-0.1299267280059471,1.01403,5,769,-6046,0,15,TAS
2339,bus_5241,6.6,-0.2921419826155243,1.019843252188255,5,1162,-6405,0,15,TAS
2295,bus_5195,22.0,-0.1805577821925523,1.0494280836513314,5,1325,-6234,0,15,TAS
2148,bus_5045,1.0,-0.3986195808186484,1.07274,5,2045,-5746,0,15,TAS
2160,bus_5057,110.0,-0.4058161523107937,1.030239148425398,5,1417,-5541,0,15,TAS
2143,bus_5040,16.0,-0.2147577852890918,0.98685,5,883,-5645,0,15,TAS
2290,bus_5190,22.0,-0.4715297461143831,1.0270033105596743,5,1531,-5566,0,15,TAS
2314,bus_5214,22.0,-0.264081236422328,1.012240650937867,5,1122,-6320,0,15,TAS
2227,bus_5126,110.0,-0.3542310677296378,1.0162345576105354,5,418,-5827,0,15,TAS
2130,bus_5023,11.0,-0.0901214810953146,1.0064,5,1281,-6229,0,15,TAS
2183,bus_5080,110.0,-0.1910488779801681,1.0444188451714136,5,1233,-6112,0,15,TAS
2125,bus_5018,13.2,-0.3463110759179342,1.05271,5,860,-5378,0,15,TAS
2307,bus_5207,22.0,-0.2756529590498487,1.016307987487936,5,1425,-6195,0,15,TAS
2282,bus_5182,22.0,-0.341682808788768,1.023478271707599,5,569,-5783,0,15,TAS
2118,bus_5010,13.8,-0.3708632249525511,0.98159,5,1046,-5556,0,15,TAS
323,bus_1330,132.0,-0.3235850254072218,1.0502150063523603,1,1322,-444,3,3,SNW
598,bus_1610,33.0,-0.3670651689162436,1.0512446140416734,1,1095,-676,3,3,SNW
542,bus_1553,11.0,-0.4174124782559627,1.0149270869086615,1,1168,-486,3,3,SNW
518,bus_1529,132.0,-0.3234950761718742,1.05031089251085,1,1191,-613,3,3,SNW
374,bus_1382,132.0,-0.3236234922196968,1.049550752634135,1,1304,-378,3,3,SNW
364,bus_1372,132.0,-0.3226605445154362,1.0515337926068908,1,1378,-394,3,3,SNW
156,bus_1163,132.0,-0.3218243534575701,1.0519506457673893,1,1359,-538,3,3,SNW
105,bus_1110,330.0,-0.2591514518404251,1.0512885777753689,1,1136,-413,3,3,SNW
162,bus_1169,132.0,-0.3218306906182021,1.0508568323147438,1,1269,-521,3,3,SNW
214,bus_1221,132.0,-0.3218315636362763,1.0519563718753109,1,1237,-445,3,3,SNW
544,bus_1555,11.0,-0.3802792761122955,1.0237536618595764,1,1451,-458,3,3,SNW
275,bus_1282,132.0,-0.3011633390961872,1.0339117260139985,1,989,-639,3,3,SNW
100,bus_1105,330.0,-0.0700302745992532,1.024377374929828,1,985,-570,2,2,CNSW
262,bus_1269,132.0,-0.3401209699167209,1.0480814221050303,1,1296,-332,3,3,SNW
32,bus_1032,33.0,-0.4039112798253468,1.0566003811438105,1,1292,-309,3,3,SNW
212,bus_1219,132.0,-0.3163080309443766,1.0518313348879076,1,1322,-618,3,3,SNW
517,bus_1528,132.0,-0.3229179302603579,1.0505783583882635,1,1203,-624,3,3,SNW
313,bus_1320,132.0,-0.2920843101142392,1.0356356382190652,1,1005,-407,3,3,SNW
365,bus_1373,132.0,-0.3223791749547735,1.0516374123336014,1,1380,-431,3,3,SNW
379,bus_1387,132.0,-0.3228463450692193,1.0516787366282,1,1118,-512,3,3,SNW
282,bus_1289,132.0,-0.3253116497769527,1.0496218862317197,1,970,-499,3,3,SNW
451,bus_1460,132.0,-0.3225503884759267,1.0516526018032673,1,1113,-471,3,3,SNW
557,bus_1569,330.0,-0.2614490278071925,1.0575418070326137,1,1157,-402,3,3,SNW
208,bus_1215,132.0,-0.2812299367748633,1.0341230613104333,1,876,-435,3,3,SNW
225,bus_1232,132.0,-0.2811942135925754,1.0383563155346258,1,1097,-538,3,3,SNW
452,bus_1461,132.0,-0.3225118596812557,1.0516945777382576,1,1115,-484,3,3,SNW
380,bus_1388,132.0,-0.3229130562389981,1.0514478617151304,1,1114,-526,3,3,SNW
563,bus_1575,33.0,-0.3416056143055995,1.0336023379953745,1,1044,-449,3,3,SNW
868,bus_2233,66.0,0.3064227107561744,1.0242701684405455,2,609,-4180,2,6,MEL
871,bus_2236,66.0,0.3851873704290794,1.0144860053343752,2,324,-3947,2,6,MEL
885,bus_2250,66.0,0.4035521273547745,1.0480396348051662,2,460,-3926,2,6,MEL
846,bus_2210,66.0,0.3307492522334901,1.0440004550199131,2,430,-4263,2,6,MEL
742,bus_2104,220.0,0.3962987330501,1.02389479359291,2,449,-4098,2,6,MEL
929,bus_2294,66.0,0.3267199933286102,1.0422473760135194,2,426,-4322,2,6,MEL
861,bus_2226,66.0,0.3366025170942381,0.983492889907774,2,279,-4035,2,6,MEL
860,bus_2225,66.0,0.307580187065646,0.9726980524251206,2,341,-4144,2,6,MEL
883,bus_2248,66.0,0.2730664941806052,1.0034837956231455,2,482,-3920,2,6,MEL
782,bus_2146,220.0,0.4035521273547752,1.0276028619264683,2,464,-3836,2,6,MEL
737,bus_2099,132.0,0.507892912068676,1.0095543391989312,2,198,-3943,2,6,MEL
872,bus_2237,66.0,0.3452957946657173,1.0149024172158505,2,336,-3883,2,6,MEL
735,bus_2097,66.0,0.2829125561104237,1.046062291307949,2,453,-4193,2,6,MEL
685,bus_2041,15.75,0.5659449860274515,0.99603,2,460,-4211,2,6,MEL
854,bus_2218,66.0,0.3268322674035079,1.0421770232598715,2,407,-4312,2,6,MEL
796,bus_2160,220.0,0.4421632307714471,1.0271275880037158,2,325,-3872,2,6,MEL
926,bus_2291,66.0,0.2756872544778454,1.0167588102434768,2,669,-4017,2,6,MEL
935,bus_2300,22.0,0.3052356109714788,1.0383508179735683,2,490,-4179,2,6,MEL
884,bus_2249,66.0,0.304341546787166,1.0250912621878734,2,472,-3932,2,6,MEL
887,bus_2252,66.0,0.3181034365139182,1.0368412117913928,2,416,-4320,2,6,MEL
857,bus_2221,66.0,0.323008757644473,1.0400164024998542,2,411,-4225,2,6,MEL
957,bus_2326,22.0,0.3448054175862727,1.04094063737427,2,672,-4086,2,6,MEL
684,bus_2040,15.75,0.5552918781717309,0.98898,2,440,-4194,2,6,MEL
959,bus_2328,22.0,0.3377672284307548,1.0457491038039424,2,689,-4097,2,6,MEL
825,bus_2189,220.0,0.4029608690801964,1.0222625848284896,2,399,-3860,2,6,MEL
749,bus_2111,220.0,0.3825935248803718,1.029753439583925,2,540,-4107,2,6,MEL
930,bus_2295,66.0,0.3350556444993749,1.0253267938219868,2,400,-3956,2,6,MEL
858,bus_2222,66.0,0.3896375429872157,1.060201828929891,2,479,-4185,2,6,MEL
688,bus_2044,21.0,0.7248193021379021,1.01171,2,676,-4257,2,6,MEL
797,bus_2161,220.0,0.4421576370471541,1.0271614222991463,2,348,-3879,2,6,MEL
738,bus_2100,132.0,0.5541928649892034,1.0318398199133303,2,177,-4137,2,6,MEL
687,bus_2043,24.0,0.683456132147844,1.00618,2,682,-4281,2,6,MEL
712,bus_2073,24.0,0.5743237635054147,0.96625,2,577,-4314,2,6,MEL
873,bus_2238,66.0,0.3471368301986915,0.9934385199584952,2,314,-4087,2,6,MEL
653,bus_2009,22.0,0.3365308665383723,0.9844423789648576,2,263,-4291,2,6,MEL
927,bus_2292,66.0,0.378687074557534,1.02934379135197,2,682,-4013,2,6,MEL
689,bus_2045,21.0,0.7250008520422007,0.9903,2,671,-4290,2,6,MEL
847,bus_2211,66.0,0.328001785429848,1.042730986394065,2,411,-4354,2,6,MEL
865,bus_2230,66.0,0.3468849746329099,0.994340766423584,2,308,-4195,2,6,MEL
1267,bus_3288,132.0,0.5871367709041293,1.0352842296870872,3,1330,4476,3,10,GG
1109,bus_3127,66.0,0.6025726343042355,1.0491399569891957,3,1094,4307,3,10,GG
1108,bus_3126,66.0,0.5920189653038996,0.9835045549732372,3,1102,4287,3,10,GG
1509,bus_3536,132.0,0.6025726343042352,1.039204601596509,3,1025,4232,3,10,GG
1262,bus_3282,132.0,0.5949477489677243,1.0373641283680364,3,1072,4315,3,10,GG
1266,bus_3287,132.0,0.5885231597508717,1.034434088164897,3,1311,4487,3,10,GG
1590,bus_3617,275.0,0.6224699284653467,1.042144855951937,3,1122,4261,3,10,GG
1587,bus_3614,275.0,0.636208445725543,1.0436368126672984,3,895,4111,3,10,GG
1591,bus_3618,132.0,0.5948141871294883,1.038224611326768,3,1258,4394,3,10,GG
1278,bus_3300,132.0,0.5859187524810029,1.0361876812149728,3,1342,4456,3,10,GG
1512,bus_3539,132.0,0.5999743719029534,1.0382599197656872,3,1329,4401,3,10,GG
